METRIC_L1,METRIC_L2,METRIC_L3,METRIC_L4,METRIC_L5,METRIC_L6,ACCOUNT_ID,DEPARTMENT_ID,CLASS_ID,LOCATION_ID,SUBSIDIARY_ID,ACCOUNT_NAME,DEPARTMENT_NAME
,,,,,,1,,,,1,1000 Checking,
Equity,Equity,Retained Earnings,,,,52,,,,1,310000 Equity : Retained Earnings,
Equity,Equity,Retained Earnings,,,,52,,,,2,310000 Equity : Retained Earnings,
Equity,Equity,Retained Earnings,,,,52,,,,3,310000 Equity : Retained Earnings,
Equity,Equity,Retained Earnings,,,,52,,,,4,310000 Equity : Retained Earnings,
Equity,Equity,Retained Earnings,,,,52,,,,5,310000 Equity : Retained Earnings,
Equity,Equity,Retained Earnings,,,,52,,,,6,310000 Equity : Retained Earnings,
Equity,Equity,Retained Earnings,,,,52,,,,11,310000 Equity : Retained Earnings,
Equity,Equity,Retained Earnings,,,,52,,,,16,310000 Equity : Retained Earnings,
Equity,Equity,Retained Earnings,,,,52,,,,19,310000 Equity : Retained Earnings,
Equity,Equity,Retained Earnings,,,,52,,,,20,310000 Equity : Retained Earnings,
Equity,Equity,Retained Earnings,,,,52,,,,21,310000 Equity : Retained Earnings,
Equity,Equity,Retained Earnings,,,,52,,,,22,310000 Equity : Retained Earnings,
Equity,Equity,Retained Earnings,,,,52,,,,23,310000 Equity : Retained Earnings,
Equity,Equity,Retained Earnings,,,,52,,,,24,310000 Equity : Retained Earnings,
Equity,Equity,Retained Earnings,,,,52,,,,25,310000 Equity : Retained Earnings,
Equity,Equity,Retained Earnings,,,,52,,,,26,310000 Equity : Retained Earnings,
Equity,Equity,Retained Earnings,,,,52,,,,28,310000 Equity : Retained Earnings,
Equity,Equity,Retained Earnings,,,,52,,,,29,310000 Equity : Retained Earnings,
Equity,Equity,Retained Earnings,,,,52,,,,31,310000 Equity : Retained Earnings,
Equity,Equity,Retained Earnings,,,,52,,,,32,310000 Equity : Retained Earnings,
Equity,Equity,Retained Earnings,,,,52,,,,33,310000 Equity : Retained Earnings,
Equity,Equity,Retained Earnings,,,,52,,,,35,310000 Equity : Retained Earnings,
Equity,Equity,Retained Earnings,,,,52,,,,36,310000 Equity : Retained Earnings,
Equity,Equity,Retained Earnings,,,,52,,,,37,310000 Equity : Retained Earnings,
Equity,Equity,Retained Earnings,,,,52,,,,39,310000 Equity : Retained Earnings,
Equity,Equity,Retained Earnings,,,,52,,,,41,310000 Equity : Retained Earnings,
Equity,Equity,Retained Earnings,,,,52,,,,42,310000 Equity : Retained Earnings,
Equity,Equity,Retained Earnings,,,,52,,,,43,310000 Equity : Retained Earnings,
Equity,Equity,Retained Earnings,,,,52,,,,44,310000 Equity : Retained Earnings,
Equity,Equity,Retained Earnings,,,,52,,,,45,310000 Equity : Retained Earnings,
Equity,Opening Balance,,,,,53,,,,1,3200 Opening Balance,
Equity,Opening Balance,,,,,53,,,,2,3200 Opening Balance,
Equity,Opening Balance,,,,,53,,,,3,3200 Opening Balance,
Equity,Opening Balance,,,,,53,,,,4,3200 Opening Balance,
Equity,Opening Balance,,,,,53,,,,5,3200 Opening Balance,
Equity,Opening Balance,,,,,53,,,,6,3200 Opening Balance,
Equity,Opening Balance,,,,,53,,,,11,3200 Opening Balance,
Equity,Opening Balance,,,,,53,,,,16,3200 Opening Balance,
Equity,Opening Balance,,,,,53,,,,19,3200 Opening Balance,
Equity,Opening Balance,,,,,53,,,,20,3200 Opening Balance,
Equity,Opening Balance,,,,,53,,,,21,3200 Opening Balance,
Equity,Opening Balance,,,,,53,,,,22,3200 Opening Balance,
Equity,Opening Balance,,,,,53,,,,23,3200 Opening Balance,
Equity,Opening Balance,,,,,53,,,,24,3200 Opening Balance,
Equity,Opening Balance,,,,,53,,,,25,3200 Opening Balance,
Equity,Opening Balance,,,,,53,,,,26,3200 Opening Balance,
Equity,Opening Balance,,,,,53,,,,28,3200 Opening Balance,
Equity,Opening Balance,,,,,53,,,,29,3200 Opening Balance,
Equity,Opening Balance,,,,,53,,,,31,3200 Opening Balance,
Equity,Opening Balance,,,,,53,,,,32,3200 Opening Balance,
Equity,Opening Balance,,,,,53,,,,33,3200 Opening Balance,
Equity,Opening Balance,,,,,53,,,,35,3200 Opening Balance,
Equity,Opening Balance,,,,,53,,,,36,3200 Opening Balance,
Equity,Opening Balance,,,,,53,,,,37,3200 Opening Balance,
Equity,Opening Balance,,,,,53,,,,39,3200 Opening Balance,
Equity,Opening Balance,,,,,53,,,,41,3200 Opening Balance,
Equity,Opening Balance,,,,,53,,,,42,3200 Opening Balance,
Equity,Opening Balance,,,,,53,,,,43,3200 Opening Balance,
Equity,Opening Balance,,,,,53,,,,44,3200 Opening Balance,
Equity,Opening Balance,,,,,53,,,,45,3200 Opening Balance,
Revenue,Sales,,,,,54,,,,1,4000 Sales,
Revenue,Sales,,,,,54,,,,2,4000 Sales,
Revenue,Sales,,,,,54,,,,3,4000 Sales,
Revenue,Sales,,,,,54,,,,4,4000 Sales,
Revenue,Sales,,,,,54,,,,5,4000 Sales,
Revenue,Sales,,,,,54,,,,6,4000 Sales,
Revenue,Sales,,,,,54,,,,11,4000 Sales,
Revenue,Sales,,,,,54,,,,16,4000 Sales,
Revenue,Sales,,,,,54,,,,19,4000 Sales,
Revenue,Sales,,,,,54,,,,20,4000 Sales,
Revenue,Sales,,,,,54,,,,21,4000 Sales,
Revenue,Sales,,,,,54,,,,22,4000 Sales,
Revenue,Sales,,,,,54,,,,23,4000 Sales,
Revenue,Sales,,,,,54,,,,24,4000 Sales,
Revenue,Sales,,,,,54,,,,25,4000 Sales,
Revenue,Sales,,,,,54,,,,26,4000 Sales,
Revenue,Sales,,,,,54,,,,28,4000 Sales,
Revenue,Sales,,,,,54,,,,29,4000 Sales,
Revenue,Sales,,,,,54,,,,31,4000 Sales,
Revenue,Sales,,,,,54,,,,32,4000 Sales,
Revenue,Sales,,,,,54,,,,33,4000 Sales,
Revenue,Sales,,,,,54,,,,35,4000 Sales,
Revenue,Sales,,,,,54,,,,36,4000 Sales,
Revenue,Sales,,,,,54,,,,37,4000 Sales,
Revenue,Sales,,,,,54,,,,39,4000 Sales,
Revenue,Sales,,,,,54,,,,41,4000 Sales,
Revenue,Sales,,,,,54,,,,42,4000 Sales,
Revenue,Sales,,,,,54,,,,43,4000 Sales,
Revenue,Sales,,,,,54,,,,44,4000 Sales,
Revenue,Sales,,,,,54,,,,45,4000 Sales,
,,,,,,58,,,,1,6000 Expenses,
,,,,,,58,,,,2,6000 Expenses,
,,,,,,58,,,,3,6000 Expenses,
,,,,,,58,,,,4,6000 Expenses,
,,,,,,58,,,,5,6000 Expenses,
,,,,,,58,,,,6,6000 Expenses,
,,,,,,58,,,,11,6000 Expenses,
,,,,,,58,,,,16,6000 Expenses,
,,,,,,58,,,,19,6000 Expenses,
,,,,,,58,,,,20,6000 Expenses,
,,,,,,58,,,,21,6000 Expenses,
,,,,,,58,,,,22,6000 Expenses,
,,,,,,58,,,,23,6000 Expenses,
,,,,,,58,,,,24,6000 Expenses,
,,,,,,58,,,,25,6000 Expenses,
,,,,,,58,,,,26,6000 Expenses,
,,,,,,58,,,,28,6000 Expenses,
,,,,,,58,,,,29,6000 Expenses,
,,,,,,58,,,,31,6000 Expenses,
,,,,,,58,,,,32,6000 Expenses,
,,,,,,58,,,,33,6000 Expenses,
,,,,,,58,,,,35,6000 Expenses,
,,,,,,58,,,,36,6000 Expenses,
,,,,,,58,,,,37,6000 Expenses,
,,,,,,58,,,,39,6000 Expenses,
,,,,,,58,,,,41,6000 Expenses,
,,,,,,58,,,,42,6000 Expenses,
,,,,,,58,,,,43,6000 Expenses,
,,,,,,58,,,,44,6000 Expenses,
,,,,,,58,,,,45,6000 Expenses,
Revenue,Shipping and Handling,,,,,108,,,,1,4050 Shipping and Handling,
Revenue,Shipping and Handling,,,,,108,,,,2,4050 Shipping and Handling,
Revenue,Shipping and Handling,,,,,108,,,,3,4050 Shipping and Handling,
Revenue,Shipping and Handling,,,,,108,,,,4,4050 Shipping and Handling,
Revenue,Shipping and Handling,,,,,108,,,,5,4050 Shipping and Handling,
Revenue,Shipping and Handling,,,,,108,,,,6,4050 Shipping and Handling,
Revenue,Shipping and Handling,,,,,108,,,,11,4050 Shipping and Handling,
Revenue,Shipping and Handling,,,,,108,,,,16,4050 Shipping and Handling,
Revenue,Shipping and Handling,,,,,108,,,,19,4050 Shipping and Handling,
Revenue,Shipping and Handling,,,,,108,,,,20,4050 Shipping and Handling,
Revenue,Shipping and Handling,,,,,108,,,,21,4050 Shipping and Handling,
Revenue,Shipping and Handling,,,,,108,,,,22,4050 Shipping and Handling,
Revenue,Shipping and Handling,,,,,108,,,,23,4050 Shipping and Handling,
Revenue,Shipping and Handling,,,,,108,,,,24,4050 Shipping and Handling,
Revenue,Shipping and Handling,,,,,108,,,,25,4050 Shipping and Handling,
Revenue,Shipping and Handling,,,,,108,,,,26,4050 Shipping and Handling,
Revenue,Shipping and Handling,,,,,108,,,,28,4050 Shipping and Handling,
Revenue,Shipping and Handling,,,,,108,,,,29,4050 Shipping and Handling,
Revenue,Shipping and Handling,,,,,108,,,,31,4050 Shipping and Handling,
Revenue,Shipping and Handling,,,,,108,,,,32,4050 Shipping and Handling,
Revenue,Shipping and Handling,,,,,108,,,,33,4050 Shipping and Handling,
Revenue,Shipping and Handling,,,,,108,,,,35,4050 Shipping and Handling,
Revenue,Shipping and Handling,,,,,108,,,,36,4050 Shipping and Handling,
Revenue,Shipping and Handling,,,,,108,,,,37,4050 Shipping and Handling,
Revenue,Shipping and Handling,,,,,108,,,,39,4050 Shipping and Handling,
Revenue,Shipping and Handling,,,,,108,,,,41,4050 Shipping and Handling,
Revenue,Shipping and Handling,,,,,108,,,,42,4050 Shipping and Handling,
Revenue,Shipping and Handling,,,,,108,,,,43,4050 Shipping and Handling,
Revenue,Shipping and Handling,,,,,108,,,,44,4050 Shipping and Handling,
Revenue,Shipping and Handling,,,,,108,,,,45,4050 Shipping and Handling,
Equity,Cumulative Translation Adjustment,,,,,109,,,,1,350100 Cumulative Translation Adjustment,
Equity,Cumulative Translation Adjustment,,,,,109,,,,2,350100 Cumulative Translation Adjustment,
Equity,Cumulative Translation Adjustment,,,,,109,,,,3,350100 Cumulative Translation Adjustment,
Equity,Cumulative Translation Adjustment,,,,,109,,,,4,350100 Cumulative Translation Adjustment,
Equity,Cumulative Translation Adjustment,,,,,109,,,,5,350100 Cumulative Translation Adjustment,
Equity,Cumulative Translation Adjustment,,,,,109,,,,6,350100 Cumulative Translation Adjustment,
Equity,Cumulative Translation Adjustment,,,,,109,,,,11,350100 Cumulative Translation Adjustment,
Equity,Cumulative Translation Adjustment,,,,,109,,,,16,350100 Cumulative Translation Adjustment,
Equity,Cumulative Translation Adjustment,,,,,109,,,,19,350100 Cumulative Translation Adjustment,
Equity,Cumulative Translation Adjustment,,,,,109,,,,20,350100 Cumulative Translation Adjustment,
Equity,Cumulative Translation Adjustment,,,,,109,,,,21,350100 Cumulative Translation Adjustment,
Equity,Cumulative Translation Adjustment,,,,,109,,,,22,350100 Cumulative Translation Adjustment,
Equity,Cumulative Translation Adjustment,,,,,109,,,,23,350100 Cumulative Translation Adjustment,
Equity,Cumulative Translation Adjustment,,,,,109,,,,24,350100 Cumulative Translation Adjustment,
Equity,Cumulative Translation Adjustment,,,,,109,,,,25,350100 Cumulative Translation Adjustment,
Equity,Cumulative Translation Adjustment,,,,,109,,,,26,350100 Cumulative Translation Adjustment,
Equity,Cumulative Translation Adjustment,,,,,109,,,,28,350100 Cumulative Translation Adjustment,
Equity,Cumulative Translation Adjustment,,,,,109,,,,29,350100 Cumulative Translation Adjustment,
Equity,Cumulative Translation Adjustment,,,,,109,,,,31,350100 Cumulative Translation Adjustment,
Equity,Cumulative Translation Adjustment,,,,,109,,,,32,350100 Cumulative Translation Adjustment,
Equity,Cumulative Translation Adjustment,,,,,109,,,,33,350100 Cumulative Translation Adjustment,
Equity,Cumulative Translation Adjustment,,,,,109,,,,35,350100 Cumulative Translation Adjustment,
Equity,Cumulative Translation Adjustment,,,,,109,,,,36,350100 Cumulative Translation Adjustment,
Equity,Cumulative Translation Adjustment,,,,,109,,,,37,350100 Cumulative Translation Adjustment,
Equity,Cumulative Translation Adjustment,,,,,109,,,,39,350100 Cumulative Translation Adjustment,
Equity,Cumulative Translation Adjustment,,,,,109,,,,41,350100 Cumulative Translation Adjustment,
Equity,Cumulative Translation Adjustment,,,,,109,,,,42,350100 Cumulative Translation Adjustment,
Equity,Cumulative Translation Adjustment,,,,,109,,,,43,350100 Cumulative Translation Adjustment,
Equity,Cumulative Translation Adjustment,,,,,109,,,,44,350100 Cumulative Translation Adjustment,
Equity,Cumulative Translation Adjustment,,,,,109,,,,45,350100 Cumulative Translation Adjustment,
,,,,,,110,,,,1,Unapproved Customer Payments,
,,,,,,110,,,,2,Unapproved Customer Payments,
,,,,,,110,,,,3,Unapproved Customer Payments,
,,,,,,110,,,,4,Unapproved Customer Payments,
,,,,,,110,,,,5,Unapproved Customer Payments,
,,,,,,110,,,,6,Unapproved Customer Payments,
,,,,,,110,,,,11,Unapproved Customer Payments,
,,,,,,110,,,,16,Unapproved Customer Payments,
,,,,,,110,,,,19,Unapproved Customer Payments,
,,,,,,110,,,,20,Unapproved Customer Payments,
,,,,,,110,,,,21,Unapproved Customer Payments,
,,,,,,110,,,,22,Unapproved Customer Payments,
,,,,,,110,,,,23,Unapproved Customer Payments,
,,,,,,110,,,,24,Unapproved Customer Payments,
,,,,,,110,,,,25,Unapproved Customer Payments,
,,,,,,110,,,,26,Unapproved Customer Payments,
,,,,,,110,,,,28,Unapproved Customer Payments,
,,,,,,110,,,,29,Unapproved Customer Payments,
,,,,,,110,,,,31,Unapproved Customer Payments,
,,,,,,110,,,,32,Unapproved Customer Payments,
,,,,,,110,,,,33,Unapproved Customer Payments,
,,,,,,110,,,,35,Unapproved Customer Payments,
,,,,,,110,,,,36,Unapproved Customer Payments,
,,,,,,110,,,,37,Unapproved Customer Payments,
,,,,,,110,,,,39,Unapproved Customer Payments,
,,,,,,110,,,,41,Unapproved Customer Payments,
,,,,,,110,,,,42,Unapproved Customer Payments,
,,,,,,110,,,,43,Unapproved Customer Payments,
,,,,,,110,,,,44,Unapproved Customer Payments,
,,,,,,110,,,,45,Unapproved Customer Payments,
Liabilities,Current Liabilities,Accounts Payable,,,,111,,,,1,200000 Accounts Payable,
Liabilities,Current Liabilities,Accounts Payable,,,,111,,,,2,200000 Accounts Payable,
Liabilities,Current Liabilities,Accounts Payable,,,,111,,,,3,200000 Accounts Payable,
Liabilities,Current Liabilities,Accounts Payable,,,,111,,,,4,200000 Accounts Payable,
Liabilities,Current Liabilities,Accounts Payable,,,,111,,,,5,200000 Accounts Payable,
Liabilities,Current Liabilities,Accounts Payable,,,,111,,,,6,200000 Accounts Payable,
Liabilities,Current Liabilities,Accounts Payable,,,,111,,,,11,200000 Accounts Payable,
Liabilities,Current Liabilities,Accounts Payable,,,,111,,,,16,200000 Accounts Payable,
Liabilities,Current Liabilities,Accounts Payable,,,,111,,,,19,200000 Accounts Payable,
Liabilities,Current Liabilities,Accounts Payable,,,,111,,,,20,200000 Accounts Payable,
Liabilities,Current Liabilities,Accounts Payable,,,,111,,,,21,200000 Accounts Payable,
Liabilities,Current Liabilities,Accounts Payable,,,,111,,,,22,200000 Accounts Payable,
Liabilities,Current Liabilities,Accounts Payable,,,,111,,,,23,200000 Accounts Payable,
Liabilities,Current Liabilities,Accounts Payable,,,,111,,,,24,200000 Accounts Payable,
Liabilities,Current Liabilities,Accounts Payable,,,,111,,,,25,200000 Accounts Payable,
Liabilities,Current Liabilities,Accounts Payable,,,,111,,,,26,200000 Accounts Payable,
Liabilities,Current Liabilities,Accounts Payable,,,,111,,,,28,200000 Accounts Payable,
Liabilities,Current Liabilities,Accounts Payable,,,,111,,,,29,200000 Accounts Payable,
Liabilities,Current Liabilities,Accounts Payable,,,,111,,,,31,200000 Accounts Payable,
Liabilities,Current Liabilities,Accounts Payable,,,,111,,,,32,200000 Accounts Payable,
Liabilities,Current Liabilities,Accounts Payable,,,,111,,,,33,200000 Accounts Payable,
Liabilities,Current Liabilities,Accounts Payable,,,,111,,,,35,200000 Accounts Payable,
Liabilities,Current Liabilities,Accounts Payable,,,,111,,,,36,200000 Accounts Payable,
Liabilities,Current Liabilities,Accounts Payable,,,,111,,,,37,200000 Accounts Payable,
Liabilities,Current Liabilities,Accounts Payable,,,,111,,,,39,200000 Accounts Payable,
Liabilities,Current Liabilities,Accounts Payable,,,,111,,,,41,200000 Accounts Payable,
Liabilities,Current Liabilities,Accounts Payable,,,,111,,,,42,200000 Accounts Payable,
Liabilities,Current Liabilities,Accounts Payable,,,,111,,,,43,200000 Accounts Payable,
Liabilities,Current Liabilities,Accounts Payable,,,,111,,,,44,200000 Accounts Payable,
Liabilities,Current Liabilities,Accounts Payable,,,,111,,,,45,200000 Accounts Payable,
,,,,,,112,,,,1,xx99999 Accrued Purchases,
,,,,,,112,,,,2,xx99999 Accrued Purchases,
,,,,,,112,,,,3,xx99999 Accrued Purchases,
,,,,,,112,,,,4,xx99999 Accrued Purchases,
,,,,,,112,,,,5,xx99999 Accrued Purchases,
,,,,,,112,,,,6,xx99999 Accrued Purchases,
,,,,,,112,,,,11,xx99999 Accrued Purchases,
,,,,,,112,,,,16,xx99999 Accrued Purchases,
,,,,,,112,,,,19,xx99999 Accrued Purchases,
,,,,,,112,,,,20,xx99999 Accrued Purchases,
,,,,,,112,,,,21,xx99999 Accrued Purchases,
,,,,,,112,,,,22,xx99999 Accrued Purchases,
,,,,,,112,,,,23,xx99999 Accrued Purchases,
,,,,,,112,,,,24,xx99999 Accrued Purchases,
,,,,,,112,,,,25,xx99999 Accrued Purchases,
,,,,,,112,,,,26,xx99999 Accrued Purchases,
,,,,,,112,,,,28,xx99999 Accrued Purchases,
,,,,,,112,,,,29,xx99999 Accrued Purchases,
,,,,,,112,,,,31,xx99999 Accrued Purchases,
,,,,,,112,,,,32,xx99999 Accrued Purchases,
,,,,,,112,,,,33,xx99999 Accrued Purchases,
,,,,,,112,,,,35,xx99999 Accrued Purchases,
,,,,,,112,,,,36,xx99999 Accrued Purchases,
,,,,,,112,,,,37,xx99999 Accrued Purchases,
,,,,,,112,,,,39,xx99999 Accrued Purchases,
,,,,,,112,,,,41,xx99999 Accrued Purchases,
,,,,,,112,,,,42,xx99999 Accrued Purchases,
,,,,,,112,,,,43,xx99999 Accrued Purchases,
,,,,,,112,,,,44,xx99999 Accrued Purchases,
,,,,,,112,,,,45,xx99999 Accrued Purchases,
,,,,,,113,,,,1,Return Authorizations,
,,,,,,113,,,,2,Return Authorizations,
,,,,,,113,,,,3,Return Authorizations,
,,,,,,113,,,,4,Return Authorizations,
,,,,,,113,,,,5,Return Authorizations,
,,,,,,113,,,,6,Return Authorizations,
,,,,,,113,,,,11,Return Authorizations,
,,,,,,113,,,,16,Return Authorizations,
,,,,,,113,,,,19,Return Authorizations,
,,,,,,113,,,,20,Return Authorizations,
,,,,,,113,,,,21,Return Authorizations,
,,,,,,113,,,,22,Return Authorizations,
,,,,,,113,,,,23,Return Authorizations,
,,,,,,113,,,,24,Return Authorizations,
,,,,,,113,,,,25,Return Authorizations,
,,,,,,113,,,,26,Return Authorizations,
,,,,,,113,,,,28,Return Authorizations,
,,,,,,113,,,,29,Return Authorizations,
,,,,,,113,,,,31,Return Authorizations,
,,,,,,113,,,,32,Return Authorizations,
,,,,,,113,,,,33,Return Authorizations,
,,,,,,113,,,,35,Return Authorizations,
,,,,,,113,,,,36,Return Authorizations,
,,,,,,113,,,,37,Return Authorizations,
,,,,,,113,,,,39,Return Authorizations,
,,,,,,113,,,,41,Return Authorizations,
,,,,,,113,,,,42,Return Authorizations,
,,,,,,113,,,,43,Return Authorizations,
,,,,,,113,,,,44,Return Authorizations,
,,,,,,113,,,,45,Return Authorizations,
,,,,,,114,,,,1,Estimates,
,,,,,,114,,,,2,Estimates,
,,,,,,114,,,,3,Estimates,
,,,,,,114,,,,4,Estimates,
,,,,,,114,,,,5,Estimates,
,,,,,,114,,,,6,Estimates,
,,,,,,114,,,,11,Estimates,
,,,,,,114,,,,16,Estimates,
,,,,,,114,,,,19,Estimates,
,,,,,,114,,,,20,Estimates,
,,,,,,114,,,,21,Estimates,
,,,,,,114,,,,22,Estimates,
,,,,,,114,,,,23,Estimates,
,,,,,,114,,,,24,Estimates,
,,,,,,114,,,,25,Estimates,
,,,,,,114,,,,26,Estimates,
,,,,,,114,,,,28,Estimates,
,,,,,,114,,,,29,Estimates,
,,,,,,114,,,,31,Estimates,
,,,,,,114,,,,32,Estimates,
,,,,,,114,,,,33,Estimates,
,,,,,,114,,,,35,Estimates,
,,,,,,114,,,,36,Estimates,
,,,,,,114,,,,37,Estimates,
,,,,,,114,,,,39,Estimates,
,,,,,,114,,,,41,Estimates,
,,,,,,114,,,,42,Estimates,
,,,,,,114,,,,43,Estimates,
,,,,,,114,,,,44,Estimates,
,,,,,,114,,,,45,Estimates,
,,,,,,115,,,,1,Purchase Orders,
,,,,,,115,,,,2,Purchase Orders,
,,,,,,115,,,,3,Purchase Orders,
,,,,,,115,,,,4,Purchase Orders,
,,,,,,115,,,,5,Purchase Orders,
,,,,,,115,,,,6,Purchase Orders,
,,,,,,115,,,,11,Purchase Orders,
,,,,,,115,,,,16,Purchase Orders,
,,,,,,115,,,,19,Purchase Orders,
,,,,,,115,,,,20,Purchase Orders,
,,,,,,115,,,,21,Purchase Orders,
,,,,,,115,,,,22,Purchase Orders,
,,,,,,115,,,,23,Purchase Orders,
,,,,,,115,,,,24,Purchase Orders,
,,,,,,115,,,,25,Purchase Orders,
,,,,,,115,,,,26,Purchase Orders,
,,,,,,115,,,,28,Purchase Orders,
,,,,,,115,,,,29,Purchase Orders,
,,,,,,115,,,,31,Purchase Orders,
,,,,,,115,,,,32,Purchase Orders,
,,,,,,115,,,,33,Purchase Orders,
,,,,,,115,,,,35,Purchase Orders,
,,,,,,115,,,,36,Purchase Orders,
,,,,,,115,,,,37,Purchase Orders,
,,,,,,115,,,,39,Purchase Orders,
,,,,,,115,,,,41,Purchase Orders,
,,,,,,115,,,,42,Purchase Orders,
,,,,,,115,,,,43,Purchase Orders,
,,,,,,115,,,,44,Purchase Orders,
,,,,,,115,,,,45,Purchase Orders,
,,,,,,116,,,,1,Sales Orders,
,,,,,,116,,,,2,Sales Orders,
,,,,,,116,,,,3,Sales Orders,
,,,,,,116,,,,4,Sales Orders,
,,,,,,116,,,,5,Sales Orders,
,,,,,,116,,,,6,Sales Orders,
,,,,,,116,,,,11,Sales Orders,
,,,,,,116,,,,16,Sales Orders,
,,,,,,116,,,,19,Sales Orders,
,,,,,,116,,,,20,Sales Orders,
,,,,,,116,,,,21,Sales Orders,
,,,,,,116,,,,22,Sales Orders,
,,,,,,116,,,,23,Sales Orders,
,,,,,,116,,,,24,Sales Orders,
,,,,,,116,,,,25,Sales Orders,
,,,,,,116,,,,26,Sales Orders,
,,,,,,116,,,,28,Sales Orders,
,,,,,,116,,,,29,Sales Orders,
,,,,,,116,,,,31,Sales Orders,
,,,,,,116,,,,32,Sales Orders,
,,,,,,116,,,,33,Sales Orders,
,,,,,,116,,,,35,Sales Orders,
,,,,,,116,,,,36,Sales Orders,
,,,,,,116,,,,37,Sales Orders,
,,,,,,116,,,,39,Sales Orders,
,,,,,,116,,,,41,Sales Orders,
,,,,,,116,,,,42,Sales Orders,
,,,,,,116,,,,43,Sales Orders,
,,,,,,116,,,,44,Sales Orders,
,,,,,,116,,,,45,Sales Orders,
,,,,,,117,,,,1,Unapproved Expense Reports,
,,,,,,117,,,,2,Unapproved Expense Reports,
,,,,,,117,,,,3,Unapproved Expense Reports,
,,,,,,117,,,,4,Unapproved Expense Reports,
,,,,,,117,,,,5,Unapproved Expense Reports,
,,,,,,117,,,,6,Unapproved Expense Reports,
,,,,,,117,,,,11,Unapproved Expense Reports,
,,,,,,117,,,,16,Unapproved Expense Reports,
,,,,,,117,,,,19,Unapproved Expense Reports,
,,,,,,117,,,,20,Unapproved Expense Reports,
,,,,,,117,,,,21,Unapproved Expense Reports,
,,,,,,117,,,,22,Unapproved Expense Reports,
,,,,,,117,,,,23,Unapproved Expense Reports,
,,,,,,117,,,,24,Unapproved Expense Reports,
,,,,,,117,,,,25,Unapproved Expense Reports,
,,,,,,117,,,,26,Unapproved Expense Reports,
,,,,,,117,,,,28,Unapproved Expense Reports,
,,,,,,117,,,,29,Unapproved Expense Reports,
,,,,,,117,,,,31,Unapproved Expense Reports,
,,,,,,117,,,,32,Unapproved Expense Reports,
,,,,,,117,,,,33,Unapproved Expense Reports,
,,,,,,117,,,,35,Unapproved Expense Reports,
,,,,,,117,,,,36,Unapproved Expense Reports,
,,,,,,117,,,,37,Unapproved Expense Reports,
,,,,,,117,,,,39,Unapproved Expense Reports,
,,,,,,117,,,,41,Unapproved Expense Reports,
,,,,,,117,,,,42,Unapproved Expense Reports,
,,,,,,117,,,,43,Unapproved Expense Reports,
,,,,,,117,,,,44,Unapproved Expense Reports,
,,,,,,117,,,,45,Unapproved Expense Reports,
,,,,,,118,,,,1,Advances Paid,
,,,,,,118,,,,2,Advances Paid,
,,,,,,118,,,,3,Advances Paid,
,,,,,,118,,,,4,Advances Paid,
,,,,,,118,,,,5,Advances Paid,
,,,,,,118,,,,6,Advances Paid,
,,,,,,118,,,,11,Advances Paid,
,,,,,,118,,,,16,Advances Paid,
,,,,,,118,,,,19,Advances Paid,
,,,,,,118,,,,20,Advances Paid,
,,,,,,118,,,,21,Advances Paid,
,,,,,,118,,,,22,Advances Paid,
,,,,,,118,,,,23,Advances Paid,
,,,,,,118,,,,24,Advances Paid,
,,,,,,118,,,,25,Advances Paid,
,,,,,,118,,,,26,Advances Paid,
,,,,,,118,,,,28,Advances Paid,
,,,,,,118,,,,29,Advances Paid,
,,,,,,118,,,,31,Advances Paid,
,,,,,,118,,,,32,Advances Paid,
,,,,,,118,,,,33,Advances Paid,
,,,,,,118,,,,35,Advances Paid,
,,,,,,118,,,,36,Advances Paid,
,,,,,,118,,,,37,Advances Paid,
,,,,,,118,,,,39,Advances Paid,
,,,,,,118,,,,41,Advances Paid,
,,,,,,118,,,,42,Advances Paid,
,,,,,,118,,,,43,Advances Paid,
,,,,,,118,,,,44,Advances Paid,
,,,,,,118,,,,45,Advances Paid,
Assets,Current Assets,Accounts Receivable,Accounts Receivable,,,119,,,,1,110000 Accounts Receivable,
Assets,Current Assets,Accounts Receivable,Accounts Receivable,,,119,,,,2,110000 Accounts Receivable,
Assets,Current Assets,Accounts Receivable,Accounts Receivable,,,119,,,,3,110000 Accounts Receivable,
Assets,Current Assets,Accounts Receivable,Accounts Receivable,,,119,,,,4,110000 Accounts Receivable,
Assets,Current Assets,Accounts Receivable,Accounts Receivable,,,119,,,,5,110000 Accounts Receivable,
Assets,Current Assets,Accounts Receivable,Accounts Receivable,,,119,,,,6,110000 Accounts Receivable,
Assets,Current Assets,Accounts Receivable,Accounts Receivable,,,119,,,,11,110000 Accounts Receivable,
Assets,Current Assets,Accounts Receivable,Accounts Receivable,,,119,,,,16,110000 Accounts Receivable,
Assets,Current Assets,Accounts Receivable,Accounts Receivable,,,119,,,,19,110000 Accounts Receivable,
Assets,Current Assets,Accounts Receivable,Accounts Receivable,,,119,,,,20,110000 Accounts Receivable,
Assets,Current Assets,Accounts Receivable,Accounts Receivable,,,119,,,,21,110000 Accounts Receivable,
Assets,Current Assets,Accounts Receivable,Accounts Receivable,,,119,,,,22,110000 Accounts Receivable,
Assets,Current Assets,Accounts Receivable,Accounts Receivable,,,119,,,,23,110000 Accounts Receivable,
Assets,Current Assets,Accounts Receivable,Accounts Receivable,,,119,,,,24,110000 Accounts Receivable,
Assets,Current Assets,Accounts Receivable,Accounts Receivable,,,119,,,,25,110000 Accounts Receivable,
Assets,Current Assets,Accounts Receivable,Accounts Receivable,,,119,,,,26,110000 Accounts Receivable,
Assets,Current Assets,Accounts Receivable,Accounts Receivable,,,119,,,,28,110000 Accounts Receivable,
Assets,Current Assets,Accounts Receivable,Accounts Receivable,,,119,,,,29,110000 Accounts Receivable,
Assets,Current Assets,Accounts Receivable,Accounts Receivable,,,119,,,,31,110000 Accounts Receivable,
Assets,Current Assets,Accounts Receivable,Accounts Receivable,,,119,,,,32,110000 Accounts Receivable,
Assets,Current Assets,Accounts Receivable,Accounts Receivable,,,119,,,,33,110000 Accounts Receivable,
Assets,Current Assets,Accounts Receivable,Accounts Receivable,,,119,,,,35,110000 Accounts Receivable,
Assets,Current Assets,Accounts Receivable,Accounts Receivable,,,119,,,,36,110000 Accounts Receivable,
Assets,Current Assets,Accounts Receivable,Accounts Receivable,,,119,,,,37,110000 Accounts Receivable,
Assets,Current Assets,Accounts Receivable,Accounts Receivable,,,119,,,,39,110000 Accounts Receivable,
Assets,Current Assets,Accounts Receivable,Accounts Receivable,,,119,,,,41,110000 Accounts Receivable,
Assets,Current Assets,Accounts Receivable,Accounts Receivable,,,119,,,,42,110000 Accounts Receivable,
Assets,Current Assets,Accounts Receivable,Accounts Receivable,,,119,,,,43,110000 Accounts Receivable,
Assets,Current Assets,Accounts Receivable,Accounts Receivable,,,119,,,,44,110000 Accounts Receivable,
Assets,Current Assets,Accounts Receivable,Accounts Receivable,,,119,,,,45,110000 Accounts Receivable,
,,,,,,120,,,,1,{#Vendor Return Authorizations#},
,,,,,,120,,,,2,{#Vendor Return Authorizations#},
,,,,,,120,,,,3,{#Vendor Return Authorizations#},
,,,,,,120,,,,4,{#Vendor Return Authorizations#},
,,,,,,120,,,,5,{#Vendor Return Authorizations#},
,,,,,,120,,,,6,{#Vendor Return Authorizations#},
,,,,,,120,,,,11,{#Vendor Return Authorizations#},
,,,,,,120,,,,16,{#Vendor Return Authorizations#},
,,,,,,120,,,,19,{#Vendor Return Authorizations#},
,,,,,,120,,,,20,{#Vendor Return Authorizations#},
,,,,,,120,,,,21,{#Vendor Return Authorizations#},
,,,,,,120,,,,22,{#Vendor Return Authorizations#},
,,,,,,120,,,,23,{#Vendor Return Authorizations#},
,,,,,,120,,,,24,{#Vendor Return Authorizations#},
,,,,,,120,,,,25,{#Vendor Return Authorizations#},
,,,,,,120,,,,26,{#Vendor Return Authorizations#},
,,,,,,120,,,,28,{#Vendor Return Authorizations#},
,,,,,,120,,,,29,{#Vendor Return Authorizations#},
,,,,,,120,,,,31,{#Vendor Return Authorizations#},
,,,,,,120,,,,32,{#Vendor Return Authorizations#},
,,,,,,120,,,,33,{#Vendor Return Authorizations#},
,,,,,,120,,,,35,{#Vendor Return Authorizations#},
,,,,,,120,,,,36,{#Vendor Return Authorizations#},
,,,,,,120,,,,37,{#Vendor Return Authorizations#},
,,,,,,120,,,,39,{#Vendor Return Authorizations#},
,,,,,,120,,,,41,{#Vendor Return Authorizations#},
,,,,,,120,,,,42,{#Vendor Return Authorizations#},
,,,,,,120,,,,43,{#Vendor Return Authorizations#},
,,,,,,120,,,,44,{#Vendor Return Authorizations#},
,,,,,,120,,,,45,{#Vendor Return Authorizations#},
,,,,,,121,,,,1,Purchases Returned Not Credited,
,,,,,,121,,,,2,Purchases Returned Not Credited,
,,,,,,121,,,,3,Purchases Returned Not Credited,
,,,,,,121,,,,4,Purchases Returned Not Credited,
,,,,,,121,,,,5,Purchases Returned Not Credited,
,,,,,,121,,,,6,Purchases Returned Not Credited,
,,,,,,121,,,,11,Purchases Returned Not Credited,
,,,,,,121,,,,16,Purchases Returned Not Credited,
,,,,,,121,,,,19,Purchases Returned Not Credited,
,,,,,,121,,,,20,Purchases Returned Not Credited,
,,,,,,121,,,,21,Purchases Returned Not Credited,
,,,,,,121,,,,22,Purchases Returned Not Credited,
,,,,,,121,,,,23,Purchases Returned Not Credited,
,,,,,,121,,,,24,Purchases Returned Not Credited,
,,,,,,121,,,,25,Purchases Returned Not Credited,
,,,,,,121,,,,26,Purchases Returned Not Credited,
,,,,,,121,,,,28,Purchases Returned Not Credited,
,,,,,,121,,,,29,Purchases Returned Not Credited,
,,,,,,121,,,,31,Purchases Returned Not Credited,
,,,,,,121,,,,32,Purchases Returned Not Credited,
,,,,,,121,,,,33,Purchases Returned Not Credited,
,,,,,,121,,,,35,Purchases Returned Not Credited,
,,,,,,121,,,,36,Purchases Returned Not Credited,
,,,,,,121,,,,37,Purchases Returned Not Credited,
,,,,,,121,,,,39,Purchases Returned Not Credited,
,,,,,,121,,,,41,Purchases Returned Not Credited,
,,,,,,121,,,,42,Purchases Returned Not Credited,
,,,,,,121,,,,43,Purchases Returned Not Credited,
,,,,,,121,,,,44,Purchases Returned Not Credited,
,,,,,,121,,,,45,Purchases Returned Not Credited,
,,,,,,122,,,,1,150100 Undeposited Funds,
,,,,,,122,,,,2,150100 Undeposited Funds,
,,,,,,122,,,,3,150100 Undeposited Funds,
,,,,,,122,,,,4,150100 Undeposited Funds,
,,,,,,122,,,,5,150100 Undeposited Funds,
,,,,,,122,,,,6,150100 Undeposited Funds,
,,,,,,122,,,,11,150100 Undeposited Funds,
,,,,,,122,,,,16,150100 Undeposited Funds,
,,,,,,122,,,,19,150100 Undeposited Funds,
,,,,,,122,,,,20,150100 Undeposited Funds,
,,,,,,122,,,,21,150100 Undeposited Funds,
,,,,,,122,,,,22,150100 Undeposited Funds,
,,,,,,122,,,,23,150100 Undeposited Funds,
,,,,,,122,,,,24,150100 Undeposited Funds,
,,,,,,122,,,,25,150100 Undeposited Funds,
,,,,,,122,,,,26,150100 Undeposited Funds,
,,,,,,122,,,,28,150100 Undeposited Funds,
,,,,,,122,,,,29,150100 Undeposited Funds,
,,,,,,122,,,,31,150100 Undeposited Funds,
,,,,,,122,,,,32,150100 Undeposited Funds,
,,,,,,122,,,,33,150100 Undeposited Funds,
,,,,,,122,,,,35,150100 Undeposited Funds,
,,,,,,122,,,,36,150100 Undeposited Funds,
,,,,,,122,,,,37,150100 Undeposited Funds,
,,,,,,122,,,,39,150100 Undeposited Funds,
,,,,,,122,,,,41,150100 Undeposited Funds,
,,,,,,122,,,,42,150100 Undeposited Funds,
,,,,,,122,,,,43,150100 Undeposited Funds,
,,,,,,122,,,,44,150100 Undeposited Funds,
,,,,,,122,,,,45,150100 Undeposited Funds,
,,,,,,123,,,,1,Refunds Payable,
,,,,,,123,,,,2,Refunds Payable,
,,,,,,123,,,,3,Refunds Payable,
,,,,,,123,,,,4,Refunds Payable,
,,,,,,123,,,,5,Refunds Payable,
,,,,,,123,,,,6,Refunds Payable,
,,,,,,123,,,,11,Refunds Payable,
,,,,,,123,,,,16,Refunds Payable,
,,,,,,123,,,,19,Refunds Payable,
,,,,,,123,,,,20,Refunds Payable,
,,,,,,123,,,,21,Refunds Payable,
,,,,,,123,,,,22,Refunds Payable,
,,,,,,123,,,,23,Refunds Payable,
,,,,,,123,,,,24,Refunds Payable,
,,,,,,123,,,,25,Refunds Payable,
,,,,,,123,,,,26,Refunds Payable,
,,,,,,123,,,,28,Refunds Payable,
,,,,,,123,,,,29,Refunds Payable,
,,,,,,123,,,,31,Refunds Payable,
,,,,,,123,,,,32,Refunds Payable,
,,,,,,123,,,,33,Refunds Payable,
,,,,,,123,,,,35,Refunds Payable,
,,,,,,123,,,,36,Refunds Payable,
,,,,,,123,,,,37,Refunds Payable,
,,,,,,123,,,,39,Refunds Payable,
,,,,,,123,,,,41,Refunds Payable,
,,,,,,123,,,,42,Refunds Payable,
,,,,,,123,,,,43,Refunds Payable,
,,,,,,123,,,,44,Refunds Payable,
,,,,,,123,,,,45,Refunds Payable,
,,,,,,124,,,,1,Opportunities,
,,,,,,124,,,,2,Opportunities,
,,,,,,124,,,,3,Opportunities,
,,,,,,124,,,,4,Opportunities,
,,,,,,124,,,,5,Opportunities,
,,,,,,124,,,,6,Opportunities,
,,,,,,124,,,,11,Opportunities,
,,,,,,124,,,,16,Opportunities,
,,,,,,124,,,,19,Opportunities,
,,,,,,124,,,,20,Opportunities,
,,,,,,124,,,,21,Opportunities,
,,,,,,124,,,,22,Opportunities,
,,,,,,124,,,,23,Opportunities,
,,,,,,124,,,,24,Opportunities,
,,,,,,124,,,,25,Opportunities,
,,,,,,124,,,,26,Opportunities,
,,,,,,124,,,,28,Opportunities,
,,,,,,124,,,,29,Opportunities,
,,,,,,124,,,,31,Opportunities,
,,,,,,124,,,,32,Opportunities,
,,,,,,124,,,,33,Opportunities,
,,,,,,124,,,,35,Opportunities,
,,,,,,124,,,,36,Opportunities,
,,,,,,124,,,,37,Opportunities,
,,,,,,124,,,,39,Opportunities,
,,,,,,124,,,,41,Opportunities,
,,,,,,124,,,,42,Opportunities,
,,,,,,124,,,,43,Opportunities,
,,,,,,124,,,,44,Opportunities,
,,,,,,124,,,,45,Opportunities,
,,,,,,210,,,,1,270540 Accrued Sales Tax - MD,
,,,,,,210,,,,2,270540 Accrued Sales Tax - MD,
,,,,,,210,,,,3,270540 Accrued Sales Tax - MD,
,,,,,,210,,,,4,270540 Accrued Sales Tax - MD,
,,,,,,210,,,,5,270540 Accrued Sales Tax - MD,
,,,,,,210,,,,6,270540 Accrued Sales Tax - MD,
,,,,,,210,,,,11,270540 Accrued Sales Tax - MD,
,,,,,,210,,,,16,270540 Accrued Sales Tax - MD,
,,,,,,210,,,,19,270540 Accrued Sales Tax - MD,
,,,,,,210,,,,20,270540 Accrued Sales Tax - MD,
,,,,,,210,,,,21,270540 Accrued Sales Tax - MD,
,,,,,,210,,,,22,270540 Accrued Sales Tax - MD,
,,,,,,210,,,,23,270540 Accrued Sales Tax - MD,
,,,,,,210,,,,24,270540 Accrued Sales Tax - MD,
,,,,,,210,,,,25,270540 Accrued Sales Tax - MD,
,,,,,,210,,,,26,270540 Accrued Sales Tax - MD,
,,,,,,210,,,,28,270540 Accrued Sales Tax - MD,
,,,,,,210,,,,29,270540 Accrued Sales Tax - MD,
,,,,,,210,,,,31,270540 Accrued Sales Tax - MD,
,,,,,,210,,,,32,270540 Accrued Sales Tax - MD,
,,,,,,210,,,,33,270540 Accrued Sales Tax - MD,
,,,,,,210,,,,35,270540 Accrued Sales Tax - MD,
,,,,,,210,,,,36,270540 Accrued Sales Tax - MD,
,,,,,,210,,,,37,270540 Accrued Sales Tax - MD,
,,,,,,210,,,,39,270540 Accrued Sales Tax - MD,
,,,,,,210,,,,41,270540 Accrued Sales Tax - MD,
,,,,,,210,,,,42,270540 Accrued Sales Tax - MD,
,,,,,,210,,,,43,270540 Accrued Sales Tax - MD,
,,,,,,210,,,,44,270540 Accrued Sales Tax - MD,
,,,,,,210,,,,45,270540 Accrued Sales Tax - MD,
,,,,,,211,,,,1,Deferred Expense,
,,,,,,211,,,,2,Deferred Expense,
,,,,,,211,,,,3,Deferred Expense,
,,,,,,211,,,,4,Deferred Expense,
,,,,,,211,,,,5,Deferred Expense,
,,,,,,211,,,,6,Deferred Expense,
,,,,,,211,,,,11,Deferred Expense,
,,,,,,211,,,,16,Deferred Expense,
,,,,,,211,,,,19,Deferred Expense,
,,,,,,211,,,,20,Deferred Expense,
,,,,,,211,,,,21,Deferred Expense,
,,,,,,211,,,,22,Deferred Expense,
,,,,,,211,,,,23,Deferred Expense,
,,,,,,211,,,,24,Deferred Expense,
,,,,,,211,,,,25,Deferred Expense,
,,,,,,211,,,,26,Deferred Expense,
,,,,,,211,,,,28,Deferred Expense,
,,,,,,211,,,,29,Deferred Expense,
,,,,,,211,,,,31,Deferred Expense,
,,,,,,211,,,,32,Deferred Expense,
,,,,,,211,,,,33,Deferred Expense,
,,,,,,211,,,,35,Deferred Expense,
,,,,,,211,,,,36,Deferred Expense,
,,,,,,211,,,,37,Deferred Expense,
,,,,,,211,,,,39,Deferred Expense,
,,,,,,211,,,,41,Deferred Expense,
,,,,,,211,,,,42,Deferred Expense,
,,,,,,211,,,,43,Deferred Expense,
,,,,,,211,,,,44,Deferred Expense,
,,,,,,211,,,,45,Deferred Expense,
,,,,,,212,,,,1,Accumulated Depreciation,
,,,,,,212,,,,2,Accumulated Depreciation,
,,,,,,212,,,,3,Accumulated Depreciation,
,,,,,,212,,,,4,Accumulated Depreciation,
,,,,,,212,,,,5,Accumulated Depreciation,
,,,,,,212,,,,6,Accumulated Depreciation,
,,,,,,212,,,,11,Accumulated Depreciation,
,,,,,,212,,,,16,Accumulated Depreciation,
,,,,,,212,,,,19,Accumulated Depreciation,
,,,,,,212,,,,20,Accumulated Depreciation,
,,,,,,212,,,,21,Accumulated Depreciation,
,,,,,,212,,,,22,Accumulated Depreciation,
,,,,,,212,,,,23,Accumulated Depreciation,
,,,,,,212,,,,24,Accumulated Depreciation,
,,,,,,212,,,,25,Accumulated Depreciation,
,,,,,,212,,,,26,Accumulated Depreciation,
,,,,,,212,,,,28,Accumulated Depreciation,
,,,,,,212,,,,29,Accumulated Depreciation,
,,,,,,212,,,,31,Accumulated Depreciation,
,,,,,,212,,,,32,Accumulated Depreciation,
,,,,,,212,,,,33,Accumulated Depreciation,
,,,,,,212,,,,35,Accumulated Depreciation,
,,,,,,212,,,,36,Accumulated Depreciation,
,,,,,,212,,,,37,Accumulated Depreciation,
,,,,,,212,,,,39,Accumulated Depreciation,
,,,,,,212,,,,41,Accumulated Depreciation,
,,,,,,212,,,,42,Accumulated Depreciation,
,,,,,,212,,,,43,Accumulated Depreciation,
,,,,,,212,,,,44,Accumulated Depreciation,
,,,,,,212,,,,45,Accumulated Depreciation,
,,,,,,213,,,,1,Inventory Asset,
,,,,,,213,,,,2,Inventory Asset,
,,,,,,213,,,,3,Inventory Asset,
,,,,,,213,,,,4,Inventory Asset,
,,,,,,213,,,,5,Inventory Asset,
,,,,,,213,,,,6,Inventory Asset,
,,,,,,213,,,,11,Inventory Asset,
,,,,,,213,,,,16,Inventory Asset,
,,,,,,213,,,,19,Inventory Asset,
,,,,,,213,,,,20,Inventory Asset,
,,,,,,213,,,,21,Inventory Asset,
,,,,,,213,,,,22,Inventory Asset,
,,,,,,213,,,,23,Inventory Asset,
,,,,,,213,,,,24,Inventory Asset,
,,,,,,213,,,,25,Inventory Asset,
,,,,,,213,,,,26,Inventory Asset,
,,,,,,213,,,,28,Inventory Asset,
,,,,,,213,,,,29,Inventory Asset,
,,,,,,213,,,,31,Inventory Asset,
,,,,,,213,,,,32,Inventory Asset,
,,,,,,213,,,,33,Inventory Asset,
,,,,,,213,,,,35,Inventory Asset,
,,,,,,213,,,,36,Inventory Asset,
,,,,,,213,,,,37,Inventory Asset,
,,,,,,213,,,,39,Inventory Asset,
,,,,,,213,,,,41,Inventory Asset,
,,,,,,213,,,,42,Inventory Asset,
,,,,,,213,,,,43,Inventory Asset,
,,,,,,213,,,,44,Inventory Asset,
,,,,,,213,,,,45,Inventory Asset,
COGS,,,,,,214,,,,1,Cost of Goods Sold,
COGS,,,,,,214,,,,2,Cost of Goods Sold,
COGS,,,,,,214,,,,3,Cost of Goods Sold,
COGS,,,,,,214,,,,4,Cost of Goods Sold,
COGS,,,,,,214,,,,5,Cost of Goods Sold,
COGS,,,,,,214,,,,6,Cost of Goods Sold,
COGS,,,,,,214,,,,11,Cost of Goods Sold,
COGS,,,,,,214,,,,16,Cost of Goods Sold,
COGS,,,,,,214,,,,19,Cost of Goods Sold,
COGS,,,,,,214,,,,20,Cost of Goods Sold,
COGS,,,,,,214,,,,21,Cost of Goods Sold,
COGS,,,,,,214,,,,22,Cost of Goods Sold,
COGS,,,,,,214,,,,23,Cost of Goods Sold,
COGS,,,,,,214,,,,24,Cost of Goods Sold,
COGS,,,,,,214,,,,25,Cost of Goods Sold,
COGS,,,,,,214,,,,26,Cost of Goods Sold,
COGS,,,,,,214,,,,28,Cost of Goods Sold,
COGS,,,,,,214,,,,29,Cost of Goods Sold,
COGS,,,,,,214,,,,31,Cost of Goods Sold,
COGS,,,,,,214,,,,32,Cost of Goods Sold,
COGS,,,,,,214,,,,33,Cost of Goods Sold,
COGS,,,,,,214,,,,35,Cost of Goods Sold,
COGS,,,,,,214,,,,36,Cost of Goods Sold,
COGS,,,,,,214,,,,37,Cost of Goods Sold,
COGS,,,,,,214,,,,39,Cost of Goods Sold,
COGS,,,,,,214,,,,41,Cost of Goods Sold,
COGS,,,,,,214,,,,42,Cost of Goods Sold,
COGS,,,,,,214,,,,43,Cost of Goods Sold,
COGS,,,,,,214,,,,44,Cost of Goods Sold,
COGS,,,,,,214,,,,45,Cost of Goods Sold,
,,,,,,215,,,,1,Transfer Orders,
,,,,,,215,,,,2,Transfer Orders,
,,,,,,215,,,,3,Transfer Orders,
,,,,,,215,,,,4,Transfer Orders,
,,,,,,215,,,,5,Transfer Orders,
,,,,,,215,,,,6,Transfer Orders,
,,,,,,215,,,,11,Transfer Orders,
,,,,,,215,,,,16,Transfer Orders,
,,,,,,215,,,,19,Transfer Orders,
,,,,,,215,,,,20,Transfer Orders,
,,,,,,215,,,,21,Transfer Orders,
,,,,,,215,,,,22,Transfer Orders,
,,,,,,215,,,,23,Transfer Orders,
,,,,,,215,,,,24,Transfer Orders,
,,,,,,215,,,,25,Transfer Orders,
,,,,,,215,,,,26,Transfer Orders,
,,,,,,215,,,,28,Transfer Orders,
,,,,,,215,,,,29,Transfer Orders,
,,,,,,215,,,,31,Transfer Orders,
,,,,,,215,,,,32,Transfer Orders,
,,,,,,215,,,,33,Transfer Orders,
,,,,,,215,,,,35,Transfer Orders,
,,,,,,215,,,,36,Transfer Orders,
,,,,,,215,,,,37,Transfer Orders,
,,,,,,215,,,,39,Transfer Orders,
,,,,,,215,,,,41,Transfer Orders,
,,,,,,215,,,,42,Transfer Orders,
,,,,,,215,,,,43,Transfer Orders,
,,,,,,215,,,,44,Transfer Orders,
,,,,,,215,,,,45,Transfer Orders,
,,,,,,216,,,,1,Inventory In Transit,
,,,,,,216,,,,2,Inventory In Transit,
,,,,,,216,,,,3,Inventory In Transit,
,,,,,,216,,,,4,Inventory In Transit,
,,,,,,216,,,,5,Inventory In Transit,
,,,,,,216,,,,6,Inventory In Transit,
,,,,,,216,,,,11,Inventory In Transit,
,,,,,,216,,,,16,Inventory In Transit,
,,,,,,216,,,,19,Inventory In Transit,
,,,,,,216,,,,20,Inventory In Transit,
,,,,,,216,,,,21,Inventory In Transit,
,,,,,,216,,,,22,Inventory In Transit,
,,,,,,216,,,,23,Inventory In Transit,
,,,,,,216,,,,24,Inventory In Transit,
,,,,,,216,,,,25,Inventory In Transit,
,,,,,,216,,,,26,Inventory In Transit,
,,,,,,216,,,,28,Inventory In Transit,
,,,,,,216,,,,29,Inventory In Transit,
,,,,,,216,,,,31,Inventory In Transit,
,,,,,,216,,,,32,Inventory In Transit,
,,,,,,216,,,,33,Inventory In Transit,
,,,,,,216,,,,35,Inventory In Transit,
,,,,,,216,,,,36,Inventory In Transit,
,,,,,,216,,,,37,Inventory In Transit,
,,,,,,216,,,,39,Inventory In Transit,
,,,,,,216,,,,41,Inventory In Transit,
,,,,,,216,,,,42,Inventory In Transit,
,,,,,,216,,,,43,Inventory In Transit,
,,,,,,216,,,,44,Inventory In Transit,
,,,,,,216,,,,45,Inventory In Transit,
Revenue,Revenue,,,,,218,,,,1,400000 Revenue,
Revenue,Revenue,,,,,218,,,,2,400000 Revenue,
Revenue,Revenue,,,,,218,,,,3,400000 Revenue,
Revenue,Revenue,,,,,218,,,,4,400000 Revenue,
Revenue,Revenue,,,,,218,,,,5,400000 Revenue,
Revenue,Revenue,,,,,218,,,,6,400000 Revenue,
Revenue,Revenue,,,,,218,,,,11,400000 Revenue,
Revenue,Revenue,,,,,218,,,,16,400000 Revenue,
Revenue,Revenue,,,,,218,,,,19,400000 Revenue,
Revenue,Revenue,,,,,218,,,,20,400000 Revenue,
Revenue,Revenue,,,,,218,,,,21,400000 Revenue,
Revenue,Revenue,,,,,218,,,,22,400000 Revenue,
Revenue,Revenue,,,,,218,,,,23,400000 Revenue,
Revenue,Revenue,,,,,218,,,,24,400000 Revenue,
Revenue,Revenue,,,,,218,,,,25,400000 Revenue,
Revenue,Revenue,,,,,218,,,,26,400000 Revenue,
Revenue,Revenue,,,,,218,,,,28,400000 Revenue,
Revenue,Revenue,,,,,218,,,,29,400000 Revenue,
Revenue,Revenue,,,,,218,,,,31,400000 Revenue,
Revenue,Revenue,,,,,218,,,,32,400000 Revenue,
Revenue,Revenue,,,,,218,,,,33,400000 Revenue,
Revenue,Revenue,,,,,218,,,,35,400000 Revenue,
Revenue,Revenue,,,,,218,,,,36,400000 Revenue,
Revenue,Revenue,,,,,218,,,,37,400000 Revenue,
Revenue,Revenue,,,,,218,,,,39,400000 Revenue,
Revenue,Revenue,,,,,218,,,,41,400000 Revenue,
Revenue,Revenue,,,,,218,,,,42,400000 Revenue,
Revenue,Revenue,,,,,218,,,,43,400000 Revenue,
Revenue,Revenue,,,,,218,,,,44,400000 Revenue,
Revenue,Revenue,,,,,218,,,,45,400000 Revenue,
COGS,,,,,,219,,,,1,500000 COGS,
COGS,,,,,,219,,,,2,500000 COGS,
COGS,,,,,,219,,,,3,500000 COGS,
COGS,,,,,,219,,,,4,500000 COGS,
COGS,,,,,,219,,,,5,500000 COGS,
COGS,,,,,,219,,,,6,500000 COGS,
COGS,,,,,,219,,,,11,500000 COGS,
COGS,,,,,,219,,,,16,500000 COGS,
COGS,,,,,,219,,,,19,500000 COGS,
COGS,,,,,,219,,,,20,500000 COGS,
COGS,,,,,,219,,,,21,500000 COGS,
COGS,,,,,,219,,,,22,500000 COGS,
COGS,,,,,,219,,,,23,500000 COGS,
COGS,,,,,,219,,,,24,500000 COGS,
COGS,,,,,,219,,,,25,500000 COGS,
COGS,,,,,,219,,,,26,500000 COGS,
COGS,,,,,,219,,,,28,500000 COGS,
COGS,,,,,,219,,,,29,500000 COGS,
COGS,,,,,,219,,,,31,500000 COGS,
COGS,,,,,,219,,,,32,500000 COGS,
COGS,,,,,,219,,,,33,500000 COGS,
COGS,,,,,,219,,,,35,500000 COGS,
COGS,,,,,,219,,,,36,500000 COGS,
COGS,,,,,,219,,,,37,500000 COGS,
COGS,,,,,,219,,,,39,500000 COGS,
COGS,,,,,,219,,,,41,500000 COGS,
COGS,,,,,,219,,,,42,500000 COGS,
COGS,,,,,,219,,,,43,500000 COGS,
COGS,,,,,,219,,,,44,500000 COGS,
COGS,,,,,,219,,,,45,500000 COGS,
COGS,COGS Wages,,,,,220,,,,1,510000 COGS : COGS Wages,
COGS,COGS Wages,,,,,220,,,,2,510000 COGS : COGS Wages,
COGS,COGS Wages,,,,,220,,,,3,510000 COGS : COGS Wages,
COGS,COGS Wages,,,,,220,,,,4,510000 COGS : COGS Wages,
COGS,COGS Wages,,,,,220,,,,5,510000 COGS : COGS Wages,
COGS,COGS Wages,,,,,220,,,,6,510000 COGS : COGS Wages,
COGS,COGS Wages,,,,,220,,,,11,510000 COGS : COGS Wages,
COGS,COGS Wages,,,,,220,,,,16,510000 COGS : COGS Wages,
COGS,COGS Wages,,,,,220,,,,19,510000 COGS : COGS Wages,
COGS,COGS Wages,,,,,220,,,,20,510000 COGS : COGS Wages,
COGS,COGS Wages,,,,,220,,,,21,510000 COGS : COGS Wages,
COGS,COGS Wages,,,,,220,,,,22,510000 COGS : COGS Wages,
COGS,COGS Wages,,,,,220,,,,23,510000 COGS : COGS Wages,
COGS,COGS Wages,,,,,220,,,,24,510000 COGS : COGS Wages,
COGS,COGS Wages,,,,,220,,,,25,510000 COGS : COGS Wages,
COGS,COGS Wages,,,,,220,,,,26,510000 COGS : COGS Wages,
COGS,COGS Wages,,,,,220,,,,28,510000 COGS : COGS Wages,
COGS,COGS Wages,,,,,220,,,,29,510000 COGS : COGS Wages,
COGS,COGS Wages,,,,,220,,,,31,510000 COGS : COGS Wages,
COGS,COGS Wages,,,,,220,,,,32,510000 COGS : COGS Wages,
COGS,COGS Wages,,,,,220,,,,33,510000 COGS : COGS Wages,
COGS,COGS Wages,,,,,220,,,,35,510000 COGS : COGS Wages,
COGS,COGS Wages,,,,,220,,,,36,510000 COGS : COGS Wages,
COGS,COGS Wages,,,,,220,,,,37,510000 COGS : COGS Wages,
COGS,COGS Wages,,,,,220,,,,39,510000 COGS : COGS Wages,
COGS,COGS Wages,,,,,220,,,,41,510000 COGS : COGS Wages,
COGS,COGS Wages,,,,,220,,,,42,510000 COGS : COGS Wages,
COGS,COGS Wages,,,,,220,,,,43,510000 COGS : COGS Wages,
COGS,COGS Wages,,,,,220,,,,44,510000 COGS : COGS Wages,
COGS,COGS Wages,,,,,220,,,,45,510000 COGS : COGS Wages,
COGS,COGS Wages,Regular Wages,,,,221,,,,1,510500 COGS : COGS Wages : Regular Wages,
COGS,COGS Wages,Regular Wages,,,,221,,,,2,510500 COGS : COGS Wages : Regular Wages,
COGS,COGS Wages,Regular Wages,,,,221,,,,3,510500 COGS : COGS Wages : Regular Wages,
COGS,COGS Wages,Regular Wages,,,,221,,,,4,510500 COGS : COGS Wages : Regular Wages,
COGS,COGS Wages,Regular Wages,,,,221,,,,5,510500 COGS : COGS Wages : Regular Wages,
COGS,COGS Wages,Regular Wages,,,,221,,,,6,510500 COGS : COGS Wages : Regular Wages,
COGS,COGS Wages,Regular Wages,,,,221,,,,11,510500 COGS : COGS Wages : Regular Wages,
COGS,COGS Wages,Regular Wages,,,,221,,,,16,510500 COGS : COGS Wages : Regular Wages,
COGS,COGS Wages,Regular Wages,,,,221,,,,19,510500 COGS : COGS Wages : Regular Wages,
COGS,COGS Wages,Regular Wages,,,,221,,,,20,510500 COGS : COGS Wages : Regular Wages,
COGS,COGS Wages,Regular Wages,,,,221,,,,21,510500 COGS : COGS Wages : Regular Wages,
COGS,COGS Wages,Regular Wages,,,,221,,,,22,510500 COGS : COGS Wages : Regular Wages,
COGS,COGS Wages,Regular Wages,,,,221,,,,23,510500 COGS : COGS Wages : Regular Wages,
COGS,COGS Wages,Regular Wages,,,,221,,,,24,510500 COGS : COGS Wages : Regular Wages,
COGS,COGS Wages,Regular Wages,,,,221,,,,25,510500 COGS : COGS Wages : Regular Wages,
COGS,COGS Wages,Regular Wages,,,,221,,,,26,510500 COGS : COGS Wages : Regular Wages,
COGS,COGS Wages,Regular Wages,,,,221,,,,28,510500 COGS : COGS Wages : Regular Wages,
COGS,COGS Wages,Regular Wages,,,,221,,,,29,510500 COGS : COGS Wages : Regular Wages,
COGS,COGS Wages,Regular Wages,,,,221,,,,31,510500 COGS : COGS Wages : Regular Wages,
COGS,COGS Wages,Regular Wages,,,,221,,,,32,510500 COGS : COGS Wages : Regular Wages,
COGS,COGS Wages,Regular Wages,,,,221,,,,33,510500 COGS : COGS Wages : Regular Wages,
COGS,COGS Wages,Regular Wages,,,,221,,,,35,510500 COGS : COGS Wages : Regular Wages,
COGS,COGS Wages,Regular Wages,,,,221,,,,36,510500 COGS : COGS Wages : Regular Wages,
COGS,COGS Wages,Regular Wages,,,,221,,,,37,510500 COGS : COGS Wages : Regular Wages,
COGS,COGS Wages,Regular Wages,,,,221,,,,39,510500 COGS : COGS Wages : Regular Wages,
COGS,COGS Wages,Regular Wages,,,,221,,,,41,510500 COGS : COGS Wages : Regular Wages,
COGS,COGS Wages,Regular Wages,,,,221,,,,42,510500 COGS : COGS Wages : Regular Wages,
COGS,COGS Wages,Regular Wages,,,,221,,,,43,510500 COGS : COGS Wages : Regular Wages,
COGS,COGS Wages,Regular Wages,,,,221,,,,44,510500 COGS : COGS Wages : Regular Wages,
COGS,COGS Wages,Regular Wages,,,,221,,,,45,510500 COGS : COGS Wages : Regular Wages,
COGS,COGS Wages,Overtime Wages,,,,222,,,,1,511000 COGS : COGS Wages : Overtime Wages,
COGS,COGS Wages,Overtime Wages,,,,222,,,,2,511000 COGS : COGS Wages : Overtime Wages,
COGS,COGS Wages,Overtime Wages,,,,222,,,,3,511000 COGS : COGS Wages : Overtime Wages,
COGS,COGS Wages,Overtime Wages,,,,222,,,,4,511000 COGS : COGS Wages : Overtime Wages,
COGS,COGS Wages,Overtime Wages,,,,222,,,,5,511000 COGS : COGS Wages : Overtime Wages,
COGS,COGS Wages,Overtime Wages,,,,222,,,,6,511000 COGS : COGS Wages : Overtime Wages,
COGS,COGS Wages,Overtime Wages,,,,222,,,,11,511000 COGS : COGS Wages : Overtime Wages,
COGS,COGS Wages,Overtime Wages,,,,222,,,,16,511000 COGS : COGS Wages : Overtime Wages,
COGS,COGS Wages,Overtime Wages,,,,222,,,,19,511000 COGS : COGS Wages : Overtime Wages,
COGS,COGS Wages,Overtime Wages,,,,222,,,,20,511000 COGS : COGS Wages : Overtime Wages,
COGS,COGS Wages,Overtime Wages,,,,222,,,,21,511000 COGS : COGS Wages : Overtime Wages,
COGS,COGS Wages,Overtime Wages,,,,222,,,,22,511000 COGS : COGS Wages : Overtime Wages,
COGS,COGS Wages,Overtime Wages,,,,222,,,,23,511000 COGS : COGS Wages : Overtime Wages,
COGS,COGS Wages,Overtime Wages,,,,222,,,,24,511000 COGS : COGS Wages : Overtime Wages,
COGS,COGS Wages,Overtime Wages,,,,222,,,,25,511000 COGS : COGS Wages : Overtime Wages,
COGS,COGS Wages,Overtime Wages,,,,222,,,,26,511000 COGS : COGS Wages : Overtime Wages,
COGS,COGS Wages,Overtime Wages,,,,222,,,,28,511000 COGS : COGS Wages : Overtime Wages,
COGS,COGS Wages,Overtime Wages,,,,222,,,,29,511000 COGS : COGS Wages : Overtime Wages,
COGS,COGS Wages,Overtime Wages,,,,222,,,,31,511000 COGS : COGS Wages : Overtime Wages,
COGS,COGS Wages,Overtime Wages,,,,222,,,,32,511000 COGS : COGS Wages : Overtime Wages,
COGS,COGS Wages,Overtime Wages,,,,222,,,,33,511000 COGS : COGS Wages : Overtime Wages,
COGS,COGS Wages,Overtime Wages,,,,222,,,,35,511000 COGS : COGS Wages : Overtime Wages,
COGS,COGS Wages,Overtime Wages,,,,222,,,,36,511000 COGS : COGS Wages : Overtime Wages,
COGS,COGS Wages,Overtime Wages,,,,222,,,,37,511000 COGS : COGS Wages : Overtime Wages,
COGS,COGS Wages,Overtime Wages,,,,222,,,,39,511000 COGS : COGS Wages : Overtime Wages,
COGS,COGS Wages,Overtime Wages,,,,222,,,,41,511000 COGS : COGS Wages : Overtime Wages,
COGS,COGS Wages,Overtime Wages,,,,222,,,,42,511000 COGS : COGS Wages : Overtime Wages,
COGS,COGS Wages,Overtime Wages,,,,222,,,,43,511000 COGS : COGS Wages : Overtime Wages,
COGS,COGS Wages,Overtime Wages,,,,222,,,,44,511000 COGS : COGS Wages : Overtime Wages,
COGS,COGS Wages,Overtime Wages,,,,222,,,,45,511000 COGS : COGS Wages : Overtime Wages,
COGS,COGS Wages,Paid Time Off,,,,223,,,,1,511500 COGS : COGS Wages : Paid Time Off,
COGS,COGS Wages,Paid Time Off,,,,223,,,,2,511500 COGS : COGS Wages : Paid Time Off,
COGS,COGS Wages,Paid Time Off,,,,223,,,,3,511500 COGS : COGS Wages : Paid Time Off,
COGS,COGS Wages,Paid Time Off,,,,223,,,,4,511500 COGS : COGS Wages : Paid Time Off,
COGS,COGS Wages,Paid Time Off,,,,223,,,,5,511500 COGS : COGS Wages : Paid Time Off,
COGS,COGS Wages,Paid Time Off,,,,223,,,,6,511500 COGS : COGS Wages : Paid Time Off,
COGS,COGS Wages,Paid Time Off,,,,223,,,,11,511500 COGS : COGS Wages : Paid Time Off,
COGS,COGS Wages,Paid Time Off,,,,223,,,,16,511500 COGS : COGS Wages : Paid Time Off,
COGS,COGS Wages,Paid Time Off,,,,223,,,,19,511500 COGS : COGS Wages : Paid Time Off,
COGS,COGS Wages,Paid Time Off,,,,223,,,,20,511500 COGS : COGS Wages : Paid Time Off,
COGS,COGS Wages,Paid Time Off,,,,223,,,,21,511500 COGS : COGS Wages : Paid Time Off,
COGS,COGS Wages,Paid Time Off,,,,223,,,,22,511500 COGS : COGS Wages : Paid Time Off,
COGS,COGS Wages,Paid Time Off,,,,223,,,,23,511500 COGS : COGS Wages : Paid Time Off,
COGS,COGS Wages,Paid Time Off,,,,223,,,,24,511500 COGS : COGS Wages : Paid Time Off,
COGS,COGS Wages,Paid Time Off,,,,223,,,,25,511500 COGS : COGS Wages : Paid Time Off,
COGS,COGS Wages,Paid Time Off,,,,223,,,,26,511500 COGS : COGS Wages : Paid Time Off,
COGS,COGS Wages,Paid Time Off,,,,223,,,,28,511500 COGS : COGS Wages : Paid Time Off,
COGS,COGS Wages,Paid Time Off,,,,223,,,,29,511500 COGS : COGS Wages : Paid Time Off,
COGS,COGS Wages,Paid Time Off,,,,223,,,,31,511500 COGS : COGS Wages : Paid Time Off,
COGS,COGS Wages,Paid Time Off,,,,223,,,,32,511500 COGS : COGS Wages : Paid Time Off,
COGS,COGS Wages,Paid Time Off,,,,223,,,,33,511500 COGS : COGS Wages : Paid Time Off,
COGS,COGS Wages,Paid Time Off,,,,223,,,,35,511500 COGS : COGS Wages : Paid Time Off,
COGS,COGS Wages,Paid Time Off,,,,223,,,,36,511500 COGS : COGS Wages : Paid Time Off,
COGS,COGS Wages,Paid Time Off,,,,223,,,,37,511500 COGS : COGS Wages : Paid Time Off,
COGS,COGS Wages,Paid Time Off,,,,223,,,,39,511500 COGS : COGS Wages : Paid Time Off,
COGS,COGS Wages,Paid Time Off,,,,223,,,,41,511500 COGS : COGS Wages : Paid Time Off,
COGS,COGS Wages,Paid Time Off,,,,223,,,,42,511500 COGS : COGS Wages : Paid Time Off,
COGS,COGS Wages,Paid Time Off,,,,223,,,,43,511500 COGS : COGS Wages : Paid Time Off,
COGS,COGS Wages,Paid Time Off,,,,223,,,,44,511500 COGS : COGS Wages : Paid Time Off,
COGS,COGS Wages,Paid Time Off,,,,223,,,,45,511500 COGS : COGS Wages : Paid Time Off,
COGS,COGS Wages,Commissions,,,,224,,,,1,512000 COGS : COGS Wages : Commissions,
COGS,COGS Wages,Commissions,,,,224,,,,2,512000 COGS : COGS Wages : Commissions,
COGS,COGS Wages,Commissions,,,,224,,,,3,512000 COGS : COGS Wages : Commissions,
COGS,COGS Wages,Commissions,,,,224,,,,4,512000 COGS : COGS Wages : Commissions,
COGS,COGS Wages,Commissions,,,,224,,,,5,512000 COGS : COGS Wages : Commissions,
COGS,COGS Wages,Commissions,,,,224,,,,6,512000 COGS : COGS Wages : Commissions,
COGS,COGS Wages,Commissions,,,,224,,,,11,512000 COGS : COGS Wages : Commissions,
COGS,COGS Wages,Commissions,,,,224,,,,16,512000 COGS : COGS Wages : Commissions,
COGS,COGS Wages,Commissions,,,,224,,,,19,512000 COGS : COGS Wages : Commissions,
COGS,COGS Wages,Commissions,,,,224,,,,20,512000 COGS : COGS Wages : Commissions,
COGS,COGS Wages,Commissions,,,,224,,,,21,512000 COGS : COGS Wages : Commissions,
COGS,COGS Wages,Commissions,,,,224,,,,22,512000 COGS : COGS Wages : Commissions,
COGS,COGS Wages,Commissions,,,,224,,,,23,512000 COGS : COGS Wages : Commissions,
COGS,COGS Wages,Commissions,,,,224,,,,24,512000 COGS : COGS Wages : Commissions,
COGS,COGS Wages,Commissions,,,,224,,,,25,512000 COGS : COGS Wages : Commissions,
COGS,COGS Wages,Commissions,,,,224,,,,26,512000 COGS : COGS Wages : Commissions,
COGS,COGS Wages,Commissions,,,,224,,,,28,512000 COGS : COGS Wages : Commissions,
COGS,COGS Wages,Commissions,,,,224,,,,29,512000 COGS : COGS Wages : Commissions,
COGS,COGS Wages,Commissions,,,,224,,,,31,512000 COGS : COGS Wages : Commissions,
COGS,COGS Wages,Commissions,,,,224,,,,32,512000 COGS : COGS Wages : Commissions,
COGS,COGS Wages,Commissions,,,,224,,,,33,512000 COGS : COGS Wages : Commissions,
COGS,COGS Wages,Commissions,,,,224,,,,35,512000 COGS : COGS Wages : Commissions,
COGS,COGS Wages,Commissions,,,,224,,,,36,512000 COGS : COGS Wages : Commissions,
COGS,COGS Wages,Commissions,,,,224,,,,37,512000 COGS : COGS Wages : Commissions,
COGS,COGS Wages,Commissions,,,,224,,,,39,512000 COGS : COGS Wages : Commissions,
COGS,COGS Wages,Commissions,,,,224,,,,41,512000 COGS : COGS Wages : Commissions,
COGS,COGS Wages,Commissions,,,,224,,,,42,512000 COGS : COGS Wages : Commissions,
COGS,COGS Wages,Commissions,,,,224,,,,43,512000 COGS : COGS Wages : Commissions,
COGS,COGS Wages,Commissions,,,,224,,,,44,512000 COGS : COGS Wages : Commissions,
COGS,COGS Wages,Commissions,,,,224,,,,45,512000 COGS : COGS Wages : Commissions,
COGS,COGS Wages,Bonuses,,,,225,,,,1,512500 COGS : COGS Wages : Bonuses,
COGS,COGS Wages,Bonuses,,,,225,,,,2,512500 COGS : COGS Wages : Bonuses,
COGS,COGS Wages,Bonuses,,,,225,,,,3,512500 COGS : COGS Wages : Bonuses,
COGS,COGS Wages,Bonuses,,,,225,,,,4,512500 COGS : COGS Wages : Bonuses,
COGS,COGS Wages,Bonuses,,,,225,,,,5,512500 COGS : COGS Wages : Bonuses,
COGS,COGS Wages,Bonuses,,,,225,,,,6,512500 COGS : COGS Wages : Bonuses,
COGS,COGS Wages,Bonuses,,,,225,,,,11,512500 COGS : COGS Wages : Bonuses,
COGS,COGS Wages,Bonuses,,,,225,,,,16,512500 COGS : COGS Wages : Bonuses,
COGS,COGS Wages,Bonuses,,,,225,,,,19,512500 COGS : COGS Wages : Bonuses,
COGS,COGS Wages,Bonuses,,,,225,,,,20,512500 COGS : COGS Wages : Bonuses,
COGS,COGS Wages,Bonuses,,,,225,,,,21,512500 COGS : COGS Wages : Bonuses,
COGS,COGS Wages,Bonuses,,,,225,,,,22,512500 COGS : COGS Wages : Bonuses,
COGS,COGS Wages,Bonuses,,,,225,,,,23,512500 COGS : COGS Wages : Bonuses,
COGS,COGS Wages,Bonuses,,,,225,,,,24,512500 COGS : COGS Wages : Bonuses,
COGS,COGS Wages,Bonuses,,,,225,,,,25,512500 COGS : COGS Wages : Bonuses,
COGS,COGS Wages,Bonuses,,,,225,,,,26,512500 COGS : COGS Wages : Bonuses,
COGS,COGS Wages,Bonuses,,,,225,,,,28,512500 COGS : COGS Wages : Bonuses,
COGS,COGS Wages,Bonuses,,,,225,,,,29,512500 COGS : COGS Wages : Bonuses,
COGS,COGS Wages,Bonuses,,,,225,,,,31,512500 COGS : COGS Wages : Bonuses,
COGS,COGS Wages,Bonuses,,,,225,,,,32,512500 COGS : COGS Wages : Bonuses,
COGS,COGS Wages,Bonuses,,,,225,,,,33,512500 COGS : COGS Wages : Bonuses,
COGS,COGS Wages,Bonuses,,,,225,,,,35,512500 COGS : COGS Wages : Bonuses,
COGS,COGS Wages,Bonuses,,,,225,,,,36,512500 COGS : COGS Wages : Bonuses,
COGS,COGS Wages,Bonuses,,,,225,,,,37,512500 COGS : COGS Wages : Bonuses,
COGS,COGS Wages,Bonuses,,,,225,,,,39,512500 COGS : COGS Wages : Bonuses,
COGS,COGS Wages,Bonuses,,,,225,,,,41,512500 COGS : COGS Wages : Bonuses,
COGS,COGS Wages,Bonuses,,,,225,,,,42,512500 COGS : COGS Wages : Bonuses,
COGS,COGS Wages,Bonuses,,,,225,,,,43,512500 COGS : COGS Wages : Bonuses,
COGS,COGS Wages,Bonuses,,,,225,,,,44,512500 COGS : COGS Wages : Bonuses,
COGS,COGS Wages,Bonuses,,,,225,,,,45,512500 COGS : COGS Wages : Bonuses,
COGS,COGS Wages,Employer Taxes,,,,226,,,,1,513000 COGS : COGS Wages : Employer Taxes,
COGS,COGS Wages,Employer Taxes,,,,226,,,,2,513000 COGS : COGS Wages : Employer Taxes,
COGS,COGS Wages,Employer Taxes,,,,226,,,,3,513000 COGS : COGS Wages : Employer Taxes,
COGS,COGS Wages,Employer Taxes,,,,226,,,,4,513000 COGS : COGS Wages : Employer Taxes,
COGS,COGS Wages,Employer Taxes,,,,226,,,,5,513000 COGS : COGS Wages : Employer Taxes,
COGS,COGS Wages,Employer Taxes,,,,226,,,,6,513000 COGS : COGS Wages : Employer Taxes,
COGS,COGS Wages,Employer Taxes,,,,226,,,,11,513000 COGS : COGS Wages : Employer Taxes,
COGS,COGS Wages,Employer Taxes,,,,226,,,,16,513000 COGS : COGS Wages : Employer Taxes,
COGS,COGS Wages,Employer Taxes,,,,226,,,,19,513000 COGS : COGS Wages : Employer Taxes,
COGS,COGS Wages,Employer Taxes,,,,226,,,,20,513000 COGS : COGS Wages : Employer Taxes,
COGS,COGS Wages,Employer Taxes,,,,226,,,,21,513000 COGS : COGS Wages : Employer Taxes,
COGS,COGS Wages,Employer Taxes,,,,226,,,,22,513000 COGS : COGS Wages : Employer Taxes,
COGS,COGS Wages,Employer Taxes,,,,226,,,,23,513000 COGS : COGS Wages : Employer Taxes,
COGS,COGS Wages,Employer Taxes,,,,226,,,,24,513000 COGS : COGS Wages : Employer Taxes,
COGS,COGS Wages,Employer Taxes,,,,226,,,,25,513000 COGS : COGS Wages : Employer Taxes,
COGS,COGS Wages,Employer Taxes,,,,226,,,,26,513000 COGS : COGS Wages : Employer Taxes,
COGS,COGS Wages,Employer Taxes,,,,226,,,,28,513000 COGS : COGS Wages : Employer Taxes,
COGS,COGS Wages,Employer Taxes,,,,226,,,,29,513000 COGS : COGS Wages : Employer Taxes,
COGS,COGS Wages,Employer Taxes,,,,226,,,,31,513000 COGS : COGS Wages : Employer Taxes,
COGS,COGS Wages,Employer Taxes,,,,226,,,,32,513000 COGS : COGS Wages : Employer Taxes,
COGS,COGS Wages,Employer Taxes,,,,226,,,,33,513000 COGS : COGS Wages : Employer Taxes,
COGS,COGS Wages,Employer Taxes,,,,226,,,,35,513000 COGS : COGS Wages : Employer Taxes,
COGS,COGS Wages,Employer Taxes,,,,226,,,,36,513000 COGS : COGS Wages : Employer Taxes,
COGS,COGS Wages,Employer Taxes,,,,226,,,,37,513000 COGS : COGS Wages : Employer Taxes,
COGS,COGS Wages,Employer Taxes,,,,226,,,,39,513000 COGS : COGS Wages : Employer Taxes,
COGS,COGS Wages,Employer Taxes,,,,226,,,,41,513000 COGS : COGS Wages : Employer Taxes,
COGS,COGS Wages,Employer Taxes,,,,226,,,,42,513000 COGS : COGS Wages : Employer Taxes,
COGS,COGS Wages,Employer Taxes,,,,226,,,,43,513000 COGS : COGS Wages : Employer Taxes,
COGS,COGS Wages,Employer Taxes,,,,226,,,,44,513000 COGS : COGS Wages : Employer Taxes,
COGS,COGS Wages,Employer Taxes,,,,226,,,,45,513000 COGS : COGS Wages : Employer Taxes,
COGS,COGS Wages,Employer Medical/Dental/Vision,,,,227,,,,1,513500 COGS : COGS Wages : Employer Medical/Dental/Vision,
COGS,COGS Wages,Employer Medical/Dental/Vision,,,,227,,,,2,513500 COGS : COGS Wages : Employer Medical/Dental/Vision,
COGS,COGS Wages,Employer Medical/Dental/Vision,,,,227,,,,3,513500 COGS : COGS Wages : Employer Medical/Dental/Vision,
COGS,COGS Wages,Employer Medical/Dental/Vision,,,,227,,,,4,513500 COGS : COGS Wages : Employer Medical/Dental/Vision,
COGS,COGS Wages,Employer Medical/Dental/Vision,,,,227,,,,5,513500 COGS : COGS Wages : Employer Medical/Dental/Vision,
COGS,COGS Wages,Employer Medical/Dental/Vision,,,,227,,,,6,513500 COGS : COGS Wages : Employer Medical/Dental/Vision,
COGS,COGS Wages,Employer Medical/Dental/Vision,,,,227,,,,11,513500 COGS : COGS Wages : Employer Medical/Dental/Vision,
COGS,COGS Wages,Employer Medical/Dental/Vision,,,,227,,,,16,513500 COGS : COGS Wages : Employer Medical/Dental/Vision,
COGS,COGS Wages,Employer Medical/Dental/Vision,,,,227,,,,19,513500 COGS : COGS Wages : Employer Medical/Dental/Vision,
COGS,COGS Wages,Employer Medical/Dental/Vision,,,,227,,,,20,513500 COGS : COGS Wages : Employer Medical/Dental/Vision,
COGS,COGS Wages,Employer Medical/Dental/Vision,,,,227,,,,21,513500 COGS : COGS Wages : Employer Medical/Dental/Vision,
COGS,COGS Wages,Employer Medical/Dental/Vision,,,,227,,,,22,513500 COGS : COGS Wages : Employer Medical/Dental/Vision,
COGS,COGS Wages,Employer Medical/Dental/Vision,,,,227,,,,23,513500 COGS : COGS Wages : Employer Medical/Dental/Vision,
COGS,COGS Wages,Employer Medical/Dental/Vision,,,,227,,,,24,513500 COGS : COGS Wages : Employer Medical/Dental/Vision,
COGS,COGS Wages,Employer Medical/Dental/Vision,,,,227,,,,25,513500 COGS : COGS Wages : Employer Medical/Dental/Vision,
COGS,COGS Wages,Employer Medical/Dental/Vision,,,,227,,,,26,513500 COGS : COGS Wages : Employer Medical/Dental/Vision,
COGS,COGS Wages,Employer Medical/Dental/Vision,,,,227,,,,28,513500 COGS : COGS Wages : Employer Medical/Dental/Vision,
COGS,COGS Wages,Employer Medical/Dental/Vision,,,,227,,,,29,513500 COGS : COGS Wages : Employer Medical/Dental/Vision,
COGS,COGS Wages,Employer Medical/Dental/Vision,,,,227,,,,31,513500 COGS : COGS Wages : Employer Medical/Dental/Vision,
COGS,COGS Wages,Employer Medical/Dental/Vision,,,,227,,,,32,513500 COGS : COGS Wages : Employer Medical/Dental/Vision,
COGS,COGS Wages,Employer Medical/Dental/Vision,,,,227,,,,33,513500 COGS : COGS Wages : Employer Medical/Dental/Vision,
COGS,COGS Wages,Employer Medical/Dental/Vision,,,,227,,,,35,513500 COGS : COGS Wages : Employer Medical/Dental/Vision,
COGS,COGS Wages,Employer Medical/Dental/Vision,,,,227,,,,36,513500 COGS : COGS Wages : Employer Medical/Dental/Vision,
COGS,COGS Wages,Employer Medical/Dental/Vision,,,,227,,,,37,513500 COGS : COGS Wages : Employer Medical/Dental/Vision,
COGS,COGS Wages,Employer Medical/Dental/Vision,,,,227,,,,39,513500 COGS : COGS Wages : Employer Medical/Dental/Vision,
COGS,COGS Wages,Employer Medical/Dental/Vision,,,,227,,,,41,513500 COGS : COGS Wages : Employer Medical/Dental/Vision,
COGS,COGS Wages,Employer Medical/Dental/Vision,,,,227,,,,42,513500 COGS : COGS Wages : Employer Medical/Dental/Vision,
COGS,COGS Wages,Employer Medical/Dental/Vision,,,,227,,,,43,513500 COGS : COGS Wages : Employer Medical/Dental/Vision,
COGS,COGS Wages,Employer Medical/Dental/Vision,,,,227,,,,44,513500 COGS : COGS Wages : Employer Medical/Dental/Vision,
COGS,COGS Wages,Employer Medical/Dental/Vision,,,,227,,,,45,513500 COGS : COGS Wages : Employer Medical/Dental/Vision,
COGS,COGS Wages,Employer STD,,,,228,,,,1,514000 COGS : COGS Wages : Employer STD,
COGS,COGS Wages,Employer STD,,,,228,,,,2,514000 COGS : COGS Wages : Employer STD,
COGS,COGS Wages,Employer STD,,,,228,,,,3,514000 COGS : COGS Wages : Employer STD,
COGS,COGS Wages,Employer STD,,,,228,,,,4,514000 COGS : COGS Wages : Employer STD,
COGS,COGS Wages,Employer STD,,,,228,,,,5,514000 COGS : COGS Wages : Employer STD,
COGS,COGS Wages,Employer STD,,,,228,,,,6,514000 COGS : COGS Wages : Employer STD,
COGS,COGS Wages,Employer STD,,,,228,,,,11,514000 COGS : COGS Wages : Employer STD,
COGS,COGS Wages,Employer STD,,,,228,,,,16,514000 COGS : COGS Wages : Employer STD,
COGS,COGS Wages,Employer STD,,,,228,,,,19,514000 COGS : COGS Wages : Employer STD,
COGS,COGS Wages,Employer STD,,,,228,,,,20,514000 COGS : COGS Wages : Employer STD,
COGS,COGS Wages,Employer STD,,,,228,,,,21,514000 COGS : COGS Wages : Employer STD,
COGS,COGS Wages,Employer STD,,,,228,,,,22,514000 COGS : COGS Wages : Employer STD,
COGS,COGS Wages,Employer STD,,,,228,,,,23,514000 COGS : COGS Wages : Employer STD,
COGS,COGS Wages,Employer STD,,,,228,,,,24,514000 COGS : COGS Wages : Employer STD,
COGS,COGS Wages,Employer STD,,,,228,,,,25,514000 COGS : COGS Wages : Employer STD,
COGS,COGS Wages,Employer STD,,,,228,,,,26,514000 COGS : COGS Wages : Employer STD,
COGS,COGS Wages,Employer STD,,,,228,,,,28,514000 COGS : COGS Wages : Employer STD,
COGS,COGS Wages,Employer STD,,,,228,,,,29,514000 COGS : COGS Wages : Employer STD,
COGS,COGS Wages,Employer STD,,,,228,,,,31,514000 COGS : COGS Wages : Employer STD,
COGS,COGS Wages,Employer STD,,,,228,,,,32,514000 COGS : COGS Wages : Employer STD,
COGS,COGS Wages,Employer STD,,,,228,,,,33,514000 COGS : COGS Wages : Employer STD,
COGS,COGS Wages,Employer STD,,,,228,,,,35,514000 COGS : COGS Wages : Employer STD,
COGS,COGS Wages,Employer STD,,,,228,,,,36,514000 COGS : COGS Wages : Employer STD,
COGS,COGS Wages,Employer STD,,,,228,,,,37,514000 COGS : COGS Wages : Employer STD,
COGS,COGS Wages,Employer STD,,,,228,,,,39,514000 COGS : COGS Wages : Employer STD,
COGS,COGS Wages,Employer STD,,,,228,,,,41,514000 COGS : COGS Wages : Employer STD,
COGS,COGS Wages,Employer STD,,,,228,,,,42,514000 COGS : COGS Wages : Employer STD,
COGS,COGS Wages,Employer STD,,,,228,,,,43,514000 COGS : COGS Wages : Employer STD,
COGS,COGS Wages,Employer STD,,,,228,,,,44,514000 COGS : COGS Wages : Employer STD,
COGS,COGS Wages,Employer STD,,,,228,,,,45,514000 COGS : COGS Wages : Employer STD,
COGS,COGS Wages,Employer LTD,,,,229,,,,1,514500 COGS : COGS Wages : Employer LTD,
COGS,COGS Wages,Employer LTD,,,,229,,,,2,514500 COGS : COGS Wages : Employer LTD,
COGS,COGS Wages,Employer LTD,,,,229,,,,3,514500 COGS : COGS Wages : Employer LTD,
COGS,COGS Wages,Employer LTD,,,,229,,,,4,514500 COGS : COGS Wages : Employer LTD,
COGS,COGS Wages,Employer LTD,,,,229,,,,5,514500 COGS : COGS Wages : Employer LTD,
COGS,COGS Wages,Employer LTD,,,,229,,,,6,514500 COGS : COGS Wages : Employer LTD,
COGS,COGS Wages,Employer LTD,,,,229,,,,11,514500 COGS : COGS Wages : Employer LTD,
COGS,COGS Wages,Employer LTD,,,,229,,,,16,514500 COGS : COGS Wages : Employer LTD,
COGS,COGS Wages,Employer LTD,,,,229,,,,19,514500 COGS : COGS Wages : Employer LTD,
COGS,COGS Wages,Employer LTD,,,,229,,,,20,514500 COGS : COGS Wages : Employer LTD,
COGS,COGS Wages,Employer LTD,,,,229,,,,21,514500 COGS : COGS Wages : Employer LTD,
COGS,COGS Wages,Employer LTD,,,,229,,,,22,514500 COGS : COGS Wages : Employer LTD,
COGS,COGS Wages,Employer LTD,,,,229,,,,23,514500 COGS : COGS Wages : Employer LTD,
COGS,COGS Wages,Employer LTD,,,,229,,,,24,514500 COGS : COGS Wages : Employer LTD,
COGS,COGS Wages,Employer LTD,,,,229,,,,25,514500 COGS : COGS Wages : Employer LTD,
COGS,COGS Wages,Employer LTD,,,,229,,,,26,514500 COGS : COGS Wages : Employer LTD,
COGS,COGS Wages,Employer LTD,,,,229,,,,28,514500 COGS : COGS Wages : Employer LTD,
COGS,COGS Wages,Employer LTD,,,,229,,,,29,514500 COGS : COGS Wages : Employer LTD,
COGS,COGS Wages,Employer LTD,,,,229,,,,31,514500 COGS : COGS Wages : Employer LTD,
COGS,COGS Wages,Employer LTD,,,,229,,,,32,514500 COGS : COGS Wages : Employer LTD,
COGS,COGS Wages,Employer LTD,,,,229,,,,33,514500 COGS : COGS Wages : Employer LTD,
COGS,COGS Wages,Employer LTD,,,,229,,,,35,514500 COGS : COGS Wages : Employer LTD,
COGS,COGS Wages,Employer LTD,,,,229,,,,36,514500 COGS : COGS Wages : Employer LTD,
COGS,COGS Wages,Employer LTD,,,,229,,,,37,514500 COGS : COGS Wages : Employer LTD,
COGS,COGS Wages,Employer LTD,,,,229,,,,39,514500 COGS : COGS Wages : Employer LTD,
COGS,COGS Wages,Employer LTD,,,,229,,,,41,514500 COGS : COGS Wages : Employer LTD,
COGS,COGS Wages,Employer LTD,,,,229,,,,42,514500 COGS : COGS Wages : Employer LTD,
COGS,COGS Wages,Employer LTD,,,,229,,,,43,514500 COGS : COGS Wages : Employer LTD,
COGS,COGS Wages,Employer LTD,,,,229,,,,44,514500 COGS : COGS Wages : Employer LTD,
COGS,COGS Wages,Employer LTD,,,,229,,,,45,514500 COGS : COGS Wages : Employer LTD,
COGS,COGS Wages,Employer Life,,,,230,,,,1,515000 COGS : COGS Wages : Employer Life,
COGS,COGS Wages,Employer Life,,,,230,,,,2,515000 COGS : COGS Wages : Employer Life,
COGS,COGS Wages,Employer Life,,,,230,,,,3,515000 COGS : COGS Wages : Employer Life,
COGS,COGS Wages,Employer Life,,,,230,,,,4,515000 COGS : COGS Wages : Employer Life,
COGS,COGS Wages,Employer Life,,,,230,,,,5,515000 COGS : COGS Wages : Employer Life,
COGS,COGS Wages,Employer Life,,,,230,,,,6,515000 COGS : COGS Wages : Employer Life,
COGS,COGS Wages,Employer Life,,,,230,,,,11,515000 COGS : COGS Wages : Employer Life,
COGS,COGS Wages,Employer Life,,,,230,,,,16,515000 COGS : COGS Wages : Employer Life,
COGS,COGS Wages,Employer Life,,,,230,,,,19,515000 COGS : COGS Wages : Employer Life,
COGS,COGS Wages,Employer Life,,,,230,,,,20,515000 COGS : COGS Wages : Employer Life,
COGS,COGS Wages,Employer Life,,,,230,,,,21,515000 COGS : COGS Wages : Employer Life,
COGS,COGS Wages,Employer Life,,,,230,,,,22,515000 COGS : COGS Wages : Employer Life,
COGS,COGS Wages,Employer Life,,,,230,,,,23,515000 COGS : COGS Wages : Employer Life,
COGS,COGS Wages,Employer Life,,,,230,,,,24,515000 COGS : COGS Wages : Employer Life,
COGS,COGS Wages,Employer Life,,,,230,,,,25,515000 COGS : COGS Wages : Employer Life,
COGS,COGS Wages,Employer Life,,,,230,,,,26,515000 COGS : COGS Wages : Employer Life,
COGS,COGS Wages,Employer Life,,,,230,,,,28,515000 COGS : COGS Wages : Employer Life,
COGS,COGS Wages,Employer Life,,,,230,,,,29,515000 COGS : COGS Wages : Employer Life,
COGS,COGS Wages,Employer Life,,,,230,,,,31,515000 COGS : COGS Wages : Employer Life,
COGS,COGS Wages,Employer Life,,,,230,,,,32,515000 COGS : COGS Wages : Employer Life,
COGS,COGS Wages,Employer Life,,,,230,,,,33,515000 COGS : COGS Wages : Employer Life,
COGS,COGS Wages,Employer Life,,,,230,,,,35,515000 COGS : COGS Wages : Employer Life,
COGS,COGS Wages,Employer Life,,,,230,,,,36,515000 COGS : COGS Wages : Employer Life,
COGS,COGS Wages,Employer Life,,,,230,,,,37,515000 COGS : COGS Wages : Employer Life,
COGS,COGS Wages,Employer Life,,,,230,,,,39,515000 COGS : COGS Wages : Employer Life,
COGS,COGS Wages,Employer Life,,,,230,,,,41,515000 COGS : COGS Wages : Employer Life,
COGS,COGS Wages,Employer Life,,,,230,,,,42,515000 COGS : COGS Wages : Employer Life,
COGS,COGS Wages,Employer Life,,,,230,,,,43,515000 COGS : COGS Wages : Employer Life,
COGS,COGS Wages,Employer Life,,,,230,,,,44,515000 COGS : COGS Wages : Employer Life,
COGS,COGS Wages,Employer Life,,,,230,,,,45,515000 COGS : COGS Wages : Employer Life,
COGS,COGS Wages,Employer 401k,,,,231,,,,1,515500 COGS : COGS Wages : Employer 401k,
COGS,COGS Wages,Employer 401k,,,,231,,,,2,515500 COGS : COGS Wages : Employer 401k,
COGS,COGS Wages,Employer 401k,,,,231,,,,3,515500 COGS : COGS Wages : Employer 401k,
COGS,COGS Wages,Employer 401k,,,,231,,,,4,515500 COGS : COGS Wages : Employer 401k,
COGS,COGS Wages,Employer 401k,,,,231,,,,5,515500 COGS : COGS Wages : Employer 401k,
COGS,COGS Wages,Employer 401k,,,,231,,,,6,515500 COGS : COGS Wages : Employer 401k,
COGS,COGS Wages,Employer 401k,,,,231,,,,11,515500 COGS : COGS Wages : Employer 401k,
COGS,COGS Wages,Employer 401k,,,,231,,,,16,515500 COGS : COGS Wages : Employer 401k,
COGS,COGS Wages,Employer 401k,,,,231,,,,19,515500 COGS : COGS Wages : Employer 401k,
COGS,COGS Wages,Employer 401k,,,,231,,,,20,515500 COGS : COGS Wages : Employer 401k,
COGS,COGS Wages,Employer 401k,,,,231,,,,21,515500 COGS : COGS Wages : Employer 401k,
COGS,COGS Wages,Employer 401k,,,,231,,,,22,515500 COGS : COGS Wages : Employer 401k,
COGS,COGS Wages,Employer 401k,,,,231,,,,23,515500 COGS : COGS Wages : Employer 401k,
COGS,COGS Wages,Employer 401k,,,,231,,,,24,515500 COGS : COGS Wages : Employer 401k,
COGS,COGS Wages,Employer 401k,,,,231,,,,25,515500 COGS : COGS Wages : Employer 401k,
COGS,COGS Wages,Employer 401k,,,,231,,,,26,515500 COGS : COGS Wages : Employer 401k,
COGS,COGS Wages,Employer 401k,,,,231,,,,28,515500 COGS : COGS Wages : Employer 401k,
COGS,COGS Wages,Employer 401k,,,,231,,,,29,515500 COGS : COGS Wages : Employer 401k,
COGS,COGS Wages,Employer 401k,,,,231,,,,31,515500 COGS : COGS Wages : Employer 401k,
COGS,COGS Wages,Employer 401k,,,,231,,,,32,515500 COGS : COGS Wages : Employer 401k,
COGS,COGS Wages,Employer 401k,,,,231,,,,33,515500 COGS : COGS Wages : Employer 401k,
COGS,COGS Wages,Employer 401k,,,,231,,,,35,515500 COGS : COGS Wages : Employer 401k,
COGS,COGS Wages,Employer 401k,,,,231,,,,36,515500 COGS : COGS Wages : Employer 401k,
COGS,COGS Wages,Employer 401k,,,,231,,,,37,515500 COGS : COGS Wages : Employer 401k,
COGS,COGS Wages,Employer 401k,,,,231,,,,39,515500 COGS : COGS Wages : Employer 401k,
COGS,COGS Wages,Employer 401k,,,,231,,,,41,515500 COGS : COGS Wages : Employer 401k,
COGS,COGS Wages,Employer 401k,,,,231,,,,42,515500 COGS : COGS Wages : Employer 401k,
COGS,COGS Wages,Employer 401k,,,,231,,,,43,515500 COGS : COGS Wages : Employer 401k,
COGS,COGS Wages,Employer 401k,,,,231,,,,44,515500 COGS : COGS Wages : Employer 401k,
COGS,COGS Wages,Employer 401k,,,,231,,,,45,515500 COGS : COGS Wages : Employer 401k,
COGS,COGS Consumables,,,,,232,,,,1,520000 COGS : COGS Consumables,
COGS,COGS Consumables,,,,,232,,,,2,520000 COGS : COGS Consumables,
COGS,COGS Consumables,,,,,232,,,,3,520000 COGS : COGS Consumables,
COGS,COGS Consumables,,,,,232,,,,4,520000 COGS : COGS Consumables,
COGS,COGS Consumables,,,,,232,,,,5,520000 COGS : COGS Consumables,
COGS,COGS Consumables,,,,,232,,,,6,520000 COGS : COGS Consumables,
COGS,COGS Consumables,,,,,232,,,,11,520000 COGS : COGS Consumables,
COGS,COGS Consumables,,,,,232,,,,16,520000 COGS : COGS Consumables,
COGS,COGS Consumables,,,,,232,,,,19,520000 COGS : COGS Consumables,
COGS,COGS Consumables,,,,,232,,,,20,520000 COGS : COGS Consumables,
COGS,COGS Consumables,,,,,232,,,,21,520000 COGS : COGS Consumables,
COGS,COGS Consumables,,,,,232,,,,22,520000 COGS : COGS Consumables,
COGS,COGS Consumables,,,,,232,,,,23,520000 COGS : COGS Consumables,
COGS,COGS Consumables,,,,,232,,,,24,520000 COGS : COGS Consumables,
COGS,COGS Consumables,,,,,232,,,,25,520000 COGS : COGS Consumables,
COGS,COGS Consumables,,,,,232,,,,26,520000 COGS : COGS Consumables,
COGS,COGS Consumables,,,,,232,,,,28,520000 COGS : COGS Consumables,
COGS,COGS Consumables,,,,,232,,,,29,520000 COGS : COGS Consumables,
COGS,COGS Consumables,,,,,232,,,,31,520000 COGS : COGS Consumables,
COGS,COGS Consumables,,,,,232,,,,32,520000 COGS : COGS Consumables,
COGS,COGS Consumables,,,,,232,,,,33,520000 COGS : COGS Consumables,
COGS,COGS Consumables,,,,,232,,,,35,520000 COGS : COGS Consumables,
COGS,COGS Consumables,,,,,232,,,,36,520000 COGS : COGS Consumables,
COGS,COGS Consumables,,,,,232,,,,37,520000 COGS : COGS Consumables,
COGS,COGS Consumables,,,,,232,,,,39,520000 COGS : COGS Consumables,
COGS,COGS Consumables,,,,,232,,,,41,520000 COGS : COGS Consumables,
COGS,COGS Consumables,,,,,232,,,,42,520000 COGS : COGS Consumables,
COGS,COGS Consumables,,,,,232,,,,43,520000 COGS : COGS Consumables,
COGS,COGS Consumables,,,,,232,,,,44,520000 COGS : COGS Consumables,
COGS,COGS Consumables,,,,,232,,,,45,520000 COGS : COGS Consumables,
COGS,COGS Consumables,Grooming Supplies,,,,233,,,,1,520500 COGS : COGS Consumables : Grooming Supplies,
COGS,COGS Consumables,Grooming Supplies,,,,233,,,,2,520500 COGS : COGS Consumables : Grooming Supplies,
COGS,COGS Consumables,Grooming Supplies,,,,233,,,,3,520500 COGS : COGS Consumables : Grooming Supplies,
COGS,COGS Consumables,Grooming Supplies,,,,233,,,,4,520500 COGS : COGS Consumables : Grooming Supplies,
COGS,COGS Consumables,Grooming Supplies,,,,233,,,,5,520500 COGS : COGS Consumables : Grooming Supplies,
COGS,COGS Consumables,Grooming Supplies,,,,233,,,,6,520500 COGS : COGS Consumables : Grooming Supplies,
COGS,COGS Consumables,Grooming Supplies,,,,233,,,,11,520500 COGS : COGS Consumables : Grooming Supplies,
COGS,COGS Consumables,Grooming Supplies,,,,233,,,,16,520500 COGS : COGS Consumables : Grooming Supplies,
COGS,COGS Consumables,Grooming Supplies,,,,233,,,,19,520500 COGS : COGS Consumables : Grooming Supplies,
COGS,COGS Consumables,Grooming Supplies,,,,233,,,,20,520500 COGS : COGS Consumables : Grooming Supplies,
COGS,COGS Consumables,Grooming Supplies,,,,233,,,,21,520500 COGS : COGS Consumables : Grooming Supplies,
COGS,COGS Consumables,Grooming Supplies,,,,233,,,,22,520500 COGS : COGS Consumables : Grooming Supplies,
COGS,COGS Consumables,Grooming Supplies,,,,233,,,,23,520500 COGS : COGS Consumables : Grooming Supplies,
COGS,COGS Consumables,Grooming Supplies,,,,233,,,,24,520500 COGS : COGS Consumables : Grooming Supplies,
COGS,COGS Consumables,Grooming Supplies,,,,233,,,,25,520500 COGS : COGS Consumables : Grooming Supplies,
COGS,COGS Consumables,Grooming Supplies,,,,233,,,,26,520500 COGS : COGS Consumables : Grooming Supplies,
COGS,COGS Consumables,Grooming Supplies,,,,233,,,,28,520500 COGS : COGS Consumables : Grooming Supplies,
COGS,COGS Consumables,Grooming Supplies,,,,233,,,,29,520500 COGS : COGS Consumables : Grooming Supplies,
COGS,COGS Consumables,Grooming Supplies,,,,233,,,,31,520500 COGS : COGS Consumables : Grooming Supplies,
COGS,COGS Consumables,Grooming Supplies,,,,233,,,,32,520500 COGS : COGS Consumables : Grooming Supplies,
COGS,COGS Consumables,Grooming Supplies,,,,233,,,,33,520500 COGS : COGS Consumables : Grooming Supplies,
COGS,COGS Consumables,Grooming Supplies,,,,233,,,,35,520500 COGS : COGS Consumables : Grooming Supplies,
COGS,COGS Consumables,Grooming Supplies,,,,233,,,,36,520500 COGS : COGS Consumables : Grooming Supplies,
COGS,COGS Consumables,Grooming Supplies,,,,233,,,,37,520500 COGS : COGS Consumables : Grooming Supplies,
COGS,COGS Consumables,Grooming Supplies,,,,233,,,,39,520500 COGS : COGS Consumables : Grooming Supplies,
COGS,COGS Consumables,Grooming Supplies,,,,233,,,,41,520500 COGS : COGS Consumables : Grooming Supplies,
COGS,COGS Consumables,Grooming Supplies,,,,233,,,,42,520500 COGS : COGS Consumables : Grooming Supplies,
COGS,COGS Consumables,Grooming Supplies,,,,233,,,,43,520500 COGS : COGS Consumables : Grooming Supplies,
COGS,COGS Consumables,Grooming Supplies,,,,233,,,,44,520500 COGS : COGS Consumables : Grooming Supplies,
COGS,COGS Consumables,Grooming Supplies,,,,233,,,,45,520500 COGS : COGS Consumables : Grooming Supplies,
COGS,COGS Consumables,Medication,,,,234,,,,1,521000 COGS : COGS Consumables : Medication,
COGS,COGS Consumables,Medication,,,,234,,,,2,521000 COGS : COGS Consumables : Medication,
COGS,COGS Consumables,Medication,,,,234,,,,3,521000 COGS : COGS Consumables : Medication,
COGS,COGS Consumables,Medication,,,,234,,,,4,521000 COGS : COGS Consumables : Medication,
COGS,COGS Consumables,Medication,,,,234,,,,5,521000 COGS : COGS Consumables : Medication,
COGS,COGS Consumables,Medication,,,,234,,,,6,521000 COGS : COGS Consumables : Medication,
COGS,COGS Consumables,Medication,,,,234,,,,11,521000 COGS : COGS Consumables : Medication,
COGS,COGS Consumables,Medication,,,,234,,,,16,521000 COGS : COGS Consumables : Medication,
COGS,COGS Consumables,Medication,,,,234,,,,19,521000 COGS : COGS Consumables : Medication,
COGS,COGS Consumables,Medication,,,,234,,,,20,521000 COGS : COGS Consumables : Medication,
COGS,COGS Consumables,Medication,,,,234,,,,21,521000 COGS : COGS Consumables : Medication,
COGS,COGS Consumables,Medication,,,,234,,,,22,521000 COGS : COGS Consumables : Medication,
COGS,COGS Consumables,Medication,,,,234,,,,23,521000 COGS : COGS Consumables : Medication,
COGS,COGS Consumables,Medication,,,,234,,,,24,521000 COGS : COGS Consumables : Medication,
COGS,COGS Consumables,Medication,,,,234,,,,25,521000 COGS : COGS Consumables : Medication,
COGS,COGS Consumables,Medication,,,,234,,,,26,521000 COGS : COGS Consumables : Medication,
COGS,COGS Consumables,Medication,,,,234,,,,28,521000 COGS : COGS Consumables : Medication,
COGS,COGS Consumables,Medication,,,,234,,,,29,521000 COGS : COGS Consumables : Medication,
COGS,COGS Consumables,Medication,,,,234,,,,31,521000 COGS : COGS Consumables : Medication,
COGS,COGS Consumables,Medication,,,,234,,,,32,521000 COGS : COGS Consumables : Medication,
COGS,COGS Consumables,Medication,,,,234,,,,33,521000 COGS : COGS Consumables : Medication,
COGS,COGS Consumables,Medication,,,,234,,,,35,521000 COGS : COGS Consumables : Medication,
COGS,COGS Consumables,Medication,,,,234,,,,36,521000 COGS : COGS Consumables : Medication,
COGS,COGS Consumables,Medication,,,,234,,,,37,521000 COGS : COGS Consumables : Medication,
COGS,COGS Consumables,Medication,,,,234,,,,39,521000 COGS : COGS Consumables : Medication,
COGS,COGS Consumables,Medication,,,,234,,,,41,521000 COGS : COGS Consumables : Medication,
COGS,COGS Consumables,Medication,,,,234,,,,42,521000 COGS : COGS Consumables : Medication,
COGS,COGS Consumables,Medication,,,,234,,,,43,521000 COGS : COGS Consumables : Medication,
COGS,COGS Consumables,Medication,,,,234,,,,44,521000 COGS : COGS Consumables : Medication,
COGS,COGS Consumables,Medication,,,,234,,,,45,521000 COGS : COGS Consumables : Medication,
COGS,COGS Consumables,Other Supplies,,,,235,,,,1,521500 COGS : COGS Consumables : Other Supplies,
COGS,COGS Consumables,Other Supplies,,,,235,,,,2,521500 COGS : COGS Consumables : Other Supplies,
COGS,COGS Consumables,Other Supplies,,,,235,,,,3,521500 COGS : COGS Consumables : Other Supplies,
COGS,COGS Consumables,Other Supplies,,,,235,,,,4,521500 COGS : COGS Consumables : Other Supplies,
COGS,COGS Consumables,Other Supplies,,,,235,,,,5,521500 COGS : COGS Consumables : Other Supplies,
COGS,COGS Consumables,Other Supplies,,,,235,,,,6,521500 COGS : COGS Consumables : Other Supplies,
COGS,COGS Consumables,Other Supplies,,,,235,,,,11,521500 COGS : COGS Consumables : Other Supplies,
COGS,COGS Consumables,Other Supplies,,,,235,,,,16,521500 COGS : COGS Consumables : Other Supplies,
COGS,COGS Consumables,Other Supplies,,,,235,,,,19,521500 COGS : COGS Consumables : Other Supplies,
COGS,COGS Consumables,Other Supplies,,,,235,,,,20,521500 COGS : COGS Consumables : Other Supplies,
COGS,COGS Consumables,Other Supplies,,,,235,,,,21,521500 COGS : COGS Consumables : Other Supplies,
COGS,COGS Consumables,Other Supplies,,,,235,,,,22,521500 COGS : COGS Consumables : Other Supplies,
COGS,COGS Consumables,Other Supplies,,,,235,,,,23,521500 COGS : COGS Consumables : Other Supplies,
COGS,COGS Consumables,Other Supplies,,,,235,,,,24,521500 COGS : COGS Consumables : Other Supplies,
COGS,COGS Consumables,Other Supplies,,,,235,,,,25,521500 COGS : COGS Consumables : Other Supplies,
COGS,COGS Consumables,Other Supplies,,,,235,,,,26,521500 COGS : COGS Consumables : Other Supplies,
COGS,COGS Consumables,Other Supplies,,,,235,,,,28,521500 COGS : COGS Consumables : Other Supplies,
COGS,COGS Consumables,Other Supplies,,,,235,,,,29,521500 COGS : COGS Consumables : Other Supplies,
COGS,COGS Consumables,Other Supplies,,,,235,,,,31,521500 COGS : COGS Consumables : Other Supplies,
COGS,COGS Consumables,Other Supplies,,,,235,,,,32,521500 COGS : COGS Consumables : Other Supplies,
COGS,COGS Consumables,Other Supplies,,,,235,,,,33,521500 COGS : COGS Consumables : Other Supplies,
COGS,COGS Consumables,Other Supplies,,,,235,,,,35,521500 COGS : COGS Consumables : Other Supplies,
COGS,COGS Consumables,Other Supplies,,,,235,,,,36,521500 COGS : COGS Consumables : Other Supplies,
COGS,COGS Consumables,Other Supplies,,,,235,,,,37,521500 COGS : COGS Consumables : Other Supplies,
COGS,COGS Consumables,Other Supplies,,,,235,,,,39,521500 COGS : COGS Consumables : Other Supplies,
COGS,COGS Consumables,Other Supplies,,,,235,,,,41,521500 COGS : COGS Consumables : Other Supplies,
COGS,COGS Consumables,Other Supplies,,,,235,,,,42,521500 COGS : COGS Consumables : Other Supplies,
COGS,COGS Consumables,Other Supplies,,,,235,,,,43,521500 COGS : COGS Consumables : Other Supplies,
COGS,COGS Consumables,Other Supplies,,,,235,,,,44,521500 COGS : COGS Consumables : Other Supplies,
COGS,COGS Consumables,Other Supplies,,,,235,,,,45,521500 COGS : COGS Consumables : Other Supplies,
COGS,COGS Consumables,Retail,,,,236,,,,1,522000 COGS : COGS Consumables : Retail,
COGS,COGS Consumables,Retail,,,,236,,,,2,522000 COGS : COGS Consumables : Retail,
COGS,COGS Consumables,Retail,,,,236,,,,3,522000 COGS : COGS Consumables : Retail,
COGS,COGS Consumables,Retail,,,,236,,,,4,522000 COGS : COGS Consumables : Retail,
COGS,COGS Consumables,Retail,,,,236,,,,5,522000 COGS : COGS Consumables : Retail,
COGS,COGS Consumables,Retail,,,,236,,,,6,522000 COGS : COGS Consumables : Retail,
COGS,COGS Consumables,Retail,,,,236,,,,11,522000 COGS : COGS Consumables : Retail,
COGS,COGS Consumables,Retail,,,,236,,,,16,522000 COGS : COGS Consumables : Retail,
COGS,COGS Consumables,Retail,,,,236,,,,19,522000 COGS : COGS Consumables : Retail,
COGS,COGS Consumables,Retail,,,,236,,,,20,522000 COGS : COGS Consumables : Retail,
COGS,COGS Consumables,Retail,,,,236,,,,21,522000 COGS : COGS Consumables : Retail,
COGS,COGS Consumables,Retail,,,,236,,,,22,522000 COGS : COGS Consumables : Retail,
COGS,COGS Consumables,Retail,,,,236,,,,23,522000 COGS : COGS Consumables : Retail,
COGS,COGS Consumables,Retail,,,,236,,,,24,522000 COGS : COGS Consumables : Retail,
COGS,COGS Consumables,Retail,,,,236,,,,25,522000 COGS : COGS Consumables : Retail,
COGS,COGS Consumables,Retail,,,,236,,,,26,522000 COGS : COGS Consumables : Retail,
COGS,COGS Consumables,Retail,,,,236,,,,28,522000 COGS : COGS Consumables : Retail,
COGS,COGS Consumables,Retail,,,,236,,,,29,522000 COGS : COGS Consumables : Retail,
COGS,COGS Consumables,Retail,,,,236,,,,31,522000 COGS : COGS Consumables : Retail,
COGS,COGS Consumables,Retail,,,,236,,,,32,522000 COGS : COGS Consumables : Retail,
COGS,COGS Consumables,Retail,,,,236,,,,33,522000 COGS : COGS Consumables : Retail,
COGS,COGS Consumables,Retail,,,,236,,,,35,522000 COGS : COGS Consumables : Retail,
COGS,COGS Consumables,Retail,,,,236,,,,36,522000 COGS : COGS Consumables : Retail,
COGS,COGS Consumables,Retail,,,,236,,,,37,522000 COGS : COGS Consumables : Retail,
COGS,COGS Consumables,Retail,,,,236,,,,39,522000 COGS : COGS Consumables : Retail,
COGS,COGS Consumables,Retail,,,,236,,,,41,522000 COGS : COGS Consumables : Retail,
COGS,COGS Consumables,Retail,,,,236,,,,42,522000 COGS : COGS Consumables : Retail,
COGS,COGS Consumables,Retail,,,,236,,,,43,522000 COGS : COGS Consumables : Retail,
COGS,COGS Consumables,Retail,,,,236,,,,44,522000 COGS : COGS Consumables : Retail,
COGS,COGS Consumables,Retail,,,,236,,,,45,522000 COGS : COGS Consumables : Retail,
COGS,Intercompany COGS,,,,,237,,,,1,530000 COGS : Intercompany COGS,
COGS,Intercompany COGS,,,,,237,,,,2,530000 COGS : Intercompany COGS,
COGS,Intercompany COGS,,,,,237,,,,3,530000 COGS : Intercompany COGS,
COGS,Intercompany COGS,,,,,237,,,,4,530000 COGS : Intercompany COGS,
COGS,Intercompany COGS,,,,,237,,,,5,530000 COGS : Intercompany COGS,
COGS,Intercompany COGS,,,,,237,,,,6,530000 COGS : Intercompany COGS,
COGS,Intercompany COGS,,,,,237,,,,11,530000 COGS : Intercompany COGS,
COGS,Intercompany COGS,,,,,237,,,,16,530000 COGS : Intercompany COGS,
COGS,Intercompany COGS,,,,,237,,,,19,530000 COGS : Intercompany COGS,
COGS,Intercompany COGS,,,,,237,,,,20,530000 COGS : Intercompany COGS,
COGS,Intercompany COGS,,,,,237,,,,21,530000 COGS : Intercompany COGS,
COGS,Intercompany COGS,,,,,237,,,,22,530000 COGS : Intercompany COGS,
COGS,Intercompany COGS,,,,,237,,,,23,530000 COGS : Intercompany COGS,
COGS,Intercompany COGS,,,,,237,,,,24,530000 COGS : Intercompany COGS,
COGS,Intercompany COGS,,,,,237,,,,25,530000 COGS : Intercompany COGS,
COGS,Intercompany COGS,,,,,237,,,,26,530000 COGS : Intercompany COGS,
COGS,Intercompany COGS,,,,,237,,,,28,530000 COGS : Intercompany COGS,
COGS,Intercompany COGS,,,,,237,,,,29,530000 COGS : Intercompany COGS,
COGS,Intercompany COGS,,,,,237,,,,31,530000 COGS : Intercompany COGS,
COGS,Intercompany COGS,,,,,237,,,,32,530000 COGS : Intercompany COGS,
COGS,Intercompany COGS,,,,,237,,,,33,530000 COGS : Intercompany COGS,
COGS,Intercompany COGS,,,,,237,,,,35,530000 COGS : Intercompany COGS,
COGS,Intercompany COGS,,,,,237,,,,36,530000 COGS : Intercompany COGS,
COGS,Intercompany COGS,,,,,237,,,,37,530000 COGS : Intercompany COGS,
COGS,Intercompany COGS,,,,,237,,,,39,530000 COGS : Intercompany COGS,
COGS,Intercompany COGS,,,,,237,,,,41,530000 COGS : Intercompany COGS,
COGS,Intercompany COGS,,,,,237,,,,42,530000 COGS : Intercompany COGS,
COGS,Intercompany COGS,,,,,237,,,,43,530000 COGS : Intercompany COGS,
COGS,Intercompany COGS,,,,,237,,,,44,530000 COGS : Intercompany COGS,
COGS,Intercompany COGS,,,,,237,,,,45,530000 COGS : Intercompany COGS,
Assets,Fixed Assets,,,,,239,,,,1,150000 Fixed Assets,
Assets,Fixed Assets,,,,,239,,,,2,150000 Fixed Assets,
Assets,Fixed Assets,,,,,239,,,,3,150000 Fixed Assets,
Assets,Fixed Assets,,,,,239,,,,4,150000 Fixed Assets,
Assets,Fixed Assets,,,,,239,,,,5,150000 Fixed Assets,
Assets,Fixed Assets,,,,,239,,,,6,150000 Fixed Assets,
Assets,Fixed Assets,,,,,239,,,,11,150000 Fixed Assets,
Assets,Fixed Assets,,,,,239,,,,16,150000 Fixed Assets,
Assets,Fixed Assets,,,,,239,,,,19,150000 Fixed Assets,
Assets,Fixed Assets,,,,,239,,,,20,150000 Fixed Assets,
Assets,Fixed Assets,,,,,239,,,,21,150000 Fixed Assets,
Assets,Fixed Assets,,,,,239,,,,22,150000 Fixed Assets,
Assets,Fixed Assets,,,,,239,,,,23,150000 Fixed Assets,
Assets,Fixed Assets,,,,,239,,,,24,150000 Fixed Assets,
Assets,Fixed Assets,,,,,239,,,,25,150000 Fixed Assets,
Assets,Fixed Assets,,,,,239,,,,26,150000 Fixed Assets,
Assets,Fixed Assets,,,,,239,,,,28,150000 Fixed Assets,
Assets,Fixed Assets,,,,,239,,,,29,150000 Fixed Assets,
Assets,Fixed Assets,,,,,239,,,,31,150000 Fixed Assets,
Assets,Fixed Assets,,,,,239,,,,32,150000 Fixed Assets,
Assets,Fixed Assets,,,,,239,,,,33,150000 Fixed Assets,
Assets,Fixed Assets,,,,,239,,,,35,150000 Fixed Assets,
Assets,Fixed Assets,,,,,239,,,,36,150000 Fixed Assets,
Assets,Fixed Assets,,,,,239,,,,37,150000 Fixed Assets,
Assets,Fixed Assets,,,,,239,,,,39,150000 Fixed Assets,
Assets,Fixed Assets,,,,,239,,,,41,150000 Fixed Assets,
Assets,Fixed Assets,,,,,239,,,,42,150000 Fixed Assets,
Assets,Fixed Assets,,,,,239,,,,43,150000 Fixed Assets,
Assets,Fixed Assets,,,,,239,,,,44,150000 Fixed Assets,
Assets,Fixed Assets,,,,,239,,,,45,150000 Fixed Assets,
Assets,Fixed Assets,Construction in Progress,,,,240,,,,1,150500 Fixed Assets : Construction in Progress,
Assets,Fixed Assets,Construction in Progress,,,,240,,,,2,150500 Fixed Assets : Construction in Progress,
Assets,Fixed Assets,Construction in Progress,,,,240,,,,3,150500 Fixed Assets : Construction in Progress,
Assets,Fixed Assets,Construction in Progress,,,,240,,,,4,150500 Fixed Assets : Construction in Progress,
Assets,Fixed Assets,Construction in Progress,,,,240,,,,5,150500 Fixed Assets : Construction in Progress,
Assets,Fixed Assets,Construction in Progress,,,,240,,,,6,150500 Fixed Assets : Construction in Progress,
Assets,Fixed Assets,Construction in Progress,,,,240,,,,11,150500 Fixed Assets : Construction in Progress,
Assets,Fixed Assets,Construction in Progress,,,,240,,,,16,150500 Fixed Assets : Construction in Progress,
Assets,Fixed Assets,Construction in Progress,,,,240,,,,19,150500 Fixed Assets : Construction in Progress,
Assets,Fixed Assets,Construction in Progress,,,,240,,,,20,150500 Fixed Assets : Construction in Progress,
Assets,Fixed Assets,Construction in Progress,,,,240,,,,21,150500 Fixed Assets : Construction in Progress,
Assets,Fixed Assets,Construction in Progress,,,,240,,,,22,150500 Fixed Assets : Construction in Progress,
Assets,Fixed Assets,Construction in Progress,,,,240,,,,23,150500 Fixed Assets : Construction in Progress,
Assets,Fixed Assets,Construction in Progress,,,,240,,,,24,150500 Fixed Assets : Construction in Progress,
Assets,Fixed Assets,Construction in Progress,,,,240,,,,25,150500 Fixed Assets : Construction in Progress,
Assets,Fixed Assets,Construction in Progress,,,,240,,,,26,150500 Fixed Assets : Construction in Progress,
Assets,Fixed Assets,Construction in Progress,,,,240,,,,28,150500 Fixed Assets : Construction in Progress,
Assets,Fixed Assets,Construction in Progress,,,,240,,,,29,150500 Fixed Assets : Construction in Progress,
Assets,Fixed Assets,Construction in Progress,,,,240,,,,31,150500 Fixed Assets : Construction in Progress,
Assets,Fixed Assets,Construction in Progress,,,,240,,,,32,150500 Fixed Assets : Construction in Progress,
Assets,Fixed Assets,Construction in Progress,,,,240,,,,33,150500 Fixed Assets : Construction in Progress,
Assets,Fixed Assets,Construction in Progress,,,,240,,,,35,150500 Fixed Assets : Construction in Progress,
Assets,Fixed Assets,Construction in Progress,,,,240,,,,36,150500 Fixed Assets : Construction in Progress,
Assets,Fixed Assets,Construction in Progress,,,,240,,,,37,150500 Fixed Assets : Construction in Progress,
Assets,Fixed Assets,Construction in Progress,,,,240,,,,39,150500 Fixed Assets : Construction in Progress,
Assets,Fixed Assets,Construction in Progress,,,,240,,,,41,150500 Fixed Assets : Construction in Progress,
Assets,Fixed Assets,Construction in Progress,,,,240,,,,42,150500 Fixed Assets : Construction in Progress,
Assets,Fixed Assets,Construction in Progress,,,,240,,,,43,150500 Fixed Assets : Construction in Progress,
Assets,Fixed Assets,Construction in Progress,,,,240,,,,44,150500 Fixed Assets : Construction in Progress,
Assets,Fixed Assets,Construction in Progress,,,,240,,,,45,150500 Fixed Assets : Construction in Progress,
Assets,Fixed Assets,Equipment,,,,241,,,,1,151000 Fixed Assets : Equipment,
Assets,Fixed Assets,Equipment,,,,241,,,,2,151000 Fixed Assets : Equipment,
Assets,Fixed Assets,Equipment,,,,241,,,,3,151000 Fixed Assets : Equipment,
Assets,Fixed Assets,Equipment,,,,241,,,,4,151000 Fixed Assets : Equipment,
Assets,Fixed Assets,Equipment,,,,241,,,,5,151000 Fixed Assets : Equipment,
Assets,Fixed Assets,Equipment,,,,241,,,,6,151000 Fixed Assets : Equipment,
Assets,Fixed Assets,Equipment,,,,241,,,,11,151000 Fixed Assets : Equipment,
Assets,Fixed Assets,Equipment,,,,241,,,,16,151000 Fixed Assets : Equipment,
Assets,Fixed Assets,Equipment,,,,241,,,,19,151000 Fixed Assets : Equipment,
Assets,Fixed Assets,Equipment,,,,241,,,,20,151000 Fixed Assets : Equipment,
Assets,Fixed Assets,Equipment,,,,241,,,,21,151000 Fixed Assets : Equipment,
Assets,Fixed Assets,Equipment,,,,241,,,,22,151000 Fixed Assets : Equipment,
Assets,Fixed Assets,Equipment,,,,241,,,,23,151000 Fixed Assets : Equipment,
Assets,Fixed Assets,Equipment,,,,241,,,,24,151000 Fixed Assets : Equipment,
Assets,Fixed Assets,Equipment,,,,241,,,,25,151000 Fixed Assets : Equipment,
Assets,Fixed Assets,Equipment,,,,241,,,,26,151000 Fixed Assets : Equipment,
Assets,Fixed Assets,Equipment,,,,241,,,,28,151000 Fixed Assets : Equipment,
Assets,Fixed Assets,Equipment,,,,241,,,,29,151000 Fixed Assets : Equipment,
Assets,Fixed Assets,Equipment,,,,241,,,,31,151000 Fixed Assets : Equipment,
Assets,Fixed Assets,Equipment,,,,241,,,,32,151000 Fixed Assets : Equipment,
Assets,Fixed Assets,Equipment,,,,241,,,,33,151000 Fixed Assets : Equipment,
Assets,Fixed Assets,Equipment,,,,241,,,,35,151000 Fixed Assets : Equipment,
Assets,Fixed Assets,Equipment,,,,241,,,,36,151000 Fixed Assets : Equipment,
Assets,Fixed Assets,Equipment,,,,241,,,,37,151000 Fixed Assets : Equipment,
Assets,Fixed Assets,Equipment,,,,241,,,,39,151000 Fixed Assets : Equipment,
Assets,Fixed Assets,Equipment,,,,241,,,,41,151000 Fixed Assets : Equipment,
Assets,Fixed Assets,Equipment,,,,241,,,,42,151000 Fixed Assets : Equipment,
Assets,Fixed Assets,Equipment,,,,241,,,,43,151000 Fixed Assets : Equipment,
Assets,Fixed Assets,Equipment,,,,241,,,,44,151000 Fixed Assets : Equipment,
Assets,Fixed Assets,Equipment,,,,241,,,,45,151000 Fixed Assets : Equipment,
Assets,Fixed Assets,Furniture & Fixtures,,,,242,,,,1,151500 Fixed Assets : Furniture & Fixtures,
Assets,Fixed Assets,Furniture & Fixtures,,,,242,,,,2,151500 Fixed Assets : Furniture & Fixtures,
Assets,Fixed Assets,Furniture & Fixtures,,,,242,,,,3,151500 Fixed Assets : Furniture & Fixtures,
Assets,Fixed Assets,Furniture & Fixtures,,,,242,,,,4,151500 Fixed Assets : Furniture & Fixtures,
Assets,Fixed Assets,Furniture & Fixtures,,,,242,,,,5,151500 Fixed Assets : Furniture & Fixtures,
Assets,Fixed Assets,Furniture & Fixtures,,,,242,,,,6,151500 Fixed Assets : Furniture & Fixtures,
Assets,Fixed Assets,Furniture & Fixtures,,,,242,,,,11,151500 Fixed Assets : Furniture & Fixtures,
Assets,Fixed Assets,Furniture & Fixtures,,,,242,,,,16,151500 Fixed Assets : Furniture & Fixtures,
Assets,Fixed Assets,Furniture & Fixtures,,,,242,,,,19,151500 Fixed Assets : Furniture & Fixtures,
Assets,Fixed Assets,Furniture & Fixtures,,,,242,,,,20,151500 Fixed Assets : Furniture & Fixtures,
Assets,Fixed Assets,Furniture & Fixtures,,,,242,,,,21,151500 Fixed Assets : Furniture & Fixtures,
Assets,Fixed Assets,Furniture & Fixtures,,,,242,,,,22,151500 Fixed Assets : Furniture & Fixtures,
Assets,Fixed Assets,Furniture & Fixtures,,,,242,,,,23,151500 Fixed Assets : Furniture & Fixtures,
Assets,Fixed Assets,Furniture & Fixtures,,,,242,,,,24,151500 Fixed Assets : Furniture & Fixtures,
Assets,Fixed Assets,Furniture & Fixtures,,,,242,,,,25,151500 Fixed Assets : Furniture & Fixtures,
Assets,Fixed Assets,Furniture & Fixtures,,,,242,,,,26,151500 Fixed Assets : Furniture & Fixtures,
Assets,Fixed Assets,Furniture & Fixtures,,,,242,,,,28,151500 Fixed Assets : Furniture & Fixtures,
Assets,Fixed Assets,Furniture & Fixtures,,,,242,,,,29,151500 Fixed Assets : Furniture & Fixtures,
Assets,Fixed Assets,Furniture & Fixtures,,,,242,,,,31,151500 Fixed Assets : Furniture & Fixtures,
Assets,Fixed Assets,Furniture & Fixtures,,,,242,,,,32,151500 Fixed Assets : Furniture & Fixtures,
Assets,Fixed Assets,Furniture & Fixtures,,,,242,,,,33,151500 Fixed Assets : Furniture & Fixtures,
Assets,Fixed Assets,Furniture & Fixtures,,,,242,,,,35,151500 Fixed Assets : Furniture & Fixtures,
Assets,Fixed Assets,Furniture & Fixtures,,,,242,,,,36,151500 Fixed Assets : Furniture & Fixtures,
Assets,Fixed Assets,Furniture & Fixtures,,,,242,,,,37,151500 Fixed Assets : Furniture & Fixtures,
Assets,Fixed Assets,Furniture & Fixtures,,,,242,,,,39,151500 Fixed Assets : Furniture & Fixtures,
Assets,Fixed Assets,Furniture & Fixtures,,,,242,,,,41,151500 Fixed Assets : Furniture & Fixtures,
Assets,Fixed Assets,Furniture & Fixtures,,,,242,,,,42,151500 Fixed Assets : Furniture & Fixtures,
Assets,Fixed Assets,Furniture & Fixtures,,,,242,,,,43,151500 Fixed Assets : Furniture & Fixtures,
Assets,Fixed Assets,Furniture & Fixtures,,,,242,,,,44,151500 Fixed Assets : Furniture & Fixtures,
Assets,Fixed Assets,Furniture & Fixtures,,,,242,,,,45,151500 Fixed Assets : Furniture & Fixtures,
Assets,Fixed Assets,Leasehold Improvements,,,,243,,,,1,152000 Fixed Assets : Leasehold Improvements,
Assets,Fixed Assets,Leasehold Improvements,,,,243,,,,2,152000 Fixed Assets : Leasehold Improvements,
Assets,Fixed Assets,Leasehold Improvements,,,,243,,,,3,152000 Fixed Assets : Leasehold Improvements,
Assets,Fixed Assets,Leasehold Improvements,,,,243,,,,4,152000 Fixed Assets : Leasehold Improvements,
Assets,Fixed Assets,Leasehold Improvements,,,,243,,,,5,152000 Fixed Assets : Leasehold Improvements,
Assets,Fixed Assets,Leasehold Improvements,,,,243,,,,6,152000 Fixed Assets : Leasehold Improvements,
Assets,Fixed Assets,Leasehold Improvements,,,,243,,,,11,152000 Fixed Assets : Leasehold Improvements,
Assets,Fixed Assets,Leasehold Improvements,,,,243,,,,16,152000 Fixed Assets : Leasehold Improvements,
Assets,Fixed Assets,Leasehold Improvements,,,,243,,,,19,152000 Fixed Assets : Leasehold Improvements,
Assets,Fixed Assets,Leasehold Improvements,,,,243,,,,20,152000 Fixed Assets : Leasehold Improvements,
Assets,Fixed Assets,Leasehold Improvements,,,,243,,,,21,152000 Fixed Assets : Leasehold Improvements,
Assets,Fixed Assets,Leasehold Improvements,,,,243,,,,22,152000 Fixed Assets : Leasehold Improvements,
Assets,Fixed Assets,Leasehold Improvements,,,,243,,,,23,152000 Fixed Assets : Leasehold Improvements,
Assets,Fixed Assets,Leasehold Improvements,,,,243,,,,24,152000 Fixed Assets : Leasehold Improvements,
Assets,Fixed Assets,Leasehold Improvements,,,,243,,,,25,152000 Fixed Assets : Leasehold Improvements,
Assets,Fixed Assets,Leasehold Improvements,,,,243,,,,26,152000 Fixed Assets : Leasehold Improvements,
Assets,Fixed Assets,Leasehold Improvements,,,,243,,,,28,152000 Fixed Assets : Leasehold Improvements,
Assets,Fixed Assets,Leasehold Improvements,,,,243,,,,29,152000 Fixed Assets : Leasehold Improvements,
Assets,Fixed Assets,Leasehold Improvements,,,,243,,,,31,152000 Fixed Assets : Leasehold Improvements,
Assets,Fixed Assets,Leasehold Improvements,,,,243,,,,32,152000 Fixed Assets : Leasehold Improvements,
Assets,Fixed Assets,Leasehold Improvements,,,,243,,,,33,152000 Fixed Assets : Leasehold Improvements,
Assets,Fixed Assets,Leasehold Improvements,,,,243,,,,35,152000 Fixed Assets : Leasehold Improvements,
Assets,Fixed Assets,Leasehold Improvements,,,,243,,,,36,152000 Fixed Assets : Leasehold Improvements,
Assets,Fixed Assets,Leasehold Improvements,,,,243,,,,37,152000 Fixed Assets : Leasehold Improvements,
Assets,Fixed Assets,Leasehold Improvements,,,,243,,,,39,152000 Fixed Assets : Leasehold Improvements,
Assets,Fixed Assets,Leasehold Improvements,,,,243,,,,41,152000 Fixed Assets : Leasehold Improvements,
Assets,Fixed Assets,Leasehold Improvements,,,,243,,,,42,152000 Fixed Assets : Leasehold Improvements,
Assets,Fixed Assets,Leasehold Improvements,,,,243,,,,43,152000 Fixed Assets : Leasehold Improvements,
Assets,Fixed Assets,Leasehold Improvements,,,,243,,,,44,152000 Fixed Assets : Leasehold Improvements,
Assets,Fixed Assets,Leasehold Improvements,,,,243,,,,45,152000 Fixed Assets : Leasehold Improvements,
Assets,Fixed Assets,Software,,,,244,,,,1,152500 Fixed Assets : Software,
Assets,Fixed Assets,Software,,,,244,,,,2,152500 Fixed Assets : Software,
Assets,Fixed Assets,Software,,,,244,,,,3,152500 Fixed Assets : Software,
Assets,Fixed Assets,Software,,,,244,,,,4,152500 Fixed Assets : Software,
Assets,Fixed Assets,Software,,,,244,,,,5,152500 Fixed Assets : Software,
Assets,Fixed Assets,Software,,,,244,,,,6,152500 Fixed Assets : Software,
Assets,Fixed Assets,Software,,,,244,,,,11,152500 Fixed Assets : Software,
Assets,Fixed Assets,Software,,,,244,,,,16,152500 Fixed Assets : Software,
Assets,Fixed Assets,Software,,,,244,,,,19,152500 Fixed Assets : Software,
Assets,Fixed Assets,Software,,,,244,,,,20,152500 Fixed Assets : Software,
Assets,Fixed Assets,Software,,,,244,,,,21,152500 Fixed Assets : Software,
Assets,Fixed Assets,Software,,,,244,,,,22,152500 Fixed Assets : Software,
Assets,Fixed Assets,Software,,,,244,,,,23,152500 Fixed Assets : Software,
Assets,Fixed Assets,Software,,,,244,,,,24,152500 Fixed Assets : Software,
Assets,Fixed Assets,Software,,,,244,,,,25,152500 Fixed Assets : Software,
Assets,Fixed Assets,Software,,,,244,,,,26,152500 Fixed Assets : Software,
Assets,Fixed Assets,Software,,,,244,,,,28,152500 Fixed Assets : Software,
Assets,Fixed Assets,Software,,,,244,,,,29,152500 Fixed Assets : Software,
Assets,Fixed Assets,Software,,,,244,,,,31,152500 Fixed Assets : Software,
Assets,Fixed Assets,Software,,,,244,,,,32,152500 Fixed Assets : Software,
Assets,Fixed Assets,Software,,,,244,,,,33,152500 Fixed Assets : Software,
Assets,Fixed Assets,Software,,,,244,,,,35,152500 Fixed Assets : Software,
Assets,Fixed Assets,Software,,,,244,,,,36,152500 Fixed Assets : Software,
Assets,Fixed Assets,Software,,,,244,,,,37,152500 Fixed Assets : Software,
Assets,Fixed Assets,Software,,,,244,,,,39,152500 Fixed Assets : Software,
Assets,Fixed Assets,Software,,,,244,,,,41,152500 Fixed Assets : Software,
Assets,Fixed Assets,Software,,,,244,,,,42,152500 Fixed Assets : Software,
Assets,Fixed Assets,Software,,,,244,,,,43,152500 Fixed Assets : Software,
Assets,Fixed Assets,Software,,,,244,,,,44,152500 Fixed Assets : Software,
Assets,Fixed Assets,Software,,,,244,,,,45,152500 Fixed Assets : Software,
Assets,Fixed Assets,Vehicles,,,,245,,,,1,153000 Fixed Assets : Vehicles,
Assets,Fixed Assets,Vehicles,,,,245,,,,2,153000 Fixed Assets : Vehicles,
Assets,Fixed Assets,Vehicles,,,,245,,,,3,153000 Fixed Assets : Vehicles,
Assets,Fixed Assets,Vehicles,,,,245,,,,4,153000 Fixed Assets : Vehicles,
Assets,Fixed Assets,Vehicles,,,,245,,,,5,153000 Fixed Assets : Vehicles,
Assets,Fixed Assets,Vehicles,,,,245,,,,6,153000 Fixed Assets : Vehicles,
Assets,Fixed Assets,Vehicles,,,,245,,,,11,153000 Fixed Assets : Vehicles,
Assets,Fixed Assets,Vehicles,,,,245,,,,16,153000 Fixed Assets : Vehicles,
Assets,Fixed Assets,Vehicles,,,,245,,,,19,153000 Fixed Assets : Vehicles,
Assets,Fixed Assets,Vehicles,,,,245,,,,20,153000 Fixed Assets : Vehicles,
Assets,Fixed Assets,Vehicles,,,,245,,,,21,153000 Fixed Assets : Vehicles,
Assets,Fixed Assets,Vehicles,,,,245,,,,22,153000 Fixed Assets : Vehicles,
Assets,Fixed Assets,Vehicles,,,,245,,,,23,153000 Fixed Assets : Vehicles,
Assets,Fixed Assets,Vehicles,,,,245,,,,24,153000 Fixed Assets : Vehicles,
Assets,Fixed Assets,Vehicles,,,,245,,,,25,153000 Fixed Assets : Vehicles,
Assets,Fixed Assets,Vehicles,,,,245,,,,26,153000 Fixed Assets : Vehicles,
Assets,Fixed Assets,Vehicles,,,,245,,,,28,153000 Fixed Assets : Vehicles,
Assets,Fixed Assets,Vehicles,,,,245,,,,29,153000 Fixed Assets : Vehicles,
Assets,Fixed Assets,Vehicles,,,,245,,,,31,153000 Fixed Assets : Vehicles,
Assets,Fixed Assets,Vehicles,,,,245,,,,32,153000 Fixed Assets : Vehicles,
Assets,Fixed Assets,Vehicles,,,,245,,,,33,153000 Fixed Assets : Vehicles,
Assets,Fixed Assets,Vehicles,,,,245,,,,35,153000 Fixed Assets : Vehicles,
Assets,Fixed Assets,Vehicles,,,,245,,,,36,153000 Fixed Assets : Vehicles,
Assets,Fixed Assets,Vehicles,,,,245,,,,37,153000 Fixed Assets : Vehicles,
Assets,Fixed Assets,Vehicles,,,,245,,,,39,153000 Fixed Assets : Vehicles,
Assets,Fixed Assets,Vehicles,,,,245,,,,41,153000 Fixed Assets : Vehicles,
Assets,Fixed Assets,Vehicles,,,,245,,,,42,153000 Fixed Assets : Vehicles,
Assets,Fixed Assets,Vehicles,,,,245,,,,43,153000 Fixed Assets : Vehicles,
Assets,Fixed Assets,Vehicles,,,,245,,,,44,153000 Fixed Assets : Vehicles,
Assets,Fixed Assets,Vehicles,,,,245,,,,45,153000 Fixed Assets : Vehicles,
Assets,Fixed Assets,Accumulated Depreciation - Equipment,,,,246,,,,1,153500 Fixed Assets : Accumulated Depreciation - Equipment,
Assets,Fixed Assets,Accumulated Depreciation - Equipment,,,,246,,,,2,153500 Fixed Assets : Accumulated Depreciation - Equipment,
Assets,Fixed Assets,Accumulated Depreciation - Equipment,,,,246,,,,3,153500 Fixed Assets : Accumulated Depreciation - Equipment,
Assets,Fixed Assets,Accumulated Depreciation - Equipment,,,,246,,,,4,153500 Fixed Assets : Accumulated Depreciation - Equipment,
Assets,Fixed Assets,Accumulated Depreciation - Equipment,,,,246,,,,5,153500 Fixed Assets : Accumulated Depreciation - Equipment,
Assets,Fixed Assets,Accumulated Depreciation - Equipment,,,,246,,,,6,153500 Fixed Assets : Accumulated Depreciation - Equipment,
Assets,Fixed Assets,Accumulated Depreciation - Equipment,,,,246,,,,11,153500 Fixed Assets : Accumulated Depreciation - Equipment,
Assets,Fixed Assets,Accumulated Depreciation - Equipment,,,,246,,,,16,153500 Fixed Assets : Accumulated Depreciation - Equipment,
Assets,Fixed Assets,Accumulated Depreciation - Equipment,,,,246,,,,19,153500 Fixed Assets : Accumulated Depreciation - Equipment,
Assets,Fixed Assets,Accumulated Depreciation - Equipment,,,,246,,,,20,153500 Fixed Assets : Accumulated Depreciation - Equipment,
Assets,Fixed Assets,Accumulated Depreciation - Equipment,,,,246,,,,21,153500 Fixed Assets : Accumulated Depreciation - Equipment,
Assets,Fixed Assets,Accumulated Depreciation - Equipment,,,,246,,,,22,153500 Fixed Assets : Accumulated Depreciation - Equipment,
Assets,Fixed Assets,Accumulated Depreciation - Equipment,,,,246,,,,23,153500 Fixed Assets : Accumulated Depreciation - Equipment,
Assets,Fixed Assets,Accumulated Depreciation - Equipment,,,,246,,,,24,153500 Fixed Assets : Accumulated Depreciation - Equipment,
Assets,Fixed Assets,Accumulated Depreciation - Equipment,,,,246,,,,25,153500 Fixed Assets : Accumulated Depreciation - Equipment,
Assets,Fixed Assets,Accumulated Depreciation - Equipment,,,,246,,,,26,153500 Fixed Assets : Accumulated Depreciation - Equipment,
Assets,Fixed Assets,Accumulated Depreciation - Equipment,,,,246,,,,28,153500 Fixed Assets : Accumulated Depreciation - Equipment,
Assets,Fixed Assets,Accumulated Depreciation - Equipment,,,,246,,,,29,153500 Fixed Assets : Accumulated Depreciation - Equipment,
Assets,Fixed Assets,Accumulated Depreciation - Equipment,,,,246,,,,31,153500 Fixed Assets : Accumulated Depreciation - Equipment,
Assets,Fixed Assets,Accumulated Depreciation - Equipment,,,,246,,,,32,153500 Fixed Assets : Accumulated Depreciation - Equipment,
Assets,Fixed Assets,Accumulated Depreciation - Equipment,,,,246,,,,33,153500 Fixed Assets : Accumulated Depreciation - Equipment,
Assets,Fixed Assets,Accumulated Depreciation - Equipment,,,,246,,,,35,153500 Fixed Assets : Accumulated Depreciation - Equipment,
Assets,Fixed Assets,Accumulated Depreciation - Equipment,,,,246,,,,36,153500 Fixed Assets : Accumulated Depreciation - Equipment,
Assets,Fixed Assets,Accumulated Depreciation - Equipment,,,,246,,,,37,153500 Fixed Assets : Accumulated Depreciation - Equipment,
Assets,Fixed Assets,Accumulated Depreciation - Equipment,,,,246,,,,39,153500 Fixed Assets : Accumulated Depreciation - Equipment,
Assets,Fixed Assets,Accumulated Depreciation - Equipment,,,,246,,,,41,153500 Fixed Assets : Accumulated Depreciation - Equipment,
Assets,Fixed Assets,Accumulated Depreciation - Equipment,,,,246,,,,42,153500 Fixed Assets : Accumulated Depreciation - Equipment,
Assets,Fixed Assets,Accumulated Depreciation - Equipment,,,,246,,,,43,153500 Fixed Assets : Accumulated Depreciation - Equipment,
Assets,Fixed Assets,Accumulated Depreciation - Equipment,,,,246,,,,44,153500 Fixed Assets : Accumulated Depreciation - Equipment,
Assets,Fixed Assets,Accumulated Depreciation - Equipment,,,,246,,,,45,153500 Fixed Assets : Accumulated Depreciation - Equipment,
Assets,Fixed Assets,Accumulated Depreciation - Furniture & Fixtures,,,,247,,,,1,154000 Fixed Assets : Accumulated Depreciation - Furniture & Fixtures,
Assets,Fixed Assets,Accumulated Depreciation - Furniture & Fixtures,,,,247,,,,2,154000 Fixed Assets : Accumulated Depreciation - Furniture & Fixtures,
Assets,Fixed Assets,Accumulated Depreciation - Furniture & Fixtures,,,,247,,,,3,154000 Fixed Assets : Accumulated Depreciation - Furniture & Fixtures,
Assets,Fixed Assets,Accumulated Depreciation - Furniture & Fixtures,,,,247,,,,4,154000 Fixed Assets : Accumulated Depreciation - Furniture & Fixtures,
Assets,Fixed Assets,Accumulated Depreciation - Furniture & Fixtures,,,,247,,,,5,154000 Fixed Assets : Accumulated Depreciation - Furniture & Fixtures,
Assets,Fixed Assets,Accumulated Depreciation - Furniture & Fixtures,,,,247,,,,6,154000 Fixed Assets : Accumulated Depreciation - Furniture & Fixtures,
Assets,Fixed Assets,Accumulated Depreciation - Furniture & Fixtures,,,,247,,,,11,154000 Fixed Assets : Accumulated Depreciation - Furniture & Fixtures,
Assets,Fixed Assets,Accumulated Depreciation - Furniture & Fixtures,,,,247,,,,16,154000 Fixed Assets : Accumulated Depreciation - Furniture & Fixtures,
Assets,Fixed Assets,Accumulated Depreciation - Furniture & Fixtures,,,,247,,,,19,154000 Fixed Assets : Accumulated Depreciation - Furniture & Fixtures,
Assets,Fixed Assets,Accumulated Depreciation - Furniture & Fixtures,,,,247,,,,20,154000 Fixed Assets : Accumulated Depreciation - Furniture & Fixtures,
Assets,Fixed Assets,Accumulated Depreciation - Furniture & Fixtures,,,,247,,,,21,154000 Fixed Assets : Accumulated Depreciation - Furniture & Fixtures,
Assets,Fixed Assets,Accumulated Depreciation - Furniture & Fixtures,,,,247,,,,22,154000 Fixed Assets : Accumulated Depreciation - Furniture & Fixtures,
Assets,Fixed Assets,Accumulated Depreciation - Furniture & Fixtures,,,,247,,,,23,154000 Fixed Assets : Accumulated Depreciation - Furniture & Fixtures,
Assets,Fixed Assets,Accumulated Depreciation - Furniture & Fixtures,,,,247,,,,24,154000 Fixed Assets : Accumulated Depreciation - Furniture & Fixtures,
Assets,Fixed Assets,Accumulated Depreciation - Furniture & Fixtures,,,,247,,,,25,154000 Fixed Assets : Accumulated Depreciation - Furniture & Fixtures,
Assets,Fixed Assets,Accumulated Depreciation - Furniture & Fixtures,,,,247,,,,26,154000 Fixed Assets : Accumulated Depreciation - Furniture & Fixtures,
Assets,Fixed Assets,Accumulated Depreciation - Furniture & Fixtures,,,,247,,,,28,154000 Fixed Assets : Accumulated Depreciation - Furniture & Fixtures,
Assets,Fixed Assets,Accumulated Depreciation - Furniture & Fixtures,,,,247,,,,29,154000 Fixed Assets : Accumulated Depreciation - Furniture & Fixtures,
Assets,Fixed Assets,Accumulated Depreciation - Furniture & Fixtures,,,,247,,,,31,154000 Fixed Assets : Accumulated Depreciation - Furniture & Fixtures,
Assets,Fixed Assets,Accumulated Depreciation - Furniture & Fixtures,,,,247,,,,32,154000 Fixed Assets : Accumulated Depreciation - Furniture & Fixtures,
Assets,Fixed Assets,Accumulated Depreciation - Furniture & Fixtures,,,,247,,,,33,154000 Fixed Assets : Accumulated Depreciation - Furniture & Fixtures,
Assets,Fixed Assets,Accumulated Depreciation - Furniture & Fixtures,,,,247,,,,35,154000 Fixed Assets : Accumulated Depreciation - Furniture & Fixtures,
Assets,Fixed Assets,Accumulated Depreciation - Furniture & Fixtures,,,,247,,,,36,154000 Fixed Assets : Accumulated Depreciation - Furniture & Fixtures,
Assets,Fixed Assets,Accumulated Depreciation - Furniture & Fixtures,,,,247,,,,37,154000 Fixed Assets : Accumulated Depreciation - Furniture & Fixtures,
Assets,Fixed Assets,Accumulated Depreciation - Furniture & Fixtures,,,,247,,,,39,154000 Fixed Assets : Accumulated Depreciation - Furniture & Fixtures,
Assets,Fixed Assets,Accumulated Depreciation - Furniture & Fixtures,,,,247,,,,41,154000 Fixed Assets : Accumulated Depreciation - Furniture & Fixtures,
Assets,Fixed Assets,Accumulated Depreciation - Furniture & Fixtures,,,,247,,,,42,154000 Fixed Assets : Accumulated Depreciation - Furniture & Fixtures,
Assets,Fixed Assets,Accumulated Depreciation - Furniture & Fixtures,,,,247,,,,43,154000 Fixed Assets : Accumulated Depreciation - Furniture & Fixtures,
Assets,Fixed Assets,Accumulated Depreciation - Furniture & Fixtures,,,,247,,,,44,154000 Fixed Assets : Accumulated Depreciation - Furniture & Fixtures,
Assets,Fixed Assets,Accumulated Depreciation - Furniture & Fixtures,,,,247,,,,45,154000 Fixed Assets : Accumulated Depreciation - Furniture & Fixtures,
Assets,Fixed Assets,Accumulated Depreciation - Leasehold Improvements,,,,248,,,,1,154500 Fixed Assets : Accumulated Depreciation - Leasehold Improvements,
Assets,Fixed Assets,Accumulated Depreciation - Leasehold Improvements,,,,248,,,,2,154500 Fixed Assets : Accumulated Depreciation - Leasehold Improvements,
Assets,Fixed Assets,Accumulated Depreciation - Leasehold Improvements,,,,248,,,,3,154500 Fixed Assets : Accumulated Depreciation - Leasehold Improvements,
Assets,Fixed Assets,Accumulated Depreciation - Leasehold Improvements,,,,248,,,,4,154500 Fixed Assets : Accumulated Depreciation - Leasehold Improvements,
Assets,Fixed Assets,Accumulated Depreciation - Leasehold Improvements,,,,248,,,,5,154500 Fixed Assets : Accumulated Depreciation - Leasehold Improvements,
Assets,Fixed Assets,Accumulated Depreciation - Leasehold Improvements,,,,248,,,,6,154500 Fixed Assets : Accumulated Depreciation - Leasehold Improvements,
Assets,Fixed Assets,Accumulated Depreciation - Leasehold Improvements,,,,248,,,,11,154500 Fixed Assets : Accumulated Depreciation - Leasehold Improvements,
Assets,Fixed Assets,Accumulated Depreciation - Leasehold Improvements,,,,248,,,,16,154500 Fixed Assets : Accumulated Depreciation - Leasehold Improvements,
Assets,Fixed Assets,Accumulated Depreciation - Leasehold Improvements,,,,248,,,,19,154500 Fixed Assets : Accumulated Depreciation - Leasehold Improvements,
Assets,Fixed Assets,Accumulated Depreciation - Leasehold Improvements,,,,248,,,,20,154500 Fixed Assets : Accumulated Depreciation - Leasehold Improvements,
Assets,Fixed Assets,Accumulated Depreciation - Leasehold Improvements,,,,248,,,,21,154500 Fixed Assets : Accumulated Depreciation - Leasehold Improvements,
Assets,Fixed Assets,Accumulated Depreciation - Leasehold Improvements,,,,248,,,,22,154500 Fixed Assets : Accumulated Depreciation - Leasehold Improvements,
Assets,Fixed Assets,Accumulated Depreciation - Leasehold Improvements,,,,248,,,,23,154500 Fixed Assets : Accumulated Depreciation - Leasehold Improvements,
Assets,Fixed Assets,Accumulated Depreciation - Leasehold Improvements,,,,248,,,,24,154500 Fixed Assets : Accumulated Depreciation - Leasehold Improvements,
Assets,Fixed Assets,Accumulated Depreciation - Leasehold Improvements,,,,248,,,,25,154500 Fixed Assets : Accumulated Depreciation - Leasehold Improvements,
Assets,Fixed Assets,Accumulated Depreciation - Leasehold Improvements,,,,248,,,,26,154500 Fixed Assets : Accumulated Depreciation - Leasehold Improvements,
Assets,Fixed Assets,Accumulated Depreciation - Leasehold Improvements,,,,248,,,,28,154500 Fixed Assets : Accumulated Depreciation - Leasehold Improvements,
Assets,Fixed Assets,Accumulated Depreciation - Leasehold Improvements,,,,248,,,,29,154500 Fixed Assets : Accumulated Depreciation - Leasehold Improvements,
Assets,Fixed Assets,Accumulated Depreciation - Leasehold Improvements,,,,248,,,,31,154500 Fixed Assets : Accumulated Depreciation - Leasehold Improvements,
Assets,Fixed Assets,Accumulated Depreciation - Leasehold Improvements,,,,248,,,,32,154500 Fixed Assets : Accumulated Depreciation - Leasehold Improvements,
Assets,Fixed Assets,Accumulated Depreciation - Leasehold Improvements,,,,248,,,,33,154500 Fixed Assets : Accumulated Depreciation - Leasehold Improvements,
Assets,Fixed Assets,Accumulated Depreciation - Leasehold Improvements,,,,248,,,,35,154500 Fixed Assets : Accumulated Depreciation - Leasehold Improvements,
Assets,Fixed Assets,Accumulated Depreciation - Leasehold Improvements,,,,248,,,,36,154500 Fixed Assets : Accumulated Depreciation - Leasehold Improvements,
Assets,Fixed Assets,Accumulated Depreciation - Leasehold Improvements,,,,248,,,,37,154500 Fixed Assets : Accumulated Depreciation - Leasehold Improvements,
Assets,Fixed Assets,Accumulated Depreciation - Leasehold Improvements,,,,248,,,,39,154500 Fixed Assets : Accumulated Depreciation - Leasehold Improvements,
Assets,Fixed Assets,Accumulated Depreciation - Leasehold Improvements,,,,248,,,,41,154500 Fixed Assets : Accumulated Depreciation - Leasehold Improvements,
Assets,Fixed Assets,Accumulated Depreciation - Leasehold Improvements,,,,248,,,,42,154500 Fixed Assets : Accumulated Depreciation - Leasehold Improvements,
Assets,Fixed Assets,Accumulated Depreciation - Leasehold Improvements,,,,248,,,,43,154500 Fixed Assets : Accumulated Depreciation - Leasehold Improvements,
Assets,Fixed Assets,Accumulated Depreciation - Leasehold Improvements,,,,248,,,,44,154500 Fixed Assets : Accumulated Depreciation - Leasehold Improvements,
Assets,Fixed Assets,Accumulated Depreciation - Leasehold Improvements,,,,248,,,,45,154500 Fixed Assets : Accumulated Depreciation - Leasehold Improvements,
Assets,Fixed Assets,Accumulated Depreciation - Software,,,,249,,,,1,155000 Fixed Assets : Accumulated Depreciation - Software,
Assets,Fixed Assets,Accumulated Depreciation - Software,,,,249,,,,2,155000 Fixed Assets : Accumulated Depreciation - Software,
Assets,Fixed Assets,Accumulated Depreciation - Software,,,,249,,,,3,155000 Fixed Assets : Accumulated Depreciation - Software,
Assets,Fixed Assets,Accumulated Depreciation - Software,,,,249,,,,4,155000 Fixed Assets : Accumulated Depreciation - Software,
Assets,Fixed Assets,Accumulated Depreciation - Software,,,,249,,,,5,155000 Fixed Assets : Accumulated Depreciation - Software,
Assets,Fixed Assets,Accumulated Depreciation - Software,,,,249,,,,6,155000 Fixed Assets : Accumulated Depreciation - Software,
Assets,Fixed Assets,Accumulated Depreciation - Software,,,,249,,,,11,155000 Fixed Assets : Accumulated Depreciation - Software,
Assets,Fixed Assets,Accumulated Depreciation - Software,,,,249,,,,16,155000 Fixed Assets : Accumulated Depreciation - Software,
Assets,Fixed Assets,Accumulated Depreciation - Software,,,,249,,,,19,155000 Fixed Assets : Accumulated Depreciation - Software,
Assets,Fixed Assets,Accumulated Depreciation - Software,,,,249,,,,20,155000 Fixed Assets : Accumulated Depreciation - Software,
Assets,Fixed Assets,Accumulated Depreciation - Software,,,,249,,,,21,155000 Fixed Assets : Accumulated Depreciation - Software,
Assets,Fixed Assets,Accumulated Depreciation - Software,,,,249,,,,22,155000 Fixed Assets : Accumulated Depreciation - Software,
Assets,Fixed Assets,Accumulated Depreciation - Software,,,,249,,,,23,155000 Fixed Assets : Accumulated Depreciation - Software,
Assets,Fixed Assets,Accumulated Depreciation - Software,,,,249,,,,24,155000 Fixed Assets : Accumulated Depreciation - Software,
Assets,Fixed Assets,Accumulated Depreciation - Software,,,,249,,,,25,155000 Fixed Assets : Accumulated Depreciation - Software,
Assets,Fixed Assets,Accumulated Depreciation - Software,,,,249,,,,26,155000 Fixed Assets : Accumulated Depreciation - Software,
Assets,Fixed Assets,Accumulated Depreciation - Software,,,,249,,,,28,155000 Fixed Assets : Accumulated Depreciation - Software,
Assets,Fixed Assets,Accumulated Depreciation - Software,,,,249,,,,29,155000 Fixed Assets : Accumulated Depreciation - Software,
Assets,Fixed Assets,Accumulated Depreciation - Software,,,,249,,,,31,155000 Fixed Assets : Accumulated Depreciation - Software,
Assets,Fixed Assets,Accumulated Depreciation - Software,,,,249,,,,32,155000 Fixed Assets : Accumulated Depreciation - Software,
Assets,Fixed Assets,Accumulated Depreciation - Software,,,,249,,,,33,155000 Fixed Assets : Accumulated Depreciation - Software,
Assets,Fixed Assets,Accumulated Depreciation - Software,,,,249,,,,35,155000 Fixed Assets : Accumulated Depreciation - Software,
Assets,Fixed Assets,Accumulated Depreciation - Software,,,,249,,,,36,155000 Fixed Assets : Accumulated Depreciation - Software,
Assets,Fixed Assets,Accumulated Depreciation - Software,,,,249,,,,37,155000 Fixed Assets : Accumulated Depreciation - Software,
Assets,Fixed Assets,Accumulated Depreciation - Software,,,,249,,,,39,155000 Fixed Assets : Accumulated Depreciation - Software,
Assets,Fixed Assets,Accumulated Depreciation - Software,,,,249,,,,41,155000 Fixed Assets : Accumulated Depreciation - Software,
Assets,Fixed Assets,Accumulated Depreciation - Software,,,,249,,,,42,155000 Fixed Assets : Accumulated Depreciation - Software,
Assets,Fixed Assets,Accumulated Depreciation - Software,,,,249,,,,43,155000 Fixed Assets : Accumulated Depreciation - Software,
Assets,Fixed Assets,Accumulated Depreciation - Software,,,,249,,,,44,155000 Fixed Assets : Accumulated Depreciation - Software,
Assets,Fixed Assets,Accumulated Depreciation - Software,,,,249,,,,45,155000 Fixed Assets : Accumulated Depreciation - Software,
Assets,Fixed Assets,Accumulated Depreciation - Vehicles,,,,250,,,,1,155500 Fixed Assets : Accumulated Depreciation - Vehicles,
Assets,Fixed Assets,Accumulated Depreciation - Vehicles,,,,250,,,,2,155500 Fixed Assets : Accumulated Depreciation - Vehicles,
Assets,Fixed Assets,Accumulated Depreciation - Vehicles,,,,250,,,,3,155500 Fixed Assets : Accumulated Depreciation - Vehicles,
Assets,Fixed Assets,Accumulated Depreciation - Vehicles,,,,250,,,,4,155500 Fixed Assets : Accumulated Depreciation - Vehicles,
Assets,Fixed Assets,Accumulated Depreciation - Vehicles,,,,250,,,,5,155500 Fixed Assets : Accumulated Depreciation - Vehicles,
Assets,Fixed Assets,Accumulated Depreciation - Vehicles,,,,250,,,,6,155500 Fixed Assets : Accumulated Depreciation - Vehicles,
Assets,Fixed Assets,Accumulated Depreciation - Vehicles,,,,250,,,,11,155500 Fixed Assets : Accumulated Depreciation - Vehicles,
Assets,Fixed Assets,Accumulated Depreciation - Vehicles,,,,250,,,,16,155500 Fixed Assets : Accumulated Depreciation - Vehicles,
Assets,Fixed Assets,Accumulated Depreciation - Vehicles,,,,250,,,,19,155500 Fixed Assets : Accumulated Depreciation - Vehicles,
Assets,Fixed Assets,Accumulated Depreciation - Vehicles,,,,250,,,,20,155500 Fixed Assets : Accumulated Depreciation - Vehicles,
Assets,Fixed Assets,Accumulated Depreciation - Vehicles,,,,250,,,,21,155500 Fixed Assets : Accumulated Depreciation - Vehicles,
Assets,Fixed Assets,Accumulated Depreciation - Vehicles,,,,250,,,,22,155500 Fixed Assets : Accumulated Depreciation - Vehicles,
Assets,Fixed Assets,Accumulated Depreciation - Vehicles,,,,250,,,,23,155500 Fixed Assets : Accumulated Depreciation - Vehicles,
Assets,Fixed Assets,Accumulated Depreciation - Vehicles,,,,250,,,,24,155500 Fixed Assets : Accumulated Depreciation - Vehicles,
Assets,Fixed Assets,Accumulated Depreciation - Vehicles,,,,250,,,,25,155500 Fixed Assets : Accumulated Depreciation - Vehicles,
Assets,Fixed Assets,Accumulated Depreciation - Vehicles,,,,250,,,,26,155500 Fixed Assets : Accumulated Depreciation - Vehicles,
Assets,Fixed Assets,Accumulated Depreciation - Vehicles,,,,250,,,,28,155500 Fixed Assets : Accumulated Depreciation - Vehicles,
Assets,Fixed Assets,Accumulated Depreciation - Vehicles,,,,250,,,,29,155500 Fixed Assets : Accumulated Depreciation - Vehicles,
Assets,Fixed Assets,Accumulated Depreciation - Vehicles,,,,250,,,,31,155500 Fixed Assets : Accumulated Depreciation - Vehicles,
Assets,Fixed Assets,Accumulated Depreciation - Vehicles,,,,250,,,,32,155500 Fixed Assets : Accumulated Depreciation - Vehicles,
Assets,Fixed Assets,Accumulated Depreciation - Vehicles,,,,250,,,,33,155500 Fixed Assets : Accumulated Depreciation - Vehicles,
Assets,Fixed Assets,Accumulated Depreciation - Vehicles,,,,250,,,,35,155500 Fixed Assets : Accumulated Depreciation - Vehicles,
Assets,Fixed Assets,Accumulated Depreciation - Vehicles,,,,250,,,,36,155500 Fixed Assets : Accumulated Depreciation - Vehicles,
Assets,Fixed Assets,Accumulated Depreciation - Vehicles,,,,250,,,,37,155500 Fixed Assets : Accumulated Depreciation - Vehicles,
Assets,Fixed Assets,Accumulated Depreciation - Vehicles,,,,250,,,,39,155500 Fixed Assets : Accumulated Depreciation - Vehicles,
Assets,Fixed Assets,Accumulated Depreciation - Vehicles,,,,250,,,,41,155500 Fixed Assets : Accumulated Depreciation - Vehicles,
Assets,Fixed Assets,Accumulated Depreciation - Vehicles,,,,250,,,,42,155500 Fixed Assets : Accumulated Depreciation - Vehicles,
Assets,Fixed Assets,Accumulated Depreciation - Vehicles,,,,250,,,,43,155500 Fixed Assets : Accumulated Depreciation - Vehicles,
Assets,Fixed Assets,Accumulated Depreciation - Vehicles,,,,250,,,,44,155500 Fixed Assets : Accumulated Depreciation - Vehicles,
Assets,Fixed Assets,Accumulated Depreciation - Vehicles,,,,250,,,,45,155500 Fixed Assets : Accumulated Depreciation - Vehicles,
Equity,Equity,,,,,252,,,,1,300000 Equity,
Equity,Equity,,,,,252,,,,2,300000 Equity,
Equity,Equity,,,,,252,,,,3,300000 Equity,
Equity,Equity,,,,,252,,,,4,300000 Equity,
Equity,Equity,,,,,252,,,,5,300000 Equity,
Equity,Equity,,,,,252,,,,6,300000 Equity,
Equity,Equity,,,,,252,,,,11,300000 Equity,
Equity,Equity,,,,,252,,,,16,300000 Equity,
Equity,Equity,,,,,252,,,,19,300000 Equity,
Equity,Equity,,,,,252,,,,20,300000 Equity,
Equity,Equity,,,,,252,,,,21,300000 Equity,
Equity,Equity,,,,,252,,,,22,300000 Equity,
Equity,Equity,,,,,252,,,,23,300000 Equity,
Equity,Equity,,,,,252,,,,24,300000 Equity,
Equity,Equity,,,,,252,,,,25,300000 Equity,
Equity,Equity,,,,,252,,,,26,300000 Equity,
Equity,Equity,,,,,252,,,,28,300000 Equity,
Equity,Equity,,,,,252,,,,29,300000 Equity,
Equity,Equity,,,,,252,,,,31,300000 Equity,
Equity,Equity,,,,,252,,,,32,300000 Equity,
Equity,Equity,,,,,252,,,,33,300000 Equity,
Equity,Equity,,,,,252,,,,35,300000 Equity,
Equity,Equity,,,,,252,,,,36,300000 Equity,
Equity,Equity,,,,,252,,,,37,300000 Equity,
Equity,Equity,,,,,252,,,,39,300000 Equity,
Equity,Equity,,,,,252,,,,41,300000 Equity,
Equity,Equity,,,,,252,,,,42,300000 Equity,
Equity,Equity,,,,,252,,,,43,300000 Equity,
Equity,Equity,,,,,252,,,,44,300000 Equity,
Equity,Equity,,,,,252,,,,45,300000 Equity,
Equity,Equity,Capital Contributions,,,,254,,,,1,320000 Equity : Capital Contributions,
Equity,Equity,Capital Contributions,,,,254,,,,2,320000 Equity : Capital Contributions,
Equity,Equity,Capital Contributions,,,,254,,,,3,320000 Equity : Capital Contributions,
Equity,Equity,Capital Contributions,,,,254,,,,4,320000 Equity : Capital Contributions,
Equity,Equity,Capital Contributions,,,,254,,,,5,320000 Equity : Capital Contributions,
Equity,Equity,Capital Contributions,,,,254,,,,6,320000 Equity : Capital Contributions,
Equity,Equity,Capital Contributions,,,,254,,,,11,320000 Equity : Capital Contributions,
Equity,Equity,Capital Contributions,,,,254,,,,16,320000 Equity : Capital Contributions,
Equity,Equity,Capital Contributions,,,,254,,,,19,320000 Equity : Capital Contributions,
Equity,Equity,Capital Contributions,,,,254,,,,20,320000 Equity : Capital Contributions,
Equity,Equity,Capital Contributions,,,,254,,,,21,320000 Equity : Capital Contributions,
Equity,Equity,Capital Contributions,,,,254,,,,22,320000 Equity : Capital Contributions,
Equity,Equity,Capital Contributions,,,,254,,,,23,320000 Equity : Capital Contributions,
Equity,Equity,Capital Contributions,,,,254,,,,24,320000 Equity : Capital Contributions,
Equity,Equity,Capital Contributions,,,,254,,,,25,320000 Equity : Capital Contributions,
Equity,Equity,Capital Contributions,,,,254,,,,26,320000 Equity : Capital Contributions,
Equity,Equity,Capital Contributions,,,,254,,,,28,320000 Equity : Capital Contributions,
Equity,Equity,Capital Contributions,,,,254,,,,29,320000 Equity : Capital Contributions,
Equity,Equity,Capital Contributions,,,,254,,,,31,320000 Equity : Capital Contributions,
Equity,Equity,Capital Contributions,,,,254,,,,32,320000 Equity : Capital Contributions,
Equity,Equity,Capital Contributions,,,,254,,,,33,320000 Equity : Capital Contributions,
Equity,Equity,Capital Contributions,,,,254,,,,35,320000 Equity : Capital Contributions,
Equity,Equity,Capital Contributions,,,,254,,,,36,320000 Equity : Capital Contributions,
Equity,Equity,Capital Contributions,,,,254,,,,37,320000 Equity : Capital Contributions,
Equity,Equity,Capital Contributions,,,,254,,,,39,320000 Equity : Capital Contributions,
Equity,Equity,Capital Contributions,,,,254,,,,41,320000 Equity : Capital Contributions,
Equity,Equity,Capital Contributions,,,,254,,,,42,320000 Equity : Capital Contributions,
Equity,Equity,Capital Contributions,,,,254,,,,43,320000 Equity : Capital Contributions,
Equity,Equity,Capital Contributions,,,,254,,,,44,320000 Equity : Capital Contributions,
Equity,Equity,Capital Contributions,,,,254,,,,45,320000 Equity : Capital Contributions,
Equity,Equity,Rollover Equity,,,,255,,,,1,330000 Equity : Rollover Equity,
Equity,Equity,Rollover Equity,,,,255,,,,2,330000 Equity : Rollover Equity,
Equity,Equity,Rollover Equity,,,,255,,,,3,330000 Equity : Rollover Equity,
Equity,Equity,Rollover Equity,,,,255,,,,4,330000 Equity : Rollover Equity,
Equity,Equity,Rollover Equity,,,,255,,,,5,330000 Equity : Rollover Equity,
Equity,Equity,Rollover Equity,,,,255,,,,6,330000 Equity : Rollover Equity,
Equity,Equity,Rollover Equity,,,,255,,,,11,330000 Equity : Rollover Equity,
Equity,Equity,Rollover Equity,,,,255,,,,16,330000 Equity : Rollover Equity,
Equity,Equity,Rollover Equity,,,,255,,,,19,330000 Equity : Rollover Equity,
Equity,Equity,Rollover Equity,,,,255,,,,20,330000 Equity : Rollover Equity,
Equity,Equity,Rollover Equity,,,,255,,,,21,330000 Equity : Rollover Equity,
Equity,Equity,Rollover Equity,,,,255,,,,22,330000 Equity : Rollover Equity,
Equity,Equity,Rollover Equity,,,,255,,,,23,330000 Equity : Rollover Equity,
Equity,Equity,Rollover Equity,,,,255,,,,24,330000 Equity : Rollover Equity,
Equity,Equity,Rollover Equity,,,,255,,,,25,330000 Equity : Rollover Equity,
Equity,Equity,Rollover Equity,,,,255,,,,26,330000 Equity : Rollover Equity,
Equity,Equity,Rollover Equity,,,,255,,,,28,330000 Equity : Rollover Equity,
Equity,Equity,Rollover Equity,,,,255,,,,29,330000 Equity : Rollover Equity,
Equity,Equity,Rollover Equity,,,,255,,,,31,330000 Equity : Rollover Equity,
Equity,Equity,Rollover Equity,,,,255,,,,32,330000 Equity : Rollover Equity,
Equity,Equity,Rollover Equity,,,,255,,,,33,330000 Equity : Rollover Equity,
Equity,Equity,Rollover Equity,,,,255,,,,35,330000 Equity : Rollover Equity,
Equity,Equity,Rollover Equity,,,,255,,,,36,330000 Equity : Rollover Equity,
Equity,Equity,Rollover Equity,,,,255,,,,37,330000 Equity : Rollover Equity,
Equity,Equity,Rollover Equity,,,,255,,,,39,330000 Equity : Rollover Equity,
Equity,Equity,Rollover Equity,,,,255,,,,41,330000 Equity : Rollover Equity,
Equity,Equity,Rollover Equity,,,,255,,,,42,330000 Equity : Rollover Equity,
Equity,Equity,Rollover Equity,,,,255,,,,43,330000 Equity : Rollover Equity,
Equity,Equity,Rollover Equity,,,,255,,,,44,330000 Equity : Rollover Equity,
Equity,Equity,Rollover Equity,,,,255,,,,45,330000 Equity : Rollover Equity,
Equity,Equity,Minority Interest,,,,259,,,,1,340000 Equity : Minority Interest,
Equity,Equity,Minority Interest,,,,259,,,,2,340000 Equity : Minority Interest,
Equity,Equity,Minority Interest,,,,259,,,,3,340000 Equity : Minority Interest,
Equity,Equity,Minority Interest,,,,259,,,,4,340000 Equity : Minority Interest,
Equity,Equity,Minority Interest,,,,259,,,,5,340000 Equity : Minority Interest,
Equity,Equity,Minority Interest,,,,259,,,,6,340000 Equity : Minority Interest,
Equity,Equity,Minority Interest,,,,259,,,,11,340000 Equity : Minority Interest,
Equity,Equity,Minority Interest,,,,259,,,,16,340000 Equity : Minority Interest,
Equity,Equity,Minority Interest,,,,259,,,,19,340000 Equity : Minority Interest,
Equity,Equity,Minority Interest,,,,259,,,,20,340000 Equity : Minority Interest,
Equity,Equity,Minority Interest,,,,259,,,,21,340000 Equity : Minority Interest,
Equity,Equity,Minority Interest,,,,259,,,,22,340000 Equity : Minority Interest,
Equity,Equity,Minority Interest,,,,259,,,,23,340000 Equity : Minority Interest,
Equity,Equity,Minority Interest,,,,259,,,,24,340000 Equity : Minority Interest,
Equity,Equity,Minority Interest,,,,259,,,,25,340000 Equity : Minority Interest,
Equity,Equity,Minority Interest,,,,259,,,,26,340000 Equity : Minority Interest,
Equity,Equity,Minority Interest,,,,259,,,,28,340000 Equity : Minority Interest,
Equity,Equity,Minority Interest,,,,259,,,,29,340000 Equity : Minority Interest,
Equity,Equity,Minority Interest,,,,259,,,,31,340000 Equity : Minority Interest,
Equity,Equity,Minority Interest,,,,259,,,,32,340000 Equity : Minority Interest,
Equity,Equity,Minority Interest,,,,259,,,,33,340000 Equity : Minority Interest,
Equity,Equity,Minority Interest,,,,259,,,,35,340000 Equity : Minority Interest,
Equity,Equity,Minority Interest,,,,259,,,,36,340000 Equity : Minority Interest,
Equity,Equity,Minority Interest,,,,259,,,,37,340000 Equity : Minority Interest,
Equity,Equity,Minority Interest,,,,259,,,,39,340000 Equity : Minority Interest,
Equity,Equity,Minority Interest,,,,259,,,,41,340000 Equity : Minority Interest,
Equity,Equity,Minority Interest,,,,259,,,,42,340000 Equity : Minority Interest,
Equity,Equity,Minority Interest,,,,259,,,,43,340000 Equity : Minority Interest,
Equity,Equity,Minority Interest,,,,259,,,,44,340000 Equity : Minority Interest,
Equity,Equity,Minority Interest,,,,259,,,,45,340000 Equity : Minority Interest,
,,,,,,318,,,,1,110500 Accounts Receivable : Allowance for Doubtful Accounts,
,,,,,,318,,,,2,110500 Accounts Receivable : Allowance for Doubtful Accounts,
,,,,,,318,,,,3,110500 Accounts Receivable : Allowance for Doubtful Accounts,
,,,,,,318,,,,4,110500 Accounts Receivable : Allowance for Doubtful Accounts,
,,,,,,318,,,,5,110500 Accounts Receivable : Allowance for Doubtful Accounts,
,,,,,,318,,,,6,110500 Accounts Receivable : Allowance for Doubtful Accounts,
,,,,,,318,,,,11,110500 Accounts Receivable : Allowance for Doubtful Accounts,
,,,,,,318,,,,16,110500 Accounts Receivable : Allowance for Doubtful Accounts,
,,,,,,318,,,,19,110500 Accounts Receivable : Allowance for Doubtful Accounts,
,,,,,,318,,,,20,110500 Accounts Receivable : Allowance for Doubtful Accounts,
,,,,,,318,,,,21,110500 Accounts Receivable : Allowance for Doubtful Accounts,
,,,,,,318,,,,22,110500 Accounts Receivable : Allowance for Doubtful Accounts,
,,,,,,318,,,,23,110500 Accounts Receivable : Allowance for Doubtful Accounts,
,,,,,,318,,,,24,110500 Accounts Receivable : Allowance for Doubtful Accounts,
,,,,,,318,,,,25,110500 Accounts Receivable : Allowance for Doubtful Accounts,
,,,,,,318,,,,26,110500 Accounts Receivable : Allowance for Doubtful Accounts,
,,,,,,318,,,,28,110500 Accounts Receivable : Allowance for Doubtful Accounts,
,,,,,,318,,,,29,110500 Accounts Receivable : Allowance for Doubtful Accounts,
,,,,,,318,,,,31,110500 Accounts Receivable : Allowance for Doubtful Accounts,
,,,,,,318,,,,32,110500 Accounts Receivable : Allowance for Doubtful Accounts,
,,,,,,318,,,,33,110500 Accounts Receivable : Allowance for Doubtful Accounts,
,,,,,,318,,,,35,110500 Accounts Receivable : Allowance for Doubtful Accounts,
,,,,,,318,,,,36,110500 Accounts Receivable : Allowance for Doubtful Accounts,
,,,,,,318,,,,37,110500 Accounts Receivable : Allowance for Doubtful Accounts,
,,,,,,318,,,,39,110500 Accounts Receivable : Allowance for Doubtful Accounts,
,,,,,,318,,,,41,110500 Accounts Receivable : Allowance for Doubtful Accounts,
,,,,,,318,,,,42,110500 Accounts Receivable : Allowance for Doubtful Accounts,
,,,,,,318,,,,43,110500 Accounts Receivable : Allowance for Doubtful Accounts,
,,,,,,318,,,,44,110500 Accounts Receivable : Allowance for Doubtful Accounts,
,,,,,,318,,,,45,110500 Accounts Receivable : Allowance for Doubtful Accounts,
Assets,Current Assets,Other Current Assets,Inventory,,,418,,,,1,120000 Inventory,
Assets,Current Assets,Other Current Assets,Inventory,,,418,,,,2,120000 Inventory,
Assets,Current Assets,Other Current Assets,Inventory,,,418,,,,3,120000 Inventory,
Assets,Current Assets,Other Current Assets,Inventory,,,418,,,,4,120000 Inventory,
Assets,Current Assets,Other Current Assets,Inventory,,,418,,,,5,120000 Inventory,
Assets,Current Assets,Other Current Assets,Inventory,,,418,,,,6,120000 Inventory,
Assets,Current Assets,Other Current Assets,Inventory,,,418,,,,11,120000 Inventory,
Assets,Current Assets,Other Current Assets,Inventory,,,418,,,,16,120000 Inventory,
Assets,Current Assets,Other Current Assets,Inventory,,,418,,,,19,120000 Inventory,
Assets,Current Assets,Other Current Assets,Inventory,,,418,,,,20,120000 Inventory,
Assets,Current Assets,Other Current Assets,Inventory,,,418,,,,21,120000 Inventory,
Assets,Current Assets,Other Current Assets,Inventory,,,418,,,,22,120000 Inventory,
Assets,Current Assets,Other Current Assets,Inventory,,,418,,,,23,120000 Inventory,
Assets,Current Assets,Other Current Assets,Inventory,,,418,,,,24,120000 Inventory,
Assets,Current Assets,Other Current Assets,Inventory,,,418,,,,25,120000 Inventory,
Assets,Current Assets,Other Current Assets,Inventory,,,418,,,,26,120000 Inventory,
Assets,Current Assets,Other Current Assets,Inventory,,,418,,,,28,120000 Inventory,
Assets,Current Assets,Other Current Assets,Inventory,,,418,,,,29,120000 Inventory,
Assets,Current Assets,Other Current Assets,Inventory,,,418,,,,31,120000 Inventory,
Assets,Current Assets,Other Current Assets,Inventory,,,418,,,,32,120000 Inventory,
Assets,Current Assets,Other Current Assets,Inventory,,,418,,,,33,120000 Inventory,
Assets,Current Assets,Other Current Assets,Inventory,,,418,,,,35,120000 Inventory,
Assets,Current Assets,Other Current Assets,Inventory,,,418,,,,36,120000 Inventory,
Assets,Current Assets,Other Current Assets,Inventory,,,418,,,,37,120000 Inventory,
Assets,Current Assets,Other Current Assets,Inventory,,,418,,,,39,120000 Inventory,
Assets,Current Assets,Other Current Assets,Inventory,,,418,,,,41,120000 Inventory,
Assets,Current Assets,Other Current Assets,Inventory,,,418,,,,42,120000 Inventory,
Assets,Current Assets,Other Current Assets,Inventory,,,418,,,,43,120000 Inventory,
Assets,Current Assets,Other Current Assets,Inventory,,,418,,,,44,120000 Inventory,
Assets,Current Assets,Other Current Assets,Inventory,,,418,,,,45,120000 Inventory,
Assets,Current Assets,Other Current Assets,Prepaid Expenses,,,419,,,,1,130000 Prepaid Expenses,
Assets,Current Assets,Other Current Assets,Prepaid Expenses,,,419,,,,2,130000 Prepaid Expenses,
Assets,Current Assets,Other Current Assets,Prepaid Expenses,,,419,,,,3,130000 Prepaid Expenses,
Assets,Current Assets,Other Current Assets,Prepaid Expenses,,,419,,,,4,130000 Prepaid Expenses,
Assets,Current Assets,Other Current Assets,Prepaid Expenses,,,419,,,,5,130000 Prepaid Expenses,
Assets,Current Assets,Other Current Assets,Prepaid Expenses,,,419,,,,6,130000 Prepaid Expenses,
Assets,Current Assets,Other Current Assets,Prepaid Expenses,,,419,,,,11,130000 Prepaid Expenses,
Assets,Current Assets,Other Current Assets,Prepaid Expenses,,,419,,,,16,130000 Prepaid Expenses,
Assets,Current Assets,Other Current Assets,Prepaid Expenses,,,419,,,,19,130000 Prepaid Expenses,
Assets,Current Assets,Other Current Assets,Prepaid Expenses,,,419,,,,20,130000 Prepaid Expenses,
Assets,Current Assets,Other Current Assets,Prepaid Expenses,,,419,,,,21,130000 Prepaid Expenses,
Assets,Current Assets,Other Current Assets,Prepaid Expenses,,,419,,,,22,130000 Prepaid Expenses,
Assets,Current Assets,Other Current Assets,Prepaid Expenses,,,419,,,,23,130000 Prepaid Expenses,
Assets,Current Assets,Other Current Assets,Prepaid Expenses,,,419,,,,24,130000 Prepaid Expenses,
Assets,Current Assets,Other Current Assets,Prepaid Expenses,,,419,,,,25,130000 Prepaid Expenses,
Assets,Current Assets,Other Current Assets,Prepaid Expenses,,,419,,,,26,130000 Prepaid Expenses,
Assets,Current Assets,Other Current Assets,Prepaid Expenses,,,419,,,,28,130000 Prepaid Expenses,
Assets,Current Assets,Other Current Assets,Prepaid Expenses,,,419,,,,29,130000 Prepaid Expenses,
Assets,Current Assets,Other Current Assets,Prepaid Expenses,,,419,,,,31,130000 Prepaid Expenses,
Assets,Current Assets,Other Current Assets,Prepaid Expenses,,,419,,,,32,130000 Prepaid Expenses,
Assets,Current Assets,Other Current Assets,Prepaid Expenses,,,419,,,,33,130000 Prepaid Expenses,
Assets,Current Assets,Other Current Assets,Prepaid Expenses,,,419,,,,35,130000 Prepaid Expenses,
Assets,Current Assets,Other Current Assets,Prepaid Expenses,,,419,,,,36,130000 Prepaid Expenses,
Assets,Current Assets,Other Current Assets,Prepaid Expenses,,,419,,,,37,130000 Prepaid Expenses,
Assets,Current Assets,Other Current Assets,Prepaid Expenses,,,419,,,,39,130000 Prepaid Expenses,
Assets,Current Assets,Other Current Assets,Prepaid Expenses,,,419,,,,41,130000 Prepaid Expenses,
Assets,Current Assets,Other Current Assets,Prepaid Expenses,,,419,,,,42,130000 Prepaid Expenses,
Assets,Current Assets,Other Current Assets,Prepaid Expenses,,,419,,,,43,130000 Prepaid Expenses,
Assets,Current Assets,Other Current Assets,Prepaid Expenses,,,419,,,,44,130000 Prepaid Expenses,
Assets,Current Assets,Other Current Assets,Prepaid Expenses,,,419,,,,45,130000 Prepaid Expenses,
Assets,Current Assets,Other Current Assets,Prepaid Expenses,Prepaid Insurance,,420,,,,1,130500 Prepaid Expenses : Prepaid Insurance,
Assets,Current Assets,Other Current Assets,Prepaid Expenses,Prepaid Insurance,,420,,,,2,130500 Prepaid Expenses : Prepaid Insurance,
Assets,Current Assets,Other Current Assets,Prepaid Expenses,Prepaid Insurance,,420,,,,3,130500 Prepaid Expenses : Prepaid Insurance,
Assets,Current Assets,Other Current Assets,Prepaid Expenses,Prepaid Insurance,,420,,,,4,130500 Prepaid Expenses : Prepaid Insurance,
Assets,Current Assets,Other Current Assets,Prepaid Expenses,Prepaid Insurance,,420,,,,5,130500 Prepaid Expenses : Prepaid Insurance,
Assets,Current Assets,Other Current Assets,Prepaid Expenses,Prepaid Insurance,,420,,,,6,130500 Prepaid Expenses : Prepaid Insurance,
Assets,Current Assets,Other Current Assets,Prepaid Expenses,Prepaid Insurance,,420,,,,11,130500 Prepaid Expenses : Prepaid Insurance,
Assets,Current Assets,Other Current Assets,Prepaid Expenses,Prepaid Insurance,,420,,,,16,130500 Prepaid Expenses : Prepaid Insurance,
Assets,Current Assets,Other Current Assets,Prepaid Expenses,Prepaid Insurance,,420,,,,19,130500 Prepaid Expenses : Prepaid Insurance,
Assets,Current Assets,Other Current Assets,Prepaid Expenses,Prepaid Insurance,,420,,,,20,130500 Prepaid Expenses : Prepaid Insurance,
Assets,Current Assets,Other Current Assets,Prepaid Expenses,Prepaid Insurance,,420,,,,21,130500 Prepaid Expenses : Prepaid Insurance,
Assets,Current Assets,Other Current Assets,Prepaid Expenses,Prepaid Insurance,,420,,,,22,130500 Prepaid Expenses : Prepaid Insurance,
Assets,Current Assets,Other Current Assets,Prepaid Expenses,Prepaid Insurance,,420,,,,23,130500 Prepaid Expenses : Prepaid Insurance,
Assets,Current Assets,Other Current Assets,Prepaid Expenses,Prepaid Insurance,,420,,,,24,130500 Prepaid Expenses : Prepaid Insurance,
Assets,Current Assets,Other Current Assets,Prepaid Expenses,Prepaid Insurance,,420,,,,25,130500 Prepaid Expenses : Prepaid Insurance,
Assets,Current Assets,Other Current Assets,Prepaid Expenses,Prepaid Insurance,,420,,,,26,130500 Prepaid Expenses : Prepaid Insurance,
Assets,Current Assets,Other Current Assets,Prepaid Expenses,Prepaid Insurance,,420,,,,28,130500 Prepaid Expenses : Prepaid Insurance,
Assets,Current Assets,Other Current Assets,Prepaid Expenses,Prepaid Insurance,,420,,,,29,130500 Prepaid Expenses : Prepaid Insurance,
Assets,Current Assets,Other Current Assets,Prepaid Expenses,Prepaid Insurance,,420,,,,31,130500 Prepaid Expenses : Prepaid Insurance,
Assets,Current Assets,Other Current Assets,Prepaid Expenses,Prepaid Insurance,,420,,,,32,130500 Prepaid Expenses : Prepaid Insurance,
Assets,Current Assets,Other Current Assets,Prepaid Expenses,Prepaid Insurance,,420,,,,33,130500 Prepaid Expenses : Prepaid Insurance,
Assets,Current Assets,Other Current Assets,Prepaid Expenses,Prepaid Insurance,,420,,,,35,130500 Prepaid Expenses : Prepaid Insurance,
Assets,Current Assets,Other Current Assets,Prepaid Expenses,Prepaid Insurance,,420,,,,36,130500 Prepaid Expenses : Prepaid Insurance,
Assets,Current Assets,Other Current Assets,Prepaid Expenses,Prepaid Insurance,,420,,,,37,130500 Prepaid Expenses : Prepaid Insurance,
Assets,Current Assets,Other Current Assets,Prepaid Expenses,Prepaid Insurance,,420,,,,39,130500 Prepaid Expenses : Prepaid Insurance,
Assets,Current Assets,Other Current Assets,Prepaid Expenses,Prepaid Insurance,,420,,,,41,130500 Prepaid Expenses : Prepaid Insurance,
Assets,Current Assets,Other Current Assets,Prepaid Expenses,Prepaid Insurance,,420,,,,42,130500 Prepaid Expenses : Prepaid Insurance,
Assets,Current Assets,Other Current Assets,Prepaid Expenses,Prepaid Insurance,,420,,,,43,130500 Prepaid Expenses : Prepaid Insurance,
Assets,Current Assets,Other Current Assets,Prepaid Expenses,Prepaid Insurance,,420,,,,44,130500 Prepaid Expenses : Prepaid Insurance,
Assets,Current Assets,Other Current Assets,Prepaid Expenses,Prepaid Insurance,,420,,,,45,130500 Prepaid Expenses : Prepaid Insurance,
Assets,Current Assets,Other Current Assets,Prepaid Expenses,Prepaid Dues and Subscriptions,,421,,,,1,131000 Prepaid Expenses : Prepaid Dues and Subscriptions,
Assets,Current Assets,Other Current Assets,Prepaid Expenses,Prepaid Dues and Subscriptions,,421,,,,2,131000 Prepaid Expenses : Prepaid Dues and Subscriptions,
Assets,Current Assets,Other Current Assets,Prepaid Expenses,Prepaid Dues and Subscriptions,,421,,,,3,131000 Prepaid Expenses : Prepaid Dues and Subscriptions,
Assets,Current Assets,Other Current Assets,Prepaid Expenses,Prepaid Dues and Subscriptions,,421,,,,4,131000 Prepaid Expenses : Prepaid Dues and Subscriptions,
Assets,Current Assets,Other Current Assets,Prepaid Expenses,Prepaid Dues and Subscriptions,,421,,,,5,131000 Prepaid Expenses : Prepaid Dues and Subscriptions,
Assets,Current Assets,Other Current Assets,Prepaid Expenses,Prepaid Dues and Subscriptions,,421,,,,6,131000 Prepaid Expenses : Prepaid Dues and Subscriptions,
Assets,Current Assets,Other Current Assets,Prepaid Expenses,Prepaid Dues and Subscriptions,,421,,,,11,131000 Prepaid Expenses : Prepaid Dues and Subscriptions,
Assets,Current Assets,Other Current Assets,Prepaid Expenses,Prepaid Dues and Subscriptions,,421,,,,16,131000 Prepaid Expenses : Prepaid Dues and Subscriptions,
Assets,Current Assets,Other Current Assets,Prepaid Expenses,Prepaid Dues and Subscriptions,,421,,,,19,131000 Prepaid Expenses : Prepaid Dues and Subscriptions,
Assets,Current Assets,Other Current Assets,Prepaid Expenses,Prepaid Dues and Subscriptions,,421,,,,20,131000 Prepaid Expenses : Prepaid Dues and Subscriptions,
Assets,Current Assets,Other Current Assets,Prepaid Expenses,Prepaid Dues and Subscriptions,,421,,,,21,131000 Prepaid Expenses : Prepaid Dues and Subscriptions,
Assets,Current Assets,Other Current Assets,Prepaid Expenses,Prepaid Dues and Subscriptions,,421,,,,22,131000 Prepaid Expenses : Prepaid Dues and Subscriptions,
Assets,Current Assets,Other Current Assets,Prepaid Expenses,Prepaid Dues and Subscriptions,,421,,,,23,131000 Prepaid Expenses : Prepaid Dues and Subscriptions,
Assets,Current Assets,Other Current Assets,Prepaid Expenses,Prepaid Dues and Subscriptions,,421,,,,24,131000 Prepaid Expenses : Prepaid Dues and Subscriptions,
Assets,Current Assets,Other Current Assets,Prepaid Expenses,Prepaid Dues and Subscriptions,,421,,,,25,131000 Prepaid Expenses : Prepaid Dues and Subscriptions,
Assets,Current Assets,Other Current Assets,Prepaid Expenses,Prepaid Dues and Subscriptions,,421,,,,26,131000 Prepaid Expenses : Prepaid Dues and Subscriptions,
Assets,Current Assets,Other Current Assets,Prepaid Expenses,Prepaid Dues and Subscriptions,,421,,,,28,131000 Prepaid Expenses : Prepaid Dues and Subscriptions,
Assets,Current Assets,Other Current Assets,Prepaid Expenses,Prepaid Dues and Subscriptions,,421,,,,29,131000 Prepaid Expenses : Prepaid Dues and Subscriptions,
Assets,Current Assets,Other Current Assets,Prepaid Expenses,Prepaid Dues and Subscriptions,,421,,,,31,131000 Prepaid Expenses : Prepaid Dues and Subscriptions,
Assets,Current Assets,Other Current Assets,Prepaid Expenses,Prepaid Dues and Subscriptions,,421,,,,32,131000 Prepaid Expenses : Prepaid Dues and Subscriptions,
Assets,Current Assets,Other Current Assets,Prepaid Expenses,Prepaid Dues and Subscriptions,,421,,,,33,131000 Prepaid Expenses : Prepaid Dues and Subscriptions,
Assets,Current Assets,Other Current Assets,Prepaid Expenses,Prepaid Dues and Subscriptions,,421,,,,35,131000 Prepaid Expenses : Prepaid Dues and Subscriptions,
Assets,Current Assets,Other Current Assets,Prepaid Expenses,Prepaid Dues and Subscriptions,,421,,,,36,131000 Prepaid Expenses : Prepaid Dues and Subscriptions,
Assets,Current Assets,Other Current Assets,Prepaid Expenses,Prepaid Dues and Subscriptions,,421,,,,37,131000 Prepaid Expenses : Prepaid Dues and Subscriptions,
Assets,Current Assets,Other Current Assets,Prepaid Expenses,Prepaid Dues and Subscriptions,,421,,,,39,131000 Prepaid Expenses : Prepaid Dues and Subscriptions,
Assets,Current Assets,Other Current Assets,Prepaid Expenses,Prepaid Dues and Subscriptions,,421,,,,41,131000 Prepaid Expenses : Prepaid Dues and Subscriptions,
Assets,Current Assets,Other Current Assets,Prepaid Expenses,Prepaid Dues and Subscriptions,,421,,,,42,131000 Prepaid Expenses : Prepaid Dues and Subscriptions,
Assets,Current Assets,Other Current Assets,Prepaid Expenses,Prepaid Dues and Subscriptions,,421,,,,43,131000 Prepaid Expenses : Prepaid Dues and Subscriptions,
Assets,Current Assets,Other Current Assets,Prepaid Expenses,Prepaid Dues and Subscriptions,,421,,,,44,131000 Prepaid Expenses : Prepaid Dues and Subscriptions,
Assets,Current Assets,Other Current Assets,Prepaid Expenses,Prepaid Dues and Subscriptions,,421,,,,45,131000 Prepaid Expenses : Prepaid Dues and Subscriptions,
Assets,Current Assets,Other Current Assets,Prepaid Expenses,Prepaid Licenses,,422,,,,1,131500 Prepaid Expenses : Prepaid Licenses,
Assets,Current Assets,Other Current Assets,Prepaid Expenses,Prepaid Licenses,,422,,,,2,131500 Prepaid Expenses : Prepaid Licenses,
Assets,Current Assets,Other Current Assets,Prepaid Expenses,Prepaid Licenses,,422,,,,3,131500 Prepaid Expenses : Prepaid Licenses,
Assets,Current Assets,Other Current Assets,Prepaid Expenses,Prepaid Licenses,,422,,,,4,131500 Prepaid Expenses : Prepaid Licenses,
Assets,Current Assets,Other Current Assets,Prepaid Expenses,Prepaid Licenses,,422,,,,5,131500 Prepaid Expenses : Prepaid Licenses,
Assets,Current Assets,Other Current Assets,Prepaid Expenses,Prepaid Licenses,,422,,,,6,131500 Prepaid Expenses : Prepaid Licenses,
Assets,Current Assets,Other Current Assets,Prepaid Expenses,Prepaid Licenses,,422,,,,11,131500 Prepaid Expenses : Prepaid Licenses,
Assets,Current Assets,Other Current Assets,Prepaid Expenses,Prepaid Licenses,,422,,,,16,131500 Prepaid Expenses : Prepaid Licenses,
Assets,Current Assets,Other Current Assets,Prepaid Expenses,Prepaid Licenses,,422,,,,19,131500 Prepaid Expenses : Prepaid Licenses,
Assets,Current Assets,Other Current Assets,Prepaid Expenses,Prepaid Licenses,,422,,,,20,131500 Prepaid Expenses : Prepaid Licenses,
Assets,Current Assets,Other Current Assets,Prepaid Expenses,Prepaid Licenses,,422,,,,21,131500 Prepaid Expenses : Prepaid Licenses,
Assets,Current Assets,Other Current Assets,Prepaid Expenses,Prepaid Licenses,,422,,,,22,131500 Prepaid Expenses : Prepaid Licenses,
Assets,Current Assets,Other Current Assets,Prepaid Expenses,Prepaid Licenses,,422,,,,23,131500 Prepaid Expenses : Prepaid Licenses,
Assets,Current Assets,Other Current Assets,Prepaid Expenses,Prepaid Licenses,,422,,,,24,131500 Prepaid Expenses : Prepaid Licenses,
Assets,Current Assets,Other Current Assets,Prepaid Expenses,Prepaid Licenses,,422,,,,25,131500 Prepaid Expenses : Prepaid Licenses,
Assets,Current Assets,Other Current Assets,Prepaid Expenses,Prepaid Licenses,,422,,,,26,131500 Prepaid Expenses : Prepaid Licenses,
Assets,Current Assets,Other Current Assets,Prepaid Expenses,Prepaid Licenses,,422,,,,28,131500 Prepaid Expenses : Prepaid Licenses,
Assets,Current Assets,Other Current Assets,Prepaid Expenses,Prepaid Licenses,,422,,,,29,131500 Prepaid Expenses : Prepaid Licenses,
Assets,Current Assets,Other Current Assets,Prepaid Expenses,Prepaid Licenses,,422,,,,31,131500 Prepaid Expenses : Prepaid Licenses,
Assets,Current Assets,Other Current Assets,Prepaid Expenses,Prepaid Licenses,,422,,,,32,131500 Prepaid Expenses : Prepaid Licenses,
Assets,Current Assets,Other Current Assets,Prepaid Expenses,Prepaid Licenses,,422,,,,33,131500 Prepaid Expenses : Prepaid Licenses,
Assets,Current Assets,Other Current Assets,Prepaid Expenses,Prepaid Licenses,,422,,,,35,131500 Prepaid Expenses : Prepaid Licenses,
Assets,Current Assets,Other Current Assets,Prepaid Expenses,Prepaid Licenses,,422,,,,36,131500 Prepaid Expenses : Prepaid Licenses,
Assets,Current Assets,Other Current Assets,Prepaid Expenses,Prepaid Licenses,,422,,,,37,131500 Prepaid Expenses : Prepaid Licenses,
Assets,Current Assets,Other Current Assets,Prepaid Expenses,Prepaid Licenses,,422,,,,39,131500 Prepaid Expenses : Prepaid Licenses,
Assets,Current Assets,Other Current Assets,Prepaid Expenses,Prepaid Licenses,,422,,,,41,131500 Prepaid Expenses : Prepaid Licenses,
Assets,Current Assets,Other Current Assets,Prepaid Expenses,Prepaid Licenses,,422,,,,42,131500 Prepaid Expenses : Prepaid Licenses,
Assets,Current Assets,Other Current Assets,Prepaid Expenses,Prepaid Licenses,,422,,,,43,131500 Prepaid Expenses : Prepaid Licenses,
Assets,Current Assets,Other Current Assets,Prepaid Expenses,Prepaid Licenses,,422,,,,44,131500 Prepaid Expenses : Prepaid Licenses,
Assets,Current Assets,Other Current Assets,Prepaid Expenses,Prepaid Licenses,,422,,,,45,131500 Prepaid Expenses : Prepaid Licenses,
Assets,Current Assets,Other Current Assets,Prepaid Expenses,Prepaid Other,,423,,,,1,132000 Prepaid Expenses : Prepaid Other,
Assets,Current Assets,Other Current Assets,Prepaid Expenses,Prepaid Other,,423,,,,2,132000 Prepaid Expenses : Prepaid Other,
Assets,Current Assets,Other Current Assets,Prepaid Expenses,Prepaid Other,,423,,,,3,132000 Prepaid Expenses : Prepaid Other,
Assets,Current Assets,Other Current Assets,Prepaid Expenses,Prepaid Other,,423,,,,4,132000 Prepaid Expenses : Prepaid Other,
Assets,Current Assets,Other Current Assets,Prepaid Expenses,Prepaid Other,,423,,,,5,132000 Prepaid Expenses : Prepaid Other,
Assets,Current Assets,Other Current Assets,Prepaid Expenses,Prepaid Other,,423,,,,6,132000 Prepaid Expenses : Prepaid Other,
Assets,Current Assets,Other Current Assets,Prepaid Expenses,Prepaid Other,,423,,,,11,132000 Prepaid Expenses : Prepaid Other,
Assets,Current Assets,Other Current Assets,Prepaid Expenses,Prepaid Other,,423,,,,16,132000 Prepaid Expenses : Prepaid Other,
Assets,Current Assets,Other Current Assets,Prepaid Expenses,Prepaid Other,,423,,,,19,132000 Prepaid Expenses : Prepaid Other,
Assets,Current Assets,Other Current Assets,Prepaid Expenses,Prepaid Other,,423,,,,20,132000 Prepaid Expenses : Prepaid Other,
Assets,Current Assets,Other Current Assets,Prepaid Expenses,Prepaid Other,,423,,,,21,132000 Prepaid Expenses : Prepaid Other,
Assets,Current Assets,Other Current Assets,Prepaid Expenses,Prepaid Other,,423,,,,22,132000 Prepaid Expenses : Prepaid Other,
Assets,Current Assets,Other Current Assets,Prepaid Expenses,Prepaid Other,,423,,,,23,132000 Prepaid Expenses : Prepaid Other,
Assets,Current Assets,Other Current Assets,Prepaid Expenses,Prepaid Other,,423,,,,24,132000 Prepaid Expenses : Prepaid Other,
Assets,Current Assets,Other Current Assets,Prepaid Expenses,Prepaid Other,,423,,,,25,132000 Prepaid Expenses : Prepaid Other,
Assets,Current Assets,Other Current Assets,Prepaid Expenses,Prepaid Other,,423,,,,26,132000 Prepaid Expenses : Prepaid Other,
Assets,Current Assets,Other Current Assets,Prepaid Expenses,Prepaid Other,,423,,,,28,132000 Prepaid Expenses : Prepaid Other,
Assets,Current Assets,Other Current Assets,Prepaid Expenses,Prepaid Other,,423,,,,29,132000 Prepaid Expenses : Prepaid Other,
Assets,Current Assets,Other Current Assets,Prepaid Expenses,Prepaid Other,,423,,,,31,132000 Prepaid Expenses : Prepaid Other,
Assets,Current Assets,Other Current Assets,Prepaid Expenses,Prepaid Other,,423,,,,32,132000 Prepaid Expenses : Prepaid Other,
Assets,Current Assets,Other Current Assets,Prepaid Expenses,Prepaid Other,,423,,,,33,132000 Prepaid Expenses : Prepaid Other,
Assets,Current Assets,Other Current Assets,Prepaid Expenses,Prepaid Other,,423,,,,35,132000 Prepaid Expenses : Prepaid Other,
Assets,Current Assets,Other Current Assets,Prepaid Expenses,Prepaid Other,,423,,,,36,132000 Prepaid Expenses : Prepaid Other,
Assets,Current Assets,Other Current Assets,Prepaid Expenses,Prepaid Other,,423,,,,37,132000 Prepaid Expenses : Prepaid Other,
Assets,Current Assets,Other Current Assets,Prepaid Expenses,Prepaid Other,,423,,,,39,132000 Prepaid Expenses : Prepaid Other,
Assets,Current Assets,Other Current Assets,Prepaid Expenses,Prepaid Other,,423,,,,41,132000 Prepaid Expenses : Prepaid Other,
Assets,Current Assets,Other Current Assets,Prepaid Expenses,Prepaid Other,,423,,,,42,132000 Prepaid Expenses : Prepaid Other,
Assets,Current Assets,Other Current Assets,Prepaid Expenses,Prepaid Other,,423,,,,43,132000 Prepaid Expenses : Prepaid Other,
Assets,Current Assets,Other Current Assets,Prepaid Expenses,Prepaid Other,,423,,,,44,132000 Prepaid Expenses : Prepaid Other,
Assets,Current Assets,Other Current Assets,Prepaid Expenses,Prepaid Other,,423,,,,45,132000 Prepaid Expenses : Prepaid Other,
Assets,Current Assets,Other Current Assets,Other Current Assets,,,424,,,,1,140000 Other Current Assets,
Assets,Current Assets,Other Current Assets,Other Current Assets,,,424,,,,2,140000 Other Current Assets,
Assets,Current Assets,Other Current Assets,Other Current Assets,,,424,,,,3,140000 Other Current Assets,
Assets,Current Assets,Other Current Assets,Other Current Assets,,,424,,,,4,140000 Other Current Assets,
Assets,Current Assets,Other Current Assets,Other Current Assets,,,424,,,,5,140000 Other Current Assets,
Assets,Current Assets,Other Current Assets,Other Current Assets,,,424,,,,6,140000 Other Current Assets,
Assets,Current Assets,Other Current Assets,Other Current Assets,,,424,,,,11,140000 Other Current Assets,
Assets,Current Assets,Other Current Assets,Other Current Assets,,,424,,,,16,140000 Other Current Assets,
Assets,Current Assets,Other Current Assets,Other Current Assets,,,424,,,,19,140000 Other Current Assets,
Assets,Current Assets,Other Current Assets,Other Current Assets,,,424,,,,20,140000 Other Current Assets,
Assets,Current Assets,Other Current Assets,Other Current Assets,,,424,,,,21,140000 Other Current Assets,
Assets,Current Assets,Other Current Assets,Other Current Assets,,,424,,,,22,140000 Other Current Assets,
Assets,Current Assets,Other Current Assets,Other Current Assets,,,424,,,,23,140000 Other Current Assets,
Assets,Current Assets,Other Current Assets,Other Current Assets,,,424,,,,24,140000 Other Current Assets,
Assets,Current Assets,Other Current Assets,Other Current Assets,,,424,,,,25,140000 Other Current Assets,
Assets,Current Assets,Other Current Assets,Other Current Assets,,,424,,,,26,140000 Other Current Assets,
Assets,Current Assets,Other Current Assets,Other Current Assets,,,424,,,,28,140000 Other Current Assets,
Assets,Current Assets,Other Current Assets,Other Current Assets,,,424,,,,29,140000 Other Current Assets,
Assets,Current Assets,Other Current Assets,Other Current Assets,,,424,,,,31,140000 Other Current Assets,
Assets,Current Assets,Other Current Assets,Other Current Assets,,,424,,,,32,140000 Other Current Assets,
Assets,Current Assets,Other Current Assets,Other Current Assets,,,424,,,,33,140000 Other Current Assets,
Assets,Current Assets,Other Current Assets,Other Current Assets,,,424,,,,35,140000 Other Current Assets,
Assets,Current Assets,Other Current Assets,Other Current Assets,,,424,,,,36,140000 Other Current Assets,
Assets,Current Assets,Other Current Assets,Other Current Assets,,,424,,,,37,140000 Other Current Assets,
Assets,Current Assets,Other Current Assets,Other Current Assets,,,424,,,,39,140000 Other Current Assets,
Assets,Current Assets,Other Current Assets,Other Current Assets,,,424,,,,41,140000 Other Current Assets,
Assets,Current Assets,Other Current Assets,Other Current Assets,,,424,,,,42,140000 Other Current Assets,
Assets,Current Assets,Other Current Assets,Other Current Assets,,,424,,,,43,140000 Other Current Assets,
Assets,Current Assets,Other Current Assets,Other Current Assets,,,424,,,,44,140000 Other Current Assets,
Assets,Current Assets,Other Current Assets,Other Current Assets,,,424,,,,45,140000 Other Current Assets,
Assets,Other Assets,Intangibles,,,,425,,,,1,160000 Intangibles,
Assets,Other Assets,Intangibles,,,,425,,,,2,160000 Intangibles,
Assets,Other Assets,Intangibles,,,,425,,,,3,160000 Intangibles,
Assets,Other Assets,Intangibles,,,,425,,,,4,160000 Intangibles,
Assets,Other Assets,Intangibles,,,,425,,,,5,160000 Intangibles,
Assets,Other Assets,Intangibles,,,,425,,,,6,160000 Intangibles,
Assets,Other Assets,Intangibles,,,,425,,,,11,160000 Intangibles,
Assets,Other Assets,Intangibles,,,,425,,,,16,160000 Intangibles,
Assets,Other Assets,Intangibles,,,,425,,,,19,160000 Intangibles,
Assets,Other Assets,Intangibles,,,,425,,,,20,160000 Intangibles,
Assets,Other Assets,Intangibles,,,,425,,,,21,160000 Intangibles,
Assets,Other Assets,Intangibles,,,,425,,,,22,160000 Intangibles,
Assets,Other Assets,Intangibles,,,,425,,,,23,160000 Intangibles,
Assets,Other Assets,Intangibles,,,,425,,,,24,160000 Intangibles,
Assets,Other Assets,Intangibles,,,,425,,,,25,160000 Intangibles,
Assets,Other Assets,Intangibles,,,,425,,,,26,160000 Intangibles,
Assets,Other Assets,Intangibles,,,,425,,,,28,160000 Intangibles,
Assets,Other Assets,Intangibles,,,,425,,,,29,160000 Intangibles,
Assets,Other Assets,Intangibles,,,,425,,,,31,160000 Intangibles,
Assets,Other Assets,Intangibles,,,,425,,,,32,160000 Intangibles,
Assets,Other Assets,Intangibles,,,,425,,,,33,160000 Intangibles,
Assets,Other Assets,Intangibles,,,,425,,,,35,160000 Intangibles,
Assets,Other Assets,Intangibles,,,,425,,,,36,160000 Intangibles,
Assets,Other Assets,Intangibles,,,,425,,,,37,160000 Intangibles,
Assets,Other Assets,Intangibles,,,,425,,,,39,160000 Intangibles,
Assets,Other Assets,Intangibles,,,,425,,,,41,160000 Intangibles,
Assets,Other Assets,Intangibles,,,,425,,,,42,160000 Intangibles,
Assets,Other Assets,Intangibles,,,,425,,,,43,160000 Intangibles,
Assets,Other Assets,Intangibles,,,,425,,,,44,160000 Intangibles,
Assets,Other Assets,Intangibles,,,,425,,,,45,160000 Intangibles,
Assets,Other Assets,Intangibles,Goodwill,,,426,,,,1,160500 Intangibles : Goodwill,
Assets,Other Assets,Intangibles,Goodwill,,,426,,,,2,160500 Intangibles : Goodwill,
Assets,Other Assets,Intangibles,Goodwill,,,426,,,,3,160500 Intangibles : Goodwill,
Assets,Other Assets,Intangibles,Goodwill,,,426,,,,4,160500 Intangibles : Goodwill,
Assets,Other Assets,Intangibles,Goodwill,,,426,,,,5,160500 Intangibles : Goodwill,
Assets,Other Assets,Intangibles,Goodwill,,,426,,,,6,160500 Intangibles : Goodwill,
Assets,Other Assets,Intangibles,Goodwill,,,426,,,,11,160500 Intangibles : Goodwill,
Assets,Other Assets,Intangibles,Goodwill,,,426,,,,16,160500 Intangibles : Goodwill,
Assets,Other Assets,Intangibles,Goodwill,,,426,,,,19,160500 Intangibles : Goodwill,
Assets,Other Assets,Intangibles,Goodwill,,,426,,,,20,160500 Intangibles : Goodwill,
Assets,Other Assets,Intangibles,Goodwill,,,426,,,,21,160500 Intangibles : Goodwill,
Assets,Other Assets,Intangibles,Goodwill,,,426,,,,22,160500 Intangibles : Goodwill,
Assets,Other Assets,Intangibles,Goodwill,,,426,,,,23,160500 Intangibles : Goodwill,
Assets,Other Assets,Intangibles,Goodwill,,,426,,,,24,160500 Intangibles : Goodwill,
Assets,Other Assets,Intangibles,Goodwill,,,426,,,,25,160500 Intangibles : Goodwill,
Assets,Other Assets,Intangibles,Goodwill,,,426,,,,26,160500 Intangibles : Goodwill,
Assets,Other Assets,Intangibles,Goodwill,,,426,,,,28,160500 Intangibles : Goodwill,
Assets,Other Assets,Intangibles,Goodwill,,,426,,,,29,160500 Intangibles : Goodwill,
Assets,Other Assets,Intangibles,Goodwill,,,426,,,,31,160500 Intangibles : Goodwill,
Assets,Other Assets,Intangibles,Goodwill,,,426,,,,32,160500 Intangibles : Goodwill,
Assets,Other Assets,Intangibles,Goodwill,,,426,,,,33,160500 Intangibles : Goodwill,
Assets,Other Assets,Intangibles,Goodwill,,,426,,,,35,160500 Intangibles : Goodwill,
Assets,Other Assets,Intangibles,Goodwill,,,426,,,,36,160500 Intangibles : Goodwill,
Assets,Other Assets,Intangibles,Goodwill,,,426,,,,37,160500 Intangibles : Goodwill,
Assets,Other Assets,Intangibles,Goodwill,,,426,,,,39,160500 Intangibles : Goodwill,
Assets,Other Assets,Intangibles,Goodwill,,,426,,,,41,160500 Intangibles : Goodwill,
Assets,Other Assets,Intangibles,Goodwill,,,426,,,,42,160500 Intangibles : Goodwill,
Assets,Other Assets,Intangibles,Goodwill,,,426,,,,43,160500 Intangibles : Goodwill,
Assets,Other Assets,Intangibles,Goodwill,,,426,,,,44,160500 Intangibles : Goodwill,
Assets,Other Assets,Intangibles,Goodwill,,,426,,,,45,160500 Intangibles : Goodwill,
Assets,Other Assets,Intangibles,Covenant Not to Compete,,,427,,,,1,161000 Intangibles : Covenant Not to Compete,
Assets,Other Assets,Intangibles,Covenant Not to Compete,,,427,,,,2,161000 Intangibles : Covenant Not to Compete,
Assets,Other Assets,Intangibles,Covenant Not to Compete,,,427,,,,3,161000 Intangibles : Covenant Not to Compete,
Assets,Other Assets,Intangibles,Covenant Not to Compete,,,427,,,,4,161000 Intangibles : Covenant Not to Compete,
Assets,Other Assets,Intangibles,Covenant Not to Compete,,,427,,,,5,161000 Intangibles : Covenant Not to Compete,
Assets,Other Assets,Intangibles,Covenant Not to Compete,,,427,,,,6,161000 Intangibles : Covenant Not to Compete,
Assets,Other Assets,Intangibles,Covenant Not to Compete,,,427,,,,11,161000 Intangibles : Covenant Not to Compete,
Assets,Other Assets,Intangibles,Covenant Not to Compete,,,427,,,,16,161000 Intangibles : Covenant Not to Compete,
Assets,Other Assets,Intangibles,Covenant Not to Compete,,,427,,,,19,161000 Intangibles : Covenant Not to Compete,
Assets,Other Assets,Intangibles,Covenant Not to Compete,,,427,,,,20,161000 Intangibles : Covenant Not to Compete,
Assets,Other Assets,Intangibles,Covenant Not to Compete,,,427,,,,21,161000 Intangibles : Covenant Not to Compete,
Assets,Other Assets,Intangibles,Covenant Not to Compete,,,427,,,,22,161000 Intangibles : Covenant Not to Compete,
Assets,Other Assets,Intangibles,Covenant Not to Compete,,,427,,,,23,161000 Intangibles : Covenant Not to Compete,
Assets,Other Assets,Intangibles,Covenant Not to Compete,,,427,,,,24,161000 Intangibles : Covenant Not to Compete,
Assets,Other Assets,Intangibles,Covenant Not to Compete,,,427,,,,25,161000 Intangibles : Covenant Not to Compete,
Assets,Other Assets,Intangibles,Covenant Not to Compete,,,427,,,,26,161000 Intangibles : Covenant Not to Compete,
Assets,Other Assets,Intangibles,Covenant Not to Compete,,,427,,,,28,161000 Intangibles : Covenant Not to Compete,
Assets,Other Assets,Intangibles,Covenant Not to Compete,,,427,,,,29,161000 Intangibles : Covenant Not to Compete,
Assets,Other Assets,Intangibles,Covenant Not to Compete,,,427,,,,31,161000 Intangibles : Covenant Not to Compete,
Assets,Other Assets,Intangibles,Covenant Not to Compete,,,427,,,,32,161000 Intangibles : Covenant Not to Compete,
Assets,Other Assets,Intangibles,Covenant Not to Compete,,,427,,,,33,161000 Intangibles : Covenant Not to Compete,
Assets,Other Assets,Intangibles,Covenant Not to Compete,,,427,,,,35,161000 Intangibles : Covenant Not to Compete,
Assets,Other Assets,Intangibles,Covenant Not to Compete,,,427,,,,36,161000 Intangibles : Covenant Not to Compete,
Assets,Other Assets,Intangibles,Covenant Not to Compete,,,427,,,,37,161000 Intangibles : Covenant Not to Compete,
Assets,Other Assets,Intangibles,Covenant Not to Compete,,,427,,,,39,161000 Intangibles : Covenant Not to Compete,
Assets,Other Assets,Intangibles,Covenant Not to Compete,,,427,,,,41,161000 Intangibles : Covenant Not to Compete,
Assets,Other Assets,Intangibles,Covenant Not to Compete,,,427,,,,42,161000 Intangibles : Covenant Not to Compete,
Assets,Other Assets,Intangibles,Covenant Not to Compete,,,427,,,,43,161000 Intangibles : Covenant Not to Compete,
Assets,Other Assets,Intangibles,Covenant Not to Compete,,,427,,,,44,161000 Intangibles : Covenant Not to Compete,
Assets,Other Assets,Intangibles,Covenant Not to Compete,,,427,,,,45,161000 Intangibles : Covenant Not to Compete,
Assets,Other Assets,Intangibles,Transaction Costs,,,428,,,,1,161500 Intangibles : Transaction Costs,
Assets,Other Assets,Intangibles,Transaction Costs,,,428,,,,2,161500 Intangibles : Transaction Costs,
Assets,Other Assets,Intangibles,Transaction Costs,,,428,,,,3,161500 Intangibles : Transaction Costs,
Assets,Other Assets,Intangibles,Transaction Costs,,,428,,,,4,161500 Intangibles : Transaction Costs,
Assets,Other Assets,Intangibles,Transaction Costs,,,428,,,,5,161500 Intangibles : Transaction Costs,
Assets,Other Assets,Intangibles,Transaction Costs,,,428,,,,6,161500 Intangibles : Transaction Costs,
Assets,Other Assets,Intangibles,Transaction Costs,,,428,,,,11,161500 Intangibles : Transaction Costs,
Assets,Other Assets,Intangibles,Transaction Costs,,,428,,,,16,161500 Intangibles : Transaction Costs,
Assets,Other Assets,Intangibles,Transaction Costs,,,428,,,,19,161500 Intangibles : Transaction Costs,
Assets,Other Assets,Intangibles,Transaction Costs,,,428,,,,20,161500 Intangibles : Transaction Costs,
Assets,Other Assets,Intangibles,Transaction Costs,,,428,,,,21,161500 Intangibles : Transaction Costs,
Assets,Other Assets,Intangibles,Transaction Costs,,,428,,,,22,161500 Intangibles : Transaction Costs,
Assets,Other Assets,Intangibles,Transaction Costs,,,428,,,,23,161500 Intangibles : Transaction Costs,
Assets,Other Assets,Intangibles,Transaction Costs,,,428,,,,24,161500 Intangibles : Transaction Costs,
Assets,Other Assets,Intangibles,Transaction Costs,,,428,,,,25,161500 Intangibles : Transaction Costs,
Assets,Other Assets,Intangibles,Transaction Costs,,,428,,,,26,161500 Intangibles : Transaction Costs,
Assets,Other Assets,Intangibles,Transaction Costs,,,428,,,,28,161500 Intangibles : Transaction Costs,
Assets,Other Assets,Intangibles,Transaction Costs,,,428,,,,29,161500 Intangibles : Transaction Costs,
Assets,Other Assets,Intangibles,Transaction Costs,,,428,,,,31,161500 Intangibles : Transaction Costs,
Assets,Other Assets,Intangibles,Transaction Costs,,,428,,,,32,161500 Intangibles : Transaction Costs,
Assets,Other Assets,Intangibles,Transaction Costs,,,428,,,,33,161500 Intangibles : Transaction Costs,
Assets,Other Assets,Intangibles,Transaction Costs,,,428,,,,35,161500 Intangibles : Transaction Costs,
Assets,Other Assets,Intangibles,Transaction Costs,,,428,,,,36,161500 Intangibles : Transaction Costs,
Assets,Other Assets,Intangibles,Transaction Costs,,,428,,,,37,161500 Intangibles : Transaction Costs,
Assets,Other Assets,Intangibles,Transaction Costs,,,428,,,,39,161500 Intangibles : Transaction Costs,
Assets,Other Assets,Intangibles,Transaction Costs,,,428,,,,41,161500 Intangibles : Transaction Costs,
Assets,Other Assets,Intangibles,Transaction Costs,,,428,,,,42,161500 Intangibles : Transaction Costs,
Assets,Other Assets,Intangibles,Transaction Costs,,,428,,,,43,161500 Intangibles : Transaction Costs,
Assets,Other Assets,Intangibles,Transaction Costs,,,428,,,,44,161500 Intangibles : Transaction Costs,
Assets,Other Assets,Intangibles,Transaction Costs,,,428,,,,45,161500 Intangibles : Transaction Costs,
Assets,Other Assets,Intangibles,Accumulated Amortization - Goodwill,,,429,,,,1,162000 Intangibles : Accumulated Amortization - Goodwill,
Assets,Other Assets,Intangibles,Accumulated Amortization - Goodwill,,,429,,,,2,162000 Intangibles : Accumulated Amortization - Goodwill,
Assets,Other Assets,Intangibles,Accumulated Amortization - Goodwill,,,429,,,,3,162000 Intangibles : Accumulated Amortization - Goodwill,
Assets,Other Assets,Intangibles,Accumulated Amortization - Goodwill,,,429,,,,4,162000 Intangibles : Accumulated Amortization - Goodwill,
Assets,Other Assets,Intangibles,Accumulated Amortization - Goodwill,,,429,,,,5,162000 Intangibles : Accumulated Amortization - Goodwill,
Assets,Other Assets,Intangibles,Accumulated Amortization - Goodwill,,,429,,,,6,162000 Intangibles : Accumulated Amortization - Goodwill,
Assets,Other Assets,Intangibles,Accumulated Amortization - Goodwill,,,429,,,,11,162000 Intangibles : Accumulated Amortization - Goodwill,
Assets,Other Assets,Intangibles,Accumulated Amortization - Goodwill,,,429,,,,16,162000 Intangibles : Accumulated Amortization - Goodwill,
Assets,Other Assets,Intangibles,Accumulated Amortization - Goodwill,,,429,,,,19,162000 Intangibles : Accumulated Amortization - Goodwill,
Assets,Other Assets,Intangibles,Accumulated Amortization - Goodwill,,,429,,,,20,162000 Intangibles : Accumulated Amortization - Goodwill,
Assets,Other Assets,Intangibles,Accumulated Amortization - Goodwill,,,429,,,,21,162000 Intangibles : Accumulated Amortization - Goodwill,
Assets,Other Assets,Intangibles,Accumulated Amortization - Goodwill,,,429,,,,22,162000 Intangibles : Accumulated Amortization - Goodwill,
Assets,Other Assets,Intangibles,Accumulated Amortization - Goodwill,,,429,,,,23,162000 Intangibles : Accumulated Amortization - Goodwill,
Assets,Other Assets,Intangibles,Accumulated Amortization - Goodwill,,,429,,,,24,162000 Intangibles : Accumulated Amortization - Goodwill,
Assets,Other Assets,Intangibles,Accumulated Amortization - Goodwill,,,429,,,,25,162000 Intangibles : Accumulated Amortization - Goodwill,
Assets,Other Assets,Intangibles,Accumulated Amortization - Goodwill,,,429,,,,26,162000 Intangibles : Accumulated Amortization - Goodwill,
Assets,Other Assets,Intangibles,Accumulated Amortization - Goodwill,,,429,,,,28,162000 Intangibles : Accumulated Amortization - Goodwill,
Assets,Other Assets,Intangibles,Accumulated Amortization - Goodwill,,,429,,,,29,162000 Intangibles : Accumulated Amortization - Goodwill,
Assets,Other Assets,Intangibles,Accumulated Amortization - Goodwill,,,429,,,,31,162000 Intangibles : Accumulated Amortization - Goodwill,
Assets,Other Assets,Intangibles,Accumulated Amortization - Goodwill,,,429,,,,32,162000 Intangibles : Accumulated Amortization - Goodwill,
Assets,Other Assets,Intangibles,Accumulated Amortization - Goodwill,,,429,,,,33,162000 Intangibles : Accumulated Amortization - Goodwill,
Assets,Other Assets,Intangibles,Accumulated Amortization - Goodwill,,,429,,,,35,162000 Intangibles : Accumulated Amortization - Goodwill,
Assets,Other Assets,Intangibles,Accumulated Amortization - Goodwill,,,429,,,,36,162000 Intangibles : Accumulated Amortization - Goodwill,
Assets,Other Assets,Intangibles,Accumulated Amortization - Goodwill,,,429,,,,37,162000 Intangibles : Accumulated Amortization - Goodwill,
Assets,Other Assets,Intangibles,Accumulated Amortization - Goodwill,,,429,,,,39,162000 Intangibles : Accumulated Amortization - Goodwill,
Assets,Other Assets,Intangibles,Accumulated Amortization - Goodwill,,,429,,,,41,162000 Intangibles : Accumulated Amortization - Goodwill,
Assets,Other Assets,Intangibles,Accumulated Amortization - Goodwill,,,429,,,,42,162000 Intangibles : Accumulated Amortization - Goodwill,
Assets,Other Assets,Intangibles,Accumulated Amortization - Goodwill,,,429,,,,43,162000 Intangibles : Accumulated Amortization - Goodwill,
Assets,Other Assets,Intangibles,Accumulated Amortization - Goodwill,,,429,,,,44,162000 Intangibles : Accumulated Amortization - Goodwill,
Assets,Other Assets,Intangibles,Accumulated Amortization - Goodwill,,,429,,,,45,162000 Intangibles : Accumulated Amortization - Goodwill,
Assets,Other Assets,Intangibles,Accumulated Amortization - Covenant Not to Compete,,,430,,,,1,162500 Intangibles : Accumulated Amortization - Covenant Not to Compete,
Assets,Other Assets,Intangibles,Accumulated Amortization - Covenant Not to Compete,,,430,,,,2,162500 Intangibles : Accumulated Amortization - Covenant Not to Compete,
Assets,Other Assets,Intangibles,Accumulated Amortization - Covenant Not to Compete,,,430,,,,3,162500 Intangibles : Accumulated Amortization - Covenant Not to Compete,
Assets,Other Assets,Intangibles,Accumulated Amortization - Covenant Not to Compete,,,430,,,,4,162500 Intangibles : Accumulated Amortization - Covenant Not to Compete,
Assets,Other Assets,Intangibles,Accumulated Amortization - Covenant Not to Compete,,,430,,,,5,162500 Intangibles : Accumulated Amortization - Covenant Not to Compete,
Assets,Other Assets,Intangibles,Accumulated Amortization - Covenant Not to Compete,,,430,,,,6,162500 Intangibles : Accumulated Amortization - Covenant Not to Compete,
Assets,Other Assets,Intangibles,Accumulated Amortization - Covenant Not to Compete,,,430,,,,11,162500 Intangibles : Accumulated Amortization - Covenant Not to Compete,
Assets,Other Assets,Intangibles,Accumulated Amortization - Covenant Not to Compete,,,430,,,,16,162500 Intangibles : Accumulated Amortization - Covenant Not to Compete,
Assets,Other Assets,Intangibles,Accumulated Amortization - Covenant Not to Compete,,,430,,,,19,162500 Intangibles : Accumulated Amortization - Covenant Not to Compete,
Assets,Other Assets,Intangibles,Accumulated Amortization - Covenant Not to Compete,,,430,,,,20,162500 Intangibles : Accumulated Amortization - Covenant Not to Compete,
Assets,Other Assets,Intangibles,Accumulated Amortization - Covenant Not to Compete,,,430,,,,21,162500 Intangibles : Accumulated Amortization - Covenant Not to Compete,
Assets,Other Assets,Intangibles,Accumulated Amortization - Covenant Not to Compete,,,430,,,,22,162500 Intangibles : Accumulated Amortization - Covenant Not to Compete,
Assets,Other Assets,Intangibles,Accumulated Amortization - Covenant Not to Compete,,,430,,,,23,162500 Intangibles : Accumulated Amortization - Covenant Not to Compete,
Assets,Other Assets,Intangibles,Accumulated Amortization - Covenant Not to Compete,,,430,,,,24,162500 Intangibles : Accumulated Amortization - Covenant Not to Compete,
Assets,Other Assets,Intangibles,Accumulated Amortization - Covenant Not to Compete,,,430,,,,25,162500 Intangibles : Accumulated Amortization - Covenant Not to Compete,
Assets,Other Assets,Intangibles,Accumulated Amortization - Covenant Not to Compete,,,430,,,,26,162500 Intangibles : Accumulated Amortization - Covenant Not to Compete,
Assets,Other Assets,Intangibles,Accumulated Amortization - Covenant Not to Compete,,,430,,,,28,162500 Intangibles : Accumulated Amortization - Covenant Not to Compete,
Assets,Other Assets,Intangibles,Accumulated Amortization - Covenant Not to Compete,,,430,,,,29,162500 Intangibles : Accumulated Amortization - Covenant Not to Compete,
Assets,Other Assets,Intangibles,Accumulated Amortization - Covenant Not to Compete,,,430,,,,31,162500 Intangibles : Accumulated Amortization - Covenant Not to Compete,
Assets,Other Assets,Intangibles,Accumulated Amortization - Covenant Not to Compete,,,430,,,,32,162500 Intangibles : Accumulated Amortization - Covenant Not to Compete,
Assets,Other Assets,Intangibles,Accumulated Amortization - Covenant Not to Compete,,,430,,,,33,162500 Intangibles : Accumulated Amortization - Covenant Not to Compete,
Assets,Other Assets,Intangibles,Accumulated Amortization - Covenant Not to Compete,,,430,,,,35,162500 Intangibles : Accumulated Amortization - Covenant Not to Compete,
Assets,Other Assets,Intangibles,Accumulated Amortization - Covenant Not to Compete,,,430,,,,36,162500 Intangibles : Accumulated Amortization - Covenant Not to Compete,
Assets,Other Assets,Intangibles,Accumulated Amortization - Covenant Not to Compete,,,430,,,,37,162500 Intangibles : Accumulated Amortization - Covenant Not to Compete,
Assets,Other Assets,Intangibles,Accumulated Amortization - Covenant Not to Compete,,,430,,,,39,162500 Intangibles : Accumulated Amortization - Covenant Not to Compete,
Assets,Other Assets,Intangibles,Accumulated Amortization - Covenant Not to Compete,,,430,,,,41,162500 Intangibles : Accumulated Amortization - Covenant Not to Compete,
Assets,Other Assets,Intangibles,Accumulated Amortization - Covenant Not to Compete,,,430,,,,42,162500 Intangibles : Accumulated Amortization - Covenant Not to Compete,
Assets,Other Assets,Intangibles,Accumulated Amortization - Covenant Not to Compete,,,430,,,,43,162500 Intangibles : Accumulated Amortization - Covenant Not to Compete,
Assets,Other Assets,Intangibles,Accumulated Amortization - Covenant Not to Compete,,,430,,,,44,162500 Intangibles : Accumulated Amortization - Covenant Not to Compete,
Assets,Other Assets,Intangibles,Accumulated Amortization - Covenant Not to Compete,,,430,,,,45,162500 Intangibles : Accumulated Amortization - Covenant Not to Compete,
Assets,Other Assets,Intangibles,Accumulated Amortization - Transaction Costs,,,431,,,,1,163000 Intangibles : Accumulated Amortization - Transaction Costs,
Assets,Other Assets,Intangibles,Accumulated Amortization - Transaction Costs,,,431,,,,2,163000 Intangibles : Accumulated Amortization - Transaction Costs,
Assets,Other Assets,Intangibles,Accumulated Amortization - Transaction Costs,,,431,,,,3,163000 Intangibles : Accumulated Amortization - Transaction Costs,
Assets,Other Assets,Intangibles,Accumulated Amortization - Transaction Costs,,,431,,,,4,163000 Intangibles : Accumulated Amortization - Transaction Costs,
Assets,Other Assets,Intangibles,Accumulated Amortization - Transaction Costs,,,431,,,,5,163000 Intangibles : Accumulated Amortization - Transaction Costs,
Assets,Other Assets,Intangibles,Accumulated Amortization - Transaction Costs,,,431,,,,6,163000 Intangibles : Accumulated Amortization - Transaction Costs,
Assets,Other Assets,Intangibles,Accumulated Amortization - Transaction Costs,,,431,,,,11,163000 Intangibles : Accumulated Amortization - Transaction Costs,
Assets,Other Assets,Intangibles,Accumulated Amortization - Transaction Costs,,,431,,,,16,163000 Intangibles : Accumulated Amortization - Transaction Costs,
Assets,Other Assets,Intangibles,Accumulated Amortization - Transaction Costs,,,431,,,,19,163000 Intangibles : Accumulated Amortization - Transaction Costs,
Assets,Other Assets,Intangibles,Accumulated Amortization - Transaction Costs,,,431,,,,20,163000 Intangibles : Accumulated Amortization - Transaction Costs,
Assets,Other Assets,Intangibles,Accumulated Amortization - Transaction Costs,,,431,,,,21,163000 Intangibles : Accumulated Amortization - Transaction Costs,
Assets,Other Assets,Intangibles,Accumulated Amortization - Transaction Costs,,,431,,,,22,163000 Intangibles : Accumulated Amortization - Transaction Costs,
Assets,Other Assets,Intangibles,Accumulated Amortization - Transaction Costs,,,431,,,,23,163000 Intangibles : Accumulated Amortization - Transaction Costs,
Assets,Other Assets,Intangibles,Accumulated Amortization - Transaction Costs,,,431,,,,24,163000 Intangibles : Accumulated Amortization - Transaction Costs,
Assets,Other Assets,Intangibles,Accumulated Amortization - Transaction Costs,,,431,,,,25,163000 Intangibles : Accumulated Amortization - Transaction Costs,
Assets,Other Assets,Intangibles,Accumulated Amortization - Transaction Costs,,,431,,,,26,163000 Intangibles : Accumulated Amortization - Transaction Costs,
Assets,Other Assets,Intangibles,Accumulated Amortization - Transaction Costs,,,431,,,,28,163000 Intangibles : Accumulated Amortization - Transaction Costs,
Assets,Other Assets,Intangibles,Accumulated Amortization - Transaction Costs,,,431,,,,29,163000 Intangibles : Accumulated Amortization - Transaction Costs,
Assets,Other Assets,Intangibles,Accumulated Amortization - Transaction Costs,,,431,,,,31,163000 Intangibles : Accumulated Amortization - Transaction Costs,
Assets,Other Assets,Intangibles,Accumulated Amortization - Transaction Costs,,,431,,,,32,163000 Intangibles : Accumulated Amortization - Transaction Costs,
Assets,Other Assets,Intangibles,Accumulated Amortization - Transaction Costs,,,431,,,,33,163000 Intangibles : Accumulated Amortization - Transaction Costs,
Assets,Other Assets,Intangibles,Accumulated Amortization - Transaction Costs,,,431,,,,35,163000 Intangibles : Accumulated Amortization - Transaction Costs,
Assets,Other Assets,Intangibles,Accumulated Amortization - Transaction Costs,,,431,,,,36,163000 Intangibles : Accumulated Amortization - Transaction Costs,
Assets,Other Assets,Intangibles,Accumulated Amortization - Transaction Costs,,,431,,,,37,163000 Intangibles : Accumulated Amortization - Transaction Costs,
Assets,Other Assets,Intangibles,Accumulated Amortization - Transaction Costs,,,431,,,,39,163000 Intangibles : Accumulated Amortization - Transaction Costs,
Assets,Other Assets,Intangibles,Accumulated Amortization - Transaction Costs,,,431,,,,41,163000 Intangibles : Accumulated Amortization - Transaction Costs,
Assets,Other Assets,Intangibles,Accumulated Amortization - Transaction Costs,,,431,,,,42,163000 Intangibles : Accumulated Amortization - Transaction Costs,
Assets,Other Assets,Intangibles,Accumulated Amortization - Transaction Costs,,,431,,,,43,163000 Intangibles : Accumulated Amortization - Transaction Costs,
Assets,Other Assets,Intangibles,Accumulated Amortization - Transaction Costs,,,431,,,,44,163000 Intangibles : Accumulated Amortization - Transaction Costs,
Assets,Other Assets,Intangibles,Accumulated Amortization - Transaction Costs,,,431,,,,45,163000 Intangibles : Accumulated Amortization - Transaction Costs,
Assets,Other Assets,Other Long term Assets,,,,432,,,,1,170000 Other Long term Assets,
Assets,Other Assets,Other Long term Assets,,,,432,,,,2,170000 Other Long term Assets,
Assets,Other Assets,Other Long term Assets,,,,432,,,,3,170000 Other Long term Assets,
Assets,Other Assets,Other Long term Assets,,,,432,,,,4,170000 Other Long term Assets,
Assets,Other Assets,Other Long term Assets,,,,432,,,,5,170000 Other Long term Assets,
Assets,Other Assets,Other Long term Assets,,,,432,,,,6,170000 Other Long term Assets,
Assets,Other Assets,Other Long term Assets,,,,432,,,,11,170000 Other Long term Assets,
Assets,Other Assets,Other Long term Assets,,,,432,,,,16,170000 Other Long term Assets,
Assets,Other Assets,Other Long term Assets,,,,432,,,,19,170000 Other Long term Assets,
Assets,Other Assets,Other Long term Assets,,,,432,,,,20,170000 Other Long term Assets,
Assets,Other Assets,Other Long term Assets,,,,432,,,,21,170000 Other Long term Assets,
Assets,Other Assets,Other Long term Assets,,,,432,,,,22,170000 Other Long term Assets,
Assets,Other Assets,Other Long term Assets,,,,432,,,,23,170000 Other Long term Assets,
Assets,Other Assets,Other Long term Assets,,,,432,,,,24,170000 Other Long term Assets,
Assets,Other Assets,Other Long term Assets,,,,432,,,,25,170000 Other Long term Assets,
Assets,Other Assets,Other Long term Assets,,,,432,,,,26,170000 Other Long term Assets,
Assets,Other Assets,Other Long term Assets,,,,432,,,,28,170000 Other Long term Assets,
Assets,Other Assets,Other Long term Assets,,,,432,,,,29,170000 Other Long term Assets,
Assets,Other Assets,Other Long term Assets,,,,432,,,,31,170000 Other Long term Assets,
Assets,Other Assets,Other Long term Assets,,,,432,,,,32,170000 Other Long term Assets,
Assets,Other Assets,Other Long term Assets,,,,432,,,,33,170000 Other Long term Assets,
Assets,Other Assets,Other Long term Assets,,,,432,,,,35,170000 Other Long term Assets,
Assets,Other Assets,Other Long term Assets,,,,432,,,,36,170000 Other Long term Assets,
Assets,Other Assets,Other Long term Assets,,,,432,,,,37,170000 Other Long term Assets,
Assets,Other Assets,Other Long term Assets,,,,432,,,,39,170000 Other Long term Assets,
Assets,Other Assets,Other Long term Assets,,,,432,,,,41,170000 Other Long term Assets,
Assets,Other Assets,Other Long term Assets,,,,432,,,,42,170000 Other Long term Assets,
Assets,Other Assets,Other Long term Assets,,,,432,,,,43,170000 Other Long term Assets,
Assets,Other Assets,Other Long term Assets,,,,432,,,,44,170000 Other Long term Assets,
Assets,Other Assets,Other Long term Assets,,,,432,,,,45,170000 Other Long term Assets,
Assets,Other Assets,Other Long term Assets,Security Deposits,,,433,,,,1,170500 Other Long term Assets : Security Deposits,
Assets,Other Assets,Other Long term Assets,Security Deposits,,,433,,,,2,170500 Other Long term Assets : Security Deposits,
Assets,Other Assets,Other Long term Assets,Security Deposits,,,433,,,,3,170500 Other Long term Assets : Security Deposits,
Assets,Other Assets,Other Long term Assets,Security Deposits,,,433,,,,4,170500 Other Long term Assets : Security Deposits,
Assets,Other Assets,Other Long term Assets,Security Deposits,,,433,,,,5,170500 Other Long term Assets : Security Deposits,
Assets,Other Assets,Other Long term Assets,Security Deposits,,,433,,,,6,170500 Other Long term Assets : Security Deposits,
Assets,Other Assets,Other Long term Assets,Security Deposits,,,433,,,,11,170500 Other Long term Assets : Security Deposits,
Assets,Other Assets,Other Long term Assets,Security Deposits,,,433,,,,16,170500 Other Long term Assets : Security Deposits,
Assets,Other Assets,Other Long term Assets,Security Deposits,,,433,,,,19,170500 Other Long term Assets : Security Deposits,
Assets,Other Assets,Other Long term Assets,Security Deposits,,,433,,,,20,170500 Other Long term Assets : Security Deposits,
Assets,Other Assets,Other Long term Assets,Security Deposits,,,433,,,,21,170500 Other Long term Assets : Security Deposits,
Assets,Other Assets,Other Long term Assets,Security Deposits,,,433,,,,22,170500 Other Long term Assets : Security Deposits,
Assets,Other Assets,Other Long term Assets,Security Deposits,,,433,,,,23,170500 Other Long term Assets : Security Deposits,
Assets,Other Assets,Other Long term Assets,Security Deposits,,,433,,,,24,170500 Other Long term Assets : Security Deposits,
Assets,Other Assets,Other Long term Assets,Security Deposits,,,433,,,,25,170500 Other Long term Assets : Security Deposits,
Assets,Other Assets,Other Long term Assets,Security Deposits,,,433,,,,26,170500 Other Long term Assets : Security Deposits,
Assets,Other Assets,Other Long term Assets,Security Deposits,,,433,,,,28,170500 Other Long term Assets : Security Deposits,
Assets,Other Assets,Other Long term Assets,Security Deposits,,,433,,,,29,170500 Other Long term Assets : Security Deposits,
Assets,Other Assets,Other Long term Assets,Security Deposits,,,433,,,,31,170500 Other Long term Assets : Security Deposits,
Assets,Other Assets,Other Long term Assets,Security Deposits,,,433,,,,32,170500 Other Long term Assets : Security Deposits,
Assets,Other Assets,Other Long term Assets,Security Deposits,,,433,,,,33,170500 Other Long term Assets : Security Deposits,
Assets,Other Assets,Other Long term Assets,Security Deposits,,,433,,,,35,170500 Other Long term Assets : Security Deposits,
Assets,Other Assets,Other Long term Assets,Security Deposits,,,433,,,,36,170500 Other Long term Assets : Security Deposits,
Assets,Other Assets,Other Long term Assets,Security Deposits,,,433,,,,37,170500 Other Long term Assets : Security Deposits,
Assets,Other Assets,Other Long term Assets,Security Deposits,,,433,,,,39,170500 Other Long term Assets : Security Deposits,
Assets,Other Assets,Other Long term Assets,Security Deposits,,,433,,,,41,170500 Other Long term Assets : Security Deposits,
Assets,Other Assets,Other Long term Assets,Security Deposits,,,433,,,,42,170500 Other Long term Assets : Security Deposits,
Assets,Other Assets,Other Long term Assets,Security Deposits,,,433,,,,43,170500 Other Long term Assets : Security Deposits,
Assets,Other Assets,Other Long term Assets,Security Deposits,,,433,,,,44,170500 Other Long term Assets : Security Deposits,
Assets,Other Assets,Other Long term Assets,Security Deposits,,,433,,,,45,170500 Other Long term Assets : Security Deposits,
Liabilities,Other Current Liabilities,Other Current Liabilities,,,,434,,,,1,280000 Other Current Liabilities,
Liabilities,Other Current Liabilities,Other Current Liabilities,,,,434,,,,2,280000 Other Current Liabilities,
Liabilities,Other Current Liabilities,Other Current Liabilities,,,,434,,,,3,280000 Other Current Liabilities,
Liabilities,Other Current Liabilities,Other Current Liabilities,,,,434,,,,4,280000 Other Current Liabilities,
Liabilities,Other Current Liabilities,Other Current Liabilities,,,,434,,,,5,280000 Other Current Liabilities,
Liabilities,Other Current Liabilities,Other Current Liabilities,,,,434,,,,6,280000 Other Current Liabilities,
Liabilities,Other Current Liabilities,Other Current Liabilities,,,,434,,,,11,280000 Other Current Liabilities,
Liabilities,Other Current Liabilities,Other Current Liabilities,,,,434,,,,16,280000 Other Current Liabilities,
Liabilities,Other Current Liabilities,Other Current Liabilities,,,,434,,,,19,280000 Other Current Liabilities,
Liabilities,Other Current Liabilities,Other Current Liabilities,,,,434,,,,20,280000 Other Current Liabilities,
Liabilities,Other Current Liabilities,Other Current Liabilities,,,,434,,,,21,280000 Other Current Liabilities,
Liabilities,Other Current Liabilities,Other Current Liabilities,,,,434,,,,22,280000 Other Current Liabilities,
Liabilities,Other Current Liabilities,Other Current Liabilities,,,,434,,,,23,280000 Other Current Liabilities,
Liabilities,Other Current Liabilities,Other Current Liabilities,,,,434,,,,24,280000 Other Current Liabilities,
Liabilities,Other Current Liabilities,Other Current Liabilities,,,,434,,,,25,280000 Other Current Liabilities,
Liabilities,Other Current Liabilities,Other Current Liabilities,,,,434,,,,26,280000 Other Current Liabilities,
Liabilities,Other Current Liabilities,Other Current Liabilities,,,,434,,,,28,280000 Other Current Liabilities,
Liabilities,Other Current Liabilities,Other Current Liabilities,,,,434,,,,29,280000 Other Current Liabilities,
Liabilities,Other Current Liabilities,Other Current Liabilities,,,,434,,,,31,280000 Other Current Liabilities,
Liabilities,Other Current Liabilities,Other Current Liabilities,,,,434,,,,32,280000 Other Current Liabilities,
Liabilities,Other Current Liabilities,Other Current Liabilities,,,,434,,,,33,280000 Other Current Liabilities,
Liabilities,Other Current Liabilities,Other Current Liabilities,,,,434,,,,35,280000 Other Current Liabilities,
Liabilities,Other Current Liabilities,Other Current Liabilities,,,,434,,,,36,280000 Other Current Liabilities,
Liabilities,Other Current Liabilities,Other Current Liabilities,,,,434,,,,37,280000 Other Current Liabilities,
Liabilities,Other Current Liabilities,Other Current Liabilities,,,,434,,,,39,280000 Other Current Liabilities,
Liabilities,Other Current Liabilities,Other Current Liabilities,,,,434,,,,41,280000 Other Current Liabilities,
Liabilities,Other Current Liabilities,Other Current Liabilities,,,,434,,,,42,280000 Other Current Liabilities,
Liabilities,Other Current Liabilities,Other Current Liabilities,,,,434,,,,43,280000 Other Current Liabilities,
Liabilities,Other Current Liabilities,Other Current Liabilities,,,,434,,,,44,280000 Other Current Liabilities,
Liabilities,Other Current Liabilities,Other Current Liabilities,,,,434,,,,45,280000 Other Current Liabilities,
Liabilities,Other Current Liabilities,Deferred Revenue,,,,435,,,,1,230000 Deferred Revenue,
Liabilities,Other Current Liabilities,Deferred Revenue,,,,435,,,,2,230000 Deferred Revenue,
Liabilities,Other Current Liabilities,Deferred Revenue,,,,435,,,,3,230000 Deferred Revenue,
Liabilities,Other Current Liabilities,Deferred Revenue,,,,435,,,,4,230000 Deferred Revenue,
Liabilities,Other Current Liabilities,Deferred Revenue,,,,435,,,,5,230000 Deferred Revenue,
Liabilities,Other Current Liabilities,Deferred Revenue,,,,435,,,,6,230000 Deferred Revenue,
Liabilities,Other Current Liabilities,Deferred Revenue,,,,435,,,,11,230000 Deferred Revenue,
Liabilities,Other Current Liabilities,Deferred Revenue,,,,435,,,,16,230000 Deferred Revenue,
Liabilities,Other Current Liabilities,Deferred Revenue,,,,435,,,,19,230000 Deferred Revenue,
Liabilities,Other Current Liabilities,Deferred Revenue,,,,435,,,,20,230000 Deferred Revenue,
Liabilities,Other Current Liabilities,Deferred Revenue,,,,435,,,,21,230000 Deferred Revenue,
Liabilities,Other Current Liabilities,Deferred Revenue,,,,435,,,,22,230000 Deferred Revenue,
Liabilities,Other Current Liabilities,Deferred Revenue,,,,435,,,,23,230000 Deferred Revenue,
Liabilities,Other Current Liabilities,Deferred Revenue,,,,435,,,,24,230000 Deferred Revenue,
Liabilities,Other Current Liabilities,Deferred Revenue,,,,435,,,,25,230000 Deferred Revenue,
Liabilities,Other Current Liabilities,Deferred Revenue,,,,435,,,,26,230000 Deferred Revenue,
Liabilities,Other Current Liabilities,Deferred Revenue,,,,435,,,,28,230000 Deferred Revenue,
Liabilities,Other Current Liabilities,Deferred Revenue,,,,435,,,,29,230000 Deferred Revenue,
Liabilities,Other Current Liabilities,Deferred Revenue,,,,435,,,,31,230000 Deferred Revenue,
Liabilities,Other Current Liabilities,Deferred Revenue,,,,435,,,,32,230000 Deferred Revenue,
Liabilities,Other Current Liabilities,Deferred Revenue,,,,435,,,,33,230000 Deferred Revenue,
Liabilities,Other Current Liabilities,Deferred Revenue,,,,435,,,,35,230000 Deferred Revenue,
Liabilities,Other Current Liabilities,Deferred Revenue,,,,435,,,,36,230000 Deferred Revenue,
Liabilities,Other Current Liabilities,Deferred Revenue,,,,435,,,,37,230000 Deferred Revenue,
Liabilities,Other Current Liabilities,Deferred Revenue,,,,435,,,,39,230000 Deferred Revenue,
Liabilities,Other Current Liabilities,Deferred Revenue,,,,435,,,,41,230000 Deferred Revenue,
Liabilities,Other Current Liabilities,Deferred Revenue,,,,435,,,,42,230000 Deferred Revenue,
Liabilities,Other Current Liabilities,Deferred Revenue,,,,435,,,,43,230000 Deferred Revenue,
Liabilities,Other Current Liabilities,Deferred Revenue,,,,435,,,,44,230000 Deferred Revenue,
Liabilities,Other Current Liabilities,Deferred Revenue,,,,435,,,,45,230000 Deferred Revenue,
Liabilities,Other Current Liabilities,Deferred Revenue,Gift Cards,,,436,,,,1,230500 Deferred Revenue : Gift Cards,
Liabilities,Other Current Liabilities,Deferred Revenue,Gift Cards,,,436,,,,2,230500 Deferred Revenue : Gift Cards,
Liabilities,Other Current Liabilities,Deferred Revenue,Gift Cards,,,436,,,,3,230500 Deferred Revenue : Gift Cards,
Liabilities,Other Current Liabilities,Deferred Revenue,Gift Cards,,,436,,,,4,230500 Deferred Revenue : Gift Cards,
Liabilities,Other Current Liabilities,Deferred Revenue,Gift Cards,,,436,,,,5,230500 Deferred Revenue : Gift Cards,
Liabilities,Other Current Liabilities,Deferred Revenue,Gift Cards,,,436,,,,6,230500 Deferred Revenue : Gift Cards,
Liabilities,Other Current Liabilities,Deferred Revenue,Gift Cards,,,436,,,,11,230500 Deferred Revenue : Gift Cards,
Liabilities,Other Current Liabilities,Deferred Revenue,Gift Cards,,,436,,,,16,230500 Deferred Revenue : Gift Cards,
Liabilities,Other Current Liabilities,Deferred Revenue,Gift Cards,,,436,,,,19,230500 Deferred Revenue : Gift Cards,
Liabilities,Other Current Liabilities,Deferred Revenue,Gift Cards,,,436,,,,20,230500 Deferred Revenue : Gift Cards,
Liabilities,Other Current Liabilities,Deferred Revenue,Gift Cards,,,436,,,,21,230500 Deferred Revenue : Gift Cards,
Liabilities,Other Current Liabilities,Deferred Revenue,Gift Cards,,,436,,,,22,230500 Deferred Revenue : Gift Cards,
Liabilities,Other Current Liabilities,Deferred Revenue,Gift Cards,,,436,,,,23,230500 Deferred Revenue : Gift Cards,
Liabilities,Other Current Liabilities,Deferred Revenue,Gift Cards,,,436,,,,24,230500 Deferred Revenue : Gift Cards,
Liabilities,Other Current Liabilities,Deferred Revenue,Gift Cards,,,436,,,,25,230500 Deferred Revenue : Gift Cards,
Liabilities,Other Current Liabilities,Deferred Revenue,Gift Cards,,,436,,,,26,230500 Deferred Revenue : Gift Cards,
Liabilities,Other Current Liabilities,Deferred Revenue,Gift Cards,,,436,,,,28,230500 Deferred Revenue : Gift Cards,
Liabilities,Other Current Liabilities,Deferred Revenue,Gift Cards,,,436,,,,29,230500 Deferred Revenue : Gift Cards,
Liabilities,Other Current Liabilities,Deferred Revenue,Gift Cards,,,436,,,,31,230500 Deferred Revenue : Gift Cards,
Liabilities,Other Current Liabilities,Deferred Revenue,Gift Cards,,,436,,,,32,230500 Deferred Revenue : Gift Cards,
Liabilities,Other Current Liabilities,Deferred Revenue,Gift Cards,,,436,,,,33,230500 Deferred Revenue : Gift Cards,
Liabilities,Other Current Liabilities,Deferred Revenue,Gift Cards,,,436,,,,35,230500 Deferred Revenue : Gift Cards,
Liabilities,Other Current Liabilities,Deferred Revenue,Gift Cards,,,436,,,,36,230500 Deferred Revenue : Gift Cards,
Liabilities,Other Current Liabilities,Deferred Revenue,Gift Cards,,,436,,,,37,230500 Deferred Revenue : Gift Cards,
Liabilities,Other Current Liabilities,Deferred Revenue,Gift Cards,,,436,,,,39,230500 Deferred Revenue : Gift Cards,
Liabilities,Other Current Liabilities,Deferred Revenue,Gift Cards,,,436,,,,41,230500 Deferred Revenue : Gift Cards,
Liabilities,Other Current Liabilities,Deferred Revenue,Gift Cards,,,436,,,,42,230500 Deferred Revenue : Gift Cards,
Liabilities,Other Current Liabilities,Deferred Revenue,Gift Cards,,,436,,,,43,230500 Deferred Revenue : Gift Cards,
Liabilities,Other Current Liabilities,Deferred Revenue,Gift Cards,,,436,,,,44,230500 Deferred Revenue : Gift Cards,
Liabilities,Other Current Liabilities,Deferred Revenue,Gift Cards,,,436,,,,45,230500 Deferred Revenue : Gift Cards,
Liabilities,Other Current Liabilities,Deferred Revenue,Memberships,,,437,,,,1,231000 Deferred Revenue : Memberships,
Liabilities,Other Current Liabilities,Deferred Revenue,Memberships,,,437,,,,2,231000 Deferred Revenue : Memberships,
Liabilities,Other Current Liabilities,Deferred Revenue,Memberships,,,437,,,,3,231000 Deferred Revenue : Memberships,
Liabilities,Other Current Liabilities,Deferred Revenue,Memberships,,,437,,,,4,231000 Deferred Revenue : Memberships,
Liabilities,Other Current Liabilities,Deferred Revenue,Memberships,,,437,,,,5,231000 Deferred Revenue : Memberships,
Liabilities,Other Current Liabilities,Deferred Revenue,Memberships,,,437,,,,6,231000 Deferred Revenue : Memberships,
Liabilities,Other Current Liabilities,Deferred Revenue,Memberships,,,437,,,,11,231000 Deferred Revenue : Memberships,
Liabilities,Other Current Liabilities,Deferred Revenue,Memberships,,,437,,,,16,231000 Deferred Revenue : Memberships,
Liabilities,Other Current Liabilities,Deferred Revenue,Memberships,,,437,,,,19,231000 Deferred Revenue : Memberships,
Liabilities,Other Current Liabilities,Deferred Revenue,Memberships,,,437,,,,20,231000 Deferred Revenue : Memberships,
Liabilities,Other Current Liabilities,Deferred Revenue,Memberships,,,437,,,,21,231000 Deferred Revenue : Memberships,
Liabilities,Other Current Liabilities,Deferred Revenue,Memberships,,,437,,,,22,231000 Deferred Revenue : Memberships,
Liabilities,Other Current Liabilities,Deferred Revenue,Memberships,,,437,,,,23,231000 Deferred Revenue : Memberships,
Liabilities,Other Current Liabilities,Deferred Revenue,Memberships,,,437,,,,24,231000 Deferred Revenue : Memberships,
Liabilities,Other Current Liabilities,Deferred Revenue,Memberships,,,437,,,,25,231000 Deferred Revenue : Memberships,
Liabilities,Other Current Liabilities,Deferred Revenue,Memberships,,,437,,,,26,231000 Deferred Revenue : Memberships,
Liabilities,Other Current Liabilities,Deferred Revenue,Memberships,,,437,,,,28,231000 Deferred Revenue : Memberships,
Liabilities,Other Current Liabilities,Deferred Revenue,Memberships,,,437,,,,29,231000 Deferred Revenue : Memberships,
Liabilities,Other Current Liabilities,Deferred Revenue,Memberships,,,437,,,,31,231000 Deferred Revenue : Memberships,
Liabilities,Other Current Liabilities,Deferred Revenue,Memberships,,,437,,,,32,231000 Deferred Revenue : Memberships,
Liabilities,Other Current Liabilities,Deferred Revenue,Memberships,,,437,,,,33,231000 Deferred Revenue : Memberships,
Liabilities,Other Current Liabilities,Deferred Revenue,Memberships,,,437,,,,35,231000 Deferred Revenue : Memberships,
Liabilities,Other Current Liabilities,Deferred Revenue,Memberships,,,437,,,,36,231000 Deferred Revenue : Memberships,
Liabilities,Other Current Liabilities,Deferred Revenue,Memberships,,,437,,,,37,231000 Deferred Revenue : Memberships,
Liabilities,Other Current Liabilities,Deferred Revenue,Memberships,,,437,,,,39,231000 Deferred Revenue : Memberships,
Liabilities,Other Current Liabilities,Deferred Revenue,Memberships,,,437,,,,41,231000 Deferred Revenue : Memberships,
Liabilities,Other Current Liabilities,Deferred Revenue,Memberships,,,437,,,,42,231000 Deferred Revenue : Memberships,
Liabilities,Other Current Liabilities,Deferred Revenue,Memberships,,,437,,,,43,231000 Deferred Revenue : Memberships,
Liabilities,Other Current Liabilities,Deferred Revenue,Memberships,,,437,,,,44,231000 Deferred Revenue : Memberships,
Liabilities,Other Current Liabilities,Deferred Revenue,Memberships,,,437,,,,45,231000 Deferred Revenue : Memberships,
Liabilities,Other Current Liabilities,Deferred Revenue,Packages,,,438,,,,1,231500 Deferred Revenue : Packages,
Liabilities,Other Current Liabilities,Deferred Revenue,Packages,,,438,,,,2,231500 Deferred Revenue : Packages,
Liabilities,Other Current Liabilities,Deferred Revenue,Packages,,,438,,,,3,231500 Deferred Revenue : Packages,
Liabilities,Other Current Liabilities,Deferred Revenue,Packages,,,438,,,,4,231500 Deferred Revenue : Packages,
Liabilities,Other Current Liabilities,Deferred Revenue,Packages,,,438,,,,5,231500 Deferred Revenue : Packages,
Liabilities,Other Current Liabilities,Deferred Revenue,Packages,,,438,,,,6,231500 Deferred Revenue : Packages,
Liabilities,Other Current Liabilities,Deferred Revenue,Packages,,,438,,,,11,231500 Deferred Revenue : Packages,
Liabilities,Other Current Liabilities,Deferred Revenue,Packages,,,438,,,,16,231500 Deferred Revenue : Packages,
Liabilities,Other Current Liabilities,Deferred Revenue,Packages,,,438,,,,19,231500 Deferred Revenue : Packages,
Liabilities,Other Current Liabilities,Deferred Revenue,Packages,,,438,,,,20,231500 Deferred Revenue : Packages,
Liabilities,Other Current Liabilities,Deferred Revenue,Packages,,,438,,,,21,231500 Deferred Revenue : Packages,
Liabilities,Other Current Liabilities,Deferred Revenue,Packages,,,438,,,,22,231500 Deferred Revenue : Packages,
Liabilities,Other Current Liabilities,Deferred Revenue,Packages,,,438,,,,23,231500 Deferred Revenue : Packages,
Liabilities,Other Current Liabilities,Deferred Revenue,Packages,,,438,,,,24,231500 Deferred Revenue : Packages,
Liabilities,Other Current Liabilities,Deferred Revenue,Packages,,,438,,,,25,231500 Deferred Revenue : Packages,
Liabilities,Other Current Liabilities,Deferred Revenue,Packages,,,438,,,,26,231500 Deferred Revenue : Packages,
Liabilities,Other Current Liabilities,Deferred Revenue,Packages,,,438,,,,28,231500 Deferred Revenue : Packages,
Liabilities,Other Current Liabilities,Deferred Revenue,Packages,,,438,,,,29,231500 Deferred Revenue : Packages,
Liabilities,Other Current Liabilities,Deferred Revenue,Packages,,,438,,,,31,231500 Deferred Revenue : Packages,
Liabilities,Other Current Liabilities,Deferred Revenue,Packages,,,438,,,,32,231500 Deferred Revenue : Packages,
Liabilities,Other Current Liabilities,Deferred Revenue,Packages,,,438,,,,33,231500 Deferred Revenue : Packages,
Liabilities,Other Current Liabilities,Deferred Revenue,Packages,,,438,,,,35,231500 Deferred Revenue : Packages,
Liabilities,Other Current Liabilities,Deferred Revenue,Packages,,,438,,,,36,231500 Deferred Revenue : Packages,
Liabilities,Other Current Liabilities,Deferred Revenue,Packages,,,438,,,,37,231500 Deferred Revenue : Packages,
Liabilities,Other Current Liabilities,Deferred Revenue,Packages,,,438,,,,39,231500 Deferred Revenue : Packages,
Liabilities,Other Current Liabilities,Deferred Revenue,Packages,,,438,,,,41,231500 Deferred Revenue : Packages,
Liabilities,Other Current Liabilities,Deferred Revenue,Packages,,,438,,,,42,231500 Deferred Revenue : Packages,
Liabilities,Other Current Liabilities,Deferred Revenue,Packages,,,438,,,,43,231500 Deferred Revenue : Packages,
Liabilities,Other Current Liabilities,Deferred Revenue,Packages,,,438,,,,44,231500 Deferred Revenue : Packages,
Liabilities,Other Current Liabilities,Deferred Revenue,Packages,,,438,,,,45,231500 Deferred Revenue : Packages,
Liabilities,Other Current Liabilities,Employee Reimbursement,,,,439,,,,1,240000 Employee Reimbursement,
Liabilities,Other Current Liabilities,Employee Reimbursement,,,,439,,,,2,240000 Employee Reimbursement,
Liabilities,Other Current Liabilities,Employee Reimbursement,,,,439,,,,3,240000 Employee Reimbursement,
Liabilities,Other Current Liabilities,Employee Reimbursement,,,,439,,,,4,240000 Employee Reimbursement,
Liabilities,Other Current Liabilities,Employee Reimbursement,,,,439,,,,5,240000 Employee Reimbursement,
Liabilities,Other Current Liabilities,Employee Reimbursement,,,,439,,,,6,240000 Employee Reimbursement,
Liabilities,Other Current Liabilities,Employee Reimbursement,,,,439,,,,11,240000 Employee Reimbursement,
Liabilities,Other Current Liabilities,Employee Reimbursement,,,,439,,,,16,240000 Employee Reimbursement,
Liabilities,Other Current Liabilities,Employee Reimbursement,,,,439,,,,19,240000 Employee Reimbursement,
Liabilities,Other Current Liabilities,Employee Reimbursement,,,,439,,,,20,240000 Employee Reimbursement,
Liabilities,Other Current Liabilities,Employee Reimbursement,,,,439,,,,21,240000 Employee Reimbursement,
Liabilities,Other Current Liabilities,Employee Reimbursement,,,,439,,,,22,240000 Employee Reimbursement,
Liabilities,Other Current Liabilities,Employee Reimbursement,,,,439,,,,23,240000 Employee Reimbursement,
Liabilities,Other Current Liabilities,Employee Reimbursement,,,,439,,,,24,240000 Employee Reimbursement,
Liabilities,Other Current Liabilities,Employee Reimbursement,,,,439,,,,25,240000 Employee Reimbursement,
Liabilities,Other Current Liabilities,Employee Reimbursement,,,,439,,,,26,240000 Employee Reimbursement,
Liabilities,Other Current Liabilities,Employee Reimbursement,,,,439,,,,28,240000 Employee Reimbursement,
Liabilities,Other Current Liabilities,Employee Reimbursement,,,,439,,,,29,240000 Employee Reimbursement,
Liabilities,Other Current Liabilities,Employee Reimbursement,,,,439,,,,31,240000 Employee Reimbursement,
Liabilities,Other Current Liabilities,Employee Reimbursement,,,,439,,,,32,240000 Employee Reimbursement,
Liabilities,Other Current Liabilities,Employee Reimbursement,,,,439,,,,33,240000 Employee Reimbursement,
Liabilities,Other Current Liabilities,Employee Reimbursement,,,,439,,,,35,240000 Employee Reimbursement,
Liabilities,Other Current Liabilities,Employee Reimbursement,,,,439,,,,36,240000 Employee Reimbursement,
Liabilities,Other Current Liabilities,Employee Reimbursement,,,,439,,,,37,240000 Employee Reimbursement,
Liabilities,Other Current Liabilities,Employee Reimbursement,,,,439,,,,39,240000 Employee Reimbursement,
Liabilities,Other Current Liabilities,Employee Reimbursement,,,,439,,,,41,240000 Employee Reimbursement,
Liabilities,Other Current Liabilities,Employee Reimbursement,,,,439,,,,42,240000 Employee Reimbursement,
Liabilities,Other Current Liabilities,Employee Reimbursement,,,,439,,,,43,240000 Employee Reimbursement,
Liabilities,Other Current Liabilities,Employee Reimbursement,,,,439,,,,44,240000 Employee Reimbursement,
Liabilities,Other Current Liabilities,Employee Reimbursement,,,,439,,,,45,240000 Employee Reimbursement,
Liabilities,Other Current Liabilities,Accrued Expenses,,,,440,,,,1,250000 Accrued Expenses,
Liabilities,Other Current Liabilities,Accrued Expenses,,,,440,,,,2,250000 Accrued Expenses,
Liabilities,Other Current Liabilities,Accrued Expenses,,,,440,,,,3,250000 Accrued Expenses,
Liabilities,Other Current Liabilities,Accrued Expenses,,,,440,,,,4,250000 Accrued Expenses,
Liabilities,Other Current Liabilities,Accrued Expenses,,,,440,,,,5,250000 Accrued Expenses,
Liabilities,Other Current Liabilities,Accrued Expenses,,,,440,,,,6,250000 Accrued Expenses,
Liabilities,Other Current Liabilities,Accrued Expenses,,,,440,,,,11,250000 Accrued Expenses,
Liabilities,Other Current Liabilities,Accrued Expenses,,,,440,,,,16,250000 Accrued Expenses,
Liabilities,Other Current Liabilities,Accrued Expenses,,,,440,,,,19,250000 Accrued Expenses,
Liabilities,Other Current Liabilities,Accrued Expenses,,,,440,,,,20,250000 Accrued Expenses,
Liabilities,Other Current Liabilities,Accrued Expenses,,,,440,,,,21,250000 Accrued Expenses,
Liabilities,Other Current Liabilities,Accrued Expenses,,,,440,,,,22,250000 Accrued Expenses,
Liabilities,Other Current Liabilities,Accrued Expenses,,,,440,,,,23,250000 Accrued Expenses,
Liabilities,Other Current Liabilities,Accrued Expenses,,,,440,,,,24,250000 Accrued Expenses,
Liabilities,Other Current Liabilities,Accrued Expenses,,,,440,,,,25,250000 Accrued Expenses,
Liabilities,Other Current Liabilities,Accrued Expenses,,,,440,,,,26,250000 Accrued Expenses,
Liabilities,Other Current Liabilities,Accrued Expenses,,,,440,,,,28,250000 Accrued Expenses,
Liabilities,Other Current Liabilities,Accrued Expenses,,,,440,,,,29,250000 Accrued Expenses,
Liabilities,Other Current Liabilities,Accrued Expenses,,,,440,,,,31,250000 Accrued Expenses,
Liabilities,Other Current Liabilities,Accrued Expenses,,,,440,,,,32,250000 Accrued Expenses,
Liabilities,Other Current Liabilities,Accrued Expenses,,,,440,,,,33,250000 Accrued Expenses,
Liabilities,Other Current Liabilities,Accrued Expenses,,,,440,,,,35,250000 Accrued Expenses,
Liabilities,Other Current Liabilities,Accrued Expenses,,,,440,,,,36,250000 Accrued Expenses,
Liabilities,Other Current Liabilities,Accrued Expenses,,,,440,,,,37,250000 Accrued Expenses,
Liabilities,Other Current Liabilities,Accrued Expenses,,,,440,,,,39,250000 Accrued Expenses,
Liabilities,Other Current Liabilities,Accrued Expenses,,,,440,,,,41,250000 Accrued Expenses,
Liabilities,Other Current Liabilities,Accrued Expenses,,,,440,,,,42,250000 Accrued Expenses,
Liabilities,Other Current Liabilities,Accrued Expenses,,,,440,,,,43,250000 Accrued Expenses,
Liabilities,Other Current Liabilities,Accrued Expenses,,,,440,,,,44,250000 Accrued Expenses,
Liabilities,Other Current Liabilities,Accrued Expenses,,,,440,,,,45,250000 Accrued Expenses,
Liabilities,Other Current Liabilities,Payroll Liabilities,,,,441,,,,1,260000 Payroll Liabilities,
Liabilities,Other Current Liabilities,Payroll Liabilities,,,,441,,,,2,260000 Payroll Liabilities,
Liabilities,Other Current Liabilities,Payroll Liabilities,,,,441,,,,3,260000 Payroll Liabilities,
Liabilities,Other Current Liabilities,Payroll Liabilities,,,,441,,,,4,260000 Payroll Liabilities,
Liabilities,Other Current Liabilities,Payroll Liabilities,,,,441,,,,5,260000 Payroll Liabilities,
Liabilities,Other Current Liabilities,Payroll Liabilities,,,,441,,,,6,260000 Payroll Liabilities,
Liabilities,Other Current Liabilities,Payroll Liabilities,,,,441,,,,11,260000 Payroll Liabilities,
Liabilities,Other Current Liabilities,Payroll Liabilities,,,,441,,,,16,260000 Payroll Liabilities,
Liabilities,Other Current Liabilities,Payroll Liabilities,,,,441,,,,19,260000 Payroll Liabilities,
Liabilities,Other Current Liabilities,Payroll Liabilities,,,,441,,,,20,260000 Payroll Liabilities,
Liabilities,Other Current Liabilities,Payroll Liabilities,,,,441,,,,21,260000 Payroll Liabilities,
Liabilities,Other Current Liabilities,Payroll Liabilities,,,,441,,,,22,260000 Payroll Liabilities,
Liabilities,Other Current Liabilities,Payroll Liabilities,,,,441,,,,23,260000 Payroll Liabilities,
Liabilities,Other Current Liabilities,Payroll Liabilities,,,,441,,,,24,260000 Payroll Liabilities,
Liabilities,Other Current Liabilities,Payroll Liabilities,,,,441,,,,25,260000 Payroll Liabilities,
Liabilities,Other Current Liabilities,Payroll Liabilities,,,,441,,,,26,260000 Payroll Liabilities,
Liabilities,Other Current Liabilities,Payroll Liabilities,,,,441,,,,28,260000 Payroll Liabilities,
Liabilities,Other Current Liabilities,Payroll Liabilities,,,,441,,,,29,260000 Payroll Liabilities,
Liabilities,Other Current Liabilities,Payroll Liabilities,,,,441,,,,31,260000 Payroll Liabilities,
Liabilities,Other Current Liabilities,Payroll Liabilities,,,,441,,,,32,260000 Payroll Liabilities,
Liabilities,Other Current Liabilities,Payroll Liabilities,,,,441,,,,33,260000 Payroll Liabilities,
Liabilities,Other Current Liabilities,Payroll Liabilities,,,,441,,,,35,260000 Payroll Liabilities,
Liabilities,Other Current Liabilities,Payroll Liabilities,,,,441,,,,36,260000 Payroll Liabilities,
Liabilities,Other Current Liabilities,Payroll Liabilities,,,,441,,,,37,260000 Payroll Liabilities,
Liabilities,Other Current Liabilities,Payroll Liabilities,,,,441,,,,39,260000 Payroll Liabilities,
Liabilities,Other Current Liabilities,Payroll Liabilities,,,,441,,,,41,260000 Payroll Liabilities,
Liabilities,Other Current Liabilities,Payroll Liabilities,,,,441,,,,42,260000 Payroll Liabilities,
Liabilities,Other Current Liabilities,Payroll Liabilities,,,,441,,,,43,260000 Payroll Liabilities,
Liabilities,Other Current Liabilities,Payroll Liabilities,,,,441,,,,44,260000 Payroll Liabilities,
Liabilities,Other Current Liabilities,Payroll Liabilities,,,,441,,,,45,260000 Payroll Liabilities,
,,,,,,442,,,,1,270000 Accrued Taxes,
,,,,,,442,,,,2,270000 Accrued Taxes,
,,,,,,442,,,,3,270000 Accrued Taxes,
,,,,,,442,,,,4,270000 Accrued Taxes,
,,,,,,442,,,,5,270000 Accrued Taxes,
,,,,,,442,,,,6,270000 Accrued Taxes,
,,,,,,442,,,,11,270000 Accrued Taxes,
,,,,,,442,,,,16,270000 Accrued Taxes,
,,,,,,442,,,,19,270000 Accrued Taxes,
,,,,,,442,,,,20,270000 Accrued Taxes,
,,,,,,442,,,,21,270000 Accrued Taxes,
,,,,,,442,,,,22,270000 Accrued Taxes,
,,,,,,442,,,,23,270000 Accrued Taxes,
,,,,,,442,,,,24,270000 Accrued Taxes,
,,,,,,442,,,,25,270000 Accrued Taxes,
,,,,,,442,,,,26,270000 Accrued Taxes,
,,,,,,442,,,,28,270000 Accrued Taxes,
,,,,,,442,,,,29,270000 Accrued Taxes,
,,,,,,442,,,,31,270000 Accrued Taxes,
,,,,,,442,,,,32,270000 Accrued Taxes,
,,,,,,442,,,,33,270000 Accrued Taxes,
,,,,,,442,,,,35,270000 Accrued Taxes,
,,,,,,442,,,,36,270000 Accrued Taxes,
,,,,,,442,,,,37,270000 Accrued Taxes,
,,,,,,442,,,,39,270000 Accrued Taxes,
,,,,,,442,,,,41,270000 Accrued Taxes,
,,,,,,442,,,,42,270000 Accrued Taxes,
,,,,,,442,,,,43,270000 Accrued Taxes,
,,,,,,442,,,,44,270000 Accrued Taxes,
,,,,,,442,,,,45,270000 Accrued Taxes,
,,,,,,443,,,,1,270500 Accrued Taxes : Accrued Sales Tax,
,,,,,,443,,,,2,270500 Accrued Taxes : Accrued Sales Tax,
,,,,,,443,,,,3,270500 Accrued Taxes : Accrued Sales Tax,
,,,,,,443,,,,4,270500 Accrued Taxes : Accrued Sales Tax,
,,,,,,443,,,,5,270500 Accrued Taxes : Accrued Sales Tax,
,,,,,,443,,,,6,270500 Accrued Taxes : Accrued Sales Tax,
,,,,,,443,,,,11,270500 Accrued Taxes : Accrued Sales Tax,
,,,,,,443,,,,16,270500 Accrued Taxes : Accrued Sales Tax,
,,,,,,443,,,,19,270500 Accrued Taxes : Accrued Sales Tax,
,,,,,,443,,,,20,270500 Accrued Taxes : Accrued Sales Tax,
,,,,,,443,,,,21,270500 Accrued Taxes : Accrued Sales Tax,
,,,,,,443,,,,22,270500 Accrued Taxes : Accrued Sales Tax,
,,,,,,443,,,,23,270500 Accrued Taxes : Accrued Sales Tax,
,,,,,,443,,,,24,270500 Accrued Taxes : Accrued Sales Tax,
,,,,,,443,,,,25,270500 Accrued Taxes : Accrued Sales Tax,
,,,,,,443,,,,26,270500 Accrued Taxes : Accrued Sales Tax,
,,,,,,443,,,,28,270500 Accrued Taxes : Accrued Sales Tax,
,,,,,,443,,,,29,270500 Accrued Taxes : Accrued Sales Tax,
,,,,,,443,,,,31,270500 Accrued Taxes : Accrued Sales Tax,
,,,,,,443,,,,32,270500 Accrued Taxes : Accrued Sales Tax,
,,,,,,443,,,,33,270500 Accrued Taxes : Accrued Sales Tax,
,,,,,,443,,,,35,270500 Accrued Taxes : Accrued Sales Tax,
,,,,,,443,,,,36,270500 Accrued Taxes : Accrued Sales Tax,
,,,,,,443,,,,37,270500 Accrued Taxes : Accrued Sales Tax,
,,,,,,443,,,,39,270500 Accrued Taxes : Accrued Sales Tax,
,,,,,,443,,,,41,270500 Accrued Taxes : Accrued Sales Tax,
,,,,,,443,,,,42,270500 Accrued Taxes : Accrued Sales Tax,
,,,,,,443,,,,43,270500 Accrued Taxes : Accrued Sales Tax,
,,,,,,443,,,,44,270500 Accrued Taxes : Accrued Sales Tax,
,,,,,,443,,,,45,270500 Accrued Taxes : Accrued Sales Tax,
,,,,,,444,,,,1,271015 Accrued Taxes : Accrued Sales Tax : Accrued Income Taxes - State IL,
,,,,,,444,,,,2,271015 Accrued Taxes : Accrued Sales Tax : Accrued Income Taxes - State IL,
,,,,,,444,,,,3,271015 Accrued Taxes : Accrued Sales Tax : Accrued Income Taxes - State IL,
,,,,,,444,,,,4,271015 Accrued Taxes : Accrued Sales Tax : Accrued Income Taxes - State IL,
,,,,,,444,,,,5,271015 Accrued Taxes : Accrued Sales Tax : Accrued Income Taxes - State IL,
,,,,,,444,,,,6,271015 Accrued Taxes : Accrued Sales Tax : Accrued Income Taxes - State IL,
,,,,,,444,,,,11,271015 Accrued Taxes : Accrued Sales Tax : Accrued Income Taxes - State IL,
,,,,,,444,,,,16,271015 Accrued Taxes : Accrued Sales Tax : Accrued Income Taxes - State IL,
,,,,,,444,,,,19,271015 Accrued Taxes : Accrued Sales Tax : Accrued Income Taxes - State IL,
,,,,,,444,,,,20,271015 Accrued Taxes : Accrued Sales Tax : Accrued Income Taxes - State IL,
,,,,,,444,,,,21,271015 Accrued Taxes : Accrued Sales Tax : Accrued Income Taxes - State IL,
,,,,,,444,,,,22,271015 Accrued Taxes : Accrued Sales Tax : Accrued Income Taxes - State IL,
,,,,,,444,,,,23,271015 Accrued Taxes : Accrued Sales Tax : Accrued Income Taxes - State IL,
,,,,,,444,,,,24,271015 Accrued Taxes : Accrued Sales Tax : Accrued Income Taxes - State IL,
,,,,,,444,,,,25,271015 Accrued Taxes : Accrued Sales Tax : Accrued Income Taxes - State IL,
,,,,,,444,,,,26,271015 Accrued Taxes : Accrued Sales Tax : Accrued Income Taxes - State IL,
,,,,,,444,,,,28,271015 Accrued Taxes : Accrued Sales Tax : Accrued Income Taxes - State IL,
,,,,,,444,,,,29,271015 Accrued Taxes : Accrued Sales Tax : Accrued Income Taxes - State IL,
,,,,,,444,,,,31,271015 Accrued Taxes : Accrued Sales Tax : Accrued Income Taxes - State IL,
,,,,,,444,,,,32,271015 Accrued Taxes : Accrued Sales Tax : Accrued Income Taxes - State IL,
,,,,,,444,,,,33,271015 Accrued Taxes : Accrued Sales Tax : Accrued Income Taxes - State IL,
,,,,,,444,,,,35,271015 Accrued Taxes : Accrued Sales Tax : Accrued Income Taxes - State IL,
,,,,,,444,,,,36,271015 Accrued Taxes : Accrued Sales Tax : Accrued Income Taxes - State IL,
,,,,,,444,,,,37,271015 Accrued Taxes : Accrued Sales Tax : Accrued Income Taxes - State IL,
,,,,,,444,,,,39,271015 Accrued Taxes : Accrued Sales Tax : Accrued Income Taxes - State IL,
,,,,,,444,,,,41,271015 Accrued Taxes : Accrued Sales Tax : Accrued Income Taxes - State IL,
,,,,,,444,,,,42,271015 Accrued Taxes : Accrued Sales Tax : Accrued Income Taxes - State IL,
,,,,,,444,,,,43,271015 Accrued Taxes : Accrued Sales Tax : Accrued Income Taxes - State IL,
,,,,,,444,,,,44,271015 Accrued Taxes : Accrued Sales Tax : Accrued Income Taxes - State IL,
,,,,,,444,,,,45,271015 Accrued Taxes : Accrued Sales Tax : Accrued Income Taxes - State IL,
,,,,,,445,,,,1,271020 Accrued Taxes : Accrued Sales Tax : Accrued Income Taxes - State NY,
,,,,,,445,,,,2,271020 Accrued Taxes : Accrued Sales Tax : Accrued Income Taxes - State NY,
,,,,,,445,,,,3,271020 Accrued Taxes : Accrued Sales Tax : Accrued Income Taxes - State NY,
,,,,,,445,,,,4,271020 Accrued Taxes : Accrued Sales Tax : Accrued Income Taxes - State NY,
,,,,,,445,,,,5,271020 Accrued Taxes : Accrued Sales Tax : Accrued Income Taxes - State NY,
,,,,,,445,,,,6,271020 Accrued Taxes : Accrued Sales Tax : Accrued Income Taxes - State NY,
,,,,,,445,,,,11,271020 Accrued Taxes : Accrued Sales Tax : Accrued Income Taxes - State NY,
,,,,,,445,,,,16,271020 Accrued Taxes : Accrued Sales Tax : Accrued Income Taxes - State NY,
,,,,,,445,,,,19,271020 Accrued Taxes : Accrued Sales Tax : Accrued Income Taxes - State NY,
,,,,,,445,,,,20,271020 Accrued Taxes : Accrued Sales Tax : Accrued Income Taxes - State NY,
,,,,,,445,,,,21,271020 Accrued Taxes : Accrued Sales Tax : Accrued Income Taxes - State NY,
,,,,,,445,,,,22,271020 Accrued Taxes : Accrued Sales Tax : Accrued Income Taxes - State NY,
,,,,,,445,,,,23,271020 Accrued Taxes : Accrued Sales Tax : Accrued Income Taxes - State NY,
,,,,,,445,,,,24,271020 Accrued Taxes : Accrued Sales Tax : Accrued Income Taxes - State NY,
,,,,,,445,,,,25,271020 Accrued Taxes : Accrued Sales Tax : Accrued Income Taxes - State NY,
,,,,,,445,,,,26,271020 Accrued Taxes : Accrued Sales Tax : Accrued Income Taxes - State NY,
,,,,,,445,,,,28,271020 Accrued Taxes : Accrued Sales Tax : Accrued Income Taxes - State NY,
,,,,,,445,,,,29,271020 Accrued Taxes : Accrued Sales Tax : Accrued Income Taxes - State NY,
,,,,,,445,,,,31,271020 Accrued Taxes : Accrued Sales Tax : Accrued Income Taxes - State NY,
,,,,,,445,,,,32,271020 Accrued Taxes : Accrued Sales Tax : Accrued Income Taxes - State NY,
,,,,,,445,,,,33,271020 Accrued Taxes : Accrued Sales Tax : Accrued Income Taxes - State NY,
,,,,,,445,,,,35,271020 Accrued Taxes : Accrued Sales Tax : Accrued Income Taxes - State NY,
,,,,,,445,,,,36,271020 Accrued Taxes : Accrued Sales Tax : Accrued Income Taxes - State NY,
,,,,,,445,,,,37,271020 Accrued Taxes : Accrued Sales Tax : Accrued Income Taxes - State NY,
,,,,,,445,,,,39,271020 Accrued Taxes : Accrued Sales Tax : Accrued Income Taxes - State NY,
,,,,,,445,,,,41,271020 Accrued Taxes : Accrued Sales Tax : Accrued Income Taxes - State NY,
,,,,,,445,,,,42,271020 Accrued Taxes : Accrued Sales Tax : Accrued Income Taxes - State NY,
,,,,,,445,,,,43,271020 Accrued Taxes : Accrued Sales Tax : Accrued Income Taxes - State NY,
,,,,,,445,,,,44,271020 Accrued Taxes : Accrued Sales Tax : Accrued Income Taxes - State NY,
,,,,,,445,,,,45,271020 Accrued Taxes : Accrued Sales Tax : Accrued Income Taxes - State NY,
,,,,,,446,,,,1,271025 Accrued Taxes : Accrued Sales Tax : Accrued Income Taxes - State NC,
,,,,,,446,,,,2,271025 Accrued Taxes : Accrued Sales Tax : Accrued Income Taxes - State NC,
,,,,,,446,,,,3,271025 Accrued Taxes : Accrued Sales Tax : Accrued Income Taxes - State NC,
,,,,,,446,,,,4,271025 Accrued Taxes : Accrued Sales Tax : Accrued Income Taxes - State NC,
,,,,,,446,,,,5,271025 Accrued Taxes : Accrued Sales Tax : Accrued Income Taxes - State NC,
,,,,,,446,,,,6,271025 Accrued Taxes : Accrued Sales Tax : Accrued Income Taxes - State NC,
,,,,,,446,,,,11,271025 Accrued Taxes : Accrued Sales Tax : Accrued Income Taxes - State NC,
,,,,,,446,,,,16,271025 Accrued Taxes : Accrued Sales Tax : Accrued Income Taxes - State NC,
,,,,,,446,,,,19,271025 Accrued Taxes : Accrued Sales Tax : Accrued Income Taxes - State NC,
,,,,,,446,,,,20,271025 Accrued Taxes : Accrued Sales Tax : Accrued Income Taxes - State NC,
,,,,,,446,,,,21,271025 Accrued Taxes : Accrued Sales Tax : Accrued Income Taxes - State NC,
,,,,,,446,,,,22,271025 Accrued Taxes : Accrued Sales Tax : Accrued Income Taxes - State NC,
,,,,,,446,,,,23,271025 Accrued Taxes : Accrued Sales Tax : Accrued Income Taxes - State NC,
,,,,,,446,,,,24,271025 Accrued Taxes : Accrued Sales Tax : Accrued Income Taxes - State NC,
,,,,,,446,,,,25,271025 Accrued Taxes : Accrued Sales Tax : Accrued Income Taxes - State NC,
,,,,,,446,,,,26,271025 Accrued Taxes : Accrued Sales Tax : Accrued Income Taxes - State NC,
,,,,,,446,,,,28,271025 Accrued Taxes : Accrued Sales Tax : Accrued Income Taxes - State NC,
,,,,,,446,,,,29,271025 Accrued Taxes : Accrued Sales Tax : Accrued Income Taxes - State NC,
,,,,,,446,,,,31,271025 Accrued Taxes : Accrued Sales Tax : Accrued Income Taxes - State NC,
,,,,,,446,,,,32,271025 Accrued Taxes : Accrued Sales Tax : Accrued Income Taxes - State NC,
,,,,,,446,,,,33,271025 Accrued Taxes : Accrued Sales Tax : Accrued Income Taxes - State NC,
,,,,,,446,,,,35,271025 Accrued Taxes : Accrued Sales Tax : Accrued Income Taxes - State NC,
,,,,,,446,,,,36,271025 Accrued Taxes : Accrued Sales Tax : Accrued Income Taxes - State NC,
,,,,,,446,,,,37,271025 Accrued Taxes : Accrued Sales Tax : Accrued Income Taxes - State NC,
,,,,,,446,,,,39,271025 Accrued Taxes : Accrued Sales Tax : Accrued Income Taxes - State NC,
,,,,,,446,,,,41,271025 Accrued Taxes : Accrued Sales Tax : Accrued Income Taxes - State NC,
,,,,,,446,,,,42,271025 Accrued Taxes : Accrued Sales Tax : Accrued Income Taxes - State NC,
,,,,,,446,,,,43,271025 Accrued Taxes : Accrued Sales Tax : Accrued Income Taxes - State NC,
,,,,,,446,,,,44,271025 Accrued Taxes : Accrued Sales Tax : Accrued Income Taxes - State NC,
,,,,,,446,,,,45,271025 Accrued Taxes : Accrued Sales Tax : Accrued Income Taxes - State NC,
,,,,,,447,,,,1,271030 Accrued Taxes : Accrued Sales Tax : Accrued Income Taxes - State SC,
,,,,,,447,,,,2,271030 Accrued Taxes : Accrued Sales Tax : Accrued Income Taxes - State SC,
,,,,,,447,,,,3,271030 Accrued Taxes : Accrued Sales Tax : Accrued Income Taxes - State SC,
,,,,,,447,,,,4,271030 Accrued Taxes : Accrued Sales Tax : Accrued Income Taxes - State SC,
,,,,,,447,,,,5,271030 Accrued Taxes : Accrued Sales Tax : Accrued Income Taxes - State SC,
,,,,,,447,,,,6,271030 Accrued Taxes : Accrued Sales Tax : Accrued Income Taxes - State SC,
,,,,,,447,,,,11,271030 Accrued Taxes : Accrued Sales Tax : Accrued Income Taxes - State SC,
,,,,,,447,,,,16,271030 Accrued Taxes : Accrued Sales Tax : Accrued Income Taxes - State SC,
,,,,,,447,,,,19,271030 Accrued Taxes : Accrued Sales Tax : Accrued Income Taxes - State SC,
,,,,,,447,,,,20,271030 Accrued Taxes : Accrued Sales Tax : Accrued Income Taxes - State SC,
,,,,,,447,,,,21,271030 Accrued Taxes : Accrued Sales Tax : Accrued Income Taxes - State SC,
,,,,,,447,,,,22,271030 Accrued Taxes : Accrued Sales Tax : Accrued Income Taxes - State SC,
,,,,,,447,,,,23,271030 Accrued Taxes : Accrued Sales Tax : Accrued Income Taxes - State SC,
,,,,,,447,,,,24,271030 Accrued Taxes : Accrued Sales Tax : Accrued Income Taxes - State SC,
,,,,,,447,,,,25,271030 Accrued Taxes : Accrued Sales Tax : Accrued Income Taxes - State SC,
,,,,,,447,,,,26,271030 Accrued Taxes : Accrued Sales Tax : Accrued Income Taxes - State SC,
,,,,,,447,,,,28,271030 Accrued Taxes : Accrued Sales Tax : Accrued Income Taxes - State SC,
,,,,,,447,,,,29,271030 Accrued Taxes : Accrued Sales Tax : Accrued Income Taxes - State SC,
,,,,,,447,,,,31,271030 Accrued Taxes : Accrued Sales Tax : Accrued Income Taxes - State SC,
,,,,,,447,,,,32,271030 Accrued Taxes : Accrued Sales Tax : Accrued Income Taxes - State SC,
,,,,,,447,,,,33,271030 Accrued Taxes : Accrued Sales Tax : Accrued Income Taxes - State SC,
,,,,,,447,,,,35,271030 Accrued Taxes : Accrued Sales Tax : Accrued Income Taxes - State SC,
,,,,,,447,,,,36,271030 Accrued Taxes : Accrued Sales Tax : Accrued Income Taxes - State SC,
,,,,,,447,,,,37,271030 Accrued Taxes : Accrued Sales Tax : Accrued Income Taxes - State SC,
,,,,,,447,,,,39,271030 Accrued Taxes : Accrued Sales Tax : Accrued Income Taxes - State SC,
,,,,,,447,,,,41,271030 Accrued Taxes : Accrued Sales Tax : Accrued Income Taxes - State SC,
,,,,,,447,,,,42,271030 Accrued Taxes : Accrued Sales Tax : Accrued Income Taxes - State SC,
,,,,,,447,,,,43,271030 Accrued Taxes : Accrued Sales Tax : Accrued Income Taxes - State SC,
,,,,,,447,,,,44,271030 Accrued Taxes : Accrued Sales Tax : Accrued Income Taxes - State SC,
,,,,,,447,,,,45,271030 Accrued Taxes : Accrued Sales Tax : Accrued Income Taxes - State SC,
,,,,,,448,,,,1,271035 Accrued Taxes : Accrued Sales Tax : Accrued Income Taxes - State GA,
,,,,,,448,,,,2,271035 Accrued Taxes : Accrued Sales Tax : Accrued Income Taxes - State GA,
,,,,,,448,,,,3,271035 Accrued Taxes : Accrued Sales Tax : Accrued Income Taxes - State GA,
,,,,,,448,,,,4,271035 Accrued Taxes : Accrued Sales Tax : Accrued Income Taxes - State GA,
,,,,,,448,,,,5,271035 Accrued Taxes : Accrued Sales Tax : Accrued Income Taxes - State GA,
,,,,,,448,,,,6,271035 Accrued Taxes : Accrued Sales Tax : Accrued Income Taxes - State GA,
,,,,,,448,,,,11,271035 Accrued Taxes : Accrued Sales Tax : Accrued Income Taxes - State GA,
,,,,,,448,,,,16,271035 Accrued Taxes : Accrued Sales Tax : Accrued Income Taxes - State GA,
,,,,,,448,,,,19,271035 Accrued Taxes : Accrued Sales Tax : Accrued Income Taxes - State GA,
,,,,,,448,,,,20,271035 Accrued Taxes : Accrued Sales Tax : Accrued Income Taxes - State GA,
,,,,,,448,,,,21,271035 Accrued Taxes : Accrued Sales Tax : Accrued Income Taxes - State GA,
,,,,,,448,,,,22,271035 Accrued Taxes : Accrued Sales Tax : Accrued Income Taxes - State GA,
,,,,,,448,,,,23,271035 Accrued Taxes : Accrued Sales Tax : Accrued Income Taxes - State GA,
,,,,,,448,,,,24,271035 Accrued Taxes : Accrued Sales Tax : Accrued Income Taxes - State GA,
,,,,,,448,,,,25,271035 Accrued Taxes : Accrued Sales Tax : Accrued Income Taxes - State GA,
,,,,,,448,,,,26,271035 Accrued Taxes : Accrued Sales Tax : Accrued Income Taxes - State GA,
,,,,,,448,,,,28,271035 Accrued Taxes : Accrued Sales Tax : Accrued Income Taxes - State GA,
,,,,,,448,,,,29,271035 Accrued Taxes : Accrued Sales Tax : Accrued Income Taxes - State GA,
,,,,,,448,,,,31,271035 Accrued Taxes : Accrued Sales Tax : Accrued Income Taxes - State GA,
,,,,,,448,,,,32,271035 Accrued Taxes : Accrued Sales Tax : Accrued Income Taxes - State GA,
,,,,,,448,,,,33,271035 Accrued Taxes : Accrued Sales Tax : Accrued Income Taxes - State GA,
,,,,,,448,,,,35,271035 Accrued Taxes : Accrued Sales Tax : Accrued Income Taxes - State GA,
,,,,,,448,,,,36,271035 Accrued Taxes : Accrued Sales Tax : Accrued Income Taxes - State GA,
,,,,,,448,,,,37,271035 Accrued Taxes : Accrued Sales Tax : Accrued Income Taxes - State GA,
,,,,,,448,,,,39,271035 Accrued Taxes : Accrued Sales Tax : Accrued Income Taxes - State GA,
,,,,,,448,,,,41,271035 Accrued Taxes : Accrued Sales Tax : Accrued Income Taxes - State GA,
,,,,,,448,,,,42,271035 Accrued Taxes : Accrued Sales Tax : Accrued Income Taxes - State GA,
,,,,,,448,,,,43,271035 Accrued Taxes : Accrued Sales Tax : Accrued Income Taxes - State GA,
,,,,,,448,,,,44,271035 Accrued Taxes : Accrued Sales Tax : Accrued Income Taxes - State GA,
,,,,,,448,,,,45,271035 Accrued Taxes : Accrued Sales Tax : Accrued Income Taxes - State GA,
,,,,,,449,,,,1,271040 Accrued Taxes : Accrued Sales Tax : Accrued Income Taxes - State FL,
,,,,,,449,,,,2,271040 Accrued Taxes : Accrued Sales Tax : Accrued Income Taxes - State FL,
,,,,,,449,,,,3,271040 Accrued Taxes : Accrued Sales Tax : Accrued Income Taxes - State FL,
,,,,,,449,,,,4,271040 Accrued Taxes : Accrued Sales Tax : Accrued Income Taxes - State FL,
,,,,,,449,,,,5,271040 Accrued Taxes : Accrued Sales Tax : Accrued Income Taxes - State FL,
,,,,,,449,,,,6,271040 Accrued Taxes : Accrued Sales Tax : Accrued Income Taxes - State FL,
,,,,,,449,,,,11,271040 Accrued Taxes : Accrued Sales Tax : Accrued Income Taxes - State FL,
,,,,,,449,,,,16,271040 Accrued Taxes : Accrued Sales Tax : Accrued Income Taxes - State FL,
,,,,,,449,,,,19,271040 Accrued Taxes : Accrued Sales Tax : Accrued Income Taxes - State FL,
,,,,,,449,,,,20,271040 Accrued Taxes : Accrued Sales Tax : Accrued Income Taxes - State FL,
,,,,,,449,,,,21,271040 Accrued Taxes : Accrued Sales Tax : Accrued Income Taxes - State FL,
,,,,,,449,,,,22,271040 Accrued Taxes : Accrued Sales Tax : Accrued Income Taxes - State FL,
,,,,,,449,,,,23,271040 Accrued Taxes : Accrued Sales Tax : Accrued Income Taxes - State FL,
,,,,,,449,,,,24,271040 Accrued Taxes : Accrued Sales Tax : Accrued Income Taxes - State FL,
,,,,,,449,,,,25,271040 Accrued Taxes : Accrued Sales Tax : Accrued Income Taxes - State FL,
,,,,,,449,,,,26,271040 Accrued Taxes : Accrued Sales Tax : Accrued Income Taxes - State FL,
,,,,,,449,,,,28,271040 Accrued Taxes : Accrued Sales Tax : Accrued Income Taxes - State FL,
,,,,,,449,,,,29,271040 Accrued Taxes : Accrued Sales Tax : Accrued Income Taxes - State FL,
,,,,,,449,,,,31,271040 Accrued Taxes : Accrued Sales Tax : Accrued Income Taxes - State FL,
,,,,,,449,,,,32,271040 Accrued Taxes : Accrued Sales Tax : Accrued Income Taxes - State FL,
,,,,,,449,,,,33,271040 Accrued Taxes : Accrued Sales Tax : Accrued Income Taxes - State FL,
,,,,,,449,,,,35,271040 Accrued Taxes : Accrued Sales Tax : Accrued Income Taxes - State FL,
,,,,,,449,,,,36,271040 Accrued Taxes : Accrued Sales Tax : Accrued Income Taxes - State FL,
,,,,,,449,,,,37,271040 Accrued Taxes : Accrued Sales Tax : Accrued Income Taxes - State FL,
,,,,,,449,,,,39,271040 Accrued Taxes : Accrued Sales Tax : Accrued Income Taxes - State FL,
,,,,,,449,,,,41,271040 Accrued Taxes : Accrued Sales Tax : Accrued Income Taxes - State FL,
,,,,,,449,,,,42,271040 Accrued Taxes : Accrued Sales Tax : Accrued Income Taxes - State FL,
,,,,,,449,,,,43,271040 Accrued Taxes : Accrued Sales Tax : Accrued Income Taxes - State FL,
,,,,,,449,,,,44,271040 Accrued Taxes : Accrued Sales Tax : Accrued Income Taxes - State FL,
,,,,,,449,,,,45,271040 Accrued Taxes : Accrued Sales Tax : Accrued Income Taxes - State FL,
,,,,,,450,,,,1,271000 Accrued Taxes : Accrued Income Taxes,
,,,,,,450,,,,2,271000 Accrued Taxes : Accrued Income Taxes,
,,,,,,450,,,,3,271000 Accrued Taxes : Accrued Income Taxes,
,,,,,,450,,,,4,271000 Accrued Taxes : Accrued Income Taxes,
,,,,,,450,,,,5,271000 Accrued Taxes : Accrued Income Taxes,
,,,,,,450,,,,6,271000 Accrued Taxes : Accrued Income Taxes,
,,,,,,450,,,,11,271000 Accrued Taxes : Accrued Income Taxes,
,,,,,,450,,,,16,271000 Accrued Taxes : Accrued Income Taxes,
,,,,,,450,,,,19,271000 Accrued Taxes : Accrued Income Taxes,
,,,,,,450,,,,20,271000 Accrued Taxes : Accrued Income Taxes,
,,,,,,450,,,,21,271000 Accrued Taxes : Accrued Income Taxes,
,,,,,,450,,,,22,271000 Accrued Taxes : Accrued Income Taxes,
,,,,,,450,,,,23,271000 Accrued Taxes : Accrued Income Taxes,
,,,,,,450,,,,24,271000 Accrued Taxes : Accrued Income Taxes,
,,,,,,450,,,,25,271000 Accrued Taxes : Accrued Income Taxes,
,,,,,,450,,,,26,271000 Accrued Taxes : Accrued Income Taxes,
,,,,,,450,,,,28,271000 Accrued Taxes : Accrued Income Taxes,
,,,,,,450,,,,29,271000 Accrued Taxes : Accrued Income Taxes,
,,,,,,450,,,,31,271000 Accrued Taxes : Accrued Income Taxes,
,,,,,,450,,,,32,271000 Accrued Taxes : Accrued Income Taxes,
,,,,,,450,,,,33,271000 Accrued Taxes : Accrued Income Taxes,
,,,,,,450,,,,35,271000 Accrued Taxes : Accrued Income Taxes,
,,,,,,450,,,,36,271000 Accrued Taxes : Accrued Income Taxes,
,,,,,,450,,,,37,271000 Accrued Taxes : Accrued Income Taxes,
,,,,,,450,,,,39,271000 Accrued Taxes : Accrued Income Taxes,
,,,,,,450,,,,41,271000 Accrued Taxes : Accrued Income Taxes,
,,,,,,450,,,,42,271000 Accrued Taxes : Accrued Income Taxes,
,,,,,,450,,,,43,271000 Accrued Taxes : Accrued Income Taxes,
,,,,,,450,,,,44,271000 Accrued Taxes : Accrued Income Taxes,
,,,,,,450,,,,45,271000 Accrued Taxes : Accrued Income Taxes,
,,,,,,451,,,,1,271005 Accrued Taxes : Accrued Income Taxes : Accrued Income Taxes - Federal,
,,,,,,451,,,,2,271005 Accrued Taxes : Accrued Income Taxes : Accrued Income Taxes - Federal,
,,,,,,451,,,,3,271005 Accrued Taxes : Accrued Income Taxes : Accrued Income Taxes - Federal,
,,,,,,451,,,,4,271005 Accrued Taxes : Accrued Income Taxes : Accrued Income Taxes - Federal,
,,,,,,451,,,,5,271005 Accrued Taxes : Accrued Income Taxes : Accrued Income Taxes - Federal,
,,,,,,451,,,,6,271005 Accrued Taxes : Accrued Income Taxes : Accrued Income Taxes - Federal,
,,,,,,451,,,,11,271005 Accrued Taxes : Accrued Income Taxes : Accrued Income Taxes - Federal,
,,,,,,451,,,,16,271005 Accrued Taxes : Accrued Income Taxes : Accrued Income Taxes - Federal,
,,,,,,451,,,,19,271005 Accrued Taxes : Accrued Income Taxes : Accrued Income Taxes - Federal,
,,,,,,451,,,,20,271005 Accrued Taxes : Accrued Income Taxes : Accrued Income Taxes - Federal,
,,,,,,451,,,,21,271005 Accrued Taxes : Accrued Income Taxes : Accrued Income Taxes - Federal,
,,,,,,451,,,,22,271005 Accrued Taxes : Accrued Income Taxes : Accrued Income Taxes - Federal,
,,,,,,451,,,,23,271005 Accrued Taxes : Accrued Income Taxes : Accrued Income Taxes - Federal,
,,,,,,451,,,,24,271005 Accrued Taxes : Accrued Income Taxes : Accrued Income Taxes - Federal,
,,,,,,451,,,,25,271005 Accrued Taxes : Accrued Income Taxes : Accrued Income Taxes - Federal,
,,,,,,451,,,,26,271005 Accrued Taxes : Accrued Income Taxes : Accrued Income Taxes - Federal,
,,,,,,451,,,,28,271005 Accrued Taxes : Accrued Income Taxes : Accrued Income Taxes - Federal,
,,,,,,451,,,,29,271005 Accrued Taxes : Accrued Income Taxes : Accrued Income Taxes - Federal,
,,,,,,451,,,,31,271005 Accrued Taxes : Accrued Income Taxes : Accrued Income Taxes - Federal,
,,,,,,451,,,,32,271005 Accrued Taxes : Accrued Income Taxes : Accrued Income Taxes - Federal,
,,,,,,451,,,,33,271005 Accrued Taxes : Accrued Income Taxes : Accrued Income Taxes - Federal,
,,,,,,451,,,,35,271005 Accrued Taxes : Accrued Income Taxes : Accrued Income Taxes - Federal,
,,,,,,451,,,,36,271005 Accrued Taxes : Accrued Income Taxes : Accrued Income Taxes - Federal,
,,,,,,451,,,,37,271005 Accrued Taxes : Accrued Income Taxes : Accrued Income Taxes - Federal,
,,,,,,451,,,,39,271005 Accrued Taxes : Accrued Income Taxes : Accrued Income Taxes - Federal,
,,,,,,451,,,,41,271005 Accrued Taxes : Accrued Income Taxes : Accrued Income Taxes - Federal,
,,,,,,451,,,,42,271005 Accrued Taxes : Accrued Income Taxes : Accrued Income Taxes - Federal,
,,,,,,451,,,,43,271005 Accrued Taxes : Accrued Income Taxes : Accrued Income Taxes - Federal,
,,,,,,451,,,,44,271005 Accrued Taxes : Accrued Income Taxes : Accrued Income Taxes - Federal,
,,,,,,451,,,,45,271005 Accrued Taxes : Accrued Income Taxes : Accrued Income Taxes - Federal,
,,,,,,459,,,,1,271045 Accrued Taxes : Accrued Income Taxes : Accrued Income Taxes - Local,
,,,,,,459,,,,2,271045 Accrued Taxes : Accrued Income Taxes : Accrued Income Taxes - Local,
,,,,,,459,,,,3,271045 Accrued Taxes : Accrued Income Taxes : Accrued Income Taxes - Local,
,,,,,,459,,,,4,271045 Accrued Taxes : Accrued Income Taxes : Accrued Income Taxes - Local,
,,,,,,459,,,,5,271045 Accrued Taxes : Accrued Income Taxes : Accrued Income Taxes - Local,
,,,,,,459,,,,6,271045 Accrued Taxes : Accrued Income Taxes : Accrued Income Taxes - Local,
,,,,,,459,,,,11,271045 Accrued Taxes : Accrued Income Taxes : Accrued Income Taxes - Local,
,,,,,,459,,,,16,271045 Accrued Taxes : Accrued Income Taxes : Accrued Income Taxes - Local,
,,,,,,459,,,,19,271045 Accrued Taxes : Accrued Income Taxes : Accrued Income Taxes - Local,
,,,,,,459,,,,20,271045 Accrued Taxes : Accrued Income Taxes : Accrued Income Taxes - Local,
,,,,,,459,,,,21,271045 Accrued Taxes : Accrued Income Taxes : Accrued Income Taxes - Local,
,,,,,,459,,,,22,271045 Accrued Taxes : Accrued Income Taxes : Accrued Income Taxes - Local,
,,,,,,459,,,,23,271045 Accrued Taxes : Accrued Income Taxes : Accrued Income Taxes - Local,
,,,,,,459,,,,24,271045 Accrued Taxes : Accrued Income Taxes : Accrued Income Taxes - Local,
,,,,,,459,,,,25,271045 Accrued Taxes : Accrued Income Taxes : Accrued Income Taxes - Local,
,,,,,,459,,,,26,271045 Accrued Taxes : Accrued Income Taxes : Accrued Income Taxes - Local,
,,,,,,459,,,,28,271045 Accrued Taxes : Accrued Income Taxes : Accrued Income Taxes - Local,
,,,,,,459,,,,29,271045 Accrued Taxes : Accrued Income Taxes : Accrued Income Taxes - Local,
,,,,,,459,,,,31,271045 Accrued Taxes : Accrued Income Taxes : Accrued Income Taxes - Local,
,,,,,,459,,,,32,271045 Accrued Taxes : Accrued Income Taxes : Accrued Income Taxes - Local,
,,,,,,459,,,,33,271045 Accrued Taxes : Accrued Income Taxes : Accrued Income Taxes - Local,
,,,,,,459,,,,35,271045 Accrued Taxes : Accrued Income Taxes : Accrued Income Taxes - Local,
,,,,,,459,,,,36,271045 Accrued Taxes : Accrued Income Taxes : Accrued Income Taxes - Local,
,,,,,,459,,,,37,271045 Accrued Taxes : Accrued Income Taxes : Accrued Income Taxes - Local,
,,,,,,459,,,,39,271045 Accrued Taxes : Accrued Income Taxes : Accrued Income Taxes - Local,
,,,,,,459,,,,41,271045 Accrued Taxes : Accrued Income Taxes : Accrued Income Taxes - Local,
,,,,,,459,,,,42,271045 Accrued Taxes : Accrued Income Taxes : Accrued Income Taxes - Local,
,,,,,,459,,,,43,271045 Accrued Taxes : Accrued Income Taxes : Accrued Income Taxes - Local,
,,,,,,459,,,,44,271045 Accrued Taxes : Accrued Income Taxes : Accrued Income Taxes - Local,
,,,,,,459,,,,45,271045 Accrued Taxes : Accrued Income Taxes : Accrued Income Taxes - Local,
,,,,,,460,,,,1,280000 Long Term Debt,
,,,,,,460,,,,2,280000 Long Term Debt,
,,,,,,460,,,,3,280000 Long Term Debt,
,,,,,,460,,,,4,280000 Long Term Debt,
,,,,,,460,,,,5,280000 Long Term Debt,
,,,,,,460,,,,6,280000 Long Term Debt,
,,,,,,460,,,,11,280000 Long Term Debt,
,,,,,,460,,,,16,280000 Long Term Debt,
,,,,,,460,,,,19,280000 Long Term Debt,
,,,,,,460,,,,20,280000 Long Term Debt,
,,,,,,460,,,,21,280000 Long Term Debt,
,,,,,,460,,,,22,280000 Long Term Debt,
,,,,,,460,,,,23,280000 Long Term Debt,
,,,,,,460,,,,24,280000 Long Term Debt,
,,,,,,460,,,,25,280000 Long Term Debt,
,,,,,,460,,,,26,280000 Long Term Debt,
,,,,,,460,,,,28,280000 Long Term Debt,
,,,,,,460,,,,29,280000 Long Term Debt,
,,,,,,460,,,,31,280000 Long Term Debt,
,,,,,,460,,,,32,280000 Long Term Debt,
,,,,,,460,,,,33,280000 Long Term Debt,
,,,,,,460,,,,35,280000 Long Term Debt,
,,,,,,460,,,,36,280000 Long Term Debt,
,,,,,,460,,,,37,280000 Long Term Debt,
,,,,,,460,,,,39,280000 Long Term Debt,
,,,,,,460,,,,41,280000 Long Term Debt,
,,,,,,460,,,,42,280000 Long Term Debt,
,,,,,,460,,,,43,280000 Long Term Debt,
,,,,,,460,,,,44,280000 Long Term Debt,
,,,,,,460,,,,45,280000 Long Term Debt,
Assets,Current Assets,Cash,,,,518,,,,1,100000 Cash,
Assets,Current Assets,Cash,Collections,,,519,,,,1,100500 Cash : Collections,
Assets,Current Assets,Cash,Operating,,,520,,,,1,101000 Cash : Operating,
Assets,Current Assets,Cash,Payroll,,,521,,,,1,101500 Cash : Payroll,
Assets,Current Assets,Cash,Money Market,,,522,,,,1,102000 Cash : Money Market,
Liabilities,Current Liabilities,Credit Card,Credit Card Payable,,,523,,,,1,210000 Credit Card Payable,
Liabilities,Other Current Liabilities,Payroll Liabilities,Accrued Payroll,,,618,,,,1,260500 Payroll Liabilities : Accrued Payroll,
Liabilities,Other Current Liabilities,Payroll Liabilities,Accrued Payroll,,,618,,,,2,260500 Payroll Liabilities : Accrued Payroll,
Liabilities,Other Current Liabilities,Payroll Liabilities,Accrued Payroll,,,618,,,,3,260500 Payroll Liabilities : Accrued Payroll,
Liabilities,Other Current Liabilities,Payroll Liabilities,Accrued Payroll,,,618,,,,4,260500 Payroll Liabilities : Accrued Payroll,
Liabilities,Other Current Liabilities,Payroll Liabilities,Accrued Payroll,,,618,,,,5,260500 Payroll Liabilities : Accrued Payroll,
Liabilities,Other Current Liabilities,Payroll Liabilities,Accrued Payroll,,,618,,,,6,260500 Payroll Liabilities : Accrued Payroll,
Liabilities,Other Current Liabilities,Payroll Liabilities,Accrued Payroll,,,618,,,,11,260500 Payroll Liabilities : Accrued Payroll,
Liabilities,Other Current Liabilities,Payroll Liabilities,Accrued Payroll,,,618,,,,16,260500 Payroll Liabilities : Accrued Payroll,
Liabilities,Other Current Liabilities,Payroll Liabilities,Accrued Payroll,,,618,,,,19,260500 Payroll Liabilities : Accrued Payroll,
Liabilities,Other Current Liabilities,Payroll Liabilities,Accrued Payroll,,,618,,,,20,260500 Payroll Liabilities : Accrued Payroll,
Liabilities,Other Current Liabilities,Payroll Liabilities,Accrued Payroll,,,618,,,,21,260500 Payroll Liabilities : Accrued Payroll,
Liabilities,Other Current Liabilities,Payroll Liabilities,Accrued Payroll,,,618,,,,22,260500 Payroll Liabilities : Accrued Payroll,
Liabilities,Other Current Liabilities,Payroll Liabilities,Accrued Payroll,,,618,,,,23,260500 Payroll Liabilities : Accrued Payroll,
Liabilities,Other Current Liabilities,Payroll Liabilities,Accrued Payroll,,,618,,,,24,260500 Payroll Liabilities : Accrued Payroll,
Liabilities,Other Current Liabilities,Payroll Liabilities,Accrued Payroll,,,618,,,,25,260500 Payroll Liabilities : Accrued Payroll,
Liabilities,Other Current Liabilities,Payroll Liabilities,Accrued Payroll,,,618,,,,26,260500 Payroll Liabilities : Accrued Payroll,
Liabilities,Other Current Liabilities,Payroll Liabilities,Accrued Payroll,,,618,,,,28,260500 Payroll Liabilities : Accrued Payroll,
Liabilities,Other Current Liabilities,Payroll Liabilities,Accrued Payroll,,,618,,,,29,260500 Payroll Liabilities : Accrued Payroll,
Liabilities,Other Current Liabilities,Payroll Liabilities,Accrued Payroll,,,618,,,,31,260500 Payroll Liabilities : Accrued Payroll,
Liabilities,Other Current Liabilities,Payroll Liabilities,Accrued Payroll,,,618,,,,32,260500 Payroll Liabilities : Accrued Payroll,
Liabilities,Other Current Liabilities,Payroll Liabilities,Accrued Payroll,,,618,,,,33,260500 Payroll Liabilities : Accrued Payroll,
Liabilities,Other Current Liabilities,Payroll Liabilities,Accrued Payroll,,,618,,,,35,260500 Payroll Liabilities : Accrued Payroll,
Liabilities,Other Current Liabilities,Payroll Liabilities,Accrued Payroll,,,618,,,,36,260500 Payroll Liabilities : Accrued Payroll,
Liabilities,Other Current Liabilities,Payroll Liabilities,Accrued Payroll,,,618,,,,37,260500 Payroll Liabilities : Accrued Payroll,
Liabilities,Other Current Liabilities,Payroll Liabilities,Accrued Payroll,,,618,,,,39,260500 Payroll Liabilities : Accrued Payroll,
Liabilities,Other Current Liabilities,Payroll Liabilities,Accrued Payroll,,,618,,,,41,260500 Payroll Liabilities : Accrued Payroll,
Liabilities,Other Current Liabilities,Payroll Liabilities,Accrued Payroll,,,618,,,,42,260500 Payroll Liabilities : Accrued Payroll,
Liabilities,Other Current Liabilities,Payroll Liabilities,Accrued Payroll,,,618,,,,43,260500 Payroll Liabilities : Accrued Payroll,
Liabilities,Other Current Liabilities,Payroll Liabilities,Accrued Payroll,,,618,,,,44,260500 Payroll Liabilities : Accrued Payroll,
Liabilities,Other Current Liabilities,Payroll Liabilities,Accrued Payroll,,,618,,,,45,260500 Payroll Liabilities : Accrued Payroll,
Liabilities,Other Current Liabilities,Payroll Liabilities,Accrued Paid Time Off,,,619,,,,1,261000 Payroll Liabilities : Accrued Paid Time Off,
Liabilities,Other Current Liabilities,Payroll Liabilities,Accrued Paid Time Off,,,619,,,,2,261000 Payroll Liabilities : Accrued Paid Time Off,
Liabilities,Other Current Liabilities,Payroll Liabilities,Accrued Paid Time Off,,,619,,,,3,261000 Payroll Liabilities : Accrued Paid Time Off,
Liabilities,Other Current Liabilities,Payroll Liabilities,Accrued Paid Time Off,,,619,,,,4,261000 Payroll Liabilities : Accrued Paid Time Off,
Liabilities,Other Current Liabilities,Payroll Liabilities,Accrued Paid Time Off,,,619,,,,5,261000 Payroll Liabilities : Accrued Paid Time Off,
Liabilities,Other Current Liabilities,Payroll Liabilities,Accrued Paid Time Off,,,619,,,,6,261000 Payroll Liabilities : Accrued Paid Time Off,
Liabilities,Other Current Liabilities,Payroll Liabilities,Accrued Paid Time Off,,,619,,,,11,261000 Payroll Liabilities : Accrued Paid Time Off,
Liabilities,Other Current Liabilities,Payroll Liabilities,Accrued Paid Time Off,,,619,,,,16,261000 Payroll Liabilities : Accrued Paid Time Off,
Liabilities,Other Current Liabilities,Payroll Liabilities,Accrued Paid Time Off,,,619,,,,19,261000 Payroll Liabilities : Accrued Paid Time Off,
Liabilities,Other Current Liabilities,Payroll Liabilities,Accrued Paid Time Off,,,619,,,,20,261000 Payroll Liabilities : Accrued Paid Time Off,
Liabilities,Other Current Liabilities,Payroll Liabilities,Accrued Paid Time Off,,,619,,,,21,261000 Payroll Liabilities : Accrued Paid Time Off,
Liabilities,Other Current Liabilities,Payroll Liabilities,Accrued Paid Time Off,,,619,,,,22,261000 Payroll Liabilities : Accrued Paid Time Off,
Liabilities,Other Current Liabilities,Payroll Liabilities,Accrued Paid Time Off,,,619,,,,23,261000 Payroll Liabilities : Accrued Paid Time Off,
Liabilities,Other Current Liabilities,Payroll Liabilities,Accrued Paid Time Off,,,619,,,,24,261000 Payroll Liabilities : Accrued Paid Time Off,
Liabilities,Other Current Liabilities,Payroll Liabilities,Accrued Paid Time Off,,,619,,,,25,261000 Payroll Liabilities : Accrued Paid Time Off,
Liabilities,Other Current Liabilities,Payroll Liabilities,Accrued Paid Time Off,,,619,,,,26,261000 Payroll Liabilities : Accrued Paid Time Off,
Liabilities,Other Current Liabilities,Payroll Liabilities,Accrued Paid Time Off,,,619,,,,28,261000 Payroll Liabilities : Accrued Paid Time Off,
Liabilities,Other Current Liabilities,Payroll Liabilities,Accrued Paid Time Off,,,619,,,,29,261000 Payroll Liabilities : Accrued Paid Time Off,
Liabilities,Other Current Liabilities,Payroll Liabilities,Accrued Paid Time Off,,,619,,,,31,261000 Payroll Liabilities : Accrued Paid Time Off,
Liabilities,Other Current Liabilities,Payroll Liabilities,Accrued Paid Time Off,,,619,,,,32,261000 Payroll Liabilities : Accrued Paid Time Off,
Liabilities,Other Current Liabilities,Payroll Liabilities,Accrued Paid Time Off,,,619,,,,33,261000 Payroll Liabilities : Accrued Paid Time Off,
Liabilities,Other Current Liabilities,Payroll Liabilities,Accrued Paid Time Off,,,619,,,,35,261000 Payroll Liabilities : Accrued Paid Time Off,
Liabilities,Other Current Liabilities,Payroll Liabilities,Accrued Paid Time Off,,,619,,,,36,261000 Payroll Liabilities : Accrued Paid Time Off,
Liabilities,Other Current Liabilities,Payroll Liabilities,Accrued Paid Time Off,,,619,,,,37,261000 Payroll Liabilities : Accrued Paid Time Off,
Liabilities,Other Current Liabilities,Payroll Liabilities,Accrued Paid Time Off,,,619,,,,39,261000 Payroll Liabilities : Accrued Paid Time Off,
Liabilities,Other Current Liabilities,Payroll Liabilities,Accrued Paid Time Off,,,619,,,,41,261000 Payroll Liabilities : Accrued Paid Time Off,
Liabilities,Other Current Liabilities,Payroll Liabilities,Accrued Paid Time Off,,,619,,,,42,261000 Payroll Liabilities : Accrued Paid Time Off,
Liabilities,Other Current Liabilities,Payroll Liabilities,Accrued Paid Time Off,,,619,,,,43,261000 Payroll Liabilities : Accrued Paid Time Off,
Liabilities,Other Current Liabilities,Payroll Liabilities,Accrued Paid Time Off,,,619,,,,44,261000 Payroll Liabilities : Accrued Paid Time Off,
Liabilities,Other Current Liabilities,Payroll Liabilities,Accrued Paid Time Off,,,619,,,,45,261000 Payroll Liabilities : Accrued Paid Time Off,
Liabilities,Other Current Liabilities,Payroll Liabilities,Accrued Commissions,,,620,,,,1,261500 Payroll Liabilities : Accrued Commissions,
Liabilities,Other Current Liabilities,Payroll Liabilities,Accrued Commissions,,,620,,,,2,261500 Payroll Liabilities : Accrued Commissions,
Liabilities,Other Current Liabilities,Payroll Liabilities,Accrued Commissions,,,620,,,,3,261500 Payroll Liabilities : Accrued Commissions,
Liabilities,Other Current Liabilities,Payroll Liabilities,Accrued Commissions,,,620,,,,4,261500 Payroll Liabilities : Accrued Commissions,
Liabilities,Other Current Liabilities,Payroll Liabilities,Accrued Commissions,,,620,,,,5,261500 Payroll Liabilities : Accrued Commissions,
Liabilities,Other Current Liabilities,Payroll Liabilities,Accrued Commissions,,,620,,,,6,261500 Payroll Liabilities : Accrued Commissions,
Liabilities,Other Current Liabilities,Payroll Liabilities,Accrued Commissions,,,620,,,,11,261500 Payroll Liabilities : Accrued Commissions,
Liabilities,Other Current Liabilities,Payroll Liabilities,Accrued Commissions,,,620,,,,16,261500 Payroll Liabilities : Accrued Commissions,
Liabilities,Other Current Liabilities,Payroll Liabilities,Accrued Commissions,,,620,,,,19,261500 Payroll Liabilities : Accrued Commissions,
Liabilities,Other Current Liabilities,Payroll Liabilities,Accrued Commissions,,,620,,,,20,261500 Payroll Liabilities : Accrued Commissions,
Liabilities,Other Current Liabilities,Payroll Liabilities,Accrued Commissions,,,620,,,,21,261500 Payroll Liabilities : Accrued Commissions,
Liabilities,Other Current Liabilities,Payroll Liabilities,Accrued Commissions,,,620,,,,22,261500 Payroll Liabilities : Accrued Commissions,
Liabilities,Other Current Liabilities,Payroll Liabilities,Accrued Commissions,,,620,,,,23,261500 Payroll Liabilities : Accrued Commissions,
Liabilities,Other Current Liabilities,Payroll Liabilities,Accrued Commissions,,,620,,,,24,261500 Payroll Liabilities : Accrued Commissions,
Liabilities,Other Current Liabilities,Payroll Liabilities,Accrued Commissions,,,620,,,,25,261500 Payroll Liabilities : Accrued Commissions,
Liabilities,Other Current Liabilities,Payroll Liabilities,Accrued Commissions,,,620,,,,26,261500 Payroll Liabilities : Accrued Commissions,
Liabilities,Other Current Liabilities,Payroll Liabilities,Accrued Commissions,,,620,,,,28,261500 Payroll Liabilities : Accrued Commissions,
Liabilities,Other Current Liabilities,Payroll Liabilities,Accrued Commissions,,,620,,,,29,261500 Payroll Liabilities : Accrued Commissions,
Liabilities,Other Current Liabilities,Payroll Liabilities,Accrued Commissions,,,620,,,,31,261500 Payroll Liabilities : Accrued Commissions,
Liabilities,Other Current Liabilities,Payroll Liabilities,Accrued Commissions,,,620,,,,32,261500 Payroll Liabilities : Accrued Commissions,
Liabilities,Other Current Liabilities,Payroll Liabilities,Accrued Commissions,,,620,,,,33,261500 Payroll Liabilities : Accrued Commissions,
Liabilities,Other Current Liabilities,Payroll Liabilities,Accrued Commissions,,,620,,,,35,261500 Payroll Liabilities : Accrued Commissions,
Liabilities,Other Current Liabilities,Payroll Liabilities,Accrued Commissions,,,620,,,,36,261500 Payroll Liabilities : Accrued Commissions,
Liabilities,Other Current Liabilities,Payroll Liabilities,Accrued Commissions,,,620,,,,37,261500 Payroll Liabilities : Accrued Commissions,
Liabilities,Other Current Liabilities,Payroll Liabilities,Accrued Commissions,,,620,,,,39,261500 Payroll Liabilities : Accrued Commissions,
Liabilities,Other Current Liabilities,Payroll Liabilities,Accrued Commissions,,,620,,,,41,261500 Payroll Liabilities : Accrued Commissions,
Liabilities,Other Current Liabilities,Payroll Liabilities,Accrued Commissions,,,620,,,,42,261500 Payroll Liabilities : Accrued Commissions,
Liabilities,Other Current Liabilities,Payroll Liabilities,Accrued Commissions,,,620,,,,43,261500 Payroll Liabilities : Accrued Commissions,
Liabilities,Other Current Liabilities,Payroll Liabilities,Accrued Commissions,,,620,,,,44,261500 Payroll Liabilities : Accrued Commissions,
Liabilities,Other Current Liabilities,Payroll Liabilities,Accrued Commissions,,,620,,,,45,261500 Payroll Liabilities : Accrued Commissions,
Liabilities,Other Current Liabilities,Payroll Liabilities,Accrued Bonuses,,,621,,,,1,262000 Payroll Liabilities : Accrued Bonuses,
Liabilities,Other Current Liabilities,Payroll Liabilities,Accrued Bonuses,,,621,,,,2,262000 Payroll Liabilities : Accrued Bonuses,
Liabilities,Other Current Liabilities,Payroll Liabilities,Accrued Bonuses,,,621,,,,3,262000 Payroll Liabilities : Accrued Bonuses,
Liabilities,Other Current Liabilities,Payroll Liabilities,Accrued Bonuses,,,621,,,,4,262000 Payroll Liabilities : Accrued Bonuses,
Liabilities,Other Current Liabilities,Payroll Liabilities,Accrued Bonuses,,,621,,,,5,262000 Payroll Liabilities : Accrued Bonuses,
Liabilities,Other Current Liabilities,Payroll Liabilities,Accrued Bonuses,,,621,,,,6,262000 Payroll Liabilities : Accrued Bonuses,
Liabilities,Other Current Liabilities,Payroll Liabilities,Accrued Bonuses,,,621,,,,11,262000 Payroll Liabilities : Accrued Bonuses,
Liabilities,Other Current Liabilities,Payroll Liabilities,Accrued Bonuses,,,621,,,,16,262000 Payroll Liabilities : Accrued Bonuses,
Liabilities,Other Current Liabilities,Payroll Liabilities,Accrued Bonuses,,,621,,,,19,262000 Payroll Liabilities : Accrued Bonuses,
Liabilities,Other Current Liabilities,Payroll Liabilities,Accrued Bonuses,,,621,,,,20,262000 Payroll Liabilities : Accrued Bonuses,
Liabilities,Other Current Liabilities,Payroll Liabilities,Accrued Bonuses,,,621,,,,21,262000 Payroll Liabilities : Accrued Bonuses,
Liabilities,Other Current Liabilities,Payroll Liabilities,Accrued Bonuses,,,621,,,,22,262000 Payroll Liabilities : Accrued Bonuses,
Liabilities,Other Current Liabilities,Payroll Liabilities,Accrued Bonuses,,,621,,,,23,262000 Payroll Liabilities : Accrued Bonuses,
Liabilities,Other Current Liabilities,Payroll Liabilities,Accrued Bonuses,,,621,,,,24,262000 Payroll Liabilities : Accrued Bonuses,
Liabilities,Other Current Liabilities,Payroll Liabilities,Accrued Bonuses,,,621,,,,25,262000 Payroll Liabilities : Accrued Bonuses,
Liabilities,Other Current Liabilities,Payroll Liabilities,Accrued Bonuses,,,621,,,,26,262000 Payroll Liabilities : Accrued Bonuses,
Liabilities,Other Current Liabilities,Payroll Liabilities,Accrued Bonuses,,,621,,,,28,262000 Payroll Liabilities : Accrued Bonuses,
Liabilities,Other Current Liabilities,Payroll Liabilities,Accrued Bonuses,,,621,,,,29,262000 Payroll Liabilities : Accrued Bonuses,
Liabilities,Other Current Liabilities,Payroll Liabilities,Accrued Bonuses,,,621,,,,31,262000 Payroll Liabilities : Accrued Bonuses,
Liabilities,Other Current Liabilities,Payroll Liabilities,Accrued Bonuses,,,621,,,,32,262000 Payroll Liabilities : Accrued Bonuses,
Liabilities,Other Current Liabilities,Payroll Liabilities,Accrued Bonuses,,,621,,,,33,262000 Payroll Liabilities : Accrued Bonuses,
Liabilities,Other Current Liabilities,Payroll Liabilities,Accrued Bonuses,,,621,,,,35,262000 Payroll Liabilities : Accrued Bonuses,
Liabilities,Other Current Liabilities,Payroll Liabilities,Accrued Bonuses,,,621,,,,36,262000 Payroll Liabilities : Accrued Bonuses,
Liabilities,Other Current Liabilities,Payroll Liabilities,Accrued Bonuses,,,621,,,,37,262000 Payroll Liabilities : Accrued Bonuses,
Liabilities,Other Current Liabilities,Payroll Liabilities,Accrued Bonuses,,,621,,,,39,262000 Payroll Liabilities : Accrued Bonuses,
Liabilities,Other Current Liabilities,Payroll Liabilities,Accrued Bonuses,,,621,,,,41,262000 Payroll Liabilities : Accrued Bonuses,
Liabilities,Other Current Liabilities,Payroll Liabilities,Accrued Bonuses,,,621,,,,42,262000 Payroll Liabilities : Accrued Bonuses,
Liabilities,Other Current Liabilities,Payroll Liabilities,Accrued Bonuses,,,621,,,,43,262000 Payroll Liabilities : Accrued Bonuses,
Liabilities,Other Current Liabilities,Payroll Liabilities,Accrued Bonuses,,,621,,,,44,262000 Payroll Liabilities : Accrued Bonuses,
Liabilities,Other Current Liabilities,Payroll Liabilities,Accrued Bonuses,,,621,,,,45,262000 Payroll Liabilities : Accrued Bonuses,
Liabilities,Other Current Liabilities,Payroll Liabilities,Accrued Payroll Taxes - Federal,,,622,,,,1,262500 Payroll Liabilities : Accrued Payroll Taxes - Federal,
Liabilities,Other Current Liabilities,Payroll Liabilities,Accrued Payroll Taxes - Federal,,,622,,,,2,262500 Payroll Liabilities : Accrued Payroll Taxes - Federal,
Liabilities,Other Current Liabilities,Payroll Liabilities,Accrued Payroll Taxes - Federal,,,622,,,,3,262500 Payroll Liabilities : Accrued Payroll Taxes - Federal,
Liabilities,Other Current Liabilities,Payroll Liabilities,Accrued Payroll Taxes - Federal,,,622,,,,4,262500 Payroll Liabilities : Accrued Payroll Taxes - Federal,
Liabilities,Other Current Liabilities,Payroll Liabilities,Accrued Payroll Taxes - Federal,,,622,,,,5,262500 Payroll Liabilities : Accrued Payroll Taxes - Federal,
Liabilities,Other Current Liabilities,Payroll Liabilities,Accrued Payroll Taxes - Federal,,,622,,,,6,262500 Payroll Liabilities : Accrued Payroll Taxes - Federal,
Liabilities,Other Current Liabilities,Payroll Liabilities,Accrued Payroll Taxes - Federal,,,622,,,,11,262500 Payroll Liabilities : Accrued Payroll Taxes - Federal,
Liabilities,Other Current Liabilities,Payroll Liabilities,Accrued Payroll Taxes - Federal,,,622,,,,16,262500 Payroll Liabilities : Accrued Payroll Taxes - Federal,
Liabilities,Other Current Liabilities,Payroll Liabilities,Accrued Payroll Taxes - Federal,,,622,,,,19,262500 Payroll Liabilities : Accrued Payroll Taxes - Federal,
Liabilities,Other Current Liabilities,Payroll Liabilities,Accrued Payroll Taxes - Federal,,,622,,,,20,262500 Payroll Liabilities : Accrued Payroll Taxes - Federal,
Liabilities,Other Current Liabilities,Payroll Liabilities,Accrued Payroll Taxes - Federal,,,622,,,,21,262500 Payroll Liabilities : Accrued Payroll Taxes - Federal,
Liabilities,Other Current Liabilities,Payroll Liabilities,Accrued Payroll Taxes - Federal,,,622,,,,22,262500 Payroll Liabilities : Accrued Payroll Taxes - Federal,
Liabilities,Other Current Liabilities,Payroll Liabilities,Accrued Payroll Taxes - Federal,,,622,,,,23,262500 Payroll Liabilities : Accrued Payroll Taxes - Federal,
Liabilities,Other Current Liabilities,Payroll Liabilities,Accrued Payroll Taxes - Federal,,,622,,,,24,262500 Payroll Liabilities : Accrued Payroll Taxes - Federal,
Liabilities,Other Current Liabilities,Payroll Liabilities,Accrued Payroll Taxes - Federal,,,622,,,,25,262500 Payroll Liabilities : Accrued Payroll Taxes - Federal,
Liabilities,Other Current Liabilities,Payroll Liabilities,Accrued Payroll Taxes - Federal,,,622,,,,26,262500 Payroll Liabilities : Accrued Payroll Taxes - Federal,
Liabilities,Other Current Liabilities,Payroll Liabilities,Accrued Payroll Taxes - Federal,,,622,,,,28,262500 Payroll Liabilities : Accrued Payroll Taxes - Federal,
Liabilities,Other Current Liabilities,Payroll Liabilities,Accrued Payroll Taxes - Federal,,,622,,,,29,262500 Payroll Liabilities : Accrued Payroll Taxes - Federal,
Liabilities,Other Current Liabilities,Payroll Liabilities,Accrued Payroll Taxes - Federal,,,622,,,,31,262500 Payroll Liabilities : Accrued Payroll Taxes - Federal,
Liabilities,Other Current Liabilities,Payroll Liabilities,Accrued Payroll Taxes - Federal,,,622,,,,32,262500 Payroll Liabilities : Accrued Payroll Taxes - Federal,
Liabilities,Other Current Liabilities,Payroll Liabilities,Accrued Payroll Taxes - Federal,,,622,,,,33,262500 Payroll Liabilities : Accrued Payroll Taxes - Federal,
Liabilities,Other Current Liabilities,Payroll Liabilities,Accrued Payroll Taxes - Federal,,,622,,,,35,262500 Payroll Liabilities : Accrued Payroll Taxes - Federal,
Liabilities,Other Current Liabilities,Payroll Liabilities,Accrued Payroll Taxes - Federal,,,622,,,,36,262500 Payroll Liabilities : Accrued Payroll Taxes - Federal,
Liabilities,Other Current Liabilities,Payroll Liabilities,Accrued Payroll Taxes - Federal,,,622,,,,37,262500 Payroll Liabilities : Accrued Payroll Taxes - Federal,
Liabilities,Other Current Liabilities,Payroll Liabilities,Accrued Payroll Taxes - Federal,,,622,,,,39,262500 Payroll Liabilities : Accrued Payroll Taxes - Federal,
Liabilities,Other Current Liabilities,Payroll Liabilities,Accrued Payroll Taxes - Federal,,,622,,,,41,262500 Payroll Liabilities : Accrued Payroll Taxes - Federal,
Liabilities,Other Current Liabilities,Payroll Liabilities,Accrued Payroll Taxes - Federal,,,622,,,,42,262500 Payroll Liabilities : Accrued Payroll Taxes - Federal,
Liabilities,Other Current Liabilities,Payroll Liabilities,Accrued Payroll Taxes - Federal,,,622,,,,43,262500 Payroll Liabilities : Accrued Payroll Taxes - Federal,
Liabilities,Other Current Liabilities,Payroll Liabilities,Accrued Payroll Taxes - Federal,,,622,,,,44,262500 Payroll Liabilities : Accrued Payroll Taxes - Federal,
Liabilities,Other Current Liabilities,Payroll Liabilities,Accrued Payroll Taxes - Federal,,,622,,,,45,262500 Payroll Liabilities : Accrued Payroll Taxes - Federal,
Liabilities,Other Current Liabilities,Payroll Liabilities,Accrued Payroll Taxes - State,,,623,,,,1,263000 Payroll Liabilities : Accrued Payroll Taxes - State,
Liabilities,Other Current Liabilities,Payroll Liabilities,Accrued Payroll Taxes - State,,,623,,,,2,263000 Payroll Liabilities : Accrued Payroll Taxes - State,
Liabilities,Other Current Liabilities,Payroll Liabilities,Accrued Payroll Taxes - State,,,623,,,,3,263000 Payroll Liabilities : Accrued Payroll Taxes - State,
Liabilities,Other Current Liabilities,Payroll Liabilities,Accrued Payroll Taxes - State,,,623,,,,4,263000 Payroll Liabilities : Accrued Payroll Taxes - State,
Liabilities,Other Current Liabilities,Payroll Liabilities,Accrued Payroll Taxes - State,,,623,,,,5,263000 Payroll Liabilities : Accrued Payroll Taxes - State,
Liabilities,Other Current Liabilities,Payroll Liabilities,Accrued Payroll Taxes - State,,,623,,,,6,263000 Payroll Liabilities : Accrued Payroll Taxes - State,
Liabilities,Other Current Liabilities,Payroll Liabilities,Accrued Payroll Taxes - State,,,623,,,,11,263000 Payroll Liabilities : Accrued Payroll Taxes - State,
Liabilities,Other Current Liabilities,Payroll Liabilities,Accrued Payroll Taxes - State,,,623,,,,16,263000 Payroll Liabilities : Accrued Payroll Taxes - State,
Liabilities,Other Current Liabilities,Payroll Liabilities,Accrued Payroll Taxes - State,,,623,,,,19,263000 Payroll Liabilities : Accrued Payroll Taxes - State,
Liabilities,Other Current Liabilities,Payroll Liabilities,Accrued Payroll Taxes - State,,,623,,,,20,263000 Payroll Liabilities : Accrued Payroll Taxes - State,
Liabilities,Other Current Liabilities,Payroll Liabilities,Accrued Payroll Taxes - State,,,623,,,,21,263000 Payroll Liabilities : Accrued Payroll Taxes - State,
Liabilities,Other Current Liabilities,Payroll Liabilities,Accrued Payroll Taxes - State,,,623,,,,22,263000 Payroll Liabilities : Accrued Payroll Taxes - State,
Liabilities,Other Current Liabilities,Payroll Liabilities,Accrued Payroll Taxes - State,,,623,,,,23,263000 Payroll Liabilities : Accrued Payroll Taxes - State,
Liabilities,Other Current Liabilities,Payroll Liabilities,Accrued Payroll Taxes - State,,,623,,,,24,263000 Payroll Liabilities : Accrued Payroll Taxes - State,
Liabilities,Other Current Liabilities,Payroll Liabilities,Accrued Payroll Taxes - State,,,623,,,,25,263000 Payroll Liabilities : Accrued Payroll Taxes - State,
Liabilities,Other Current Liabilities,Payroll Liabilities,Accrued Payroll Taxes - State,,,623,,,,26,263000 Payroll Liabilities : Accrued Payroll Taxes - State,
Liabilities,Other Current Liabilities,Payroll Liabilities,Accrued Payroll Taxes - State,,,623,,,,28,263000 Payroll Liabilities : Accrued Payroll Taxes - State,
Liabilities,Other Current Liabilities,Payroll Liabilities,Accrued Payroll Taxes - State,,,623,,,,29,263000 Payroll Liabilities : Accrued Payroll Taxes - State,
Liabilities,Other Current Liabilities,Payroll Liabilities,Accrued Payroll Taxes - State,,,623,,,,31,263000 Payroll Liabilities : Accrued Payroll Taxes - State,
Liabilities,Other Current Liabilities,Payroll Liabilities,Accrued Payroll Taxes - State,,,623,,,,32,263000 Payroll Liabilities : Accrued Payroll Taxes - State,
Liabilities,Other Current Liabilities,Payroll Liabilities,Accrued Payroll Taxes - State,,,623,,,,33,263000 Payroll Liabilities : Accrued Payroll Taxes - State,
Liabilities,Other Current Liabilities,Payroll Liabilities,Accrued Payroll Taxes - State,,,623,,,,35,263000 Payroll Liabilities : Accrued Payroll Taxes - State,
Liabilities,Other Current Liabilities,Payroll Liabilities,Accrued Payroll Taxes - State,,,623,,,,36,263000 Payroll Liabilities : Accrued Payroll Taxes - State,
Liabilities,Other Current Liabilities,Payroll Liabilities,Accrued Payroll Taxes - State,,,623,,,,37,263000 Payroll Liabilities : Accrued Payroll Taxes - State,
Liabilities,Other Current Liabilities,Payroll Liabilities,Accrued Payroll Taxes - State,,,623,,,,39,263000 Payroll Liabilities : Accrued Payroll Taxes - State,
Liabilities,Other Current Liabilities,Payroll Liabilities,Accrued Payroll Taxes - State,,,623,,,,41,263000 Payroll Liabilities : Accrued Payroll Taxes - State,
Liabilities,Other Current Liabilities,Payroll Liabilities,Accrued Payroll Taxes - State,,,623,,,,42,263000 Payroll Liabilities : Accrued Payroll Taxes - State,
Liabilities,Other Current Liabilities,Payroll Liabilities,Accrued Payroll Taxes - State,,,623,,,,43,263000 Payroll Liabilities : Accrued Payroll Taxes - State,
Liabilities,Other Current Liabilities,Payroll Liabilities,Accrued Payroll Taxes - State,,,623,,,,44,263000 Payroll Liabilities : Accrued Payroll Taxes - State,
Liabilities,Other Current Liabilities,Payroll Liabilities,Accrued Payroll Taxes - State,,,623,,,,45,263000 Payroll Liabilities : Accrued Payroll Taxes - State,
Liabilities,Other Current Liabilities,Payroll Liabilities,Accrued Payroll Taxes - Local,,,624,,,,1,263500 Payroll Liabilities : Accrued Payroll Taxes - Local,
Liabilities,Other Current Liabilities,Payroll Liabilities,Accrued Payroll Taxes - Local,,,624,,,,2,263500 Payroll Liabilities : Accrued Payroll Taxes - Local,
Liabilities,Other Current Liabilities,Payroll Liabilities,Accrued Payroll Taxes - Local,,,624,,,,3,263500 Payroll Liabilities : Accrued Payroll Taxes - Local,
Liabilities,Other Current Liabilities,Payroll Liabilities,Accrued Payroll Taxes - Local,,,624,,,,4,263500 Payroll Liabilities : Accrued Payroll Taxes - Local,
Liabilities,Other Current Liabilities,Payroll Liabilities,Accrued Payroll Taxes - Local,,,624,,,,5,263500 Payroll Liabilities : Accrued Payroll Taxes - Local,
Liabilities,Other Current Liabilities,Payroll Liabilities,Accrued Payroll Taxes - Local,,,624,,,,6,263500 Payroll Liabilities : Accrued Payroll Taxes - Local,
Liabilities,Other Current Liabilities,Payroll Liabilities,Accrued Payroll Taxes - Local,,,624,,,,11,263500 Payroll Liabilities : Accrued Payroll Taxes - Local,
Liabilities,Other Current Liabilities,Payroll Liabilities,Accrued Payroll Taxes - Local,,,624,,,,16,263500 Payroll Liabilities : Accrued Payroll Taxes - Local,
Liabilities,Other Current Liabilities,Payroll Liabilities,Accrued Payroll Taxes - Local,,,624,,,,19,263500 Payroll Liabilities : Accrued Payroll Taxes - Local,
Liabilities,Other Current Liabilities,Payroll Liabilities,Accrued Payroll Taxes - Local,,,624,,,,20,263500 Payroll Liabilities : Accrued Payroll Taxes - Local,
Liabilities,Other Current Liabilities,Payroll Liabilities,Accrued Payroll Taxes - Local,,,624,,,,21,263500 Payroll Liabilities : Accrued Payroll Taxes - Local,
Liabilities,Other Current Liabilities,Payroll Liabilities,Accrued Payroll Taxes - Local,,,624,,,,22,263500 Payroll Liabilities : Accrued Payroll Taxes - Local,
Liabilities,Other Current Liabilities,Payroll Liabilities,Accrued Payroll Taxes - Local,,,624,,,,23,263500 Payroll Liabilities : Accrued Payroll Taxes - Local,
Liabilities,Other Current Liabilities,Payroll Liabilities,Accrued Payroll Taxes - Local,,,624,,,,24,263500 Payroll Liabilities : Accrued Payroll Taxes - Local,
Liabilities,Other Current Liabilities,Payroll Liabilities,Accrued Payroll Taxes - Local,,,624,,,,25,263500 Payroll Liabilities : Accrued Payroll Taxes - Local,
Liabilities,Other Current Liabilities,Payroll Liabilities,Accrued Payroll Taxes - Local,,,624,,,,26,263500 Payroll Liabilities : Accrued Payroll Taxes - Local,
Liabilities,Other Current Liabilities,Payroll Liabilities,Accrued Payroll Taxes - Local,,,624,,,,28,263500 Payroll Liabilities : Accrued Payroll Taxes - Local,
Liabilities,Other Current Liabilities,Payroll Liabilities,Accrued Payroll Taxes - Local,,,624,,,,29,263500 Payroll Liabilities : Accrued Payroll Taxes - Local,
Liabilities,Other Current Liabilities,Payroll Liabilities,Accrued Payroll Taxes - Local,,,624,,,,31,263500 Payroll Liabilities : Accrued Payroll Taxes - Local,
Liabilities,Other Current Liabilities,Payroll Liabilities,Accrued Payroll Taxes - Local,,,624,,,,32,263500 Payroll Liabilities : Accrued Payroll Taxes - Local,
Liabilities,Other Current Liabilities,Payroll Liabilities,Accrued Payroll Taxes - Local,,,624,,,,33,263500 Payroll Liabilities : Accrued Payroll Taxes - Local,
Liabilities,Other Current Liabilities,Payroll Liabilities,Accrued Payroll Taxes - Local,,,624,,,,35,263500 Payroll Liabilities : Accrued Payroll Taxes - Local,
Liabilities,Other Current Liabilities,Payroll Liabilities,Accrued Payroll Taxes - Local,,,624,,,,36,263500 Payroll Liabilities : Accrued Payroll Taxes - Local,
Liabilities,Other Current Liabilities,Payroll Liabilities,Accrued Payroll Taxes - Local,,,624,,,,37,263500 Payroll Liabilities : Accrued Payroll Taxes - Local,
Liabilities,Other Current Liabilities,Payroll Liabilities,Accrued Payroll Taxes - Local,,,624,,,,39,263500 Payroll Liabilities : Accrued Payroll Taxes - Local,
Liabilities,Other Current Liabilities,Payroll Liabilities,Accrued Payroll Taxes - Local,,,624,,,,41,263500 Payroll Liabilities : Accrued Payroll Taxes - Local,
Liabilities,Other Current Liabilities,Payroll Liabilities,Accrued Payroll Taxes - Local,,,624,,,,42,263500 Payroll Liabilities : Accrued Payroll Taxes - Local,
Liabilities,Other Current Liabilities,Payroll Liabilities,Accrued Payroll Taxes - Local,,,624,,,,43,263500 Payroll Liabilities : Accrued Payroll Taxes - Local,
Liabilities,Other Current Liabilities,Payroll Liabilities,Accrued Payroll Taxes - Local,,,624,,,,44,263500 Payroll Liabilities : Accrued Payroll Taxes - Local,
Liabilities,Other Current Liabilities,Payroll Liabilities,Accrued Payroll Taxes - Local,,,624,,,,45,263500 Payroll Liabilities : Accrued Payroll Taxes - Local,
Liabilities,Other Current Liabilities,Payroll Liabilities,Accrued Medical/Dental/Vision,,,625,,,,1,264000 Payroll Liabilities : Accrued Medical/Dental/Vision,
Liabilities,Other Current Liabilities,Payroll Liabilities,Accrued Medical/Dental/Vision,,,625,,,,2,264000 Payroll Liabilities : Accrued Medical/Dental/Vision,
Liabilities,Other Current Liabilities,Payroll Liabilities,Accrued Medical/Dental/Vision,,,625,,,,3,264000 Payroll Liabilities : Accrued Medical/Dental/Vision,
Liabilities,Other Current Liabilities,Payroll Liabilities,Accrued Medical/Dental/Vision,,,625,,,,4,264000 Payroll Liabilities : Accrued Medical/Dental/Vision,
Liabilities,Other Current Liabilities,Payroll Liabilities,Accrued Medical/Dental/Vision,,,625,,,,5,264000 Payroll Liabilities : Accrued Medical/Dental/Vision,
Liabilities,Other Current Liabilities,Payroll Liabilities,Accrued Medical/Dental/Vision,,,625,,,,6,264000 Payroll Liabilities : Accrued Medical/Dental/Vision,
Liabilities,Other Current Liabilities,Payroll Liabilities,Accrued Medical/Dental/Vision,,,625,,,,11,264000 Payroll Liabilities : Accrued Medical/Dental/Vision,
Liabilities,Other Current Liabilities,Payroll Liabilities,Accrued Medical/Dental/Vision,,,625,,,,16,264000 Payroll Liabilities : Accrued Medical/Dental/Vision,
Liabilities,Other Current Liabilities,Payroll Liabilities,Accrued Medical/Dental/Vision,,,625,,,,19,264000 Payroll Liabilities : Accrued Medical/Dental/Vision,
Liabilities,Other Current Liabilities,Payroll Liabilities,Accrued Medical/Dental/Vision,,,625,,,,20,264000 Payroll Liabilities : Accrued Medical/Dental/Vision,
Liabilities,Other Current Liabilities,Payroll Liabilities,Accrued Medical/Dental/Vision,,,625,,,,21,264000 Payroll Liabilities : Accrued Medical/Dental/Vision,
Liabilities,Other Current Liabilities,Payroll Liabilities,Accrued Medical/Dental/Vision,,,625,,,,22,264000 Payroll Liabilities : Accrued Medical/Dental/Vision,
Liabilities,Other Current Liabilities,Payroll Liabilities,Accrued Medical/Dental/Vision,,,625,,,,23,264000 Payroll Liabilities : Accrued Medical/Dental/Vision,
Liabilities,Other Current Liabilities,Payroll Liabilities,Accrued Medical/Dental/Vision,,,625,,,,24,264000 Payroll Liabilities : Accrued Medical/Dental/Vision,
Liabilities,Other Current Liabilities,Payroll Liabilities,Accrued Medical/Dental/Vision,,,625,,,,25,264000 Payroll Liabilities : Accrued Medical/Dental/Vision,
Liabilities,Other Current Liabilities,Payroll Liabilities,Accrued Medical/Dental/Vision,,,625,,,,26,264000 Payroll Liabilities : Accrued Medical/Dental/Vision,
Liabilities,Other Current Liabilities,Payroll Liabilities,Accrued Medical/Dental/Vision,,,625,,,,28,264000 Payroll Liabilities : Accrued Medical/Dental/Vision,
Liabilities,Other Current Liabilities,Payroll Liabilities,Accrued Medical/Dental/Vision,,,625,,,,29,264000 Payroll Liabilities : Accrued Medical/Dental/Vision,
Liabilities,Other Current Liabilities,Payroll Liabilities,Accrued Medical/Dental/Vision,,,625,,,,31,264000 Payroll Liabilities : Accrued Medical/Dental/Vision,
Liabilities,Other Current Liabilities,Payroll Liabilities,Accrued Medical/Dental/Vision,,,625,,,,32,264000 Payroll Liabilities : Accrued Medical/Dental/Vision,
Liabilities,Other Current Liabilities,Payroll Liabilities,Accrued Medical/Dental/Vision,,,625,,,,33,264000 Payroll Liabilities : Accrued Medical/Dental/Vision,
Liabilities,Other Current Liabilities,Payroll Liabilities,Accrued Medical/Dental/Vision,,,625,,,,35,264000 Payroll Liabilities : Accrued Medical/Dental/Vision,
Liabilities,Other Current Liabilities,Payroll Liabilities,Accrued Medical/Dental/Vision,,,625,,,,36,264000 Payroll Liabilities : Accrued Medical/Dental/Vision,
Liabilities,Other Current Liabilities,Payroll Liabilities,Accrued Medical/Dental/Vision,,,625,,,,37,264000 Payroll Liabilities : Accrued Medical/Dental/Vision,
Liabilities,Other Current Liabilities,Payroll Liabilities,Accrued Medical/Dental/Vision,,,625,,,,39,264000 Payroll Liabilities : Accrued Medical/Dental/Vision,
Liabilities,Other Current Liabilities,Payroll Liabilities,Accrued Medical/Dental/Vision,,,625,,,,41,264000 Payroll Liabilities : Accrued Medical/Dental/Vision,
Liabilities,Other Current Liabilities,Payroll Liabilities,Accrued Medical/Dental/Vision,,,625,,,,42,264000 Payroll Liabilities : Accrued Medical/Dental/Vision,
Liabilities,Other Current Liabilities,Payroll Liabilities,Accrued Medical/Dental/Vision,,,625,,,,43,264000 Payroll Liabilities : Accrued Medical/Dental/Vision,
Liabilities,Other Current Liabilities,Payroll Liabilities,Accrued Medical/Dental/Vision,,,625,,,,44,264000 Payroll Liabilities : Accrued Medical/Dental/Vision,
Liabilities,Other Current Liabilities,Payroll Liabilities,Accrued Medical/Dental/Vision,,,625,,,,45,264000 Payroll Liabilities : Accrued Medical/Dental/Vision,
Liabilities,Other Current Liabilities,Payroll Liabilities,Accrued STD,,,626,,,,1,264500 Payroll Liabilities : Accrued STD,
Liabilities,Other Current Liabilities,Payroll Liabilities,Accrued STD,,,626,,,,2,264500 Payroll Liabilities : Accrued STD,
Liabilities,Other Current Liabilities,Payroll Liabilities,Accrued STD,,,626,,,,3,264500 Payroll Liabilities : Accrued STD,
Liabilities,Other Current Liabilities,Payroll Liabilities,Accrued STD,,,626,,,,4,264500 Payroll Liabilities : Accrued STD,
Liabilities,Other Current Liabilities,Payroll Liabilities,Accrued STD,,,626,,,,5,264500 Payroll Liabilities : Accrued STD,
Liabilities,Other Current Liabilities,Payroll Liabilities,Accrued STD,,,626,,,,6,264500 Payroll Liabilities : Accrued STD,
Liabilities,Other Current Liabilities,Payroll Liabilities,Accrued STD,,,626,,,,11,264500 Payroll Liabilities : Accrued STD,
Liabilities,Other Current Liabilities,Payroll Liabilities,Accrued STD,,,626,,,,16,264500 Payroll Liabilities : Accrued STD,
Liabilities,Other Current Liabilities,Payroll Liabilities,Accrued STD,,,626,,,,19,264500 Payroll Liabilities : Accrued STD,
Liabilities,Other Current Liabilities,Payroll Liabilities,Accrued STD,,,626,,,,20,264500 Payroll Liabilities : Accrued STD,
Liabilities,Other Current Liabilities,Payroll Liabilities,Accrued STD,,,626,,,,21,264500 Payroll Liabilities : Accrued STD,
Liabilities,Other Current Liabilities,Payroll Liabilities,Accrued STD,,,626,,,,22,264500 Payroll Liabilities : Accrued STD,
Liabilities,Other Current Liabilities,Payroll Liabilities,Accrued STD,,,626,,,,23,264500 Payroll Liabilities : Accrued STD,
Liabilities,Other Current Liabilities,Payroll Liabilities,Accrued STD,,,626,,,,24,264500 Payroll Liabilities : Accrued STD,
Liabilities,Other Current Liabilities,Payroll Liabilities,Accrued STD,,,626,,,,25,264500 Payroll Liabilities : Accrued STD,
Liabilities,Other Current Liabilities,Payroll Liabilities,Accrued STD,,,626,,,,26,264500 Payroll Liabilities : Accrued STD,
Liabilities,Other Current Liabilities,Payroll Liabilities,Accrued STD,,,626,,,,28,264500 Payroll Liabilities : Accrued STD,
Liabilities,Other Current Liabilities,Payroll Liabilities,Accrued STD,,,626,,,,29,264500 Payroll Liabilities : Accrued STD,
Liabilities,Other Current Liabilities,Payroll Liabilities,Accrued STD,,,626,,,,31,264500 Payroll Liabilities : Accrued STD,
Liabilities,Other Current Liabilities,Payroll Liabilities,Accrued STD,,,626,,,,32,264500 Payroll Liabilities : Accrued STD,
Liabilities,Other Current Liabilities,Payroll Liabilities,Accrued STD,,,626,,,,33,264500 Payroll Liabilities : Accrued STD,
Liabilities,Other Current Liabilities,Payroll Liabilities,Accrued STD,,,626,,,,35,264500 Payroll Liabilities : Accrued STD,
Liabilities,Other Current Liabilities,Payroll Liabilities,Accrued STD,,,626,,,,36,264500 Payroll Liabilities : Accrued STD,
Liabilities,Other Current Liabilities,Payroll Liabilities,Accrued STD,,,626,,,,37,264500 Payroll Liabilities : Accrued STD,
Liabilities,Other Current Liabilities,Payroll Liabilities,Accrued STD,,,626,,,,39,264500 Payroll Liabilities : Accrued STD,
Liabilities,Other Current Liabilities,Payroll Liabilities,Accrued STD,,,626,,,,41,264500 Payroll Liabilities : Accrued STD,
Liabilities,Other Current Liabilities,Payroll Liabilities,Accrued STD,,,626,,,,42,264500 Payroll Liabilities : Accrued STD,
Liabilities,Other Current Liabilities,Payroll Liabilities,Accrued STD,,,626,,,,43,264500 Payroll Liabilities : Accrued STD,
Liabilities,Other Current Liabilities,Payroll Liabilities,Accrued STD,,,626,,,,44,264500 Payroll Liabilities : Accrued STD,
Liabilities,Other Current Liabilities,Payroll Liabilities,Accrued STD,,,626,,,,45,264500 Payroll Liabilities : Accrued STD,
Liabilities,Other Current Liabilities,Payroll Liabilities,Accrued LTD,,,627,,,,1,265000 Payroll Liabilities : Accrued LTD,
Liabilities,Other Current Liabilities,Payroll Liabilities,Accrued LTD,,,627,,,,2,265000 Payroll Liabilities : Accrued LTD,
Liabilities,Other Current Liabilities,Payroll Liabilities,Accrued LTD,,,627,,,,3,265000 Payroll Liabilities : Accrued LTD,
Liabilities,Other Current Liabilities,Payroll Liabilities,Accrued LTD,,,627,,,,4,265000 Payroll Liabilities : Accrued LTD,
Liabilities,Other Current Liabilities,Payroll Liabilities,Accrued LTD,,,627,,,,5,265000 Payroll Liabilities : Accrued LTD,
Liabilities,Other Current Liabilities,Payroll Liabilities,Accrued LTD,,,627,,,,6,265000 Payroll Liabilities : Accrued LTD,
Liabilities,Other Current Liabilities,Payroll Liabilities,Accrued LTD,,,627,,,,11,265000 Payroll Liabilities : Accrued LTD,
Liabilities,Other Current Liabilities,Payroll Liabilities,Accrued LTD,,,627,,,,16,265000 Payroll Liabilities : Accrued LTD,
Liabilities,Other Current Liabilities,Payroll Liabilities,Accrued LTD,,,627,,,,19,265000 Payroll Liabilities : Accrued LTD,
Liabilities,Other Current Liabilities,Payroll Liabilities,Accrued LTD,,,627,,,,20,265000 Payroll Liabilities : Accrued LTD,
Liabilities,Other Current Liabilities,Payroll Liabilities,Accrued LTD,,,627,,,,21,265000 Payroll Liabilities : Accrued LTD,
Liabilities,Other Current Liabilities,Payroll Liabilities,Accrued LTD,,,627,,,,22,265000 Payroll Liabilities : Accrued LTD,
Liabilities,Other Current Liabilities,Payroll Liabilities,Accrued LTD,,,627,,,,23,265000 Payroll Liabilities : Accrued LTD,
Liabilities,Other Current Liabilities,Payroll Liabilities,Accrued LTD,,,627,,,,24,265000 Payroll Liabilities : Accrued LTD,
Liabilities,Other Current Liabilities,Payroll Liabilities,Accrued LTD,,,627,,,,25,265000 Payroll Liabilities : Accrued LTD,
Liabilities,Other Current Liabilities,Payroll Liabilities,Accrued LTD,,,627,,,,26,265000 Payroll Liabilities : Accrued LTD,
Liabilities,Other Current Liabilities,Payroll Liabilities,Accrued LTD,,,627,,,,28,265000 Payroll Liabilities : Accrued LTD,
Liabilities,Other Current Liabilities,Payroll Liabilities,Accrued LTD,,,627,,,,29,265000 Payroll Liabilities : Accrued LTD,
Liabilities,Other Current Liabilities,Payroll Liabilities,Accrued LTD,,,627,,,,31,265000 Payroll Liabilities : Accrued LTD,
Liabilities,Other Current Liabilities,Payroll Liabilities,Accrued LTD,,,627,,,,32,265000 Payroll Liabilities : Accrued LTD,
Liabilities,Other Current Liabilities,Payroll Liabilities,Accrued LTD,,,627,,,,33,265000 Payroll Liabilities : Accrued LTD,
Liabilities,Other Current Liabilities,Payroll Liabilities,Accrued LTD,,,627,,,,35,265000 Payroll Liabilities : Accrued LTD,
Liabilities,Other Current Liabilities,Payroll Liabilities,Accrued LTD,,,627,,,,36,265000 Payroll Liabilities : Accrued LTD,
Liabilities,Other Current Liabilities,Payroll Liabilities,Accrued LTD,,,627,,,,37,265000 Payroll Liabilities : Accrued LTD,
Liabilities,Other Current Liabilities,Payroll Liabilities,Accrued LTD,,,627,,,,39,265000 Payroll Liabilities : Accrued LTD,
Liabilities,Other Current Liabilities,Payroll Liabilities,Accrued LTD,,,627,,,,41,265000 Payroll Liabilities : Accrued LTD,
Liabilities,Other Current Liabilities,Payroll Liabilities,Accrued LTD,,,627,,,,42,265000 Payroll Liabilities : Accrued LTD,
Liabilities,Other Current Liabilities,Payroll Liabilities,Accrued LTD,,,627,,,,43,265000 Payroll Liabilities : Accrued LTD,
Liabilities,Other Current Liabilities,Payroll Liabilities,Accrued LTD,,,627,,,,44,265000 Payroll Liabilities : Accrued LTD,
Liabilities,Other Current Liabilities,Payroll Liabilities,Accrued LTD,,,627,,,,45,265000 Payroll Liabilities : Accrued LTD,
Liabilities,Other Current Liabilities,Payroll Liabilities,Accrued Life,,,628,,,,1,265500 Payroll Liabilities : Accrued Life,
Liabilities,Other Current Liabilities,Payroll Liabilities,Accrued Life,,,628,,,,2,265500 Payroll Liabilities : Accrued Life,
Liabilities,Other Current Liabilities,Payroll Liabilities,Accrued Life,,,628,,,,3,265500 Payroll Liabilities : Accrued Life,
Liabilities,Other Current Liabilities,Payroll Liabilities,Accrued Life,,,628,,,,4,265500 Payroll Liabilities : Accrued Life,
Liabilities,Other Current Liabilities,Payroll Liabilities,Accrued Life,,,628,,,,5,265500 Payroll Liabilities : Accrued Life,
Liabilities,Other Current Liabilities,Payroll Liabilities,Accrued Life,,,628,,,,6,265500 Payroll Liabilities : Accrued Life,
Liabilities,Other Current Liabilities,Payroll Liabilities,Accrued Life,,,628,,,,11,265500 Payroll Liabilities : Accrued Life,
Liabilities,Other Current Liabilities,Payroll Liabilities,Accrued Life,,,628,,,,16,265500 Payroll Liabilities : Accrued Life,
Liabilities,Other Current Liabilities,Payroll Liabilities,Accrued Life,,,628,,,,19,265500 Payroll Liabilities : Accrued Life,
Liabilities,Other Current Liabilities,Payroll Liabilities,Accrued Life,,,628,,,,20,265500 Payroll Liabilities : Accrued Life,
Liabilities,Other Current Liabilities,Payroll Liabilities,Accrued Life,,,628,,,,21,265500 Payroll Liabilities : Accrued Life,
Liabilities,Other Current Liabilities,Payroll Liabilities,Accrued Life,,,628,,,,22,265500 Payroll Liabilities : Accrued Life,
Liabilities,Other Current Liabilities,Payroll Liabilities,Accrued Life,,,628,,,,23,265500 Payroll Liabilities : Accrued Life,
Liabilities,Other Current Liabilities,Payroll Liabilities,Accrued Life,,,628,,,,24,265500 Payroll Liabilities : Accrued Life,
Liabilities,Other Current Liabilities,Payroll Liabilities,Accrued Life,,,628,,,,25,265500 Payroll Liabilities : Accrued Life,
Liabilities,Other Current Liabilities,Payroll Liabilities,Accrued Life,,,628,,,,26,265500 Payroll Liabilities : Accrued Life,
Liabilities,Other Current Liabilities,Payroll Liabilities,Accrued Life,,,628,,,,28,265500 Payroll Liabilities : Accrued Life,
Liabilities,Other Current Liabilities,Payroll Liabilities,Accrued Life,,,628,,,,29,265500 Payroll Liabilities : Accrued Life,
Liabilities,Other Current Liabilities,Payroll Liabilities,Accrued Life,,,628,,,,31,265500 Payroll Liabilities : Accrued Life,
Liabilities,Other Current Liabilities,Payroll Liabilities,Accrued Life,,,628,,,,32,265500 Payroll Liabilities : Accrued Life,
Liabilities,Other Current Liabilities,Payroll Liabilities,Accrued Life,,,628,,,,33,265500 Payroll Liabilities : Accrued Life,
Liabilities,Other Current Liabilities,Payroll Liabilities,Accrued Life,,,628,,,,35,265500 Payroll Liabilities : Accrued Life,
Liabilities,Other Current Liabilities,Payroll Liabilities,Accrued Life,,,628,,,,36,265500 Payroll Liabilities : Accrued Life,
Liabilities,Other Current Liabilities,Payroll Liabilities,Accrued Life,,,628,,,,37,265500 Payroll Liabilities : Accrued Life,
Liabilities,Other Current Liabilities,Payroll Liabilities,Accrued Life,,,628,,,,39,265500 Payroll Liabilities : Accrued Life,
Liabilities,Other Current Liabilities,Payroll Liabilities,Accrued Life,,,628,,,,41,265500 Payroll Liabilities : Accrued Life,
Liabilities,Other Current Liabilities,Payroll Liabilities,Accrued Life,,,628,,,,42,265500 Payroll Liabilities : Accrued Life,
Liabilities,Other Current Liabilities,Payroll Liabilities,Accrued Life,,,628,,,,43,265500 Payroll Liabilities : Accrued Life,
Liabilities,Other Current Liabilities,Payroll Liabilities,Accrued Life,,,628,,,,44,265500 Payroll Liabilities : Accrued Life,
Liabilities,Other Current Liabilities,Payroll Liabilities,Accrued Life,,,628,,,,45,265500 Payroll Liabilities : Accrued Life,
Liabilities,Other Current Liabilities,Payroll Liabilities,Accrued 401k,,,629,,,,1,266000 Payroll Liabilities : Accrued 401k,
Liabilities,Other Current Liabilities,Payroll Liabilities,Accrued 401k,,,629,,,,2,266000 Payroll Liabilities : Accrued 401k,
Liabilities,Other Current Liabilities,Payroll Liabilities,Accrued 401k,,,629,,,,3,266000 Payroll Liabilities : Accrued 401k,
Liabilities,Other Current Liabilities,Payroll Liabilities,Accrued 401k,,,629,,,,4,266000 Payroll Liabilities : Accrued 401k,
Liabilities,Other Current Liabilities,Payroll Liabilities,Accrued 401k,,,629,,,,5,266000 Payroll Liabilities : Accrued 401k,
Liabilities,Other Current Liabilities,Payroll Liabilities,Accrued 401k,,,629,,,,6,266000 Payroll Liabilities : Accrued 401k,
Liabilities,Other Current Liabilities,Payroll Liabilities,Accrued 401k,,,629,,,,11,266000 Payroll Liabilities : Accrued 401k,
Liabilities,Other Current Liabilities,Payroll Liabilities,Accrued 401k,,,629,,,,16,266000 Payroll Liabilities : Accrued 401k,
Liabilities,Other Current Liabilities,Payroll Liabilities,Accrued 401k,,,629,,,,19,266000 Payroll Liabilities : Accrued 401k,
Liabilities,Other Current Liabilities,Payroll Liabilities,Accrued 401k,,,629,,,,20,266000 Payroll Liabilities : Accrued 401k,
Liabilities,Other Current Liabilities,Payroll Liabilities,Accrued 401k,,,629,,,,21,266000 Payroll Liabilities : Accrued 401k,
Liabilities,Other Current Liabilities,Payroll Liabilities,Accrued 401k,,,629,,,,22,266000 Payroll Liabilities : Accrued 401k,
Liabilities,Other Current Liabilities,Payroll Liabilities,Accrued 401k,,,629,,,,23,266000 Payroll Liabilities : Accrued 401k,
Liabilities,Other Current Liabilities,Payroll Liabilities,Accrued 401k,,,629,,,,24,266000 Payroll Liabilities : Accrued 401k,
Liabilities,Other Current Liabilities,Payroll Liabilities,Accrued 401k,,,629,,,,25,266000 Payroll Liabilities : Accrued 401k,
Liabilities,Other Current Liabilities,Payroll Liabilities,Accrued 401k,,,629,,,,26,266000 Payroll Liabilities : Accrued 401k,
Liabilities,Other Current Liabilities,Payroll Liabilities,Accrued 401k,,,629,,,,28,266000 Payroll Liabilities : Accrued 401k,
Liabilities,Other Current Liabilities,Payroll Liabilities,Accrued 401k,,,629,,,,29,266000 Payroll Liabilities : Accrued 401k,
Liabilities,Other Current Liabilities,Payroll Liabilities,Accrued 401k,,,629,,,,31,266000 Payroll Liabilities : Accrued 401k,
Liabilities,Other Current Liabilities,Payroll Liabilities,Accrued 401k,,,629,,,,32,266000 Payroll Liabilities : Accrued 401k,
Liabilities,Other Current Liabilities,Payroll Liabilities,Accrued 401k,,,629,,,,33,266000 Payroll Liabilities : Accrued 401k,
Liabilities,Other Current Liabilities,Payroll Liabilities,Accrued 401k,,,629,,,,35,266000 Payroll Liabilities : Accrued 401k,
Liabilities,Other Current Liabilities,Payroll Liabilities,Accrued 401k,,,629,,,,36,266000 Payroll Liabilities : Accrued 401k,
Liabilities,Other Current Liabilities,Payroll Liabilities,Accrued 401k,,,629,,,,37,266000 Payroll Liabilities : Accrued 401k,
Liabilities,Other Current Liabilities,Payroll Liabilities,Accrued 401k,,,629,,,,39,266000 Payroll Liabilities : Accrued 401k,
Liabilities,Other Current Liabilities,Payroll Liabilities,Accrued 401k,,,629,,,,41,266000 Payroll Liabilities : Accrued 401k,
Liabilities,Other Current Liabilities,Payroll Liabilities,Accrued 401k,,,629,,,,42,266000 Payroll Liabilities : Accrued 401k,
Liabilities,Other Current Liabilities,Payroll Liabilities,Accrued 401k,,,629,,,,43,266000 Payroll Liabilities : Accrued 401k,
Liabilities,Other Current Liabilities,Payroll Liabilities,Accrued 401k,,,629,,,,44,266000 Payroll Liabilities : Accrued 401k,
Liabilities,Other Current Liabilities,Payroll Liabilities,Accrued 401k,,,629,,,,45,266000 Payroll Liabilities : Accrued 401k,
Liabilities,Other Current Liabilities,Payroll Liabilities,Accrued Tips,,,630,,,,1,266500 Payroll Liabilities : Accrued Tips,
Liabilities,Other Current Liabilities,Payroll Liabilities,Accrued Tips,,,630,,,,2,266500 Payroll Liabilities : Accrued Tips,
Liabilities,Other Current Liabilities,Payroll Liabilities,Accrued Tips,,,630,,,,3,266500 Payroll Liabilities : Accrued Tips,
Liabilities,Other Current Liabilities,Payroll Liabilities,Accrued Tips,,,630,,,,4,266500 Payroll Liabilities : Accrued Tips,
Liabilities,Other Current Liabilities,Payroll Liabilities,Accrued Tips,,,630,,,,5,266500 Payroll Liabilities : Accrued Tips,
Liabilities,Other Current Liabilities,Payroll Liabilities,Accrued Tips,,,630,,,,6,266500 Payroll Liabilities : Accrued Tips,
Liabilities,Other Current Liabilities,Payroll Liabilities,Accrued Tips,,,630,,,,11,266500 Payroll Liabilities : Accrued Tips,
Liabilities,Other Current Liabilities,Payroll Liabilities,Accrued Tips,,,630,,,,16,266500 Payroll Liabilities : Accrued Tips,
Liabilities,Other Current Liabilities,Payroll Liabilities,Accrued Tips,,,630,,,,19,266500 Payroll Liabilities : Accrued Tips,
Liabilities,Other Current Liabilities,Payroll Liabilities,Accrued Tips,,,630,,,,20,266500 Payroll Liabilities : Accrued Tips,
Liabilities,Other Current Liabilities,Payroll Liabilities,Accrued Tips,,,630,,,,21,266500 Payroll Liabilities : Accrued Tips,
Liabilities,Other Current Liabilities,Payroll Liabilities,Accrued Tips,,,630,,,,22,266500 Payroll Liabilities : Accrued Tips,
Liabilities,Other Current Liabilities,Payroll Liabilities,Accrued Tips,,,630,,,,23,266500 Payroll Liabilities : Accrued Tips,
Liabilities,Other Current Liabilities,Payroll Liabilities,Accrued Tips,,,630,,,,24,266500 Payroll Liabilities : Accrued Tips,
Liabilities,Other Current Liabilities,Payroll Liabilities,Accrued Tips,,,630,,,,25,266500 Payroll Liabilities : Accrued Tips,
Liabilities,Other Current Liabilities,Payroll Liabilities,Accrued Tips,,,630,,,,26,266500 Payroll Liabilities : Accrued Tips,
Liabilities,Other Current Liabilities,Payroll Liabilities,Accrued Tips,,,630,,,,28,266500 Payroll Liabilities : Accrued Tips,
Liabilities,Other Current Liabilities,Payroll Liabilities,Accrued Tips,,,630,,,,29,266500 Payroll Liabilities : Accrued Tips,
Liabilities,Other Current Liabilities,Payroll Liabilities,Accrued Tips,,,630,,,,31,266500 Payroll Liabilities : Accrued Tips,
Liabilities,Other Current Liabilities,Payroll Liabilities,Accrued Tips,,,630,,,,32,266500 Payroll Liabilities : Accrued Tips,
Liabilities,Other Current Liabilities,Payroll Liabilities,Accrued Tips,,,630,,,,33,266500 Payroll Liabilities : Accrued Tips,
Liabilities,Other Current Liabilities,Payroll Liabilities,Accrued Tips,,,630,,,,35,266500 Payroll Liabilities : Accrued Tips,
Liabilities,Other Current Liabilities,Payroll Liabilities,Accrued Tips,,,630,,,,36,266500 Payroll Liabilities : Accrued Tips,
Liabilities,Other Current Liabilities,Payroll Liabilities,Accrued Tips,,,630,,,,37,266500 Payroll Liabilities : Accrued Tips,
Liabilities,Other Current Liabilities,Payroll Liabilities,Accrued Tips,,,630,,,,39,266500 Payroll Liabilities : Accrued Tips,
Liabilities,Other Current Liabilities,Payroll Liabilities,Accrued Tips,,,630,,,,41,266500 Payroll Liabilities : Accrued Tips,
Liabilities,Other Current Liabilities,Payroll Liabilities,Accrued Tips,,,630,,,,42,266500 Payroll Liabilities : Accrued Tips,
Liabilities,Other Current Liabilities,Payroll Liabilities,Accrued Tips,,,630,,,,43,266500 Payroll Liabilities : Accrued Tips,
Liabilities,Other Current Liabilities,Payroll Liabilities,Accrued Tips,,,630,,,,44,266500 Payroll Liabilities : Accrued Tips,
Liabilities,Other Current Liabilities,Payroll Liabilities,Accrued Tips,,,630,,,,45,266500 Payroll Liabilities : Accrued Tips,
Revenue,Revenue,Service Revenue,,,,718,,,,1,410000 Revenue : Service Revenue,
Revenue,Revenue,Service Revenue,,,,718,,,,2,410000 Revenue : Service Revenue,
Revenue,Revenue,Service Revenue,,,,718,,,,3,410000 Revenue : Service Revenue,
Revenue,Revenue,Service Revenue,,,,718,,,,4,410000 Revenue : Service Revenue,
Revenue,Revenue,Service Revenue,,,,718,,,,5,410000 Revenue : Service Revenue,
Revenue,Revenue,Service Revenue,,,,718,,,,6,410000 Revenue : Service Revenue,
Revenue,Revenue,Service Revenue,,,,718,,,,11,410000 Revenue : Service Revenue,
Revenue,Revenue,Service Revenue,,,,718,,,,16,410000 Revenue : Service Revenue,
Revenue,Revenue,Service Revenue,,,,718,,,,19,410000 Revenue : Service Revenue,
Revenue,Revenue,Service Revenue,,,,718,,,,20,410000 Revenue : Service Revenue,
Revenue,Revenue,Service Revenue,,,,718,,,,21,410000 Revenue : Service Revenue,
Revenue,Revenue,Service Revenue,,,,718,,,,22,410000 Revenue : Service Revenue,
Revenue,Revenue,Service Revenue,,,,718,,,,23,410000 Revenue : Service Revenue,
Revenue,Revenue,Service Revenue,,,,718,,,,24,410000 Revenue : Service Revenue,
Revenue,Revenue,Service Revenue,,,,718,,,,25,410000 Revenue : Service Revenue,
Revenue,Revenue,Service Revenue,,,,718,,,,26,410000 Revenue : Service Revenue,
Revenue,Revenue,Service Revenue,,,,718,,,,28,410000 Revenue : Service Revenue,
Revenue,Revenue,Service Revenue,,,,718,,,,29,410000 Revenue : Service Revenue,
Revenue,Revenue,Service Revenue,,,,718,,,,31,410000 Revenue : Service Revenue,
Revenue,Revenue,Service Revenue,,,,718,,,,32,410000 Revenue : Service Revenue,
Revenue,Revenue,Service Revenue,,,,718,,,,33,410000 Revenue : Service Revenue,
Revenue,Revenue,Service Revenue,,,,718,,,,35,410000 Revenue : Service Revenue,
Revenue,Revenue,Service Revenue,,,,718,,,,36,410000 Revenue : Service Revenue,
Revenue,Revenue,Service Revenue,,,,718,,,,37,410000 Revenue : Service Revenue,
Revenue,Revenue,Service Revenue,,,,718,,,,39,410000 Revenue : Service Revenue,
Revenue,Revenue,Service Revenue,,,,718,,,,41,410000 Revenue : Service Revenue,
Revenue,Revenue,Service Revenue,,,,718,,,,42,410000 Revenue : Service Revenue,
Revenue,Revenue,Service Revenue,,,,718,,,,43,410000 Revenue : Service Revenue,
Revenue,Revenue,Service Revenue,,,,718,,,,44,410000 Revenue : Service Revenue,
Revenue,Revenue,Service Revenue,,,,718,,,,45,410000 Revenue : Service Revenue,
Revenue,Revenue,Retail,,,,719,,,,1,420000 Revenue : Retail,
Revenue,Revenue,Retail,,,,719,,,,2,420000 Revenue : Retail,
Revenue,Revenue,Retail,,,,719,,,,3,420000 Revenue : Retail,
Revenue,Revenue,Retail,,,,719,,,,4,420000 Revenue : Retail,
Revenue,Revenue,Retail,,,,719,,,,5,420000 Revenue : Retail,
Revenue,Revenue,Retail,,,,719,,,,6,420000 Revenue : Retail,
Revenue,Revenue,Retail,,,,719,,,,11,420000 Revenue : Retail,
Revenue,Revenue,Retail,,,,719,,,,16,420000 Revenue : Retail,
Revenue,Revenue,Retail,,,,719,,,,19,420000 Revenue : Retail,
Revenue,Revenue,Retail,,,,719,,,,20,420000 Revenue : Retail,
Revenue,Revenue,Retail,,,,719,,,,21,420000 Revenue : Retail,
Revenue,Revenue,Retail,,,,719,,,,22,420000 Revenue : Retail,
Revenue,Revenue,Retail,,,,719,,,,23,420000 Revenue : Retail,
Revenue,Revenue,Retail,,,,719,,,,24,420000 Revenue : Retail,
Revenue,Revenue,Retail,,,,719,,,,25,420000 Revenue : Retail,
Revenue,Revenue,Retail,,,,719,,,,26,420000 Revenue : Retail,
Revenue,Revenue,Retail,,,,719,,,,28,420000 Revenue : Retail,
Revenue,Revenue,Retail,,,,719,,,,29,420000 Revenue : Retail,
Revenue,Revenue,Retail,,,,719,,,,31,420000 Revenue : Retail,
Revenue,Revenue,Retail,,,,719,,,,32,420000 Revenue : Retail,
Revenue,Revenue,Retail,,,,719,,,,33,420000 Revenue : Retail,
Revenue,Revenue,Retail,,,,719,,,,35,420000 Revenue : Retail,
Revenue,Revenue,Retail,,,,719,,,,36,420000 Revenue : Retail,
Revenue,Revenue,Retail,,,,719,,,,37,420000 Revenue : Retail,
Revenue,Revenue,Retail,,,,719,,,,39,420000 Revenue : Retail,
Revenue,Revenue,Retail,,,,719,,,,41,420000 Revenue : Retail,
Revenue,Revenue,Retail,,,,719,,,,42,420000 Revenue : Retail,
Revenue,Revenue,Retail,,,,719,,,,43,420000 Revenue : Retail,
Revenue,Revenue,Retail,,,,719,,,,44,420000 Revenue : Retail,
Revenue,Revenue,Retail,,,,719,,,,45,420000 Revenue : Retail,
Revenue,Revenue,Expired Packages,,,,720,,,,1,430000 Revenue : Expired Packages,
Revenue,Revenue,Expired Packages,,,,720,,,,2,430000 Revenue : Expired Packages,
Revenue,Revenue,Expired Packages,,,,720,,,,3,430000 Revenue : Expired Packages,
Revenue,Revenue,Expired Packages,,,,720,,,,4,430000 Revenue : Expired Packages,
Revenue,Revenue,Expired Packages,,,,720,,,,5,430000 Revenue : Expired Packages,
Revenue,Revenue,Expired Packages,,,,720,,,,6,430000 Revenue : Expired Packages,
Revenue,Revenue,Expired Packages,,,,720,,,,11,430000 Revenue : Expired Packages,
Revenue,Revenue,Expired Packages,,,,720,,,,16,430000 Revenue : Expired Packages,
Revenue,Revenue,Expired Packages,,,,720,,,,19,430000 Revenue : Expired Packages,
Revenue,Revenue,Expired Packages,,,,720,,,,20,430000 Revenue : Expired Packages,
Revenue,Revenue,Expired Packages,,,,720,,,,21,430000 Revenue : Expired Packages,
Revenue,Revenue,Expired Packages,,,,720,,,,22,430000 Revenue : Expired Packages,
Revenue,Revenue,Expired Packages,,,,720,,,,23,430000 Revenue : Expired Packages,
Revenue,Revenue,Expired Packages,,,,720,,,,24,430000 Revenue : Expired Packages,
Revenue,Revenue,Expired Packages,,,,720,,,,25,430000 Revenue : Expired Packages,
Revenue,Revenue,Expired Packages,,,,720,,,,26,430000 Revenue : Expired Packages,
Revenue,Revenue,Expired Packages,,,,720,,,,28,430000 Revenue : Expired Packages,
Revenue,Revenue,Expired Packages,,,,720,,,,29,430000 Revenue : Expired Packages,
Revenue,Revenue,Expired Packages,,,,720,,,,31,430000 Revenue : Expired Packages,
Revenue,Revenue,Expired Packages,,,,720,,,,32,430000 Revenue : Expired Packages,
Revenue,Revenue,Expired Packages,,,,720,,,,33,430000 Revenue : Expired Packages,
Revenue,Revenue,Expired Packages,,,,720,,,,35,430000 Revenue : Expired Packages,
Revenue,Revenue,Expired Packages,,,,720,,,,36,430000 Revenue : Expired Packages,
Revenue,Revenue,Expired Packages,,,,720,,,,37,430000 Revenue : Expired Packages,
Revenue,Revenue,Expired Packages,,,,720,,,,39,430000 Revenue : Expired Packages,
Revenue,Revenue,Expired Packages,,,,720,,,,41,430000 Revenue : Expired Packages,
Revenue,Revenue,Expired Packages,,,,720,,,,42,430000 Revenue : Expired Packages,
Revenue,Revenue,Expired Packages,,,,720,,,,43,430000 Revenue : Expired Packages,
Revenue,Revenue,Expired Packages,,,,720,,,,44,430000 Revenue : Expired Packages,
Revenue,Revenue,Expired Packages,,,,720,,,,45,430000 Revenue : Expired Packages,
Revenue,Revenue,Other Revenue,,,,721,,,,1,440000 Revenue : Other Revenue,
Revenue,Revenue,Other Revenue,,,,721,,,,2,440000 Revenue : Other Revenue,
Revenue,Revenue,Other Revenue,,,,721,,,,3,440000 Revenue : Other Revenue,
Revenue,Revenue,Other Revenue,,,,721,,,,4,440000 Revenue : Other Revenue,
Revenue,Revenue,Other Revenue,,,,721,,,,5,440000 Revenue : Other Revenue,
Revenue,Revenue,Other Revenue,,,,721,,,,6,440000 Revenue : Other Revenue,
Revenue,Revenue,Other Revenue,,,,721,,,,11,440000 Revenue : Other Revenue,
Revenue,Revenue,Other Revenue,,,,721,,,,16,440000 Revenue : Other Revenue,
Revenue,Revenue,Other Revenue,,,,721,,,,19,440000 Revenue : Other Revenue,
Revenue,Revenue,Other Revenue,,,,721,,,,20,440000 Revenue : Other Revenue,
Revenue,Revenue,Other Revenue,,,,721,,,,21,440000 Revenue : Other Revenue,
Revenue,Revenue,Other Revenue,,,,721,,,,22,440000 Revenue : Other Revenue,
Revenue,Revenue,Other Revenue,,,,721,,,,23,440000 Revenue : Other Revenue,
Revenue,Revenue,Other Revenue,,,,721,,,,24,440000 Revenue : Other Revenue,
Revenue,Revenue,Other Revenue,,,,721,,,,25,440000 Revenue : Other Revenue,
Revenue,Revenue,Other Revenue,,,,721,,,,26,440000 Revenue : Other Revenue,
Revenue,Revenue,Other Revenue,,,,721,,,,28,440000 Revenue : Other Revenue,
Revenue,Revenue,Other Revenue,,,,721,,,,29,440000 Revenue : Other Revenue,
Revenue,Revenue,Other Revenue,,,,721,,,,31,440000 Revenue : Other Revenue,
Revenue,Revenue,Other Revenue,,,,721,,,,32,440000 Revenue : Other Revenue,
Revenue,Revenue,Other Revenue,,,,721,,,,33,440000 Revenue : Other Revenue,
Revenue,Revenue,Other Revenue,,,,721,,,,35,440000 Revenue : Other Revenue,
Revenue,Revenue,Other Revenue,,,,721,,,,36,440000 Revenue : Other Revenue,
Revenue,Revenue,Other Revenue,,,,721,,,,37,440000 Revenue : Other Revenue,
Revenue,Revenue,Other Revenue,,,,721,,,,39,440000 Revenue : Other Revenue,
Revenue,Revenue,Other Revenue,,,,721,,,,41,440000 Revenue : Other Revenue,
Revenue,Revenue,Other Revenue,,,,721,,,,42,440000 Revenue : Other Revenue,
Revenue,Revenue,Other Revenue,,,,721,,,,43,440000 Revenue : Other Revenue,
Revenue,Revenue,Other Revenue,,,,721,,,,44,440000 Revenue : Other Revenue,
Revenue,Revenue,Other Revenue,,,,721,,,,45,440000 Revenue : Other Revenue,
Revenue,Revenue,Intercompany Revenue,,,,722,,,,1,450000 Revenue : Intercompany Revenue,
Revenue,Revenue,Intercompany Revenue,,,,722,,,,2,450000 Revenue : Intercompany Revenue,
Revenue,Revenue,Intercompany Revenue,,,,722,,,,3,450000 Revenue : Intercompany Revenue,
Revenue,Revenue,Intercompany Revenue,,,,722,,,,4,450000 Revenue : Intercompany Revenue,
Revenue,Revenue,Intercompany Revenue,,,,722,,,,5,450000 Revenue : Intercompany Revenue,
Revenue,Revenue,Intercompany Revenue,,,,722,,,,6,450000 Revenue : Intercompany Revenue,
Revenue,Revenue,Intercompany Revenue,,,,722,,,,11,450000 Revenue : Intercompany Revenue,
Revenue,Revenue,Intercompany Revenue,,,,722,,,,16,450000 Revenue : Intercompany Revenue,
Revenue,Revenue,Intercompany Revenue,,,,722,,,,19,450000 Revenue : Intercompany Revenue,
Revenue,Revenue,Intercompany Revenue,,,,722,,,,20,450000 Revenue : Intercompany Revenue,
Revenue,Revenue,Intercompany Revenue,,,,722,,,,21,450000 Revenue : Intercompany Revenue,
Revenue,Revenue,Intercompany Revenue,,,,722,,,,22,450000 Revenue : Intercompany Revenue,
Revenue,Revenue,Intercompany Revenue,,,,722,,,,23,450000 Revenue : Intercompany Revenue,
Revenue,Revenue,Intercompany Revenue,,,,722,,,,24,450000 Revenue : Intercompany Revenue,
Revenue,Revenue,Intercompany Revenue,,,,722,,,,25,450000 Revenue : Intercompany Revenue,
Revenue,Revenue,Intercompany Revenue,,,,722,,,,26,450000 Revenue : Intercompany Revenue,
Revenue,Revenue,Intercompany Revenue,,,,722,,,,28,450000 Revenue : Intercompany Revenue,
Revenue,Revenue,Intercompany Revenue,,,,722,,,,29,450000 Revenue : Intercompany Revenue,
Revenue,Revenue,Intercompany Revenue,,,,722,,,,31,450000 Revenue : Intercompany Revenue,
Revenue,Revenue,Intercompany Revenue,,,,722,,,,32,450000 Revenue : Intercompany Revenue,
Revenue,Revenue,Intercompany Revenue,,,,722,,,,33,450000 Revenue : Intercompany Revenue,
Revenue,Revenue,Intercompany Revenue,,,,722,,,,35,450000 Revenue : Intercompany Revenue,
Revenue,Revenue,Intercompany Revenue,,,,722,,,,36,450000 Revenue : Intercompany Revenue,
Revenue,Revenue,Intercompany Revenue,,,,722,,,,37,450000 Revenue : Intercompany Revenue,
Revenue,Revenue,Intercompany Revenue,,,,722,,,,39,450000 Revenue : Intercompany Revenue,
Revenue,Revenue,Intercompany Revenue,,,,722,,,,41,450000 Revenue : Intercompany Revenue,
Revenue,Revenue,Intercompany Revenue,,,,722,,,,42,450000 Revenue : Intercompany Revenue,
Revenue,Revenue,Intercompany Revenue,,,,722,,,,43,450000 Revenue : Intercompany Revenue,
Revenue,Revenue,Intercompany Revenue,,,,722,,,,44,450000 Revenue : Intercompany Revenue,
Revenue,Revenue,Intercompany Revenue,,,,722,,,,45,450000 Revenue : Intercompany Revenue,
,,,,,,818,,,,1,600000 Operating Expenses,
,,,,,,818,,,,2,600000 Operating Expenses,
,,,,,,818,,,,3,600000 Operating Expenses,
,,,,,,818,,,,4,600000 Operating Expenses,
,,,,,,818,,,,5,600000 Operating Expenses,
,,,,,,818,,,,6,600000 Operating Expenses,
,,,,,,818,,,,11,600000 Operating Expenses,
,,,,,,818,,,,16,600000 Operating Expenses,
,,,,,,818,,,,19,600000 Operating Expenses,
,,,,,,818,,,,20,600000 Operating Expenses,
,,,,,,818,,,,21,600000 Operating Expenses,
,,,,,,818,,,,22,600000 Operating Expenses,
,,,,,,818,,,,23,600000 Operating Expenses,
,,,,,,818,,,,24,600000 Operating Expenses,
,,,,,,818,,,,25,600000 Operating Expenses,
,,,,,,818,,,,26,600000 Operating Expenses,
,,,,,,818,,,,28,600000 Operating Expenses,
,,,,,,818,,,,29,600000 Operating Expenses,
,,,,,,818,,,,31,600000 Operating Expenses,
,,,,,,818,,,,32,600000 Operating Expenses,
,,,,,,818,,,,33,600000 Operating Expenses,
,,,,,,818,,,,35,600000 Operating Expenses,
,,,,,,818,,,,36,600000 Operating Expenses,
,,,,,,818,,,,37,600000 Operating Expenses,
,,,,,,818,,,,39,600000 Operating Expenses,
,,,,,,818,,,,41,600000 Operating Expenses,
,,,,,,818,,,,42,600000 Operating Expenses,
,,,,,,818,,,,43,600000 Operating Expenses,
,,,,,,818,,,,44,600000 Operating Expenses,
,,,,,,818,,,,45,600000 Operating Expenses,
Expenses,Ops Labour Expense,,,,,819,,,,1,610000 Operating Expenses : OPEX Wages,
Expenses,Ops Labour Expense,,,,,819,,,,2,610000 Operating Expenses : OPEX Wages,
Field Corporate Expenses,Pawville Intermediate Holdings,OPEX Wages,,,,819,,,,3,610000 Operating Expenses : OPEX Wages,
Corporate Expenses,OPEX Wages,,,,,819,,,,4,610000 Operating Expenses : OPEX Wages,
Expenses,Ops Labour Expense,,,,,819,,,,5,610000 Operating Expenses : OPEX Wages,
Field Corporate Expenses,PUPS Intermediate Holdings,OPEX Wages,,,,819,,,,6,610000 Operating Expenses : OPEX Wages,
Expenses,Ops Labour Expense,,,,,819,,,,11,610000 Operating Expenses : OPEX Wages,
Expenses,Ops Labour Expense,,,,,819,,,,16,610000 Operating Expenses : OPEX Wages,
Expenses,Ops Labour Expense,,,,,819,,,,19,610000 Operating Expenses : OPEX Wages,
Expenses,Ops Labour Expense,,,,,819,,,,20,610000 Operating Expenses : OPEX Wages,
Expenses,Ops Labour Expense,,,,,819,,,,21,610000 Operating Expenses : OPEX Wages,
Expenses,Ops Labour Expense,,,,,819,,,,22,610000 Operating Expenses : OPEX Wages,
Expenses,Ops Labour Expense,,,,,819,,,,23,610000 Operating Expenses : OPEX Wages,
Expenses,Ops Labour Expense,,,,,819,,,,24,610000 Operating Expenses : OPEX Wages,
Expenses,Ops Labour Expense,,,,,819,,,,25,610000 Operating Expenses : OPEX Wages,
Expenses,Ops Labour Expense,,,,,819,,,,26,610000 Operating Expenses : OPEX Wages,
Expenses,Ops Labour Expense,,,,,819,,,,28,610000 Operating Expenses : OPEX Wages,
Expenses,Ops Labour Expense,,,,,819,,,,29,610000 Operating Expenses : OPEX Wages,
Expenses,Ops Labour Expense,,,,,819,,,,31,610000 Operating Expenses : OPEX Wages,
Expenses,Ops Labour Expense,,,,,819,,,,32,610000 Operating Expenses : OPEX Wages,
Expenses,Ops Labour Expense,,,,,819,,,,33,610000 Operating Expenses : OPEX Wages,
Expenses,Ops Labour Expense,,,,,819,,,,35,610000 Operating Expenses : OPEX Wages,
Expenses,Ops Labour Expense,,,,,819,,,,36,610000 Operating Expenses : OPEX Wages,
Expenses,Ops Labour Expense,,,,,819,,,,37,610000 Operating Expenses : OPEX Wages,
Expenses,Ops Labour Expense,,,,,819,,,,39,610000 Operating Expenses : OPEX Wages,
Expenses,Ops Labour Expense,,,,,819,,,,41,610000 Operating Expenses : OPEX Wages,
Expenses,Ops Labour Expense,,,,,819,,,,42,610000 Operating Expenses : OPEX Wages,
Expenses,Ops Labour Expense,,,,,819,,,,43,610000 Operating Expenses : OPEX Wages,
Expenses,Ops Labour Expense,,,,,819,,,,44,610000 Operating Expenses : OPEX Wages,
Expenses,Ops Labour Expense,,,,,819,,,,45,610000 Operating Expenses : OPEX Wages,
Expenses,Ops Labour Expense,Regular Wages,,,,820,,,,1,610500 Operating Expenses : OPEX Wages : Regular Wages,
Expenses,Ops Labour Expense,Regular Wages,,,,820,,,,2,610500 Operating Expenses : OPEX Wages : Regular Wages,
Field Corporate Expenses,Pawville Intermediate Holdings,OPEX Wages,Regular Wages,,,820,,,,3,610500 Operating Expenses : OPEX Wages : Regular Wages,
Corporate Expenses,OPEX Wages,Regular Wages,,,,820,,,,4,610500 Operating Expenses : OPEX Wages : Regular Wages,
Expenses,Ops Labour Expense,Regular Wages,,,,820,,,,5,610500 Operating Expenses : OPEX Wages : Regular Wages,
Field Corporate Expenses,PUPS Intermediate Holdings,OPEX Wages,Regular Wages,,,820,,,,6,610500 Operating Expenses : OPEX Wages : Regular Wages,
Expenses,Ops Labour Expense,Regular Wages,,,,820,,,,11,610500 Operating Expenses : OPEX Wages : Regular Wages,
Expenses,Ops Labour Expense,Regular Wages,,,,820,,,,16,610500 Operating Expenses : OPEX Wages : Regular Wages,
Expenses,Ops Labour Expense,Regular Wages,,,,820,,,,19,610500 Operating Expenses : OPEX Wages : Regular Wages,
Expenses,Ops Labour Expense,Regular Wages,,,,820,,,,20,610500 Operating Expenses : OPEX Wages : Regular Wages,
Expenses,Ops Labour Expense,Regular Wages,,,,820,,,,21,610500 Operating Expenses : OPEX Wages : Regular Wages,
Expenses,Ops Labour Expense,Regular Wages,,,,820,,,,22,610500 Operating Expenses : OPEX Wages : Regular Wages,
Expenses,Ops Labour Expense,Regular Wages,,,,820,,,,23,610500 Operating Expenses : OPEX Wages : Regular Wages,
Expenses,Ops Labour Expense,Regular Wages,,,,820,,,,24,610500 Operating Expenses : OPEX Wages : Regular Wages,
Expenses,Ops Labour Expense,Regular Wages,,,,820,,,,25,610500 Operating Expenses : OPEX Wages : Regular Wages,
Expenses,Ops Labour Expense,Regular Wages,,,,820,,,,26,610500 Operating Expenses : OPEX Wages : Regular Wages,
Expenses,Ops Labour Expense,Regular Wages,,,,820,,,,28,610500 Operating Expenses : OPEX Wages : Regular Wages,
Expenses,Ops Labour Expense,Regular Wages,,,,820,,,,29,610500 Operating Expenses : OPEX Wages : Regular Wages,
Expenses,Ops Labour Expense,Regular Wages,,,,820,,,,31,610500 Operating Expenses : OPEX Wages : Regular Wages,
Expenses,Ops Labour Expense,Regular Wages,,,,820,,,,32,610500 Operating Expenses : OPEX Wages : Regular Wages,
Expenses,Ops Labour Expense,Regular Wages,,,,820,,,,33,610500 Operating Expenses : OPEX Wages : Regular Wages,
Expenses,Ops Labour Expense,Regular Wages,,,,820,,,,35,610500 Operating Expenses : OPEX Wages : Regular Wages,
Expenses,Ops Labour Expense,Regular Wages,,,,820,,,,36,610500 Operating Expenses : OPEX Wages : Regular Wages,
Expenses,Ops Labour Expense,Regular Wages,,,,820,,,,37,610500 Operating Expenses : OPEX Wages : Regular Wages,
Expenses,Ops Labour Expense,Regular Wages,,,,820,,,,39,610500 Operating Expenses : OPEX Wages : Regular Wages,
Expenses,Ops Labour Expense,Regular Wages,,,,820,,,,41,610500 Operating Expenses : OPEX Wages : Regular Wages,
Expenses,Ops Labour Expense,Regular Wages,,,,820,,,,42,610500 Operating Expenses : OPEX Wages : Regular Wages,
Expenses,Ops Labour Expense,Regular Wages,,,,820,,,,43,610500 Operating Expenses : OPEX Wages : Regular Wages,
Expenses,Ops Labour Expense,Regular Wages,,,,820,,,,44,610500 Operating Expenses : OPEX Wages : Regular Wages,
Expenses,Ops Labour Expense,Regular Wages,,,,820,,,,45,610500 Operating Expenses : OPEX Wages : Regular Wages,
Expenses,Ops Labour Expense,Overtime Wages,,,,821,,,,1,611000 Operating Expenses : OPEX Wages : Overtime Wages,
Expenses,Ops Labour Expense,Overtime Wages,,,,821,,,,2,611000 Operating Expenses : OPEX Wages : Overtime Wages,
Field Corporate Expenses,Pawville Intermediate Holdings,OPEX Wages,Overtime Wages,,,821,,,,3,611000 Operating Expenses : OPEX Wages : Overtime Wages,
Corporate Expenses,OPEX Wages,Overtime Wages,,,,821,,,,4,611000 Operating Expenses : OPEX Wages : Overtime Wages,
Expenses,Ops Labour Expense,Overtime Wages,,,,821,,,,5,611000 Operating Expenses : OPEX Wages : Overtime Wages,
Field Corporate Expenses,PUPS Intermediate Holdings,OPEX Wages,Overtime Wages,,,821,,,,6,611000 Operating Expenses : OPEX Wages : Overtime Wages,
Expenses,Ops Labour Expense,Overtime Wages,,,,821,,,,11,611000 Operating Expenses : OPEX Wages : Overtime Wages,
Expenses,Ops Labour Expense,Overtime Wages,,,,821,,,,16,611000 Operating Expenses : OPEX Wages : Overtime Wages,
Expenses,Ops Labour Expense,Overtime Wages,,,,821,,,,19,611000 Operating Expenses : OPEX Wages : Overtime Wages,
Expenses,Ops Labour Expense,Overtime Wages,,,,821,,,,20,611000 Operating Expenses : OPEX Wages : Overtime Wages,
Expenses,Ops Labour Expense,Overtime Wages,,,,821,,,,21,611000 Operating Expenses : OPEX Wages : Overtime Wages,
Expenses,Ops Labour Expense,Overtime Wages,,,,821,,,,22,611000 Operating Expenses : OPEX Wages : Overtime Wages,
Expenses,Ops Labour Expense,Overtime Wages,,,,821,,,,23,611000 Operating Expenses : OPEX Wages : Overtime Wages,
Expenses,Ops Labour Expense,Overtime Wages,,,,821,,,,24,611000 Operating Expenses : OPEX Wages : Overtime Wages,
Expenses,Ops Labour Expense,Overtime Wages,,,,821,,,,25,611000 Operating Expenses : OPEX Wages : Overtime Wages,
Expenses,Ops Labour Expense,Overtime Wages,,,,821,,,,26,611000 Operating Expenses : OPEX Wages : Overtime Wages,
Expenses,Ops Labour Expense,Overtime Wages,,,,821,,,,28,611000 Operating Expenses : OPEX Wages : Overtime Wages,
Expenses,Ops Labour Expense,Overtime Wages,,,,821,,,,29,611000 Operating Expenses : OPEX Wages : Overtime Wages,
Expenses,Ops Labour Expense,Overtime Wages,,,,821,,,,31,611000 Operating Expenses : OPEX Wages : Overtime Wages,
Expenses,Ops Labour Expense,Overtime Wages,,,,821,,,,32,611000 Operating Expenses : OPEX Wages : Overtime Wages,
Expenses,Ops Labour Expense,Overtime Wages,,,,821,,,,33,611000 Operating Expenses : OPEX Wages : Overtime Wages,
Expenses,Ops Labour Expense,Overtime Wages,,,,821,,,,35,611000 Operating Expenses : OPEX Wages : Overtime Wages,
Expenses,Ops Labour Expense,Overtime Wages,,,,821,,,,36,611000 Operating Expenses : OPEX Wages : Overtime Wages,
Expenses,Ops Labour Expense,Overtime Wages,,,,821,,,,37,611000 Operating Expenses : OPEX Wages : Overtime Wages,
Expenses,Ops Labour Expense,Overtime Wages,,,,821,,,,39,611000 Operating Expenses : OPEX Wages : Overtime Wages,
Expenses,Ops Labour Expense,Overtime Wages,,,,821,,,,41,611000 Operating Expenses : OPEX Wages : Overtime Wages,
Expenses,Ops Labour Expense,Overtime Wages,,,,821,,,,42,611000 Operating Expenses : OPEX Wages : Overtime Wages,
Expenses,Ops Labour Expense,Overtime Wages,,,,821,,,,43,611000 Operating Expenses : OPEX Wages : Overtime Wages,
Expenses,Ops Labour Expense,Overtime Wages,,,,821,,,,44,611000 Operating Expenses : OPEX Wages : Overtime Wages,
Expenses,Ops Labour Expense,Overtime Wages,,,,821,,,,45,611000 Operating Expenses : OPEX Wages : Overtime Wages,
Expenses,Ops Labour Expense,Paid Time Off,,,,822,,,,1,611500 Operating Expenses : OPEX Wages : Paid Time Off,
Expenses,Ops Labour Expense,Paid Time Off,,,,822,,,,2,611500 Operating Expenses : OPEX Wages : Paid Time Off,
Field Corporate Expenses,Pawville Intermediate Holdings,OPEX Wages,Paid Time Off,,,822,,,,3,611500 Operating Expenses : OPEX Wages : Paid Time Off,
Corporate Expenses,OPEX Wages,Paid Time Off,,,,822,,,,4,611500 Operating Expenses : OPEX Wages : Paid Time Off,
Expenses,Ops Labour Expense,Paid Time Off,,,,822,,,,5,611500 Operating Expenses : OPEX Wages : Paid Time Off,
Field Corporate Expenses,PUPS Intermediate Holdings,OPEX Wages,Paid Time Off,,,822,,,,6,611500 Operating Expenses : OPEX Wages : Paid Time Off,
Expenses,Ops Labour Expense,Paid Time Off,,,,822,,,,11,611500 Operating Expenses : OPEX Wages : Paid Time Off,
Expenses,Ops Labour Expense,Paid Time Off,,,,822,,,,16,611500 Operating Expenses : OPEX Wages : Paid Time Off,
Expenses,Ops Labour Expense,Paid Time Off,,,,822,,,,19,611500 Operating Expenses : OPEX Wages : Paid Time Off,
Expenses,Ops Labour Expense,Paid Time Off,,,,822,,,,20,611500 Operating Expenses : OPEX Wages : Paid Time Off,
Expenses,Ops Labour Expense,Paid Time Off,,,,822,,,,21,611500 Operating Expenses : OPEX Wages : Paid Time Off,
Expenses,Ops Labour Expense,Paid Time Off,,,,822,,,,22,611500 Operating Expenses : OPEX Wages : Paid Time Off,
Expenses,Ops Labour Expense,Paid Time Off,,,,822,,,,23,611500 Operating Expenses : OPEX Wages : Paid Time Off,
Expenses,Ops Labour Expense,Paid Time Off,,,,822,,,,24,611500 Operating Expenses : OPEX Wages : Paid Time Off,
Expenses,Ops Labour Expense,Paid Time Off,,,,822,,,,25,611500 Operating Expenses : OPEX Wages : Paid Time Off,
Expenses,Ops Labour Expense,Paid Time Off,,,,822,,,,26,611500 Operating Expenses : OPEX Wages : Paid Time Off,
Expenses,Ops Labour Expense,Paid Time Off,,,,822,,,,28,611500 Operating Expenses : OPEX Wages : Paid Time Off,
Expenses,Ops Labour Expense,Paid Time Off,,,,822,,,,29,611500 Operating Expenses : OPEX Wages : Paid Time Off,
Expenses,Ops Labour Expense,Paid Time Off,,,,822,,,,31,611500 Operating Expenses : OPEX Wages : Paid Time Off,
Expenses,Ops Labour Expense,Paid Time Off,,,,822,,,,32,611500 Operating Expenses : OPEX Wages : Paid Time Off,
Expenses,Ops Labour Expense,Paid Time Off,,,,822,,,,33,611500 Operating Expenses : OPEX Wages : Paid Time Off,
Expenses,Ops Labour Expense,Paid Time Off,,,,822,,,,35,611500 Operating Expenses : OPEX Wages : Paid Time Off,
Expenses,Ops Labour Expense,Paid Time Off,,,,822,,,,36,611500 Operating Expenses : OPEX Wages : Paid Time Off,
Expenses,Ops Labour Expense,Paid Time Off,,,,822,,,,37,611500 Operating Expenses : OPEX Wages : Paid Time Off,
Expenses,Ops Labour Expense,Paid Time Off,,,,822,,,,39,611500 Operating Expenses : OPEX Wages : Paid Time Off,
Expenses,Ops Labour Expense,Paid Time Off,,,,822,,,,41,611500 Operating Expenses : OPEX Wages : Paid Time Off,
Expenses,Ops Labour Expense,Paid Time Off,,,,822,,,,42,611500 Operating Expenses : OPEX Wages : Paid Time Off,
Expenses,Ops Labour Expense,Paid Time Off,,,,822,,,,43,611500 Operating Expenses : OPEX Wages : Paid Time Off,
Expenses,Ops Labour Expense,Paid Time Off,,,,822,,,,44,611500 Operating Expenses : OPEX Wages : Paid Time Off,
Expenses,Ops Labour Expense,Paid Time Off,,,,822,,,,45,611500 Operating Expenses : OPEX Wages : Paid Time Off,
Expenses,Ops Labour Expense,Commissions,,,,823,,,,1,612000 Operating Expenses : OPEX Wages : Commissions,
Expenses,Ops Labour Expense,Commissions,,,,823,,,,2,612000 Operating Expenses : OPEX Wages : Commissions,
Field Corporate Expenses,Pawville Intermediate Holdings,OPEX Wages,Commissions,,,823,,,,3,612000 Operating Expenses : OPEX Wages : Commissions,
Corporate Expenses,OPEX Wages,Commissions,,,,823,,,,4,612000 Operating Expenses : OPEX Wages : Commissions,
Expenses,Ops Labour Expense,Commissions,,,,823,,,,5,612000 Operating Expenses : OPEX Wages : Commissions,
Field Corporate Expenses,PUPS Intermediate Holdings,OPEX Wages,Commissions,,,823,,,,6,612000 Operating Expenses : OPEX Wages : Commissions,
Expenses,Ops Labour Expense,Commissions,,,,823,,,,11,612000 Operating Expenses : OPEX Wages : Commissions,
Expenses,Ops Labour Expense,Commissions,,,,823,,,,16,612000 Operating Expenses : OPEX Wages : Commissions,
Expenses,Ops Labour Expense,Commissions,,,,823,,,,19,612000 Operating Expenses : OPEX Wages : Commissions,
Expenses,Ops Labour Expense,Commissions,,,,823,,,,20,612000 Operating Expenses : OPEX Wages : Commissions,
Expenses,Ops Labour Expense,Commissions,,,,823,,,,21,612000 Operating Expenses : OPEX Wages : Commissions,
Expenses,Ops Labour Expense,Commissions,,,,823,,,,22,612000 Operating Expenses : OPEX Wages : Commissions,
Expenses,Ops Labour Expense,Commissions,,,,823,,,,23,612000 Operating Expenses : OPEX Wages : Commissions,
Expenses,Ops Labour Expense,Commissions,,,,823,,,,24,612000 Operating Expenses : OPEX Wages : Commissions,
Expenses,Ops Labour Expense,Commissions,,,,823,,,,25,612000 Operating Expenses : OPEX Wages : Commissions,
Expenses,Ops Labour Expense,Commissions,,,,823,,,,26,612000 Operating Expenses : OPEX Wages : Commissions,
Expenses,Ops Labour Expense,Commissions,,,,823,,,,28,612000 Operating Expenses : OPEX Wages : Commissions,
Expenses,Ops Labour Expense,Commissions,,,,823,,,,29,612000 Operating Expenses : OPEX Wages : Commissions,
Expenses,Ops Labour Expense,Commissions,,,,823,,,,31,612000 Operating Expenses : OPEX Wages : Commissions,
Expenses,Ops Labour Expense,Commissions,,,,823,,,,32,612000 Operating Expenses : OPEX Wages : Commissions,
Expenses,Ops Labour Expense,Commissions,,,,823,,,,33,612000 Operating Expenses : OPEX Wages : Commissions,
Expenses,Ops Labour Expense,Commissions,,,,823,,,,35,612000 Operating Expenses : OPEX Wages : Commissions,
Expenses,Ops Labour Expense,Commissions,,,,823,,,,36,612000 Operating Expenses : OPEX Wages : Commissions,
Expenses,Ops Labour Expense,Commissions,,,,823,,,,37,612000 Operating Expenses : OPEX Wages : Commissions,
Expenses,Ops Labour Expense,Commissions,,,,823,,,,39,612000 Operating Expenses : OPEX Wages : Commissions,
Expenses,Ops Labour Expense,Commissions,,,,823,,,,41,612000 Operating Expenses : OPEX Wages : Commissions,
Expenses,Ops Labour Expense,Commissions,,,,823,,,,42,612000 Operating Expenses : OPEX Wages : Commissions,
Expenses,Ops Labour Expense,Commissions,,,,823,,,,43,612000 Operating Expenses : OPEX Wages : Commissions,
Expenses,Ops Labour Expense,Commissions,,,,823,,,,44,612000 Operating Expenses : OPEX Wages : Commissions,
Expenses,Ops Labour Expense,Commissions,,,,823,,,,45,612000 Operating Expenses : OPEX Wages : Commissions,
Expenses,Ops Labour Expense,Bonuses,,,,824,,,,1,612500 Operating Expenses : OPEX Wages : Bonuses,
Expenses,Ops Labour Expense,Bonuses,,,,824,,,,2,612500 Operating Expenses : OPEX Wages : Bonuses,
Field Corporate Expenses,Pawville Intermediate Holdings,OPEX Wages,Bonuses,,,824,,,,3,612500 Operating Expenses : OPEX Wages : Bonuses,
Corporate Expenses,OPEX Wages,Bonuses,,,,824,,,,4,612500 Operating Expenses : OPEX Wages : Bonuses,
Expenses,Ops Labour Expense,Bonuses,,,,824,,,,5,612500 Operating Expenses : OPEX Wages : Bonuses,
Field Corporate Expenses,PUPS Intermediate Holdings,OPEX Wages,Bonuses,,,824,,,,6,612500 Operating Expenses : OPEX Wages : Bonuses,
Expenses,Ops Labour Expense,Bonuses,,,,824,,,,11,612500 Operating Expenses : OPEX Wages : Bonuses,
Expenses,Ops Labour Expense,Bonuses,,,,824,,,,16,612500 Operating Expenses : OPEX Wages : Bonuses,
Expenses,Ops Labour Expense,Bonuses,,,,824,,,,19,612500 Operating Expenses : OPEX Wages : Bonuses,
Expenses,Ops Labour Expense,Bonuses,,,,824,,,,20,612500 Operating Expenses : OPEX Wages : Bonuses,
Expenses,Ops Labour Expense,Bonuses,,,,824,,,,21,612500 Operating Expenses : OPEX Wages : Bonuses,
Expenses,Ops Labour Expense,Bonuses,,,,824,,,,22,612500 Operating Expenses : OPEX Wages : Bonuses,
Expenses,Ops Labour Expense,Bonuses,,,,824,,,,23,612500 Operating Expenses : OPEX Wages : Bonuses,
Expenses,Ops Labour Expense,Bonuses,,,,824,,,,24,612500 Operating Expenses : OPEX Wages : Bonuses,
Expenses,Ops Labour Expense,Bonuses,,,,824,,,,25,612500 Operating Expenses : OPEX Wages : Bonuses,
Expenses,Ops Labour Expense,Bonuses,,,,824,,,,26,612500 Operating Expenses : OPEX Wages : Bonuses,
Expenses,Ops Labour Expense,Bonuses,,,,824,,,,28,612500 Operating Expenses : OPEX Wages : Bonuses,
Expenses,Ops Labour Expense,Bonuses,,,,824,,,,29,612500 Operating Expenses : OPEX Wages : Bonuses,
Expenses,Ops Labour Expense,Bonuses,,,,824,,,,31,612500 Operating Expenses : OPEX Wages : Bonuses,
Expenses,Ops Labour Expense,Bonuses,,,,824,,,,32,612500 Operating Expenses : OPEX Wages : Bonuses,
Expenses,Ops Labour Expense,Bonuses,,,,824,,,,33,612500 Operating Expenses : OPEX Wages : Bonuses,
Expenses,Ops Labour Expense,Bonuses,,,,824,,,,35,612500 Operating Expenses : OPEX Wages : Bonuses,
Expenses,Ops Labour Expense,Bonuses,,,,824,,,,36,612500 Operating Expenses : OPEX Wages : Bonuses,
Expenses,Ops Labour Expense,Bonuses,,,,824,,,,37,612500 Operating Expenses : OPEX Wages : Bonuses,
Expenses,Ops Labour Expense,Bonuses,,,,824,,,,39,612500 Operating Expenses : OPEX Wages : Bonuses,
Expenses,Ops Labour Expense,Bonuses,,,,824,,,,41,612500 Operating Expenses : OPEX Wages : Bonuses,
Expenses,Ops Labour Expense,Bonuses,,,,824,,,,42,612500 Operating Expenses : OPEX Wages : Bonuses,
Expenses,Ops Labour Expense,Bonuses,,,,824,,,,43,612500 Operating Expenses : OPEX Wages : Bonuses,
Expenses,Ops Labour Expense,Bonuses,,,,824,,,,44,612500 Operating Expenses : OPEX Wages : Bonuses,
Expenses,Ops Labour Expense,Bonuses,,,,824,,,,45,612500 Operating Expenses : OPEX Wages : Bonuses,
Expenses,Ops Labour Expense,Employer Taxes,,,,825,,,,1,613000 Operating Expenses : OPEX Wages : Employer Taxes,
Expenses,Ops Labour Expense,Employer Taxes,,,,825,,,,2,613000 Operating Expenses : OPEX Wages : Employer Taxes,
Field Corporate Expenses,Pawville Intermediate Holdings,OPEX Wages,Employer Taxes,,,825,,,,3,613000 Operating Expenses : OPEX Wages : Employer Taxes,
Corporate Expenses,OPEX Wages,Employer Taxes,,,,825,,,,4,613000 Operating Expenses : OPEX Wages : Employer Taxes,
Expenses,Ops Labour Expense,Employer Taxes,,,,825,,,,5,613000 Operating Expenses : OPEX Wages : Employer Taxes,
Field Corporate Expenses,PUPS Intermediate Holdings,OPEX Wages,Employer Taxes,,,825,,,,6,613000 Operating Expenses : OPEX Wages : Employer Taxes,
Expenses,Ops Labour Expense,Employer Taxes,,,,825,,,,11,613000 Operating Expenses : OPEX Wages : Employer Taxes,
Expenses,Ops Labour Expense,Employer Taxes,,,,825,,,,16,613000 Operating Expenses : OPEX Wages : Employer Taxes,
Expenses,Ops Labour Expense,Employer Taxes,,,,825,,,,19,613000 Operating Expenses : OPEX Wages : Employer Taxes,
Expenses,Ops Labour Expense,Employer Taxes,,,,825,,,,20,613000 Operating Expenses : OPEX Wages : Employer Taxes,
Expenses,Ops Labour Expense,Employer Taxes,,,,825,,,,21,613000 Operating Expenses : OPEX Wages : Employer Taxes,
Expenses,Ops Labour Expense,Employer Taxes,,,,825,,,,22,613000 Operating Expenses : OPEX Wages : Employer Taxes,
Expenses,Ops Labour Expense,Employer Taxes,,,,825,,,,23,613000 Operating Expenses : OPEX Wages : Employer Taxes,
Expenses,Ops Labour Expense,Employer Taxes,,,,825,,,,24,613000 Operating Expenses : OPEX Wages : Employer Taxes,
Expenses,Ops Labour Expense,Employer Taxes,,,,825,,,,25,613000 Operating Expenses : OPEX Wages : Employer Taxes,
Expenses,Ops Labour Expense,Employer Taxes,,,,825,,,,26,613000 Operating Expenses : OPEX Wages : Employer Taxes,
Expenses,Ops Labour Expense,Employer Taxes,,,,825,,,,28,613000 Operating Expenses : OPEX Wages : Employer Taxes,
Expenses,Ops Labour Expense,Employer Taxes,,,,825,,,,29,613000 Operating Expenses : OPEX Wages : Employer Taxes,
Expenses,Ops Labour Expense,Employer Taxes,,,,825,,,,31,613000 Operating Expenses : OPEX Wages : Employer Taxes,
Expenses,Ops Labour Expense,Employer Taxes,,,,825,,,,32,613000 Operating Expenses : OPEX Wages : Employer Taxes,
Expenses,Ops Labour Expense,Employer Taxes,,,,825,,,,33,613000 Operating Expenses : OPEX Wages : Employer Taxes,
Expenses,Ops Labour Expense,Employer Taxes,,,,825,,,,35,613000 Operating Expenses : OPEX Wages : Employer Taxes,
Expenses,Ops Labour Expense,Employer Taxes,,,,825,,,,36,613000 Operating Expenses : OPEX Wages : Employer Taxes,
Expenses,Ops Labour Expense,Employer Taxes,,,,825,,,,37,613000 Operating Expenses : OPEX Wages : Employer Taxes,
Expenses,Ops Labour Expense,Employer Taxes,,,,825,,,,39,613000 Operating Expenses : OPEX Wages : Employer Taxes,
Expenses,Ops Labour Expense,Employer Taxes,,,,825,,,,41,613000 Operating Expenses : OPEX Wages : Employer Taxes,
Expenses,Ops Labour Expense,Employer Taxes,,,,825,,,,42,613000 Operating Expenses : OPEX Wages : Employer Taxes,
Expenses,Ops Labour Expense,Employer Taxes,,,,825,,,,43,613000 Operating Expenses : OPEX Wages : Employer Taxes,
Expenses,Ops Labour Expense,Employer Taxes,,,,825,,,,44,613000 Operating Expenses : OPEX Wages : Employer Taxes,
Expenses,Ops Labour Expense,Employer Taxes,,,,825,,,,45,613000 Operating Expenses : OPEX Wages : Employer Taxes,
Expenses,Ops Labour Expense,Employer Medical/Dental/Vision,,,,826,,,,1,613500 Operating Expenses : OPEX Wages : Employer Medical/Dental/Vision,
Expenses,Ops Labour Expense,Employer Medical/Dental/Vision,,,,826,,,,2,613500 Operating Expenses : OPEX Wages : Employer Medical/Dental/Vision,
Field Corporate Expenses,Pawville Intermediate Holdings,OPEX Wages,Employer Medical/Dental/Vision,,,826,,,,3,613500 Operating Expenses : OPEX Wages : Employer Medical/Dental/Vision,
Corporate Expenses,OPEX Wages,Employer Medical/Dental/Vision,,,,826,,,,4,613500 Operating Expenses : OPEX Wages : Employer Medical/Dental/Vision,
Expenses,Ops Labour Expense,Employer Medical/Dental/Vision,,,,826,,,,5,613500 Operating Expenses : OPEX Wages : Employer Medical/Dental/Vision,
Field Corporate Expenses,PUPS Intermediate Holdings,OPEX Wages,Employer Medical/Dental/Vision,,,826,,,,6,613500 Operating Expenses : OPEX Wages : Employer Medical/Dental/Vision,
Expenses,Ops Labour Expense,Employer Medical/Dental/Vision,,,,826,,,,11,613500 Operating Expenses : OPEX Wages : Employer Medical/Dental/Vision,
Expenses,Ops Labour Expense,Employer Medical/Dental/Vision,,,,826,,,,16,613500 Operating Expenses : OPEX Wages : Employer Medical/Dental/Vision,
Expenses,Ops Labour Expense,Employer Medical/Dental/Vision,,,,826,,,,19,613500 Operating Expenses : OPEX Wages : Employer Medical/Dental/Vision,
Expenses,Ops Labour Expense,Employer Medical/Dental/Vision,,,,826,,,,20,613500 Operating Expenses : OPEX Wages : Employer Medical/Dental/Vision,
Expenses,Ops Labour Expense,Employer Medical/Dental/Vision,,,,826,,,,21,613500 Operating Expenses : OPEX Wages : Employer Medical/Dental/Vision,
Expenses,Ops Labour Expense,Employer Medical/Dental/Vision,,,,826,,,,22,613500 Operating Expenses : OPEX Wages : Employer Medical/Dental/Vision,
Expenses,Ops Labour Expense,Employer Medical/Dental/Vision,,,,826,,,,23,613500 Operating Expenses : OPEX Wages : Employer Medical/Dental/Vision,
Expenses,Ops Labour Expense,Employer Medical/Dental/Vision,,,,826,,,,24,613500 Operating Expenses : OPEX Wages : Employer Medical/Dental/Vision,
Expenses,Ops Labour Expense,Employer Medical/Dental/Vision,,,,826,,,,25,613500 Operating Expenses : OPEX Wages : Employer Medical/Dental/Vision,
Expenses,Ops Labour Expense,Employer Medical/Dental/Vision,,,,826,,,,26,613500 Operating Expenses : OPEX Wages : Employer Medical/Dental/Vision,
Expenses,Ops Labour Expense,Employer Medical/Dental/Vision,,,,826,,,,28,613500 Operating Expenses : OPEX Wages : Employer Medical/Dental/Vision,
Expenses,Ops Labour Expense,Employer Medical/Dental/Vision,,,,826,,,,29,613500 Operating Expenses : OPEX Wages : Employer Medical/Dental/Vision,
Expenses,Ops Labour Expense,Employer Medical/Dental/Vision,,,,826,,,,31,613500 Operating Expenses : OPEX Wages : Employer Medical/Dental/Vision,
Expenses,Ops Labour Expense,Employer Medical/Dental/Vision,,,,826,,,,32,613500 Operating Expenses : OPEX Wages : Employer Medical/Dental/Vision,
Expenses,Ops Labour Expense,Employer Medical/Dental/Vision,,,,826,,,,33,613500 Operating Expenses : OPEX Wages : Employer Medical/Dental/Vision,
Expenses,Ops Labour Expense,Employer Medical/Dental/Vision,,,,826,,,,35,613500 Operating Expenses : OPEX Wages : Employer Medical/Dental/Vision,
Expenses,Ops Labour Expense,Employer Medical/Dental/Vision,,,,826,,,,36,613500 Operating Expenses : OPEX Wages : Employer Medical/Dental/Vision,
Expenses,Ops Labour Expense,Employer Medical/Dental/Vision,,,,826,,,,37,613500 Operating Expenses : OPEX Wages : Employer Medical/Dental/Vision,
Expenses,Ops Labour Expense,Employer Medical/Dental/Vision,,,,826,,,,39,613500 Operating Expenses : OPEX Wages : Employer Medical/Dental/Vision,
Expenses,Ops Labour Expense,Employer Medical/Dental/Vision,,,,826,,,,41,613500 Operating Expenses : OPEX Wages : Employer Medical/Dental/Vision,
Expenses,Ops Labour Expense,Employer Medical/Dental/Vision,,,,826,,,,42,613500 Operating Expenses : OPEX Wages : Employer Medical/Dental/Vision,
Expenses,Ops Labour Expense,Employer Medical/Dental/Vision,,,,826,,,,43,613500 Operating Expenses : OPEX Wages : Employer Medical/Dental/Vision,
Expenses,Ops Labour Expense,Employer Medical/Dental/Vision,,,,826,,,,44,613500 Operating Expenses : OPEX Wages : Employer Medical/Dental/Vision,
Expenses,Ops Labour Expense,Employer Medical/Dental/Vision,,,,826,,,,45,613500 Operating Expenses : OPEX Wages : Employer Medical/Dental/Vision,
Expenses,Ops Labour Expense,Employer STD,,,,827,,,,1,614000 Operating Expenses : OPEX Wages : Employer STD,
Expenses,Ops Labour Expense,Employer STD,,,,827,,,,2,614000 Operating Expenses : OPEX Wages : Employer STD,
Field Corporate Expenses,Pawville Intermediate Holdings,OPEX Wages,Employer STD,,,827,,,,3,614000 Operating Expenses : OPEX Wages : Employer STD,
Corporate Expenses,OPEX Wages,Employer STD,,,,827,,,,4,614000 Operating Expenses : OPEX Wages : Employer STD,
Expenses,Ops Labour Expense,Employer STD,,,,827,,,,5,614000 Operating Expenses : OPEX Wages : Employer STD,
Field Corporate Expenses,PUPS Intermediate Holdings,OPEX Wages,Employer STD,,,827,,,,6,614000 Operating Expenses : OPEX Wages : Employer STD,
Expenses,Ops Labour Expense,Employer STD,,,,827,,,,11,614000 Operating Expenses : OPEX Wages : Employer STD,
Expenses,Ops Labour Expense,Employer STD,,,,827,,,,16,614000 Operating Expenses : OPEX Wages : Employer STD,
Expenses,Ops Labour Expense,Employer STD,,,,827,,,,19,614000 Operating Expenses : OPEX Wages : Employer STD,
Expenses,Ops Labour Expense,Employer STD,,,,827,,,,20,614000 Operating Expenses : OPEX Wages : Employer STD,
Expenses,Ops Labour Expense,Employer STD,,,,827,,,,21,614000 Operating Expenses : OPEX Wages : Employer STD,
Expenses,Ops Labour Expense,Employer STD,,,,827,,,,22,614000 Operating Expenses : OPEX Wages : Employer STD,
Expenses,Ops Labour Expense,Employer STD,,,,827,,,,23,614000 Operating Expenses : OPEX Wages : Employer STD,
Expenses,Ops Labour Expense,Employer STD,,,,827,,,,24,614000 Operating Expenses : OPEX Wages : Employer STD,
Expenses,Ops Labour Expense,Employer STD,,,,827,,,,25,614000 Operating Expenses : OPEX Wages : Employer STD,
Expenses,Ops Labour Expense,Employer STD,,,,827,,,,26,614000 Operating Expenses : OPEX Wages : Employer STD,
Expenses,Ops Labour Expense,Employer STD,,,,827,,,,28,614000 Operating Expenses : OPEX Wages : Employer STD,
Expenses,Ops Labour Expense,Employer STD,,,,827,,,,29,614000 Operating Expenses : OPEX Wages : Employer STD,
Expenses,Ops Labour Expense,Employer STD,,,,827,,,,31,614000 Operating Expenses : OPEX Wages : Employer STD,
Expenses,Ops Labour Expense,Employer STD,,,,827,,,,32,614000 Operating Expenses : OPEX Wages : Employer STD,
Expenses,Ops Labour Expense,Employer STD,,,,827,,,,33,614000 Operating Expenses : OPEX Wages : Employer STD,
Expenses,Ops Labour Expense,Employer STD,,,,827,,,,35,614000 Operating Expenses : OPEX Wages : Employer STD,
Expenses,Ops Labour Expense,Employer STD,,,,827,,,,36,614000 Operating Expenses : OPEX Wages : Employer STD,
Expenses,Ops Labour Expense,Employer STD,,,,827,,,,37,614000 Operating Expenses : OPEX Wages : Employer STD,
Expenses,Ops Labour Expense,Employer STD,,,,827,,,,39,614000 Operating Expenses : OPEX Wages : Employer STD,
Expenses,Ops Labour Expense,Employer STD,,,,827,,,,41,614000 Operating Expenses : OPEX Wages : Employer STD,
Expenses,Ops Labour Expense,Employer STD,,,,827,,,,42,614000 Operating Expenses : OPEX Wages : Employer STD,
Expenses,Ops Labour Expense,Employer STD,,,,827,,,,43,614000 Operating Expenses : OPEX Wages : Employer STD,
Expenses,Ops Labour Expense,Employer STD,,,,827,,,,44,614000 Operating Expenses : OPEX Wages : Employer STD,
Expenses,Ops Labour Expense,Employer STD,,,,827,,,,45,614000 Operating Expenses : OPEX Wages : Employer STD,
Expenses,Ops Labour Expense,Employer LTD,,,,828,,,,1,614500 Operating Expenses : OPEX Wages : Employer LTD,
Expenses,Ops Labour Expense,Employer LTD,,,,828,,,,2,614500 Operating Expenses : OPEX Wages : Employer LTD,
Field Corporate Expenses,Pawville Intermediate Holdings,OPEX Wages,Employer LTD,,,828,,,,3,614500 Operating Expenses : OPEX Wages : Employer LTD,
Corporate Expenses,OPEX Wages,Employer LTD,,,,828,,,,4,614500 Operating Expenses : OPEX Wages : Employer LTD,
Expenses,Ops Labour Expense,Employer LTD,,,,828,,,,5,614500 Operating Expenses : OPEX Wages : Employer LTD,
Field Corporate Expenses,PUPS Intermediate Holdings,OPEX Wages,Employer LTD,,,828,,,,6,614500 Operating Expenses : OPEX Wages : Employer LTD,
Expenses,Ops Labour Expense,Employer LTD,,,,828,,,,11,614500 Operating Expenses : OPEX Wages : Employer LTD,
Expenses,Ops Labour Expense,Employer LTD,,,,828,,,,16,614500 Operating Expenses : OPEX Wages : Employer LTD,
Expenses,Ops Labour Expense,Employer LTD,,,,828,,,,19,614500 Operating Expenses : OPEX Wages : Employer LTD,
Expenses,Ops Labour Expense,Employer LTD,,,,828,,,,20,614500 Operating Expenses : OPEX Wages : Employer LTD,
Expenses,Ops Labour Expense,Employer LTD,,,,828,,,,21,614500 Operating Expenses : OPEX Wages : Employer LTD,
Expenses,Ops Labour Expense,Employer LTD,,,,828,,,,22,614500 Operating Expenses : OPEX Wages : Employer LTD,
Expenses,Ops Labour Expense,Employer LTD,,,,828,,,,23,614500 Operating Expenses : OPEX Wages : Employer LTD,
Expenses,Ops Labour Expense,Employer LTD,,,,828,,,,24,614500 Operating Expenses : OPEX Wages : Employer LTD,
Expenses,Ops Labour Expense,Employer LTD,,,,828,,,,25,614500 Operating Expenses : OPEX Wages : Employer LTD,
Expenses,Ops Labour Expense,Employer LTD,,,,828,,,,26,614500 Operating Expenses : OPEX Wages : Employer LTD,
Expenses,Ops Labour Expense,Employer LTD,,,,828,,,,28,614500 Operating Expenses : OPEX Wages : Employer LTD,
Expenses,Ops Labour Expense,Employer LTD,,,,828,,,,29,614500 Operating Expenses : OPEX Wages : Employer LTD,
Expenses,Ops Labour Expense,Employer LTD,,,,828,,,,31,614500 Operating Expenses : OPEX Wages : Employer LTD,
Expenses,Ops Labour Expense,Employer LTD,,,,828,,,,32,614500 Operating Expenses : OPEX Wages : Employer LTD,
Expenses,Ops Labour Expense,Employer LTD,,,,828,,,,33,614500 Operating Expenses : OPEX Wages : Employer LTD,
Expenses,Ops Labour Expense,Employer LTD,,,,828,,,,35,614500 Operating Expenses : OPEX Wages : Employer LTD,
Expenses,Ops Labour Expense,Employer LTD,,,,828,,,,36,614500 Operating Expenses : OPEX Wages : Employer LTD,
Expenses,Ops Labour Expense,Employer LTD,,,,828,,,,37,614500 Operating Expenses : OPEX Wages : Employer LTD,
Expenses,Ops Labour Expense,Employer LTD,,,,828,,,,39,614500 Operating Expenses : OPEX Wages : Employer LTD,
Expenses,Ops Labour Expense,Employer LTD,,,,828,,,,41,614500 Operating Expenses : OPEX Wages : Employer LTD,
Expenses,Ops Labour Expense,Employer LTD,,,,828,,,,42,614500 Operating Expenses : OPEX Wages : Employer LTD,
Expenses,Ops Labour Expense,Employer LTD,,,,828,,,,43,614500 Operating Expenses : OPEX Wages : Employer LTD,
Expenses,Ops Labour Expense,Employer LTD,,,,828,,,,44,614500 Operating Expenses : OPEX Wages : Employer LTD,
Expenses,Ops Labour Expense,Employer LTD,,,,828,,,,45,614500 Operating Expenses : OPEX Wages : Employer LTD,
Expenses,Ops Labour Expense,Employer Life,,,,829,,,,1,615000 Operating Expenses : OPEX Wages : Employer Life,
Expenses,Ops Labour Expense,Employer Life,,,,829,,,,2,615000 Operating Expenses : OPEX Wages : Employer Life,
Field Corporate Expenses,Pawville Intermediate Holdings,OPEX Wages,Employer Life,,,829,,,,3,615000 Operating Expenses : OPEX Wages : Employer Life,
Corporate Expenses,OPEX Wages,Employer Life,,,,829,,,,4,615000 Operating Expenses : OPEX Wages : Employer Life,
Expenses,Ops Labour Expense,Employer Life,,,,829,,,,5,615000 Operating Expenses : OPEX Wages : Employer Life,
Field Corporate Expenses,PUPS Intermediate Holdings,OPEX Wages,Employer Life,,,829,,,,6,615000 Operating Expenses : OPEX Wages : Employer Life,
Expenses,Ops Labour Expense,Employer Life,,,,829,,,,11,615000 Operating Expenses : OPEX Wages : Employer Life,
Expenses,Ops Labour Expense,Employer Life,,,,829,,,,16,615000 Operating Expenses : OPEX Wages : Employer Life,
Expenses,Ops Labour Expense,Employer Life,,,,829,,,,19,615000 Operating Expenses : OPEX Wages : Employer Life,
Expenses,Ops Labour Expense,Employer Life,,,,829,,,,20,615000 Operating Expenses : OPEX Wages : Employer Life,
Expenses,Ops Labour Expense,Employer Life,,,,829,,,,21,615000 Operating Expenses : OPEX Wages : Employer Life,
Expenses,Ops Labour Expense,Employer Life,,,,829,,,,22,615000 Operating Expenses : OPEX Wages : Employer Life,
Expenses,Ops Labour Expense,Employer Life,,,,829,,,,23,615000 Operating Expenses : OPEX Wages : Employer Life,
Expenses,Ops Labour Expense,Employer Life,,,,829,,,,24,615000 Operating Expenses : OPEX Wages : Employer Life,
Expenses,Ops Labour Expense,Employer Life,,,,829,,,,25,615000 Operating Expenses : OPEX Wages : Employer Life,
Expenses,Ops Labour Expense,Employer Life,,,,829,,,,26,615000 Operating Expenses : OPEX Wages : Employer Life,
Expenses,Ops Labour Expense,Employer Life,,,,829,,,,28,615000 Operating Expenses : OPEX Wages : Employer Life,
Expenses,Ops Labour Expense,Employer Life,,,,829,,,,29,615000 Operating Expenses : OPEX Wages : Employer Life,
Expenses,Ops Labour Expense,Employer Life,,,,829,,,,31,615000 Operating Expenses : OPEX Wages : Employer Life,
Expenses,Ops Labour Expense,Employer Life,,,,829,,,,32,615000 Operating Expenses : OPEX Wages : Employer Life,
Expenses,Ops Labour Expense,Employer Life,,,,829,,,,33,615000 Operating Expenses : OPEX Wages : Employer Life,
Expenses,Ops Labour Expense,Employer Life,,,,829,,,,35,615000 Operating Expenses : OPEX Wages : Employer Life,
Expenses,Ops Labour Expense,Employer Life,,,,829,,,,36,615000 Operating Expenses : OPEX Wages : Employer Life,
Expenses,Ops Labour Expense,Employer Life,,,,829,,,,37,615000 Operating Expenses : OPEX Wages : Employer Life,
Expenses,Ops Labour Expense,Employer Life,,,,829,,,,39,615000 Operating Expenses : OPEX Wages : Employer Life,
Expenses,Ops Labour Expense,Employer Life,,,,829,,,,41,615000 Operating Expenses : OPEX Wages : Employer Life,
Expenses,Ops Labour Expense,Employer Life,,,,829,,,,42,615000 Operating Expenses : OPEX Wages : Employer Life,
Expenses,Ops Labour Expense,Employer Life,,,,829,,,,43,615000 Operating Expenses : OPEX Wages : Employer Life,
Expenses,Ops Labour Expense,Employer Life,,,,829,,,,44,615000 Operating Expenses : OPEX Wages : Employer Life,
Expenses,Ops Labour Expense,Employer Life,,,,829,,,,45,615000 Operating Expenses : OPEX Wages : Employer Life,
Expenses,Ops Labour Expense,Employer 401k,,,,830,,,,1,615500 Operating Expenses : OPEX Wages : Employer 401k,
Expenses,Ops Labour Expense,Employer 401k,,,,830,,,,2,615500 Operating Expenses : OPEX Wages : Employer 401k,
Field Corporate Expenses,Pawville Intermediate Holdings,OPEX Wages,Employer 401k,,,830,,,,3,615500 Operating Expenses : OPEX Wages : Employer 401k,
Corporate Expenses,OPEX Wages,Employer 401k,,,,830,,,,4,615500 Operating Expenses : OPEX Wages : Employer 401k,
Expenses,Ops Labour Expense,Employer 401k,,,,830,,,,5,615500 Operating Expenses : OPEX Wages : Employer 401k,
Field Corporate Expenses,PUPS Intermediate Holdings,OPEX Wages,Employer 401k,,,830,,,,6,615500 Operating Expenses : OPEX Wages : Employer 401k,
Expenses,Ops Labour Expense,Employer 401k,,,,830,,,,11,615500 Operating Expenses : OPEX Wages : Employer 401k,
Expenses,Ops Labour Expense,Employer 401k,,,,830,,,,16,615500 Operating Expenses : OPEX Wages : Employer 401k,
Expenses,Ops Labour Expense,Employer 401k,,,,830,,,,19,615500 Operating Expenses : OPEX Wages : Employer 401k,
Expenses,Ops Labour Expense,Employer 401k,,,,830,,,,20,615500 Operating Expenses : OPEX Wages : Employer 401k,
Expenses,Ops Labour Expense,Employer 401k,,,,830,,,,21,615500 Operating Expenses : OPEX Wages : Employer 401k,
Expenses,Ops Labour Expense,Employer 401k,,,,830,,,,22,615500 Operating Expenses : OPEX Wages : Employer 401k,
Expenses,Ops Labour Expense,Employer 401k,,,,830,,,,23,615500 Operating Expenses : OPEX Wages : Employer 401k,
Expenses,Ops Labour Expense,Employer 401k,,,,830,,,,24,615500 Operating Expenses : OPEX Wages : Employer 401k,
Expenses,Ops Labour Expense,Employer 401k,,,,830,,,,25,615500 Operating Expenses : OPEX Wages : Employer 401k,
Expenses,Ops Labour Expense,Employer 401k,,,,830,,,,26,615500 Operating Expenses : OPEX Wages : Employer 401k,
Expenses,Ops Labour Expense,Employer 401k,,,,830,,,,28,615500 Operating Expenses : OPEX Wages : Employer 401k,
Expenses,Ops Labour Expense,Employer 401k,,,,830,,,,29,615500 Operating Expenses : OPEX Wages : Employer 401k,
Expenses,Ops Labour Expense,Employer 401k,,,,830,,,,31,615500 Operating Expenses : OPEX Wages : Employer 401k,
Expenses,Ops Labour Expense,Employer 401k,,,,830,,,,32,615500 Operating Expenses : OPEX Wages : Employer 401k,
Expenses,Ops Labour Expense,Employer 401k,,,,830,,,,33,615500 Operating Expenses : OPEX Wages : Employer 401k,
Expenses,Ops Labour Expense,Employer 401k,,,,830,,,,35,615500 Operating Expenses : OPEX Wages : Employer 401k,
Expenses,Ops Labour Expense,Employer 401k,,,,830,,,,36,615500 Operating Expenses : OPEX Wages : Employer 401k,
Expenses,Ops Labour Expense,Employer 401k,,,,830,,,,37,615500 Operating Expenses : OPEX Wages : Employer 401k,
Expenses,Ops Labour Expense,Employer 401k,,,,830,,,,39,615500 Operating Expenses : OPEX Wages : Employer 401k,
Expenses,Ops Labour Expense,Employer 401k,,,,830,,,,41,615500 Operating Expenses : OPEX Wages : Employer 401k,
Expenses,Ops Labour Expense,Employer 401k,,,,830,,,,42,615500 Operating Expenses : OPEX Wages : Employer 401k,
Expenses,Ops Labour Expense,Employer 401k,,,,830,,,,43,615500 Operating Expenses : OPEX Wages : Employer 401k,
Expenses,Ops Labour Expense,Employer 401k,,,,830,,,,44,615500 Operating Expenses : OPEX Wages : Employer 401k,
Expenses,Ops Labour Expense,Employer 401k,,,,830,,,,45,615500 Operating Expenses : OPEX Wages : Employer 401k,
Expenses,Facility Expense,,,,,831,,,,1,620000 Operating Expenses : Facility Expense,
Expenses,Facility Expense,,,,,831,,,,2,620000 Operating Expenses : Facility Expense,
Field Corporate Expenses,Pawville Intermediate Holdings,Facility Expense,,,,831,,,,3,620000 Operating Expenses : Facility Expense,
Corporate Expenses,Facility Expense,,,,,831,,,,4,620000 Operating Expenses : Facility Expense,
Expenses,Facility Expense,,,,,831,,,,5,620000 Operating Expenses : Facility Expense,
Field Corporate Expenses,PUPS Intermediate Holdings,Facility Expense,,,,831,,,,6,620000 Operating Expenses : Facility Expense,
Expenses,Facility Expense,,,,,831,,,,11,620000 Operating Expenses : Facility Expense,
Expenses,Facility Expense,,,,,831,,,,16,620000 Operating Expenses : Facility Expense,
Expenses,Facility Expense,,,,,831,,,,19,620000 Operating Expenses : Facility Expense,
Expenses,Facility Expense,,,,,831,,,,20,620000 Operating Expenses : Facility Expense,
Expenses,Facility Expense,,,,,831,,,,21,620000 Operating Expenses : Facility Expense,
Expenses,Facility Expense,,,,,831,,,,22,620000 Operating Expenses : Facility Expense,
Expenses,Facility Expense,,,,,831,,,,23,620000 Operating Expenses : Facility Expense,
Expenses,Facility Expense,,,,,831,,,,24,620000 Operating Expenses : Facility Expense,
Expenses,Facility Expense,,,,,831,,,,25,620000 Operating Expenses : Facility Expense,
Expenses,Facility Expense,,,,,831,,,,26,620000 Operating Expenses : Facility Expense,
Expenses,Facility Expense,,,,,831,,,,28,620000 Operating Expenses : Facility Expense,
Expenses,Facility Expense,,,,,831,,,,29,620000 Operating Expenses : Facility Expense,
Expenses,Facility Expense,,,,,831,,,,31,620000 Operating Expenses : Facility Expense,
Expenses,Facility Expense,,,,,831,,,,32,620000 Operating Expenses : Facility Expense,
Expenses,Facility Expense,,,,,831,,,,33,620000 Operating Expenses : Facility Expense,
Expenses,Facility Expense,,,,,831,,,,35,620000 Operating Expenses : Facility Expense,
Expenses,Facility Expense,,,,,831,,,,36,620000 Operating Expenses : Facility Expense,
Expenses,Facility Expense,,,,,831,,,,37,620000 Operating Expenses : Facility Expense,
Expenses,Facility Expense,,,,,831,,,,39,620000 Operating Expenses : Facility Expense,
Expenses,Facility Expense,,,,,831,,,,41,620000 Operating Expenses : Facility Expense,
Expenses,Facility Expense,,,,,831,,,,42,620000 Operating Expenses : Facility Expense,
Expenses,Facility Expense,,,,,831,,,,43,620000 Operating Expenses : Facility Expense,
Expenses,Facility Expense,,,,,831,,,,44,620000 Operating Expenses : Facility Expense,
Expenses,Facility Expense,,,,,831,,,,45,620000 Operating Expenses : Facility Expense,
Expenses,Facility Expense,Rent,,,,832,,,,1,620500 Operating Expenses : Facility Expense : Rent,
Expenses,Facility Expense,Rent,,,,832,,,,2,620500 Operating Expenses : Facility Expense : Rent,
Field Corporate Expenses,Pawville Intermediate Holdings,Facility Expense,Rent,,,832,,,,3,620500 Operating Expenses : Facility Expense : Rent,
Corporate Expenses,Facility Expense,Rent,,,,832,,,,4,620500 Operating Expenses : Facility Expense : Rent,
Expenses,Facility Expense,Rent,,,,832,,,,5,620500 Operating Expenses : Facility Expense : Rent,
Field Corporate Expenses,PUPS Intermediate Holdings,Facility Expense,Rent,,,832,,,,6,620500 Operating Expenses : Facility Expense : Rent,
Expenses,Facility Expense,Rent,,,,832,,,,11,620500 Operating Expenses : Facility Expense : Rent,
Expenses,Facility Expense,Rent,,,,832,,,,16,620500 Operating Expenses : Facility Expense : Rent,
Expenses,Facility Expense,Rent,,,,832,,,,19,620500 Operating Expenses : Facility Expense : Rent,
Expenses,Facility Expense,Rent,,,,832,,,,20,620500 Operating Expenses : Facility Expense : Rent,
Expenses,Facility Expense,Rent,,,,832,,,,21,620500 Operating Expenses : Facility Expense : Rent,
Expenses,Facility Expense,Rent,,,,832,,,,22,620500 Operating Expenses : Facility Expense : Rent,
Expenses,Facility Expense,Rent,,,,832,,,,23,620500 Operating Expenses : Facility Expense : Rent,
Expenses,Facility Expense,Rent,,,,832,,,,24,620500 Operating Expenses : Facility Expense : Rent,
Expenses,Facility Expense,Rent,,,,832,,,,25,620500 Operating Expenses : Facility Expense : Rent,
Expenses,Facility Expense,Rent,,,,832,,,,26,620500 Operating Expenses : Facility Expense : Rent,
Expenses,Facility Expense,Rent,,,,832,,,,28,620500 Operating Expenses : Facility Expense : Rent,
Expenses,Facility Expense,Rent,,,,832,,,,29,620500 Operating Expenses : Facility Expense : Rent,
Expenses,Facility Expense,Rent,,,,832,,,,31,620500 Operating Expenses : Facility Expense : Rent,
Expenses,Facility Expense,Rent,,,,832,,,,32,620500 Operating Expenses : Facility Expense : Rent,
Expenses,Facility Expense,Rent,,,,832,,,,33,620500 Operating Expenses : Facility Expense : Rent,
Expenses,Facility Expense,Rent,,,,832,,,,35,620500 Operating Expenses : Facility Expense : Rent,
Expenses,Facility Expense,Rent,,,,832,,,,36,620500 Operating Expenses : Facility Expense : Rent,
Expenses,Facility Expense,Rent,,,,832,,,,37,620500 Operating Expenses : Facility Expense : Rent,
Expenses,Facility Expense,Rent,,,,832,,,,39,620500 Operating Expenses : Facility Expense : Rent,
Expenses,Facility Expense,Rent,,,,832,,,,41,620500 Operating Expenses : Facility Expense : Rent,
Expenses,Facility Expense,Rent,,,,832,,,,42,620500 Operating Expenses : Facility Expense : Rent,
Expenses,Facility Expense,Rent,,,,832,,,,43,620500 Operating Expenses : Facility Expense : Rent,
Expenses,Facility Expense,Rent,,,,832,,,,44,620500 Operating Expenses : Facility Expense : Rent,
Expenses,Facility Expense,Rent,,,,832,,,,45,620500 Operating Expenses : Facility Expense : Rent,
Expenses,Facility Expense,Electric,,,,833,,,,1,621000 Operating Expenses : Facility Expense : Electric,
Expenses,Facility Expense,Electric,,,,833,,,,2,621000 Operating Expenses : Facility Expense : Electric,
Field Corporate Expenses,Pawville Intermediate Holdings,Facility Expense,Electric,,,833,,,,3,621000 Operating Expenses : Facility Expense : Electric,
Corporate Expenses,Facility Expense,Electric,,,,833,,,,4,621000 Operating Expenses : Facility Expense : Electric,
Expenses,Facility Expense,Electric,,,,833,,,,5,621000 Operating Expenses : Facility Expense : Electric,
Field Corporate Expenses,PUPS Intermediate Holdings,Facility Expense,Electric,,,833,,,,6,621000 Operating Expenses : Facility Expense : Electric,
Expenses,Facility Expense,Electric,,,,833,,,,11,621000 Operating Expenses : Facility Expense : Electric,
Expenses,Facility Expense,Electric,,,,833,,,,16,621000 Operating Expenses : Facility Expense : Electric,
Expenses,Facility Expense,Electric,,,,833,,,,19,621000 Operating Expenses : Facility Expense : Electric,
Expenses,Facility Expense,Electric,,,,833,,,,20,621000 Operating Expenses : Facility Expense : Electric,
Expenses,Facility Expense,Electric,,,,833,,,,21,621000 Operating Expenses : Facility Expense : Electric,
Expenses,Facility Expense,Electric,,,,833,,,,22,621000 Operating Expenses : Facility Expense : Electric,
Expenses,Facility Expense,Electric,,,,833,,,,23,621000 Operating Expenses : Facility Expense : Electric,
Expenses,Facility Expense,Electric,,,,833,,,,24,621000 Operating Expenses : Facility Expense : Electric,
Expenses,Facility Expense,Electric,,,,833,,,,25,621000 Operating Expenses : Facility Expense : Electric,
Expenses,Facility Expense,Electric,,,,833,,,,26,621000 Operating Expenses : Facility Expense : Electric,
Expenses,Facility Expense,Electric,,,,833,,,,28,621000 Operating Expenses : Facility Expense : Electric,
Expenses,Facility Expense,Electric,,,,833,,,,29,621000 Operating Expenses : Facility Expense : Electric,
Expenses,Facility Expense,Electric,,,,833,,,,31,621000 Operating Expenses : Facility Expense : Electric,
Expenses,Facility Expense,Electric,,,,833,,,,32,621000 Operating Expenses : Facility Expense : Electric,
Expenses,Facility Expense,Electric,,,,833,,,,33,621000 Operating Expenses : Facility Expense : Electric,
Expenses,Facility Expense,Electric,,,,833,,,,35,621000 Operating Expenses : Facility Expense : Electric,
Expenses,Facility Expense,Electric,,,,833,,,,36,621000 Operating Expenses : Facility Expense : Electric,
Expenses,Facility Expense,Electric,,,,833,,,,37,621000 Operating Expenses : Facility Expense : Electric,
Expenses,Facility Expense,Electric,,,,833,,,,39,621000 Operating Expenses : Facility Expense : Electric,
Expenses,Facility Expense,Electric,,,,833,,,,41,621000 Operating Expenses : Facility Expense : Electric,
Expenses,Facility Expense,Electric,,,,833,,,,42,621000 Operating Expenses : Facility Expense : Electric,
Expenses,Facility Expense,Electric,,,,833,,,,43,621000 Operating Expenses : Facility Expense : Electric,
Expenses,Facility Expense,Electric,,,,833,,,,44,621000 Operating Expenses : Facility Expense : Electric,
Expenses,Facility Expense,Electric,,,,833,,,,45,621000 Operating Expenses : Facility Expense : Electric,
Expenses,Facility Expense,Gas,,,,834,,,,1,621500 Operating Expenses : Facility Expense : Gas,
Expenses,Facility Expense,Gas,,,,834,,,,2,621500 Operating Expenses : Facility Expense : Gas,
Field Corporate Expenses,Pawville Intermediate Holdings,Facility Expense,Gas,,,834,,,,3,621500 Operating Expenses : Facility Expense : Gas,
Corporate Expenses,Facility Expense,Gas,,,,834,,,,4,621500 Operating Expenses : Facility Expense : Gas,
Expenses,Facility Expense,Gas,,,,834,,,,5,621500 Operating Expenses : Facility Expense : Gas,
Field Corporate Expenses,PUPS Intermediate Holdings,Facility Expense,Gas,,,834,,,,6,621500 Operating Expenses : Facility Expense : Gas,
Expenses,Facility Expense,Gas,,,,834,,,,11,621500 Operating Expenses : Facility Expense : Gas,
Expenses,Facility Expense,Gas,,,,834,,,,16,621500 Operating Expenses : Facility Expense : Gas,
Expenses,Facility Expense,Gas,,,,834,,,,19,621500 Operating Expenses : Facility Expense : Gas,
Expenses,Facility Expense,Gas,,,,834,,,,20,621500 Operating Expenses : Facility Expense : Gas,
Expenses,Facility Expense,Gas,,,,834,,,,21,621500 Operating Expenses : Facility Expense : Gas,
Expenses,Facility Expense,Gas,,,,834,,,,22,621500 Operating Expenses : Facility Expense : Gas,
Expenses,Facility Expense,Gas,,,,834,,,,23,621500 Operating Expenses : Facility Expense : Gas,
Expenses,Facility Expense,Gas,,,,834,,,,24,621500 Operating Expenses : Facility Expense : Gas,
Expenses,Facility Expense,Gas,,,,834,,,,25,621500 Operating Expenses : Facility Expense : Gas,
Expenses,Facility Expense,Gas,,,,834,,,,26,621500 Operating Expenses : Facility Expense : Gas,
Expenses,Facility Expense,Gas,,,,834,,,,28,621500 Operating Expenses : Facility Expense : Gas,
Expenses,Facility Expense,Gas,,,,834,,,,29,621500 Operating Expenses : Facility Expense : Gas,
Expenses,Facility Expense,Gas,,,,834,,,,31,621500 Operating Expenses : Facility Expense : Gas,
Expenses,Facility Expense,Gas,,,,834,,,,32,621500 Operating Expenses : Facility Expense : Gas,
Expenses,Facility Expense,Gas,,,,834,,,,33,621500 Operating Expenses : Facility Expense : Gas,
Expenses,Facility Expense,Gas,,,,834,,,,35,621500 Operating Expenses : Facility Expense : Gas,
Expenses,Facility Expense,Gas,,,,834,,,,36,621500 Operating Expenses : Facility Expense : Gas,
Expenses,Facility Expense,Gas,,,,834,,,,37,621500 Operating Expenses : Facility Expense : Gas,
Expenses,Facility Expense,Gas,,,,834,,,,39,621500 Operating Expenses : Facility Expense : Gas,
Expenses,Facility Expense,Gas,,,,834,,,,41,621500 Operating Expenses : Facility Expense : Gas,
Expenses,Facility Expense,Gas,,,,834,,,,42,621500 Operating Expenses : Facility Expense : Gas,
Expenses,Facility Expense,Gas,,,,834,,,,43,621500 Operating Expenses : Facility Expense : Gas,
Expenses,Facility Expense,Gas,,,,834,,,,44,621500 Operating Expenses : Facility Expense : Gas,
Expenses,Facility Expense,Gas,,,,834,,,,45,621500 Operating Expenses : Facility Expense : Gas,
Expenses,Facility Expense,Water,,,,835,,,,1,622000 Operating Expenses : Facility Expense : Water,
Expenses,Facility Expense,Water,,,,835,,,,2,622000 Operating Expenses : Facility Expense : Water,
Field Corporate Expenses,Pawville Intermediate Holdings,Facility Expense,Water,,,835,,,,3,622000 Operating Expenses : Facility Expense : Water,
Corporate Expenses,Facility Expense,Water,,,,835,,,,4,622000 Operating Expenses : Facility Expense : Water,
Expenses,Facility Expense,Water,,,,835,,,,5,622000 Operating Expenses : Facility Expense : Water,
Field Corporate Expenses,PUPS Intermediate Holdings,Facility Expense,Water,,,835,,,,6,622000 Operating Expenses : Facility Expense : Water,
Expenses,Facility Expense,Water,,,,835,,,,11,622000 Operating Expenses : Facility Expense : Water,
Expenses,Facility Expense,Water,,,,835,,,,16,622000 Operating Expenses : Facility Expense : Water,
Expenses,Facility Expense,Water,,,,835,,,,19,622000 Operating Expenses : Facility Expense : Water,
Expenses,Facility Expense,Water,,,,835,,,,20,622000 Operating Expenses : Facility Expense : Water,
Expenses,Facility Expense,Water,,,,835,,,,21,622000 Operating Expenses : Facility Expense : Water,
Expenses,Facility Expense,Water,,,,835,,,,22,622000 Operating Expenses : Facility Expense : Water,
Expenses,Facility Expense,Water,,,,835,,,,23,622000 Operating Expenses : Facility Expense : Water,
Expenses,Facility Expense,Water,,,,835,,,,24,622000 Operating Expenses : Facility Expense : Water,
Expenses,Facility Expense,Water,,,,835,,,,25,622000 Operating Expenses : Facility Expense : Water,
Expenses,Facility Expense,Water,,,,835,,,,26,622000 Operating Expenses : Facility Expense : Water,
Expenses,Facility Expense,Water,,,,835,,,,28,622000 Operating Expenses : Facility Expense : Water,
Expenses,Facility Expense,Water,,,,835,,,,29,622000 Operating Expenses : Facility Expense : Water,
Expenses,Facility Expense,Water,,,,835,,,,31,622000 Operating Expenses : Facility Expense : Water,
Expenses,Facility Expense,Water,,,,835,,,,32,622000 Operating Expenses : Facility Expense : Water,
Expenses,Facility Expense,Water,,,,835,,,,33,622000 Operating Expenses : Facility Expense : Water,
Expenses,Facility Expense,Water,,,,835,,,,35,622000 Operating Expenses : Facility Expense : Water,
Expenses,Facility Expense,Water,,,,835,,,,36,622000 Operating Expenses : Facility Expense : Water,
Expenses,Facility Expense,Water,,,,835,,,,37,622000 Operating Expenses : Facility Expense : Water,
Expenses,Facility Expense,Water,,,,835,,,,39,622000 Operating Expenses : Facility Expense : Water,
Expenses,Facility Expense,Water,,,,835,,,,41,622000 Operating Expenses : Facility Expense : Water,
Expenses,Facility Expense,Water,,,,835,,,,42,622000 Operating Expenses : Facility Expense : Water,
Expenses,Facility Expense,Water,,,,835,,,,43,622000 Operating Expenses : Facility Expense : Water,
Expenses,Facility Expense,Water,,,,835,,,,44,622000 Operating Expenses : Facility Expense : Water,
Expenses,Facility Expense,Water,,,,835,,,,45,622000 Operating Expenses : Facility Expense : Water,
Expenses,Facility Expense,Data,,,,836,,,,1,622500 Operating Expenses : Facility Expense : Data,
Expenses,Facility Expense,Data,,,,836,,,,2,622500 Operating Expenses : Facility Expense : Data,
Field Corporate Expenses,Pawville Intermediate Holdings,Facility Expense,Data,,,836,,,,3,622500 Operating Expenses : Facility Expense : Data,
Corporate Expenses,Facility Expense,Data,,,,836,,,,4,622500 Operating Expenses : Facility Expense : Data,
Expenses,Facility Expense,Data,,,,836,,,,5,622500 Operating Expenses : Facility Expense : Data,
Field Corporate Expenses,PUPS Intermediate Holdings,Facility Expense,Data,,,836,,,,6,622500 Operating Expenses : Facility Expense : Data,
Expenses,Facility Expense,Data,,,,836,,,,11,622500 Operating Expenses : Facility Expense : Data,
Expenses,Facility Expense,Data,,,,836,,,,16,622500 Operating Expenses : Facility Expense : Data,
Expenses,Facility Expense,Data,,,,836,,,,19,622500 Operating Expenses : Facility Expense : Data,
Expenses,Facility Expense,Data,,,,836,,,,20,622500 Operating Expenses : Facility Expense : Data,
Expenses,Facility Expense,Data,,,,836,,,,21,622500 Operating Expenses : Facility Expense : Data,
Expenses,Facility Expense,Data,,,,836,,,,22,622500 Operating Expenses : Facility Expense : Data,
Expenses,Facility Expense,Data,,,,836,,,,23,622500 Operating Expenses : Facility Expense : Data,
Expenses,Facility Expense,Data,,,,836,,,,24,622500 Operating Expenses : Facility Expense : Data,
Expenses,Facility Expense,Data,,,,836,,,,25,622500 Operating Expenses : Facility Expense : Data,
Expenses,Facility Expense,Data,,,,836,,,,26,622500 Operating Expenses : Facility Expense : Data,
Expenses,Facility Expense,Data,,,,836,,,,28,622500 Operating Expenses : Facility Expense : Data,
Expenses,Facility Expense,Data,,,,836,,,,29,622500 Operating Expenses : Facility Expense : Data,
Expenses,Facility Expense,Data,,,,836,,,,31,622500 Operating Expenses : Facility Expense : Data,
Expenses,Facility Expense,Data,,,,836,,,,32,622500 Operating Expenses : Facility Expense : Data,
Expenses,Facility Expense,Data,,,,836,,,,33,622500 Operating Expenses : Facility Expense : Data,
Expenses,Facility Expense,Data,,,,836,,,,35,622500 Operating Expenses : Facility Expense : Data,
Expenses,Facility Expense,Data,,,,836,,,,36,622500 Operating Expenses : Facility Expense : Data,
Expenses,Facility Expense,Data,,,,836,,,,37,622500 Operating Expenses : Facility Expense : Data,
Expenses,Facility Expense,Data,,,,836,,,,39,622500 Operating Expenses : Facility Expense : Data,
Expenses,Facility Expense,Data,,,,836,,,,41,622500 Operating Expenses : Facility Expense : Data,
Expenses,Facility Expense,Data,,,,836,,,,42,622500 Operating Expenses : Facility Expense : Data,
Expenses,Facility Expense,Data,,,,836,,,,43,622500 Operating Expenses : Facility Expense : Data,
Expenses,Facility Expense,Data,,,,836,,,,44,622500 Operating Expenses : Facility Expense : Data,
Expenses,Facility Expense,Data,,,,836,,,,45,622500 Operating Expenses : Facility Expense : Data,
Expenses,Facility Expense,Phone,,,,837,,,,1,623000 Operating Expenses : Facility Expense : Phone,
Expenses,Facility Expense,Phone,,,,837,,,,2,623000 Operating Expenses : Facility Expense : Phone,
Field Corporate Expenses,Pawville Intermediate Holdings,Facility Expense,Phone,,,837,,,,3,623000 Operating Expenses : Facility Expense : Phone,
Corporate Expenses,Facility Expense,Phone,,,,837,,,,4,623000 Operating Expenses : Facility Expense : Phone,
Expenses,Facility Expense,Phone,,,,837,,,,5,623000 Operating Expenses : Facility Expense : Phone,
Field Corporate Expenses,PUPS Intermediate Holdings,Facility Expense,Phone,,,837,,,,6,623000 Operating Expenses : Facility Expense : Phone,
Expenses,Facility Expense,Phone,,,,837,,,,11,623000 Operating Expenses : Facility Expense : Phone,
Expenses,Facility Expense,Phone,,,,837,,,,16,623000 Operating Expenses : Facility Expense : Phone,
Expenses,Facility Expense,Phone,,,,837,,,,19,623000 Operating Expenses : Facility Expense : Phone,
Expenses,Facility Expense,Phone,,,,837,,,,20,623000 Operating Expenses : Facility Expense : Phone,
Expenses,Facility Expense,Phone,,,,837,,,,21,623000 Operating Expenses : Facility Expense : Phone,
Expenses,Facility Expense,Phone,,,,837,,,,22,623000 Operating Expenses : Facility Expense : Phone,
Expenses,Facility Expense,Phone,,,,837,,,,23,623000 Operating Expenses : Facility Expense : Phone,
Expenses,Facility Expense,Phone,,,,837,,,,24,623000 Operating Expenses : Facility Expense : Phone,
Expenses,Facility Expense,Phone,,,,837,,,,25,623000 Operating Expenses : Facility Expense : Phone,
Expenses,Facility Expense,Phone,,,,837,,,,26,623000 Operating Expenses : Facility Expense : Phone,
Expenses,Facility Expense,Phone,,,,837,,,,28,623000 Operating Expenses : Facility Expense : Phone,
Expenses,Facility Expense,Phone,,,,837,,,,29,623000 Operating Expenses : Facility Expense : Phone,
Expenses,Facility Expense,Phone,,,,837,,,,31,623000 Operating Expenses : Facility Expense : Phone,
Expenses,Facility Expense,Phone,,,,837,,,,32,623000 Operating Expenses : Facility Expense : Phone,
Expenses,Facility Expense,Phone,,,,837,,,,33,623000 Operating Expenses : Facility Expense : Phone,
Expenses,Facility Expense,Phone,,,,837,,,,35,623000 Operating Expenses : Facility Expense : Phone,
Expenses,Facility Expense,Phone,,,,837,,,,36,623000 Operating Expenses : Facility Expense : Phone,
Expenses,Facility Expense,Phone,,,,837,,,,37,623000 Operating Expenses : Facility Expense : Phone,
Expenses,Facility Expense,Phone,,,,837,,,,39,623000 Operating Expenses : Facility Expense : Phone,
Expenses,Facility Expense,Phone,,,,837,,,,41,623000 Operating Expenses : Facility Expense : Phone,
Expenses,Facility Expense,Phone,,,,837,,,,42,623000 Operating Expenses : Facility Expense : Phone,
Expenses,Facility Expense,Phone,,,,837,,,,43,623000 Operating Expenses : Facility Expense : Phone,
Expenses,Facility Expense,Phone,,,,837,,,,44,623000 Operating Expenses : Facility Expense : Phone,
Expenses,Facility Expense,Phone,,,,837,,,,45,623000 Operating Expenses : Facility Expense : Phone,
Expenses,Facility Expense,Property Insurance,,,,838,,,,1,624000 Operating Expenses : Facility Expense : Property Insurance,
Expenses,Facility Expense,Property Insurance,,,,838,,,,2,624000 Operating Expenses : Facility Expense : Property Insurance,
Field Corporate Expenses,Pawville Intermediate Holdings,Facility Expense,Property Insurance,,,838,,,,3,624000 Operating Expenses : Facility Expense : Property Insurance,
Corporate Expenses,Facility Expense,Property Insurance,,,,838,,,,4,624000 Operating Expenses : Facility Expense : Property Insurance,
Expenses,Facility Expense,Property Insurance,,,,838,,,,5,624000 Operating Expenses : Facility Expense : Property Insurance,
Field Corporate Expenses,PUPS Intermediate Holdings,Facility Expense,Property Insurance,,,838,,,,6,624000 Operating Expenses : Facility Expense : Property Insurance,
Expenses,Facility Expense,Property Insurance,,,,838,,,,11,624000 Operating Expenses : Facility Expense : Property Insurance,
Expenses,Facility Expense,Property Insurance,,,,838,,,,16,624000 Operating Expenses : Facility Expense : Property Insurance,
Expenses,Facility Expense,Property Insurance,,,,838,,,,19,624000 Operating Expenses : Facility Expense : Property Insurance,
Expenses,Facility Expense,Property Insurance,,,,838,,,,20,624000 Operating Expenses : Facility Expense : Property Insurance,
Expenses,Facility Expense,Property Insurance,,,,838,,,,21,624000 Operating Expenses : Facility Expense : Property Insurance,
Expenses,Facility Expense,Property Insurance,,,,838,,,,22,624000 Operating Expenses : Facility Expense : Property Insurance,
Expenses,Facility Expense,Property Insurance,,,,838,,,,23,624000 Operating Expenses : Facility Expense : Property Insurance,
Expenses,Facility Expense,Property Insurance,,,,838,,,,24,624000 Operating Expenses : Facility Expense : Property Insurance,
Expenses,Facility Expense,Property Insurance,,,,838,,,,25,624000 Operating Expenses : Facility Expense : Property Insurance,
Expenses,Facility Expense,Property Insurance,,,,838,,,,26,624000 Operating Expenses : Facility Expense : Property Insurance,
Expenses,Facility Expense,Property Insurance,,,,838,,,,28,624000 Operating Expenses : Facility Expense : Property Insurance,
Expenses,Facility Expense,Property Insurance,,,,838,,,,29,624000 Operating Expenses : Facility Expense : Property Insurance,
Expenses,Facility Expense,Property Insurance,,,,838,,,,31,624000 Operating Expenses : Facility Expense : Property Insurance,
Expenses,Facility Expense,Property Insurance,,,,838,,,,32,624000 Operating Expenses : Facility Expense : Property Insurance,
Expenses,Facility Expense,Property Insurance,,,,838,,,,33,624000 Operating Expenses : Facility Expense : Property Insurance,
Expenses,Facility Expense,Property Insurance,,,,838,,,,35,624000 Operating Expenses : Facility Expense : Property Insurance,
Expenses,Facility Expense,Property Insurance,,,,838,,,,36,624000 Operating Expenses : Facility Expense : Property Insurance,
Expenses,Facility Expense,Property Insurance,,,,838,,,,37,624000 Operating Expenses : Facility Expense : Property Insurance,
Expenses,Facility Expense,Property Insurance,,,,838,,,,39,624000 Operating Expenses : Facility Expense : Property Insurance,
Expenses,Facility Expense,Property Insurance,,,,838,,,,41,624000 Operating Expenses : Facility Expense : Property Insurance,
Expenses,Facility Expense,Property Insurance,,,,838,,,,42,624000 Operating Expenses : Facility Expense : Property Insurance,
Expenses,Facility Expense,Property Insurance,,,,838,,,,43,624000 Operating Expenses : Facility Expense : Property Insurance,
Expenses,Facility Expense,Property Insurance,,,,838,,,,44,624000 Operating Expenses : Facility Expense : Property Insurance,
Expenses,Facility Expense,Property Insurance,,,,838,,,,45,624000 Operating Expenses : Facility Expense : Property Insurance,
Expenses,Operations Expense,General and Admin,,,,839,,,,1,700000 General and Admin,
Expenses,Operations Expense,General and Admin,,,,839,,,,2,700000 General and Admin,
Field Corporate Expenses,Pawville Intermediate Holdings,General and Admin,,,,839,,,,3,700000 General and Admin,
Corporate Expenses,General and Admin,,,,,839,,,,4,700000 General and Admin,
Expenses,Operations Expense,General and Admin,,,,839,,,,5,700000 General and Admin,
Field Corporate Expenses,PUPS Intermediate Holdings,General and Admin,,,,839,,,,6,700000 General and Admin,
Expenses,Operations Expense,General and Admin,,,,839,,,,11,700000 General and Admin,
Expenses,Operations Expense,General and Admin,,,,839,,,,16,700000 General and Admin,
Expenses,Operations Expense,General and Admin,,,,839,,,,19,700000 General and Admin,
Expenses,Operations Expense,General and Admin,,,,839,,,,20,700000 General and Admin,
Expenses,Operations Expense,General and Admin,,,,839,,,,21,700000 General and Admin,
Expenses,Operations Expense,General and Admin,,,,839,,,,22,700000 General and Admin,
Expenses,Operations Expense,General and Admin,,,,839,,,,23,700000 General and Admin,
Expenses,Operations Expense,General and Admin,,,,839,,,,24,700000 General and Admin,
Expenses,Operations Expense,General and Admin,,,,839,,,,25,700000 General and Admin,
Expenses,Operations Expense,General and Admin,,,,839,,,,26,700000 General and Admin,
Expenses,Operations Expense,General and Admin,,,,839,,,,28,700000 General and Admin,
Expenses,Operations Expense,General and Admin,,,,839,,,,29,700000 General and Admin,
Expenses,Operations Expense,General and Admin,,,,839,,,,31,700000 General and Admin,
Expenses,Operations Expense,General and Admin,,,,839,,,,32,700000 General and Admin,
Expenses,Operations Expense,General and Admin,,,,839,,,,33,700000 General and Admin,
Expenses,Operations Expense,General and Admin,,,,839,,,,35,700000 General and Admin,
Expenses,Operations Expense,General and Admin,,,,839,,,,36,700000 General and Admin,
Expenses,Operations Expense,General and Admin,,,,839,,,,37,700000 General and Admin,
Expenses,Operations Expense,General and Admin,,,,839,,,,39,700000 General and Admin,
Expenses,Operations Expense,General and Admin,,,,839,,,,41,700000 General and Admin,
Expenses,Operations Expense,General and Admin,,,,839,,,,42,700000 General and Admin,
Expenses,Operations Expense,General and Admin,,,,839,,,,43,700000 General and Admin,
Expenses,Operations Expense,General and Admin,,,,839,,,,44,700000 General and Admin,
Expenses,Operations Expense,General and Admin,,,,839,,,,45,700000 General and Admin,
Expenses,Operations Expense,General and Admin,G&A Wages,,,840,,,,1,710000 General and Admin : G&A Wages,
Expenses,Operations Expense,General and Admin,G&A Wages,,,840,,,,2,710000 General and Admin : G&A Wages,
Field Corporate Expenses,Pawville Intermediate Holdings,General and Admin,G&A Wages,,,840,,,,3,710000 General and Admin : G&A Wages,
Corporate Expenses,General and Admin,G&A Wages,,,,840,,,,4,710000 General and Admin : G&A Wages,
Expenses,Operations Expense,General and Admin,G&A Wages,,,840,,,,5,710000 General and Admin : G&A Wages,
Field Corporate Expenses,PUPS Intermediate Holdings,General and Admin,G&A Wages,,,840,,,,6,710000 General and Admin : G&A Wages,
Expenses,Operations Expense,General and Admin,G&A Wages,,,840,,,,11,710000 General and Admin : G&A Wages,
Expenses,Operations Expense,General and Admin,G&A Wages,,,840,,,,16,710000 General and Admin : G&A Wages,
Expenses,Operations Expense,General and Admin,G&A Wages,,,840,,,,19,710000 General and Admin : G&A Wages,
Expenses,Operations Expense,General and Admin,G&A Wages,,,840,,,,20,710000 General and Admin : G&A Wages,
Expenses,Operations Expense,General and Admin,G&A Wages,,,840,,,,21,710000 General and Admin : G&A Wages,
Expenses,Operations Expense,General and Admin,G&A Wages,,,840,,,,22,710000 General and Admin : G&A Wages,
Expenses,Operations Expense,General and Admin,G&A Wages,,,840,,,,23,710000 General and Admin : G&A Wages,
Expenses,Operations Expense,General and Admin,G&A Wages,,,840,,,,24,710000 General and Admin : G&A Wages,
Expenses,Operations Expense,General and Admin,G&A Wages,,,840,,,,25,710000 General and Admin : G&A Wages,
Expenses,Operations Expense,General and Admin,G&A Wages,,,840,,,,26,710000 General and Admin : G&A Wages,
Expenses,Operations Expense,General and Admin,G&A Wages,,,840,,,,28,710000 General and Admin : G&A Wages,
Expenses,Operations Expense,General and Admin,G&A Wages,,,840,,,,29,710000 General and Admin : G&A Wages,
Expenses,Operations Expense,General and Admin,G&A Wages,,,840,,,,31,710000 General and Admin : G&A Wages,
Expenses,Operations Expense,General and Admin,G&A Wages,,,840,,,,32,710000 General and Admin : G&A Wages,
Expenses,Operations Expense,General and Admin,G&A Wages,,,840,,,,33,710000 General and Admin : G&A Wages,
Expenses,Operations Expense,General and Admin,G&A Wages,,,840,,,,35,710000 General and Admin : G&A Wages,
Expenses,Operations Expense,General and Admin,G&A Wages,,,840,,,,36,710000 General and Admin : G&A Wages,
Expenses,Operations Expense,General and Admin,G&A Wages,,,840,,,,37,710000 General and Admin : G&A Wages,
Expenses,Operations Expense,General and Admin,G&A Wages,,,840,,,,39,710000 General and Admin : G&A Wages,
Expenses,Operations Expense,General and Admin,G&A Wages,,,840,,,,41,710000 General and Admin : G&A Wages,
Expenses,Operations Expense,General and Admin,G&A Wages,,,840,,,,42,710000 General and Admin : G&A Wages,
Expenses,Operations Expense,General and Admin,G&A Wages,,,840,,,,43,710000 General and Admin : G&A Wages,
Expenses,Operations Expense,General and Admin,G&A Wages,,,840,,,,44,710000 General and Admin : G&A Wages,
Expenses,Operations Expense,General and Admin,G&A Wages,,,840,,,,45,710000 General and Admin : G&A Wages,
Expenses,Operations Expense,General and Admin,G&A Wages,Regular Wages,,841,,,,1,710500 General and Admin : G&A Wages : Regular Wages,
Expenses,Operations Expense,General and Admin,G&A Wages,Regular Wages,,841,,,,2,710500 General and Admin : G&A Wages : Regular Wages,
Field Corporate Expenses,Pawville Intermediate Holdings,General and Admin,G&A Wages,Regular Wages,,841,,,,3,710500 General and Admin : G&A Wages : Regular Wages,
Corporate Expenses,General and Admin,G&A Wages,Regular Wages,,,841,,,,4,710500 General and Admin : G&A Wages : Regular Wages,
Expenses,Operations Expense,General and Admin,G&A Wages,Regular Wages,,841,,,,5,710500 General and Admin : G&A Wages : Regular Wages,
Field Corporate Expenses,PUPS Intermediate Holdings,General and Admin,G&A Wages,Regular Wages,,841,,,,6,710500 General and Admin : G&A Wages : Regular Wages,
Expenses,Operations Expense,General and Admin,G&A Wages,Regular Wages,,841,,,,11,710500 General and Admin : G&A Wages : Regular Wages,
Expenses,Operations Expense,General and Admin,G&A Wages,Regular Wages,,841,,,,16,710500 General and Admin : G&A Wages : Regular Wages,
Expenses,Operations Expense,General and Admin,G&A Wages,Regular Wages,,841,,,,19,710500 General and Admin : G&A Wages : Regular Wages,
Expenses,Operations Expense,General and Admin,G&A Wages,Regular Wages,,841,,,,20,710500 General and Admin : G&A Wages : Regular Wages,
Expenses,Operations Expense,General and Admin,G&A Wages,Regular Wages,,841,,,,21,710500 General and Admin : G&A Wages : Regular Wages,
Expenses,Operations Expense,General and Admin,G&A Wages,Regular Wages,,841,,,,22,710500 General and Admin : G&A Wages : Regular Wages,
Expenses,Operations Expense,General and Admin,G&A Wages,Regular Wages,,841,,,,23,710500 General and Admin : G&A Wages : Regular Wages,
Expenses,Operations Expense,General and Admin,G&A Wages,Regular Wages,,841,,,,24,710500 General and Admin : G&A Wages : Regular Wages,
Expenses,Operations Expense,General and Admin,G&A Wages,Regular Wages,,841,,,,25,710500 General and Admin : G&A Wages : Regular Wages,
Expenses,Operations Expense,General and Admin,G&A Wages,Regular Wages,,841,,,,26,710500 General and Admin : G&A Wages : Regular Wages,
Expenses,Operations Expense,General and Admin,G&A Wages,Regular Wages,,841,,,,28,710500 General and Admin : G&A Wages : Regular Wages,
Expenses,Operations Expense,General and Admin,G&A Wages,Regular Wages,,841,,,,29,710500 General and Admin : G&A Wages : Regular Wages,
Expenses,Operations Expense,General and Admin,G&A Wages,Regular Wages,,841,,,,31,710500 General and Admin : G&A Wages : Regular Wages,
Expenses,Operations Expense,General and Admin,G&A Wages,Regular Wages,,841,,,,32,710500 General and Admin : G&A Wages : Regular Wages,
Expenses,Operations Expense,General and Admin,G&A Wages,Regular Wages,,841,,,,33,710500 General and Admin : G&A Wages : Regular Wages,
Expenses,Operations Expense,General and Admin,G&A Wages,Regular Wages,,841,,,,35,710500 General and Admin : G&A Wages : Regular Wages,
Expenses,Operations Expense,General and Admin,G&A Wages,Regular Wages,,841,,,,36,710500 General and Admin : G&A Wages : Regular Wages,
Expenses,Operations Expense,General and Admin,G&A Wages,Regular Wages,,841,,,,37,710500 General and Admin : G&A Wages : Regular Wages,
Expenses,Operations Expense,General and Admin,G&A Wages,Regular Wages,,841,,,,39,710500 General and Admin : G&A Wages : Regular Wages,
Expenses,Operations Expense,General and Admin,G&A Wages,Regular Wages,,841,,,,41,710500 General and Admin : G&A Wages : Regular Wages,
Expenses,Operations Expense,General and Admin,G&A Wages,Regular Wages,,841,,,,42,710500 General and Admin : G&A Wages : Regular Wages,
Expenses,Operations Expense,General and Admin,G&A Wages,Regular Wages,,841,,,,43,710500 General and Admin : G&A Wages : Regular Wages,
Expenses,Operations Expense,General and Admin,G&A Wages,Regular Wages,,841,,,,44,710500 General and Admin : G&A Wages : Regular Wages,
Expenses,Operations Expense,General and Admin,G&A Wages,Regular Wages,,841,,,,45,710500 General and Admin : G&A Wages : Regular Wages,
Expenses,Operations Expense,General and Admin,G&A Wages,Overtime Wages,,842,,,,1,711000 General and Admin : G&A Wages : Overtime Wages,
Expenses,Operations Expense,General and Admin,G&A Wages,Overtime Wages,,842,,,,2,711000 General and Admin : G&A Wages : Overtime Wages,
Field Corporate Expenses,Pawville Intermediate Holdings,General and Admin,G&A Wages,Overtime Wages,,842,,,,3,711000 General and Admin : G&A Wages : Overtime Wages,
Corporate Expenses,General and Admin,G&A Wages,Overtime Wages,,,842,,,,4,711000 General and Admin : G&A Wages : Overtime Wages,
Expenses,Operations Expense,General and Admin,G&A Wages,Overtime Wages,,842,,,,5,711000 General and Admin : G&A Wages : Overtime Wages,
Field Corporate Expenses,PUPS Intermediate Holdings,General and Admin,G&A Wages,Overtime Wages,,842,,,,6,711000 General and Admin : G&A Wages : Overtime Wages,
Expenses,Operations Expense,General and Admin,G&A Wages,Overtime Wages,,842,,,,11,711000 General and Admin : G&A Wages : Overtime Wages,
Expenses,Operations Expense,General and Admin,G&A Wages,Overtime Wages,,842,,,,16,711000 General and Admin : G&A Wages : Overtime Wages,
Expenses,Operations Expense,General and Admin,G&A Wages,Overtime Wages,,842,,,,19,711000 General and Admin : G&A Wages : Overtime Wages,
Expenses,Operations Expense,General and Admin,G&A Wages,Overtime Wages,,842,,,,20,711000 General and Admin : G&A Wages : Overtime Wages,
Expenses,Operations Expense,General and Admin,G&A Wages,Overtime Wages,,842,,,,21,711000 General and Admin : G&A Wages : Overtime Wages,
Expenses,Operations Expense,General and Admin,G&A Wages,Overtime Wages,,842,,,,22,711000 General and Admin : G&A Wages : Overtime Wages,
Expenses,Operations Expense,General and Admin,G&A Wages,Overtime Wages,,842,,,,23,711000 General and Admin : G&A Wages : Overtime Wages,
Expenses,Operations Expense,General and Admin,G&A Wages,Overtime Wages,,842,,,,24,711000 General and Admin : G&A Wages : Overtime Wages,
Expenses,Operations Expense,General and Admin,G&A Wages,Overtime Wages,,842,,,,25,711000 General and Admin : G&A Wages : Overtime Wages,
Expenses,Operations Expense,General and Admin,G&A Wages,Overtime Wages,,842,,,,26,711000 General and Admin : G&A Wages : Overtime Wages,
Expenses,Operations Expense,General and Admin,G&A Wages,Overtime Wages,,842,,,,28,711000 General and Admin : G&A Wages : Overtime Wages,
Expenses,Operations Expense,General and Admin,G&A Wages,Overtime Wages,,842,,,,29,711000 General and Admin : G&A Wages : Overtime Wages,
Expenses,Operations Expense,General and Admin,G&A Wages,Overtime Wages,,842,,,,31,711000 General and Admin : G&A Wages : Overtime Wages,
Expenses,Operations Expense,General and Admin,G&A Wages,Overtime Wages,,842,,,,32,711000 General and Admin : G&A Wages : Overtime Wages,
Expenses,Operations Expense,General and Admin,G&A Wages,Overtime Wages,,842,,,,33,711000 General and Admin : G&A Wages : Overtime Wages,
Expenses,Operations Expense,General and Admin,G&A Wages,Overtime Wages,,842,,,,35,711000 General and Admin : G&A Wages : Overtime Wages,
Expenses,Operations Expense,General and Admin,G&A Wages,Overtime Wages,,842,,,,36,711000 General and Admin : G&A Wages : Overtime Wages,
Expenses,Operations Expense,General and Admin,G&A Wages,Overtime Wages,,842,,,,37,711000 General and Admin : G&A Wages : Overtime Wages,
Expenses,Operations Expense,General and Admin,G&A Wages,Overtime Wages,,842,,,,39,711000 General and Admin : G&A Wages : Overtime Wages,
Expenses,Operations Expense,General and Admin,G&A Wages,Overtime Wages,,842,,,,41,711000 General and Admin : G&A Wages : Overtime Wages,
Expenses,Operations Expense,General and Admin,G&A Wages,Overtime Wages,,842,,,,42,711000 General and Admin : G&A Wages : Overtime Wages,
Expenses,Operations Expense,General and Admin,G&A Wages,Overtime Wages,,842,,,,43,711000 General and Admin : G&A Wages : Overtime Wages,
Expenses,Operations Expense,General and Admin,G&A Wages,Overtime Wages,,842,,,,44,711000 General and Admin : G&A Wages : Overtime Wages,
Expenses,Operations Expense,General and Admin,G&A Wages,Overtime Wages,,842,,,,45,711000 General and Admin : G&A Wages : Overtime Wages,
Expenses,Operations Expense,General and Admin,G&A Wages,Paid Time Off,,843,,,,1,711500 General and Admin : G&A Wages : Paid Time Off,
Expenses,Operations Expense,General and Admin,G&A Wages,Paid Time Off,,843,,,,2,711500 General and Admin : G&A Wages : Paid Time Off,
Field Corporate Expenses,Pawville Intermediate Holdings,General and Admin,G&A Wages,Paid Time Off,,843,,,,3,711500 General and Admin : G&A Wages : Paid Time Off,
Corporate Expenses,General and Admin,G&A Wages,Paid Time Off,,,843,,,,4,711500 General and Admin : G&A Wages : Paid Time Off,
Expenses,Operations Expense,General and Admin,G&A Wages,Paid Time Off,,843,,,,5,711500 General and Admin : G&A Wages : Paid Time Off,
Field Corporate Expenses,PUPS Intermediate Holdings,General and Admin,G&A Wages,Paid Time Off,,843,,,,6,711500 General and Admin : G&A Wages : Paid Time Off,
Expenses,Operations Expense,General and Admin,G&A Wages,Paid Time Off,,843,,,,11,711500 General and Admin : G&A Wages : Paid Time Off,
Expenses,Operations Expense,General and Admin,G&A Wages,Paid Time Off,,843,,,,16,711500 General and Admin : G&A Wages : Paid Time Off,
Expenses,Operations Expense,General and Admin,G&A Wages,Paid Time Off,,843,,,,19,711500 General and Admin : G&A Wages : Paid Time Off,
Expenses,Operations Expense,General and Admin,G&A Wages,Paid Time Off,,843,,,,20,711500 General and Admin : G&A Wages : Paid Time Off,
Expenses,Operations Expense,General and Admin,G&A Wages,Paid Time Off,,843,,,,21,711500 General and Admin : G&A Wages : Paid Time Off,
Expenses,Operations Expense,General and Admin,G&A Wages,Paid Time Off,,843,,,,22,711500 General and Admin : G&A Wages : Paid Time Off,
Expenses,Operations Expense,General and Admin,G&A Wages,Paid Time Off,,843,,,,23,711500 General and Admin : G&A Wages : Paid Time Off,
Expenses,Operations Expense,General and Admin,G&A Wages,Paid Time Off,,843,,,,24,711500 General and Admin : G&A Wages : Paid Time Off,
Expenses,Operations Expense,General and Admin,G&A Wages,Paid Time Off,,843,,,,25,711500 General and Admin : G&A Wages : Paid Time Off,
Expenses,Operations Expense,General and Admin,G&A Wages,Paid Time Off,,843,,,,26,711500 General and Admin : G&A Wages : Paid Time Off,
Expenses,Operations Expense,General and Admin,G&A Wages,Paid Time Off,,843,,,,28,711500 General and Admin : G&A Wages : Paid Time Off,
Expenses,Operations Expense,General and Admin,G&A Wages,Paid Time Off,,843,,,,29,711500 General and Admin : G&A Wages : Paid Time Off,
Expenses,Operations Expense,General and Admin,G&A Wages,Paid Time Off,,843,,,,31,711500 General and Admin : G&A Wages : Paid Time Off,
Expenses,Operations Expense,General and Admin,G&A Wages,Paid Time Off,,843,,,,32,711500 General and Admin : G&A Wages : Paid Time Off,
Expenses,Operations Expense,General and Admin,G&A Wages,Paid Time Off,,843,,,,33,711500 General and Admin : G&A Wages : Paid Time Off,
Expenses,Operations Expense,General and Admin,G&A Wages,Paid Time Off,,843,,,,35,711500 General and Admin : G&A Wages : Paid Time Off,
Expenses,Operations Expense,General and Admin,G&A Wages,Paid Time Off,,843,,,,36,711500 General and Admin : G&A Wages : Paid Time Off,
Expenses,Operations Expense,General and Admin,G&A Wages,Paid Time Off,,843,,,,37,711500 General and Admin : G&A Wages : Paid Time Off,
Expenses,Operations Expense,General and Admin,G&A Wages,Paid Time Off,,843,,,,39,711500 General and Admin : G&A Wages : Paid Time Off,
Expenses,Operations Expense,General and Admin,G&A Wages,Paid Time Off,,843,,,,41,711500 General and Admin : G&A Wages : Paid Time Off,
Expenses,Operations Expense,General and Admin,G&A Wages,Paid Time Off,,843,,,,42,711500 General and Admin : G&A Wages : Paid Time Off,
Expenses,Operations Expense,General and Admin,G&A Wages,Paid Time Off,,843,,,,43,711500 General and Admin : G&A Wages : Paid Time Off,
Expenses,Operations Expense,General and Admin,G&A Wages,Paid Time Off,,843,,,,44,711500 General and Admin : G&A Wages : Paid Time Off,
Expenses,Operations Expense,General and Admin,G&A Wages,Paid Time Off,,843,,,,45,711500 General and Admin : G&A Wages : Paid Time Off,
Expenses,Operations Expense,General and Admin,G&A Wages,Commissions,,844,,,,1,712000 General and Admin : G&A Wages : Commissions,
Expenses,Operations Expense,General and Admin,G&A Wages,Commissions,,844,,,,2,712000 General and Admin : G&A Wages : Commissions,
Field Corporate Expenses,Pawville Intermediate Holdings,General and Admin,G&A Wages,Commissions,,844,,,,3,712000 General and Admin : G&A Wages : Commissions,
Corporate Expenses,General and Admin,G&A Wages,Commissions,,,844,,,,4,712000 General and Admin : G&A Wages : Commissions,
Expenses,Operations Expense,General and Admin,G&A Wages,Commissions,,844,,,,5,712000 General and Admin : G&A Wages : Commissions,
Field Corporate Expenses,PUPS Intermediate Holdings,General and Admin,G&A Wages,Commissions,,844,,,,6,712000 General and Admin : G&A Wages : Commissions,
Expenses,Operations Expense,General and Admin,G&A Wages,Commissions,,844,,,,11,712000 General and Admin : G&A Wages : Commissions,
Expenses,Operations Expense,General and Admin,G&A Wages,Commissions,,844,,,,16,712000 General and Admin : G&A Wages : Commissions,
Expenses,Operations Expense,General and Admin,G&A Wages,Commissions,,844,,,,19,712000 General and Admin : G&A Wages : Commissions,
Expenses,Operations Expense,General and Admin,G&A Wages,Commissions,,844,,,,20,712000 General and Admin : G&A Wages : Commissions,
Expenses,Operations Expense,General and Admin,G&A Wages,Commissions,,844,,,,21,712000 General and Admin : G&A Wages : Commissions,
Expenses,Operations Expense,General and Admin,G&A Wages,Commissions,,844,,,,22,712000 General and Admin : G&A Wages : Commissions,
Expenses,Operations Expense,General and Admin,G&A Wages,Commissions,,844,,,,23,712000 General and Admin : G&A Wages : Commissions,
Expenses,Operations Expense,General and Admin,G&A Wages,Commissions,,844,,,,24,712000 General and Admin : G&A Wages : Commissions,
Expenses,Operations Expense,General and Admin,G&A Wages,Commissions,,844,,,,25,712000 General and Admin : G&A Wages : Commissions,
Expenses,Operations Expense,General and Admin,G&A Wages,Commissions,,844,,,,26,712000 General and Admin : G&A Wages : Commissions,
Expenses,Operations Expense,General and Admin,G&A Wages,Commissions,,844,,,,28,712000 General and Admin : G&A Wages : Commissions,
Expenses,Operations Expense,General and Admin,G&A Wages,Commissions,,844,,,,29,712000 General and Admin : G&A Wages : Commissions,
Expenses,Operations Expense,General and Admin,G&A Wages,Commissions,,844,,,,31,712000 General and Admin : G&A Wages : Commissions,
Expenses,Operations Expense,General and Admin,G&A Wages,Commissions,,844,,,,32,712000 General and Admin : G&A Wages : Commissions,
Expenses,Operations Expense,General and Admin,G&A Wages,Commissions,,844,,,,33,712000 General and Admin : G&A Wages : Commissions,
Expenses,Operations Expense,General and Admin,G&A Wages,Commissions,,844,,,,35,712000 General and Admin : G&A Wages : Commissions,
Expenses,Operations Expense,General and Admin,G&A Wages,Commissions,,844,,,,36,712000 General and Admin : G&A Wages : Commissions,
Expenses,Operations Expense,General and Admin,G&A Wages,Commissions,,844,,,,37,712000 General and Admin : G&A Wages : Commissions,
Expenses,Operations Expense,General and Admin,G&A Wages,Commissions,,844,,,,39,712000 General and Admin : G&A Wages : Commissions,
Expenses,Operations Expense,General and Admin,G&A Wages,Commissions,,844,,,,41,712000 General and Admin : G&A Wages : Commissions,
Expenses,Operations Expense,General and Admin,G&A Wages,Commissions,,844,,,,42,712000 General and Admin : G&A Wages : Commissions,
Expenses,Operations Expense,General and Admin,G&A Wages,Commissions,,844,,,,43,712000 General and Admin : G&A Wages : Commissions,
Expenses,Operations Expense,General and Admin,G&A Wages,Commissions,,844,,,,44,712000 General and Admin : G&A Wages : Commissions,
Expenses,Operations Expense,General and Admin,G&A Wages,Commissions,,844,,,,45,712000 General and Admin : G&A Wages : Commissions,
Expenses,Operations Expense,General and Admin,G&A Wages,Bonuses,,845,,,,1,712500 General and Admin : G&A Wages : Bonuses,
Expenses,Operations Expense,General and Admin,G&A Wages,Bonuses,,845,,,,2,712500 General and Admin : G&A Wages : Bonuses,
Field Corporate Expenses,Pawville Intermediate Holdings,General and Admin,G&A Wages,Bonuses,,845,,,,3,712500 General and Admin : G&A Wages : Bonuses,
Corporate Expenses,General and Admin,G&A Wages,Bonuses,,,845,,,,4,712500 General and Admin : G&A Wages : Bonuses,
Expenses,Operations Expense,General and Admin,G&A Wages,Bonuses,,845,,,,5,712500 General and Admin : G&A Wages : Bonuses,
Field Corporate Expenses,PUPS Intermediate Holdings,General and Admin,G&A Wages,Bonuses,,845,,,,6,712500 General and Admin : G&A Wages : Bonuses,
Expenses,Operations Expense,General and Admin,G&A Wages,Bonuses,,845,,,,11,712500 General and Admin : G&A Wages : Bonuses,
Expenses,Operations Expense,General and Admin,G&A Wages,Bonuses,,845,,,,16,712500 General and Admin : G&A Wages : Bonuses,
Expenses,Operations Expense,General and Admin,G&A Wages,Bonuses,,845,,,,19,712500 General and Admin : G&A Wages : Bonuses,
Expenses,Operations Expense,General and Admin,G&A Wages,Bonuses,,845,,,,20,712500 General and Admin : G&A Wages : Bonuses,
Expenses,Operations Expense,General and Admin,G&A Wages,Bonuses,,845,,,,21,712500 General and Admin : G&A Wages : Bonuses,
Expenses,Operations Expense,General and Admin,G&A Wages,Bonuses,,845,,,,22,712500 General and Admin : G&A Wages : Bonuses,
Expenses,Operations Expense,General and Admin,G&A Wages,Bonuses,,845,,,,23,712500 General and Admin : G&A Wages : Bonuses,
Expenses,Operations Expense,General and Admin,G&A Wages,Bonuses,,845,,,,24,712500 General and Admin : G&A Wages : Bonuses,
Expenses,Operations Expense,General and Admin,G&A Wages,Bonuses,,845,,,,25,712500 General and Admin : G&A Wages : Bonuses,
Expenses,Operations Expense,General and Admin,G&A Wages,Bonuses,,845,,,,26,712500 General and Admin : G&A Wages : Bonuses,
Expenses,Operations Expense,General and Admin,G&A Wages,Bonuses,,845,,,,28,712500 General and Admin : G&A Wages : Bonuses,
Expenses,Operations Expense,General and Admin,G&A Wages,Bonuses,,845,,,,29,712500 General and Admin : G&A Wages : Bonuses,
Expenses,Operations Expense,General and Admin,G&A Wages,Bonuses,,845,,,,31,712500 General and Admin : G&A Wages : Bonuses,
Expenses,Operations Expense,General and Admin,G&A Wages,Bonuses,,845,,,,32,712500 General and Admin : G&A Wages : Bonuses,
Expenses,Operations Expense,General and Admin,G&A Wages,Bonuses,,845,,,,33,712500 General and Admin : G&A Wages : Bonuses,
Expenses,Operations Expense,General and Admin,G&A Wages,Bonuses,,845,,,,35,712500 General and Admin : G&A Wages : Bonuses,
Expenses,Operations Expense,General and Admin,G&A Wages,Bonuses,,845,,,,36,712500 General and Admin : G&A Wages : Bonuses,
Expenses,Operations Expense,General and Admin,G&A Wages,Bonuses,,845,,,,37,712500 General and Admin : G&A Wages : Bonuses,
Expenses,Operations Expense,General and Admin,G&A Wages,Bonuses,,845,,,,39,712500 General and Admin : G&A Wages : Bonuses,
Expenses,Operations Expense,General and Admin,G&A Wages,Bonuses,,845,,,,41,712500 General and Admin : G&A Wages : Bonuses,
Expenses,Operations Expense,General and Admin,G&A Wages,Bonuses,,845,,,,42,712500 General and Admin : G&A Wages : Bonuses,
Expenses,Operations Expense,General and Admin,G&A Wages,Bonuses,,845,,,,43,712500 General and Admin : G&A Wages : Bonuses,
Expenses,Operations Expense,General and Admin,G&A Wages,Bonuses,,845,,,,44,712500 General and Admin : G&A Wages : Bonuses,
Expenses,Operations Expense,General and Admin,G&A Wages,Bonuses,,845,,,,45,712500 General and Admin : G&A Wages : Bonuses,
Expenses,Operations Expense,General and Admin,G&A Wages,Employer Taxes,,846,,,,1,713000 General and Admin : G&A Wages : Employer Taxes,
Expenses,Operations Expense,General and Admin,G&A Wages,Employer Taxes,,846,,,,2,713000 General and Admin : G&A Wages : Employer Taxes,
Field Corporate Expenses,Pawville Intermediate Holdings,General and Admin,G&A Wages,Employer Taxes,,846,,,,3,713000 General and Admin : G&A Wages : Employer Taxes,
Corporate Expenses,General and Admin,G&A Wages,Employer Taxes,,,846,,,,4,713000 General and Admin : G&A Wages : Employer Taxes,
Expenses,Operations Expense,General and Admin,G&A Wages,Employer Taxes,,846,,,,5,713000 General and Admin : G&A Wages : Employer Taxes,
Field Corporate Expenses,PUPS Intermediate Holdings,General and Admin,G&A Wages,Employer Taxes,,846,,,,6,713000 General and Admin : G&A Wages : Employer Taxes,
Expenses,Operations Expense,General and Admin,G&A Wages,Employer Taxes,,846,,,,11,713000 General and Admin : G&A Wages : Employer Taxes,
Expenses,Operations Expense,General and Admin,G&A Wages,Employer Taxes,,846,,,,16,713000 General and Admin : G&A Wages : Employer Taxes,
Expenses,Operations Expense,General and Admin,G&A Wages,Employer Taxes,,846,,,,19,713000 General and Admin : G&A Wages : Employer Taxes,
Expenses,Operations Expense,General and Admin,G&A Wages,Employer Taxes,,846,,,,20,713000 General and Admin : G&A Wages : Employer Taxes,
Expenses,Operations Expense,General and Admin,G&A Wages,Employer Taxes,,846,,,,21,713000 General and Admin : G&A Wages : Employer Taxes,
Expenses,Operations Expense,General and Admin,G&A Wages,Employer Taxes,,846,,,,22,713000 General and Admin : G&A Wages : Employer Taxes,
Expenses,Operations Expense,General and Admin,G&A Wages,Employer Taxes,,846,,,,23,713000 General and Admin : G&A Wages : Employer Taxes,
Expenses,Operations Expense,General and Admin,G&A Wages,Employer Taxes,,846,,,,24,713000 General and Admin : G&A Wages : Employer Taxes,
Expenses,Operations Expense,General and Admin,G&A Wages,Employer Taxes,,846,,,,25,713000 General and Admin : G&A Wages : Employer Taxes,
Expenses,Operations Expense,General and Admin,G&A Wages,Employer Taxes,,846,,,,26,713000 General and Admin : G&A Wages : Employer Taxes,
Expenses,Operations Expense,General and Admin,G&A Wages,Employer Taxes,,846,,,,28,713000 General and Admin : G&A Wages : Employer Taxes,
Expenses,Operations Expense,General and Admin,G&A Wages,Employer Taxes,,846,,,,29,713000 General and Admin : G&A Wages : Employer Taxes,
Expenses,Operations Expense,General and Admin,G&A Wages,Employer Taxes,,846,,,,31,713000 General and Admin : G&A Wages : Employer Taxes,
Expenses,Operations Expense,General and Admin,G&A Wages,Employer Taxes,,846,,,,32,713000 General and Admin : G&A Wages : Employer Taxes,
Expenses,Operations Expense,General and Admin,G&A Wages,Employer Taxes,,846,,,,33,713000 General and Admin : G&A Wages : Employer Taxes,
Expenses,Operations Expense,General and Admin,G&A Wages,Employer Taxes,,846,,,,35,713000 General and Admin : G&A Wages : Employer Taxes,
Expenses,Operations Expense,General and Admin,G&A Wages,Employer Taxes,,846,,,,36,713000 General and Admin : G&A Wages : Employer Taxes,
Expenses,Operations Expense,General and Admin,G&A Wages,Employer Taxes,,846,,,,37,713000 General and Admin : G&A Wages : Employer Taxes,
Expenses,Operations Expense,General and Admin,G&A Wages,Employer Taxes,,846,,,,39,713000 General and Admin : G&A Wages : Employer Taxes,
Expenses,Operations Expense,General and Admin,G&A Wages,Employer Taxes,,846,,,,41,713000 General and Admin : G&A Wages : Employer Taxes,
Expenses,Operations Expense,General and Admin,G&A Wages,Employer Taxes,,846,,,,42,713000 General and Admin : G&A Wages : Employer Taxes,
Expenses,Operations Expense,General and Admin,G&A Wages,Employer Taxes,,846,,,,43,713000 General and Admin : G&A Wages : Employer Taxes,
Expenses,Operations Expense,General and Admin,G&A Wages,Employer Taxes,,846,,,,44,713000 General and Admin : G&A Wages : Employer Taxes,
Expenses,Operations Expense,General and Admin,G&A Wages,Employer Taxes,,846,,,,45,713000 General and Admin : G&A Wages : Employer Taxes,
Expenses,Operations Expense,General and Admin,G&A Wages,Employer Medical/Dental/Vision,,847,,,,1,713500 General and Admin : G&A Wages : Employer Medical/Dental/Vision,
Expenses,Operations Expense,General and Admin,G&A Wages,Employer Medical/Dental/Vision,,847,,,,2,713500 General and Admin : G&A Wages : Employer Medical/Dental/Vision,
Field Corporate Expenses,Pawville Intermediate Holdings,General and Admin,G&A Wages,Employer Medical/Dental/Vision,,847,,,,3,713500 General and Admin : G&A Wages : Employer Medical/Dental/Vision,
Corporate Expenses,General and Admin,G&A Wages,Employer Medical/Dental/Vision,,,847,,,,4,713500 General and Admin : G&A Wages : Employer Medical/Dental/Vision,
Expenses,Operations Expense,General and Admin,G&A Wages,Employer Medical/Dental/Vision,,847,,,,5,713500 General and Admin : G&A Wages : Employer Medical/Dental/Vision,
Field Corporate Expenses,PUPS Intermediate Holdings,General and Admin,G&A Wages,Employer Medical/Dental/Vision,,847,,,,6,713500 General and Admin : G&A Wages : Employer Medical/Dental/Vision,
Expenses,Operations Expense,General and Admin,G&A Wages,Employer Medical/Dental/Vision,,847,,,,11,713500 General and Admin : G&A Wages : Employer Medical/Dental/Vision,
Expenses,Operations Expense,General and Admin,G&A Wages,Employer Medical/Dental/Vision,,847,,,,16,713500 General and Admin : G&A Wages : Employer Medical/Dental/Vision,
Expenses,Operations Expense,General and Admin,G&A Wages,Employer Medical/Dental/Vision,,847,,,,19,713500 General and Admin : G&A Wages : Employer Medical/Dental/Vision,
Expenses,Operations Expense,General and Admin,G&A Wages,Employer Medical/Dental/Vision,,847,,,,20,713500 General and Admin : G&A Wages : Employer Medical/Dental/Vision,
Expenses,Operations Expense,General and Admin,G&A Wages,Employer Medical/Dental/Vision,,847,,,,21,713500 General and Admin : G&A Wages : Employer Medical/Dental/Vision,
Expenses,Operations Expense,General and Admin,G&A Wages,Employer Medical/Dental/Vision,,847,,,,22,713500 General and Admin : G&A Wages : Employer Medical/Dental/Vision,
Expenses,Operations Expense,General and Admin,G&A Wages,Employer Medical/Dental/Vision,,847,,,,23,713500 General and Admin : G&A Wages : Employer Medical/Dental/Vision,
Expenses,Operations Expense,General and Admin,G&A Wages,Employer Medical/Dental/Vision,,847,,,,24,713500 General and Admin : G&A Wages : Employer Medical/Dental/Vision,
Expenses,Operations Expense,General and Admin,G&A Wages,Employer Medical/Dental/Vision,,847,,,,25,713500 General and Admin : G&A Wages : Employer Medical/Dental/Vision,
Expenses,Operations Expense,General and Admin,G&A Wages,Employer Medical/Dental/Vision,,847,,,,26,713500 General and Admin : G&A Wages : Employer Medical/Dental/Vision,
Expenses,Operations Expense,General and Admin,G&A Wages,Employer Medical/Dental/Vision,,847,,,,28,713500 General and Admin : G&A Wages : Employer Medical/Dental/Vision,
Expenses,Operations Expense,General and Admin,G&A Wages,Employer Medical/Dental/Vision,,847,,,,29,713500 General and Admin : G&A Wages : Employer Medical/Dental/Vision,
Expenses,Operations Expense,General and Admin,G&A Wages,Employer Medical/Dental/Vision,,847,,,,31,713500 General and Admin : G&A Wages : Employer Medical/Dental/Vision,
Expenses,Operations Expense,General and Admin,G&A Wages,Employer Medical/Dental/Vision,,847,,,,32,713500 General and Admin : G&A Wages : Employer Medical/Dental/Vision,
Expenses,Operations Expense,General and Admin,G&A Wages,Employer Medical/Dental/Vision,,847,,,,33,713500 General and Admin : G&A Wages : Employer Medical/Dental/Vision,
Expenses,Operations Expense,General and Admin,G&A Wages,Employer Medical/Dental/Vision,,847,,,,35,713500 General and Admin : G&A Wages : Employer Medical/Dental/Vision,
Expenses,Operations Expense,General and Admin,G&A Wages,Employer Medical/Dental/Vision,,847,,,,36,713500 General and Admin : G&A Wages : Employer Medical/Dental/Vision,
Expenses,Operations Expense,General and Admin,G&A Wages,Employer Medical/Dental/Vision,,847,,,,37,713500 General and Admin : G&A Wages : Employer Medical/Dental/Vision,
Expenses,Operations Expense,General and Admin,G&A Wages,Employer Medical/Dental/Vision,,847,,,,39,713500 General and Admin : G&A Wages : Employer Medical/Dental/Vision,
Expenses,Operations Expense,General and Admin,G&A Wages,Employer Medical/Dental/Vision,,847,,,,41,713500 General and Admin : G&A Wages : Employer Medical/Dental/Vision,
Expenses,Operations Expense,General and Admin,G&A Wages,Employer Medical/Dental/Vision,,847,,,,42,713500 General and Admin : G&A Wages : Employer Medical/Dental/Vision,
Expenses,Operations Expense,General and Admin,G&A Wages,Employer Medical/Dental/Vision,,847,,,,43,713500 General and Admin : G&A Wages : Employer Medical/Dental/Vision,
Expenses,Operations Expense,General and Admin,G&A Wages,Employer Medical/Dental/Vision,,847,,,,44,713500 General and Admin : G&A Wages : Employer Medical/Dental/Vision,
Expenses,Operations Expense,General and Admin,G&A Wages,Employer Medical/Dental/Vision,,847,,,,45,713500 General and Admin : G&A Wages : Employer Medical/Dental/Vision,
Expenses,Operations Expense,General and Admin,G&A Wages,Employer STD,,848,,,,1,714000 General and Admin : G&A Wages : Employer STD,
Expenses,Operations Expense,General and Admin,G&A Wages,Employer STD,,848,,,,2,714000 General and Admin : G&A Wages : Employer STD,
Field Corporate Expenses,Pawville Intermediate Holdings,General and Admin,G&A Wages,Employer STD,,848,,,,3,714000 General and Admin : G&A Wages : Employer STD,
Corporate Expenses,General and Admin,G&A Wages,Employer STD,,,848,,,,4,714000 General and Admin : G&A Wages : Employer STD,
Expenses,Operations Expense,General and Admin,G&A Wages,Employer STD,,848,,,,5,714000 General and Admin : G&A Wages : Employer STD,
Field Corporate Expenses,PUPS Intermediate Holdings,General and Admin,G&A Wages,Employer STD,,848,,,,6,714000 General and Admin : G&A Wages : Employer STD,
Expenses,Operations Expense,General and Admin,G&A Wages,Employer STD,,848,,,,11,714000 General and Admin : G&A Wages : Employer STD,
Expenses,Operations Expense,General and Admin,G&A Wages,Employer STD,,848,,,,16,714000 General and Admin : G&A Wages : Employer STD,
Expenses,Operations Expense,General and Admin,G&A Wages,Employer STD,,848,,,,19,714000 General and Admin : G&A Wages : Employer STD,
Expenses,Operations Expense,General and Admin,G&A Wages,Employer STD,,848,,,,20,714000 General and Admin : G&A Wages : Employer STD,
Expenses,Operations Expense,General and Admin,G&A Wages,Employer STD,,848,,,,21,714000 General and Admin : G&A Wages : Employer STD,
Expenses,Operations Expense,General and Admin,G&A Wages,Employer STD,,848,,,,22,714000 General and Admin : G&A Wages : Employer STD,
Expenses,Operations Expense,General and Admin,G&A Wages,Employer STD,,848,,,,23,714000 General and Admin : G&A Wages : Employer STD,
Expenses,Operations Expense,General and Admin,G&A Wages,Employer STD,,848,,,,24,714000 General and Admin : G&A Wages : Employer STD,
Expenses,Operations Expense,General and Admin,G&A Wages,Employer STD,,848,,,,25,714000 General and Admin : G&A Wages : Employer STD,
Expenses,Operations Expense,General and Admin,G&A Wages,Employer STD,,848,,,,26,714000 General and Admin : G&A Wages : Employer STD,
Expenses,Operations Expense,General and Admin,G&A Wages,Employer STD,,848,,,,28,714000 General and Admin : G&A Wages : Employer STD,
Expenses,Operations Expense,General and Admin,G&A Wages,Employer STD,,848,,,,29,714000 General and Admin : G&A Wages : Employer STD,
Expenses,Operations Expense,General and Admin,G&A Wages,Employer STD,,848,,,,31,714000 General and Admin : G&A Wages : Employer STD,
Expenses,Operations Expense,General and Admin,G&A Wages,Employer STD,,848,,,,32,714000 General and Admin : G&A Wages : Employer STD,
Expenses,Operations Expense,General and Admin,G&A Wages,Employer STD,,848,,,,33,714000 General and Admin : G&A Wages : Employer STD,
Expenses,Operations Expense,General and Admin,G&A Wages,Employer STD,,848,,,,35,714000 General and Admin : G&A Wages : Employer STD,
Expenses,Operations Expense,General and Admin,G&A Wages,Employer STD,,848,,,,36,714000 General and Admin : G&A Wages : Employer STD,
Expenses,Operations Expense,General and Admin,G&A Wages,Employer STD,,848,,,,37,714000 General and Admin : G&A Wages : Employer STD,
Expenses,Operations Expense,General and Admin,G&A Wages,Employer STD,,848,,,,39,714000 General and Admin : G&A Wages : Employer STD,
Expenses,Operations Expense,General and Admin,G&A Wages,Employer STD,,848,,,,41,714000 General and Admin : G&A Wages : Employer STD,
Expenses,Operations Expense,General and Admin,G&A Wages,Employer STD,,848,,,,42,714000 General and Admin : G&A Wages : Employer STD,
Expenses,Operations Expense,General and Admin,G&A Wages,Employer STD,,848,,,,43,714000 General and Admin : G&A Wages : Employer STD,
Expenses,Operations Expense,General and Admin,G&A Wages,Employer STD,,848,,,,44,714000 General and Admin : G&A Wages : Employer STD,
Expenses,Operations Expense,General and Admin,G&A Wages,Employer STD,,848,,,,45,714000 General and Admin : G&A Wages : Employer STD,
Expenses,Operations Expense,General and Admin,G&A Wages,Employer LTD,,849,,,,1,714500 General and Admin : G&A Wages : Employer LTD,
Expenses,Operations Expense,General and Admin,G&A Wages,Employer LTD,,849,,,,2,714500 General and Admin : G&A Wages : Employer LTD,
Field Corporate Expenses,Pawville Intermediate Holdings,General and Admin,G&A Wages,Employer LTD,,849,,,,3,714500 General and Admin : G&A Wages : Employer LTD,
Corporate Expenses,General and Admin,G&A Wages,Employer LTD,,,849,,,,4,714500 General and Admin : G&A Wages : Employer LTD,
Expenses,Operations Expense,General and Admin,G&A Wages,Employer LTD,,849,,,,5,714500 General and Admin : G&A Wages : Employer LTD,
Field Corporate Expenses,PUPS Intermediate Holdings,General and Admin,G&A Wages,Employer LTD,,849,,,,6,714500 General and Admin : G&A Wages : Employer LTD,
Expenses,Operations Expense,General and Admin,G&A Wages,Employer LTD,,849,,,,11,714500 General and Admin : G&A Wages : Employer LTD,
Expenses,Operations Expense,General and Admin,G&A Wages,Employer LTD,,849,,,,16,714500 General and Admin : G&A Wages : Employer LTD,
Expenses,Operations Expense,General and Admin,G&A Wages,Employer LTD,,849,,,,19,714500 General and Admin : G&A Wages : Employer LTD,
Expenses,Operations Expense,General and Admin,G&A Wages,Employer LTD,,849,,,,20,714500 General and Admin : G&A Wages : Employer LTD,
Expenses,Operations Expense,General and Admin,G&A Wages,Employer LTD,,849,,,,21,714500 General and Admin : G&A Wages : Employer LTD,
Expenses,Operations Expense,General and Admin,G&A Wages,Employer LTD,,849,,,,22,714500 General and Admin : G&A Wages : Employer LTD,
Expenses,Operations Expense,General and Admin,G&A Wages,Employer LTD,,849,,,,23,714500 General and Admin : G&A Wages : Employer LTD,
Expenses,Operations Expense,General and Admin,G&A Wages,Employer LTD,,849,,,,24,714500 General and Admin : G&A Wages : Employer LTD,
Expenses,Operations Expense,General and Admin,G&A Wages,Employer LTD,,849,,,,25,714500 General and Admin : G&A Wages : Employer LTD,
Expenses,Operations Expense,General and Admin,G&A Wages,Employer LTD,,849,,,,26,714500 General and Admin : G&A Wages : Employer LTD,
Expenses,Operations Expense,General and Admin,G&A Wages,Employer LTD,,849,,,,28,714500 General and Admin : G&A Wages : Employer LTD,
Expenses,Operations Expense,General and Admin,G&A Wages,Employer LTD,,849,,,,29,714500 General and Admin : G&A Wages : Employer LTD,
Expenses,Operations Expense,General and Admin,G&A Wages,Employer LTD,,849,,,,31,714500 General and Admin : G&A Wages : Employer LTD,
Expenses,Operations Expense,General and Admin,G&A Wages,Employer LTD,,849,,,,32,714500 General and Admin : G&A Wages : Employer LTD,
Expenses,Operations Expense,General and Admin,G&A Wages,Employer LTD,,849,,,,33,714500 General and Admin : G&A Wages : Employer LTD,
Expenses,Operations Expense,General and Admin,G&A Wages,Employer LTD,,849,,,,35,714500 General and Admin : G&A Wages : Employer LTD,
Expenses,Operations Expense,General and Admin,G&A Wages,Employer LTD,,849,,,,36,714500 General and Admin : G&A Wages : Employer LTD,
Expenses,Operations Expense,General and Admin,G&A Wages,Employer LTD,,849,,,,37,714500 General and Admin : G&A Wages : Employer LTD,
Expenses,Operations Expense,General and Admin,G&A Wages,Employer LTD,,849,,,,39,714500 General and Admin : G&A Wages : Employer LTD,
Expenses,Operations Expense,General and Admin,G&A Wages,Employer LTD,,849,,,,41,714500 General and Admin : G&A Wages : Employer LTD,
Expenses,Operations Expense,General and Admin,G&A Wages,Employer LTD,,849,,,,42,714500 General and Admin : G&A Wages : Employer LTD,
Expenses,Operations Expense,General and Admin,G&A Wages,Employer LTD,,849,,,,43,714500 General and Admin : G&A Wages : Employer LTD,
Expenses,Operations Expense,General and Admin,G&A Wages,Employer LTD,,849,,,,44,714500 General and Admin : G&A Wages : Employer LTD,
Expenses,Operations Expense,General and Admin,G&A Wages,Employer LTD,,849,,,,45,714500 General and Admin : G&A Wages : Employer LTD,
Expenses,Operations Expense,General and Admin,G&A Wages,Employer Life,,850,,,,1,715000 General and Admin : G&A Wages : Employer Life,
Expenses,Operations Expense,General and Admin,G&A Wages,Employer Life,,850,,,,2,715000 General and Admin : G&A Wages : Employer Life,
Field Corporate Expenses,Pawville Intermediate Holdings,General and Admin,G&A Wages,Employer Life,,850,,,,3,715000 General and Admin : G&A Wages : Employer Life,
Corporate Expenses,General and Admin,G&A Wages,Employer Life,,,850,,,,4,715000 General and Admin : G&A Wages : Employer Life,
Expenses,Operations Expense,General and Admin,G&A Wages,Employer Life,,850,,,,5,715000 General and Admin : G&A Wages : Employer Life,
Field Corporate Expenses,PUPS Intermediate Holdings,General and Admin,G&A Wages,Employer Life,,850,,,,6,715000 General and Admin : G&A Wages : Employer Life,
Expenses,Operations Expense,General and Admin,G&A Wages,Employer Life,,850,,,,11,715000 General and Admin : G&A Wages : Employer Life,
Expenses,Operations Expense,General and Admin,G&A Wages,Employer Life,,850,,,,16,715000 General and Admin : G&A Wages : Employer Life,
Expenses,Operations Expense,General and Admin,G&A Wages,Employer Life,,850,,,,19,715000 General and Admin : G&A Wages : Employer Life,
Expenses,Operations Expense,General and Admin,G&A Wages,Employer Life,,850,,,,20,715000 General and Admin : G&A Wages : Employer Life,
Expenses,Operations Expense,General and Admin,G&A Wages,Employer Life,,850,,,,21,715000 General and Admin : G&A Wages : Employer Life,
Expenses,Operations Expense,General and Admin,G&A Wages,Employer Life,,850,,,,22,715000 General and Admin : G&A Wages : Employer Life,
Expenses,Operations Expense,General and Admin,G&A Wages,Employer Life,,850,,,,23,715000 General and Admin : G&A Wages : Employer Life,
Expenses,Operations Expense,General and Admin,G&A Wages,Employer Life,,850,,,,24,715000 General and Admin : G&A Wages : Employer Life,
Expenses,Operations Expense,General and Admin,G&A Wages,Employer Life,,850,,,,25,715000 General and Admin : G&A Wages : Employer Life,
Expenses,Operations Expense,General and Admin,G&A Wages,Employer Life,,850,,,,26,715000 General and Admin : G&A Wages : Employer Life,
Expenses,Operations Expense,General and Admin,G&A Wages,Employer Life,,850,,,,28,715000 General and Admin : G&A Wages : Employer Life,
Expenses,Operations Expense,General and Admin,G&A Wages,Employer Life,,850,,,,29,715000 General and Admin : G&A Wages : Employer Life,
Expenses,Operations Expense,General and Admin,G&A Wages,Employer Life,,850,,,,31,715000 General and Admin : G&A Wages : Employer Life,
Expenses,Operations Expense,General and Admin,G&A Wages,Employer Life,,850,,,,32,715000 General and Admin : G&A Wages : Employer Life,
Expenses,Operations Expense,General and Admin,G&A Wages,Employer Life,,850,,,,33,715000 General and Admin : G&A Wages : Employer Life,
Expenses,Operations Expense,General and Admin,G&A Wages,Employer Life,,850,,,,35,715000 General and Admin : G&A Wages : Employer Life,
Expenses,Operations Expense,General and Admin,G&A Wages,Employer Life,,850,,,,36,715000 General and Admin : G&A Wages : Employer Life,
Expenses,Operations Expense,General and Admin,G&A Wages,Employer Life,,850,,,,37,715000 General and Admin : G&A Wages : Employer Life,
Expenses,Operations Expense,General and Admin,G&A Wages,Employer Life,,850,,,,39,715000 General and Admin : G&A Wages : Employer Life,
Expenses,Operations Expense,General and Admin,G&A Wages,Employer Life,,850,,,,41,715000 General and Admin : G&A Wages : Employer Life,
Expenses,Operations Expense,General and Admin,G&A Wages,Employer Life,,850,,,,42,715000 General and Admin : G&A Wages : Employer Life,
Expenses,Operations Expense,General and Admin,G&A Wages,Employer Life,,850,,,,43,715000 General and Admin : G&A Wages : Employer Life,
Expenses,Operations Expense,General and Admin,G&A Wages,Employer Life,,850,,,,44,715000 General and Admin : G&A Wages : Employer Life,
Expenses,Operations Expense,General and Admin,G&A Wages,Employer Life,,850,,,,45,715000 General and Admin : G&A Wages : Employer Life,
Expenses,Operations Expense,General and Admin,G&A Wages,Employer 401k,,851,,,,1,715500 General and Admin : G&A Wages : Employer 401k,
Expenses,Operations Expense,General and Admin,G&A Wages,Employer 401k,,851,,,,2,715500 General and Admin : G&A Wages : Employer 401k,
Field Corporate Expenses,Pawville Intermediate Holdings,General and Admin,G&A Wages,Employer 401k,,851,,,,3,715500 General and Admin : G&A Wages : Employer 401k,
Corporate Expenses,General and Admin,G&A Wages,Employer 401k,,,851,,,,4,715500 General and Admin : G&A Wages : Employer 401k,
Expenses,Operations Expense,General and Admin,G&A Wages,Employer 401k,,851,,,,5,715500 General and Admin : G&A Wages : Employer 401k,
Field Corporate Expenses,PUPS Intermediate Holdings,General and Admin,G&A Wages,Employer 401k,,851,,,,6,715500 General and Admin : G&A Wages : Employer 401k,
Expenses,Operations Expense,General and Admin,G&A Wages,Employer 401k,,851,,,,11,715500 General and Admin : G&A Wages : Employer 401k,
Expenses,Operations Expense,General and Admin,G&A Wages,Employer 401k,,851,,,,16,715500 General and Admin : G&A Wages : Employer 401k,
Expenses,Operations Expense,General and Admin,G&A Wages,Employer 401k,,851,,,,19,715500 General and Admin : G&A Wages : Employer 401k,
Expenses,Operations Expense,General and Admin,G&A Wages,Employer 401k,,851,,,,20,715500 General and Admin : G&A Wages : Employer 401k,
Expenses,Operations Expense,General and Admin,G&A Wages,Employer 401k,,851,,,,21,715500 General and Admin : G&A Wages : Employer 401k,
Expenses,Operations Expense,General and Admin,G&A Wages,Employer 401k,,851,,,,22,715500 General and Admin : G&A Wages : Employer 401k,
Expenses,Operations Expense,General and Admin,G&A Wages,Employer 401k,,851,,,,23,715500 General and Admin : G&A Wages : Employer 401k,
Expenses,Operations Expense,General and Admin,G&A Wages,Employer 401k,,851,,,,24,715500 General and Admin : G&A Wages : Employer 401k,
Expenses,Operations Expense,General and Admin,G&A Wages,Employer 401k,,851,,,,25,715500 General and Admin : G&A Wages : Employer 401k,
Expenses,Operations Expense,General and Admin,G&A Wages,Employer 401k,,851,,,,26,715500 General and Admin : G&A Wages : Employer 401k,
Expenses,Operations Expense,General and Admin,G&A Wages,Employer 401k,,851,,,,28,715500 General and Admin : G&A Wages : Employer 401k,
Expenses,Operations Expense,General and Admin,G&A Wages,Employer 401k,,851,,,,29,715500 General and Admin : G&A Wages : Employer 401k,
Expenses,Operations Expense,General and Admin,G&A Wages,Employer 401k,,851,,,,31,715500 General and Admin : G&A Wages : Employer 401k,
Expenses,Operations Expense,General and Admin,G&A Wages,Employer 401k,,851,,,,32,715500 General and Admin : G&A Wages : Employer 401k,
Expenses,Operations Expense,General and Admin,G&A Wages,Employer 401k,,851,,,,33,715500 General and Admin : G&A Wages : Employer 401k,
Expenses,Operations Expense,General and Admin,G&A Wages,Employer 401k,,851,,,,35,715500 General and Admin : G&A Wages : Employer 401k,
Expenses,Operations Expense,General and Admin,G&A Wages,Employer 401k,,851,,,,36,715500 General and Admin : G&A Wages : Employer 401k,
Expenses,Operations Expense,General and Admin,G&A Wages,Employer 401k,,851,,,,37,715500 General and Admin : G&A Wages : Employer 401k,
Expenses,Operations Expense,General and Admin,G&A Wages,Employer 401k,,851,,,,39,715500 General and Admin : G&A Wages : Employer 401k,
Expenses,Operations Expense,General and Admin,G&A Wages,Employer 401k,,851,,,,41,715500 General and Admin : G&A Wages : Employer 401k,
Expenses,Operations Expense,General and Admin,G&A Wages,Employer 401k,,851,,,,42,715500 General and Admin : G&A Wages : Employer 401k,
Expenses,Operations Expense,General and Admin,G&A Wages,Employer 401k,,851,,,,43,715500 General and Admin : G&A Wages : Employer 401k,
Expenses,Operations Expense,General and Admin,G&A Wages,Employer 401k,,851,,,,44,715500 General and Admin : G&A Wages : Employer 401k,
Expenses,Operations Expense,General and Admin,G&A Wages,Employer 401k,,851,,,,45,715500 General and Admin : G&A Wages : Employer 401k,
Expenses,Operations Expense,General and Admin,Travel,,,852,,,,1,720000 General and Admin : Travel,
Expenses,Operations Expense,General and Admin,Travel,,,852,,,,2,720000 General and Admin : Travel,
Field Corporate Expenses,Pawville Intermediate Holdings,General and Admin,Travel,,,852,,,,3,720000 General and Admin : Travel,
Corporate Expenses,General and Admin,Travel,,,,852,,,,4,720000 General and Admin : Travel,
Expenses,Operations Expense,General and Admin,Travel,,,852,,,,5,720000 General and Admin : Travel,
Field Corporate Expenses,PUPS Intermediate Holdings,General and Admin,Travel,,,852,,,,6,720000 General and Admin : Travel,
Expenses,Operations Expense,General and Admin,Travel,,,852,,,,11,720000 General and Admin : Travel,
Expenses,Operations Expense,General and Admin,Travel,,,852,,,,16,720000 General and Admin : Travel,
Expenses,Operations Expense,General and Admin,Travel,,,852,,,,19,720000 General and Admin : Travel,
Expenses,Operations Expense,General and Admin,Travel,,,852,,,,20,720000 General and Admin : Travel,
Expenses,Operations Expense,General and Admin,Travel,,,852,,,,21,720000 General and Admin : Travel,
Expenses,Operations Expense,General and Admin,Travel,,,852,,,,22,720000 General and Admin : Travel,
Expenses,Operations Expense,General and Admin,Travel,,,852,,,,23,720000 General and Admin : Travel,
Expenses,Operations Expense,General and Admin,Travel,,,852,,,,24,720000 General and Admin : Travel,
Expenses,Operations Expense,General and Admin,Travel,,,852,,,,25,720000 General and Admin : Travel,
Expenses,Operations Expense,General and Admin,Travel,,,852,,,,26,720000 General and Admin : Travel,
Expenses,Operations Expense,General and Admin,Travel,,,852,,,,28,720000 General and Admin : Travel,
Expenses,Operations Expense,General and Admin,Travel,,,852,,,,29,720000 General and Admin : Travel,
Expenses,Operations Expense,General and Admin,Travel,,,852,,,,31,720000 General and Admin : Travel,
Expenses,Operations Expense,General and Admin,Travel,,,852,,,,32,720000 General and Admin : Travel,
Expenses,Operations Expense,General and Admin,Travel,,,852,,,,33,720000 General and Admin : Travel,
Expenses,Operations Expense,General and Admin,Travel,,,852,,,,35,720000 General and Admin : Travel,
Expenses,Operations Expense,General and Admin,Travel,,,852,,,,36,720000 General and Admin : Travel,
Expenses,Operations Expense,General and Admin,Travel,,,852,,,,37,720000 General and Admin : Travel,
Expenses,Operations Expense,General and Admin,Travel,,,852,,,,39,720000 General and Admin : Travel,
Expenses,Operations Expense,General and Admin,Travel,,,852,,,,41,720000 General and Admin : Travel,
Expenses,Operations Expense,General and Admin,Travel,,,852,,,,42,720000 General and Admin : Travel,
Expenses,Operations Expense,General and Admin,Travel,,,852,,,,43,720000 General and Admin : Travel,
Expenses,Operations Expense,General and Admin,Travel,,,852,,,,44,720000 General and Admin : Travel,
Expenses,Operations Expense,General and Admin,Travel,,,852,,,,45,720000 General and Admin : Travel,
Expenses,Operations Expense,General and Admin,Travel,Airfare,,853,,,,1,720500 General and Admin : Travel : Airfare,
Expenses,Operations Expense,General and Admin,Travel,Airfare,,853,,,,2,720500 General and Admin : Travel : Airfare,
Field Corporate Expenses,Pawville Intermediate Holdings,General and Admin,Travel,Airfare,,853,,,,3,720500 General and Admin : Travel : Airfare,
Corporate Expenses,General and Admin,Travel,Airfare,,,853,,,,4,720500 General and Admin : Travel : Airfare,
Expenses,Operations Expense,General and Admin,Travel,Airfare,,853,,,,5,720500 General and Admin : Travel : Airfare,
Field Corporate Expenses,PUPS Intermediate Holdings,General and Admin,Travel,Airfare,,853,,,,6,720500 General and Admin : Travel : Airfare,
Expenses,Operations Expense,General and Admin,Travel,Airfare,,853,,,,11,720500 General and Admin : Travel : Airfare,
Expenses,Operations Expense,General and Admin,Travel,Airfare,,853,,,,16,720500 General and Admin : Travel : Airfare,
Expenses,Operations Expense,General and Admin,Travel,Airfare,,853,,,,19,720500 General and Admin : Travel : Airfare,
Expenses,Operations Expense,General and Admin,Travel,Airfare,,853,,,,20,720500 General and Admin : Travel : Airfare,
Expenses,Operations Expense,General and Admin,Travel,Airfare,,853,,,,21,720500 General and Admin : Travel : Airfare,
Expenses,Operations Expense,General and Admin,Travel,Airfare,,853,,,,22,720500 General and Admin : Travel : Airfare,
Expenses,Operations Expense,General and Admin,Travel,Airfare,,853,,,,23,720500 General and Admin : Travel : Airfare,
Expenses,Operations Expense,General and Admin,Travel,Airfare,,853,,,,24,720500 General and Admin : Travel : Airfare,
Expenses,Operations Expense,General and Admin,Travel,Airfare,,853,,,,25,720500 General and Admin : Travel : Airfare,
Expenses,Operations Expense,General and Admin,Travel,Airfare,,853,,,,26,720500 General and Admin : Travel : Airfare,
Expenses,Operations Expense,General and Admin,Travel,Airfare,,853,,,,28,720500 General and Admin : Travel : Airfare,
Expenses,Operations Expense,General and Admin,Travel,Airfare,,853,,,,29,720500 General and Admin : Travel : Airfare,
Expenses,Operations Expense,General and Admin,Travel,Airfare,,853,,,,31,720500 General and Admin : Travel : Airfare,
Expenses,Operations Expense,General and Admin,Travel,Airfare,,853,,,,32,720500 General and Admin : Travel : Airfare,
Expenses,Operations Expense,General and Admin,Travel,Airfare,,853,,,,33,720500 General and Admin : Travel : Airfare,
Expenses,Operations Expense,General and Admin,Travel,Airfare,,853,,,,35,720500 General and Admin : Travel : Airfare,
Expenses,Operations Expense,General and Admin,Travel,Airfare,,853,,,,36,720500 General and Admin : Travel : Airfare,
Expenses,Operations Expense,General and Admin,Travel,Airfare,,853,,,,37,720500 General and Admin : Travel : Airfare,
Expenses,Operations Expense,General and Admin,Travel,Airfare,,853,,,,39,720500 General and Admin : Travel : Airfare,
Expenses,Operations Expense,General and Admin,Travel,Airfare,,853,,,,41,720500 General and Admin : Travel : Airfare,
Expenses,Operations Expense,General and Admin,Travel,Airfare,,853,,,,42,720500 General and Admin : Travel : Airfare,
Expenses,Operations Expense,General and Admin,Travel,Airfare,,853,,,,43,720500 General and Admin : Travel : Airfare,
Expenses,Operations Expense,General and Admin,Travel,Airfare,,853,,,,44,720500 General and Admin : Travel : Airfare,
Expenses,Operations Expense,General and Admin,Travel,Airfare,,853,,,,45,720500 General and Admin : Travel : Airfare,
Expenses,Operations Expense,General and Admin,Travel,Lodging,,854,,,,1,721000 General and Admin : Travel : Lodging,
Expenses,Operations Expense,General and Admin,Travel,Lodging,,854,,,,2,721000 General and Admin : Travel : Lodging,
Field Corporate Expenses,Pawville Intermediate Holdings,General and Admin,Travel,Lodging,,854,,,,3,721000 General and Admin : Travel : Lodging,
Corporate Expenses,General and Admin,Travel,Lodging,,,854,,,,4,721000 General and Admin : Travel : Lodging,
Expenses,Operations Expense,General and Admin,Travel,Lodging,,854,,,,5,721000 General and Admin : Travel : Lodging,
Field Corporate Expenses,PUPS Intermediate Holdings,General and Admin,Travel,Lodging,,854,,,,6,721000 General and Admin : Travel : Lodging,
Expenses,Operations Expense,General and Admin,Travel,Lodging,,854,,,,11,721000 General and Admin : Travel : Lodging,
Expenses,Operations Expense,General and Admin,Travel,Lodging,,854,,,,16,721000 General and Admin : Travel : Lodging,
Expenses,Operations Expense,General and Admin,Travel,Lodging,,854,,,,19,721000 General and Admin : Travel : Lodging,
Expenses,Operations Expense,General and Admin,Travel,Lodging,,854,,,,20,721000 General and Admin : Travel : Lodging,
Expenses,Operations Expense,General and Admin,Travel,Lodging,,854,,,,21,721000 General and Admin : Travel : Lodging,
Expenses,Operations Expense,General and Admin,Travel,Lodging,,854,,,,22,721000 General and Admin : Travel : Lodging,
Expenses,Operations Expense,General and Admin,Travel,Lodging,,854,,,,23,721000 General and Admin : Travel : Lodging,
Expenses,Operations Expense,General and Admin,Travel,Lodging,,854,,,,24,721000 General and Admin : Travel : Lodging,
Expenses,Operations Expense,General and Admin,Travel,Lodging,,854,,,,25,721000 General and Admin : Travel : Lodging,
Expenses,Operations Expense,General and Admin,Travel,Lodging,,854,,,,26,721000 General and Admin : Travel : Lodging,
Expenses,Operations Expense,General and Admin,Travel,Lodging,,854,,,,28,721000 General and Admin : Travel : Lodging,
Expenses,Operations Expense,General and Admin,Travel,Lodging,,854,,,,29,721000 General and Admin : Travel : Lodging,
Expenses,Operations Expense,General and Admin,Travel,Lodging,,854,,,,31,721000 General and Admin : Travel : Lodging,
Expenses,Operations Expense,General and Admin,Travel,Lodging,,854,,,,32,721000 General and Admin : Travel : Lodging,
Expenses,Operations Expense,General and Admin,Travel,Lodging,,854,,,,33,721000 General and Admin : Travel : Lodging,
Expenses,Operations Expense,General and Admin,Travel,Lodging,,854,,,,35,721000 General and Admin : Travel : Lodging,
Expenses,Operations Expense,General and Admin,Travel,Lodging,,854,,,,36,721000 General and Admin : Travel : Lodging,
Expenses,Operations Expense,General and Admin,Travel,Lodging,,854,,,,37,721000 General and Admin : Travel : Lodging,
Expenses,Operations Expense,General and Admin,Travel,Lodging,,854,,,,39,721000 General and Admin : Travel : Lodging,
Expenses,Operations Expense,General and Admin,Travel,Lodging,,854,,,,41,721000 General and Admin : Travel : Lodging,
Expenses,Operations Expense,General and Admin,Travel,Lodging,,854,,,,42,721000 General and Admin : Travel : Lodging,
Expenses,Operations Expense,General and Admin,Travel,Lodging,,854,,,,43,721000 General and Admin : Travel : Lodging,
Expenses,Operations Expense,General and Admin,Travel,Lodging,,854,,,,44,721000 General and Admin : Travel : Lodging,
Expenses,Operations Expense,General and Admin,Travel,Lodging,,854,,,,45,721000 General and Admin : Travel : Lodging,
Expenses,Operations Expense,General and Admin,Travel,Meals,,855,,,,1,721500 General and Admin : Travel : Meals,
Expenses,Operations Expense,General and Admin,Travel,Meals,,855,,,,2,721500 General and Admin : Travel : Meals,
Field Corporate Expenses,Pawville Intermediate Holdings,General and Admin,Travel,Meals,,855,,,,3,721500 General and Admin : Travel : Meals,
Corporate Expenses,General and Admin,Travel,Meals,,,855,,,,4,721500 General and Admin : Travel : Meals,
Expenses,Operations Expense,General and Admin,Travel,Meals,,855,,,,5,721500 General and Admin : Travel : Meals,
Field Corporate Expenses,PUPS Intermediate Holdings,General and Admin,Travel,Meals,,855,,,,6,721500 General and Admin : Travel : Meals,
Expenses,Operations Expense,General and Admin,Travel,Meals,,855,,,,11,721500 General and Admin : Travel : Meals,
Expenses,Operations Expense,General and Admin,Travel,Meals,,855,,,,16,721500 General and Admin : Travel : Meals,
Expenses,Operations Expense,General and Admin,Travel,Meals,,855,,,,19,721500 General and Admin : Travel : Meals,
Expenses,Operations Expense,General and Admin,Travel,Meals,,855,,,,20,721500 General and Admin : Travel : Meals,
Expenses,Operations Expense,General and Admin,Travel,Meals,,855,,,,21,721500 General and Admin : Travel : Meals,
Expenses,Operations Expense,General and Admin,Travel,Meals,,855,,,,22,721500 General and Admin : Travel : Meals,
Expenses,Operations Expense,General and Admin,Travel,Meals,,855,,,,23,721500 General and Admin : Travel : Meals,
Expenses,Operations Expense,General and Admin,Travel,Meals,,855,,,,24,721500 General and Admin : Travel : Meals,
Expenses,Operations Expense,General and Admin,Travel,Meals,,855,,,,25,721500 General and Admin : Travel : Meals,
Expenses,Operations Expense,General and Admin,Travel,Meals,,855,,,,26,721500 General and Admin : Travel : Meals,
Expenses,Operations Expense,General and Admin,Travel,Meals,,855,,,,28,721500 General and Admin : Travel : Meals,
Expenses,Operations Expense,General and Admin,Travel,Meals,,855,,,,29,721500 General and Admin : Travel : Meals,
Expenses,Operations Expense,General and Admin,Travel,Meals,,855,,,,31,721500 General and Admin : Travel : Meals,
Expenses,Operations Expense,General and Admin,Travel,Meals,,855,,,,32,721500 General and Admin : Travel : Meals,
Expenses,Operations Expense,General and Admin,Travel,Meals,,855,,,,33,721500 General and Admin : Travel : Meals,
Expenses,Operations Expense,General and Admin,Travel,Meals,,855,,,,35,721500 General and Admin : Travel : Meals,
Expenses,Operations Expense,General and Admin,Travel,Meals,,855,,,,36,721500 General and Admin : Travel : Meals,
Expenses,Operations Expense,General and Admin,Travel,Meals,,855,,,,37,721500 General and Admin : Travel : Meals,
Expenses,Operations Expense,General and Admin,Travel,Meals,,855,,,,39,721500 General and Admin : Travel : Meals,
Expenses,Operations Expense,General and Admin,Travel,Meals,,855,,,,41,721500 General and Admin : Travel : Meals,
Expenses,Operations Expense,General and Admin,Travel,Meals,,855,,,,42,721500 General and Admin : Travel : Meals,
Expenses,Operations Expense,General and Admin,Travel,Meals,,855,,,,43,721500 General and Admin : Travel : Meals,
Expenses,Operations Expense,General and Admin,Travel,Meals,,855,,,,44,721500 General and Admin : Travel : Meals,
Expenses,Operations Expense,General and Admin,Travel,Meals,,855,,,,45,721500 General and Admin : Travel : Meals,
Expenses,Operations Expense,General and Admin,Travel,Entertainment,,856,,,,1,722000 General and Admin : Travel : Entertainment,
Expenses,Operations Expense,General and Admin,Travel,Entertainment,,856,,,,2,722000 General and Admin : Travel : Entertainment,
Field Corporate Expenses,Pawville Intermediate Holdings,General and Admin,Travel,Entertainment,,856,,,,3,722000 General and Admin : Travel : Entertainment,
Corporate Expenses,General and Admin,Travel,Entertainment,,,856,,,,4,722000 General and Admin : Travel : Entertainment,
Expenses,Operations Expense,General and Admin,Travel,Entertainment,,856,,,,5,722000 General and Admin : Travel : Entertainment,
Field Corporate Expenses,PUPS Intermediate Holdings,General and Admin,Travel,Entertainment,,856,,,,6,722000 General and Admin : Travel : Entertainment,
Expenses,Operations Expense,General and Admin,Travel,Entertainment,,856,,,,11,722000 General and Admin : Travel : Entertainment,
Expenses,Operations Expense,General and Admin,Travel,Entertainment,,856,,,,16,722000 General and Admin : Travel : Entertainment,
Expenses,Operations Expense,General and Admin,Travel,Entertainment,,856,,,,19,722000 General and Admin : Travel : Entertainment,
Expenses,Operations Expense,General and Admin,Travel,Entertainment,,856,,,,20,722000 General and Admin : Travel : Entertainment,
Expenses,Operations Expense,General and Admin,Travel,Entertainment,,856,,,,21,722000 General and Admin : Travel : Entertainment,
Expenses,Operations Expense,General and Admin,Travel,Entertainment,,856,,,,22,722000 General and Admin : Travel : Entertainment,
Expenses,Operations Expense,General and Admin,Travel,Entertainment,,856,,,,23,722000 General and Admin : Travel : Entertainment,
Expenses,Operations Expense,General and Admin,Travel,Entertainment,,856,,,,24,722000 General and Admin : Travel : Entertainment,
Expenses,Operations Expense,General and Admin,Travel,Entertainment,,856,,,,25,722000 General and Admin : Travel : Entertainment,
Expenses,Operations Expense,General and Admin,Travel,Entertainment,,856,,,,26,722000 General and Admin : Travel : Entertainment,
Expenses,Operations Expense,General and Admin,Travel,Entertainment,,856,,,,28,722000 General and Admin : Travel : Entertainment,
Expenses,Operations Expense,General and Admin,Travel,Entertainment,,856,,,,29,722000 General and Admin : Travel : Entertainment,
Expenses,Operations Expense,General and Admin,Travel,Entertainment,,856,,,,31,722000 General and Admin : Travel : Entertainment,
Expenses,Operations Expense,General and Admin,Travel,Entertainment,,856,,,,32,722000 General and Admin : Travel : Entertainment,
Expenses,Operations Expense,General and Admin,Travel,Entertainment,,856,,,,33,722000 General and Admin : Travel : Entertainment,
Expenses,Operations Expense,General and Admin,Travel,Entertainment,,856,,,,35,722000 General and Admin : Travel : Entertainment,
Expenses,Operations Expense,General and Admin,Travel,Entertainment,,856,,,,36,722000 General and Admin : Travel : Entertainment,
Expenses,Operations Expense,General and Admin,Travel,Entertainment,,856,,,,37,722000 General and Admin : Travel : Entertainment,
Expenses,Operations Expense,General and Admin,Travel,Entertainment,,856,,,,39,722000 General and Admin : Travel : Entertainment,
Expenses,Operations Expense,General and Admin,Travel,Entertainment,,856,,,,41,722000 General and Admin : Travel : Entertainment,
Expenses,Operations Expense,General and Admin,Travel,Entertainment,,856,,,,42,722000 General and Admin : Travel : Entertainment,
Expenses,Operations Expense,General and Admin,Travel,Entertainment,,856,,,,43,722000 General and Admin : Travel : Entertainment,
Expenses,Operations Expense,General and Admin,Travel,Entertainment,,856,,,,44,722000 General and Admin : Travel : Entertainment,
Expenses,Operations Expense,General and Admin,Travel,Entertainment,,856,,,,45,722000 General and Admin : Travel : Entertainment,
Expenses,Operations Expense,General and Admin,Systems,,,857,,,,1,730000 General and Admin : Systems,
Expenses,Operations Expense,General and Admin,Systems,,,857,,,,2,730000 General and Admin : Systems,
Field Corporate Expenses,Pawville Intermediate Holdings,General and Admin,Systems,,,857,,,,3,730000 General and Admin : Systems,
Corporate Expenses,General and Admin,Systems,,,,857,,,,4,730000 General and Admin : Systems,
Expenses,Operations Expense,General and Admin,Systems,,,857,,,,5,730000 General and Admin : Systems,
Field Corporate Expenses,PUPS Intermediate Holdings,General and Admin,Systems,,,857,,,,6,730000 General and Admin : Systems,
Expenses,Operations Expense,General and Admin,Systems,,,857,,,,11,730000 General and Admin : Systems,
Expenses,Operations Expense,General and Admin,Systems,,,857,,,,16,730000 General and Admin : Systems,
Expenses,Operations Expense,General and Admin,Systems,,,857,,,,19,730000 General and Admin : Systems,
Expenses,Operations Expense,General and Admin,Systems,,,857,,,,20,730000 General and Admin : Systems,
Expenses,Operations Expense,General and Admin,Systems,,,857,,,,21,730000 General and Admin : Systems,
Expenses,Operations Expense,General and Admin,Systems,,,857,,,,22,730000 General and Admin : Systems,
Expenses,Operations Expense,General and Admin,Systems,,,857,,,,23,730000 General and Admin : Systems,
Expenses,Operations Expense,General and Admin,Systems,,,857,,,,24,730000 General and Admin : Systems,
Expenses,Operations Expense,General and Admin,Systems,,,857,,,,25,730000 General and Admin : Systems,
Expenses,Operations Expense,General and Admin,Systems,,,857,,,,26,730000 General and Admin : Systems,
Expenses,Operations Expense,General and Admin,Systems,,,857,,,,28,730000 General and Admin : Systems,
Expenses,Operations Expense,General and Admin,Systems,,,857,,,,29,730000 General and Admin : Systems,
Expenses,Operations Expense,General and Admin,Systems,,,857,,,,31,730000 General and Admin : Systems,
Expenses,Operations Expense,General and Admin,Systems,,,857,,,,32,730000 General and Admin : Systems,
Expenses,Operations Expense,General and Admin,Systems,,,857,,,,33,730000 General and Admin : Systems,
Expenses,Operations Expense,General and Admin,Systems,,,857,,,,35,730000 General and Admin : Systems,
Expenses,Operations Expense,General and Admin,Systems,,,857,,,,36,730000 General and Admin : Systems,
Expenses,Operations Expense,General and Admin,Systems,,,857,,,,37,730000 General and Admin : Systems,
Expenses,Operations Expense,General and Admin,Systems,,,857,,,,39,730000 General and Admin : Systems,
Expenses,Operations Expense,General and Admin,Systems,,,857,,,,41,730000 General and Admin : Systems,
Expenses,Operations Expense,General and Admin,Systems,,,857,,,,42,730000 General and Admin : Systems,
Expenses,Operations Expense,General and Admin,Systems,,,857,,,,43,730000 General and Admin : Systems,
Expenses,Operations Expense,General and Admin,Systems,,,857,,,,44,730000 General and Admin : Systems,
Expenses,Operations Expense,General and Admin,Systems,,,857,,,,45,730000 General and Admin : Systems,
Expenses,Operations Expense,General and Admin,Insurance,,,858,,,,1,740000 General and Admin : Insurance,
Expenses,Operations Expense,General and Admin,Insurance,,,858,,,,2,740000 General and Admin : Insurance,
Field Corporate Expenses,Pawville Intermediate Holdings,General and Admin,Insurance,,,858,,,,3,740000 General and Admin : Insurance,
Corporate Expenses,General and Admin,Insurance,,,,858,,,,4,740000 General and Admin : Insurance,
Expenses,Operations Expense,General and Admin,Insurance,,,858,,,,5,740000 General and Admin : Insurance,
Field Corporate Expenses,PUPS Intermediate Holdings,General and Admin,Insurance,,,858,,,,6,740000 General and Admin : Insurance,
Expenses,Operations Expense,General and Admin,Insurance,,,858,,,,11,740000 General and Admin : Insurance,
Expenses,Operations Expense,General and Admin,Insurance,,,858,,,,16,740000 General and Admin : Insurance,
Expenses,Operations Expense,General and Admin,Insurance,,,858,,,,19,740000 General and Admin : Insurance,
Expenses,Operations Expense,General and Admin,Insurance,,,858,,,,20,740000 General and Admin : Insurance,
Expenses,Operations Expense,General and Admin,Insurance,,,858,,,,21,740000 General and Admin : Insurance,
Expenses,Operations Expense,General and Admin,Insurance,,,858,,,,22,740000 General and Admin : Insurance,
Expenses,Operations Expense,General and Admin,Insurance,,,858,,,,23,740000 General and Admin : Insurance,
Expenses,Operations Expense,General and Admin,Insurance,,,858,,,,24,740000 General and Admin : Insurance,
Expenses,Operations Expense,General and Admin,Insurance,,,858,,,,25,740000 General and Admin : Insurance,
Expenses,Operations Expense,General and Admin,Insurance,,,858,,,,26,740000 General and Admin : Insurance,
Expenses,Operations Expense,General and Admin,Insurance,,,858,,,,28,740000 General and Admin : Insurance,
Expenses,Operations Expense,General and Admin,Insurance,,,858,,,,29,740000 General and Admin : Insurance,
Expenses,Operations Expense,General and Admin,Insurance,,,858,,,,31,740000 General and Admin : Insurance,
Expenses,Operations Expense,General and Admin,Insurance,,,858,,,,32,740000 General and Admin : Insurance,
Expenses,Operations Expense,General and Admin,Insurance,,,858,,,,33,740000 General and Admin : Insurance,
Expenses,Operations Expense,General and Admin,Insurance,,,858,,,,35,740000 General and Admin : Insurance,
Expenses,Operations Expense,General and Admin,Insurance,,,858,,,,36,740000 General and Admin : Insurance,
Expenses,Operations Expense,General and Admin,Insurance,,,858,,,,37,740000 General and Admin : Insurance,
Expenses,Operations Expense,General and Admin,Insurance,,,858,,,,39,740000 General and Admin : Insurance,
Expenses,Operations Expense,General and Admin,Insurance,,,858,,,,41,740000 General and Admin : Insurance,
Expenses,Operations Expense,General and Admin,Insurance,,,858,,,,42,740000 General and Admin : Insurance,
Expenses,Operations Expense,General and Admin,Insurance,,,858,,,,43,740000 General and Admin : Insurance,
Expenses,Operations Expense,General and Admin,Insurance,,,858,,,,44,740000 General and Admin : Insurance,
Expenses,Operations Expense,General and Admin,Insurance,,,858,,,,45,740000 General and Admin : Insurance,
Expenses,Operations Expense,General and Admin,Insurance,General Liability,,859,,,,1,740500 General and Admin : Insurance : General Liability,
Expenses,Operations Expense,General and Admin,Insurance,General Liability,,859,,,,2,740500 General and Admin : Insurance : General Liability,
Field Corporate Expenses,Pawville Intermediate Holdings,General and Admin,Insurance,General Liability,,859,,,,3,740500 General and Admin : Insurance : General Liability,
Corporate Expenses,General and Admin,Insurance,General Liability,,,859,,,,4,740500 General and Admin : Insurance : General Liability,
Expenses,Operations Expense,General and Admin,Insurance,General Liability,,859,,,,5,740500 General and Admin : Insurance : General Liability,
Field Corporate Expenses,PUPS Intermediate Holdings,General and Admin,Insurance,General Liability,,859,,,,6,740500 General and Admin : Insurance : General Liability,
Expenses,Operations Expense,General and Admin,Insurance,General Liability,,859,,,,11,740500 General and Admin : Insurance : General Liability,
Expenses,Operations Expense,General and Admin,Insurance,General Liability,,859,,,,16,740500 General and Admin : Insurance : General Liability,
Expenses,Operations Expense,General and Admin,Insurance,General Liability,,859,,,,19,740500 General and Admin : Insurance : General Liability,
Expenses,Operations Expense,General and Admin,Insurance,General Liability,,859,,,,20,740500 General and Admin : Insurance : General Liability,
Expenses,Operations Expense,General and Admin,Insurance,General Liability,,859,,,,21,740500 General and Admin : Insurance : General Liability,
Expenses,Operations Expense,General and Admin,Insurance,General Liability,,859,,,,22,740500 General and Admin : Insurance : General Liability,
Expenses,Operations Expense,General and Admin,Insurance,General Liability,,859,,,,23,740500 General and Admin : Insurance : General Liability,
Expenses,Operations Expense,General and Admin,Insurance,General Liability,,859,,,,24,740500 General and Admin : Insurance : General Liability,
Expenses,Operations Expense,General and Admin,Insurance,General Liability,,859,,,,25,740500 General and Admin : Insurance : General Liability,
Expenses,Operations Expense,General and Admin,Insurance,General Liability,,859,,,,26,740500 General and Admin : Insurance : General Liability,
Expenses,Operations Expense,General and Admin,Insurance,General Liability,,859,,,,28,740500 General and Admin : Insurance : General Liability,
Expenses,Operations Expense,General and Admin,Insurance,General Liability,,859,,,,29,740500 General and Admin : Insurance : General Liability,
Expenses,Operations Expense,General and Admin,Insurance,General Liability,,859,,,,31,740500 General and Admin : Insurance : General Liability,
Expenses,Operations Expense,General and Admin,Insurance,General Liability,,859,,,,32,740500 General and Admin : Insurance : General Liability,
Expenses,Operations Expense,General and Admin,Insurance,General Liability,,859,,,,33,740500 General and Admin : Insurance : General Liability,
Expenses,Operations Expense,General and Admin,Insurance,General Liability,,859,,,,35,740500 General and Admin : Insurance : General Liability,
Expenses,Operations Expense,General and Admin,Insurance,General Liability,,859,,,,36,740500 General and Admin : Insurance : General Liability,
Expenses,Operations Expense,General and Admin,Insurance,General Liability,,859,,,,37,740500 General and Admin : Insurance : General Liability,
Expenses,Operations Expense,General and Admin,Insurance,General Liability,,859,,,,39,740500 General and Admin : Insurance : General Liability,
Expenses,Operations Expense,General and Admin,Insurance,General Liability,,859,,,,41,740500 General and Admin : Insurance : General Liability,
Expenses,Operations Expense,General and Admin,Insurance,General Liability,,859,,,,42,740500 General and Admin : Insurance : General Liability,
Expenses,Operations Expense,General and Admin,Insurance,General Liability,,859,,,,43,740500 General and Admin : Insurance : General Liability,
Expenses,Operations Expense,General and Admin,Insurance,General Liability,,859,,,,44,740500 General and Admin : Insurance : General Liability,
Expenses,Operations Expense,General and Admin,Insurance,General Liability,,859,,,,45,740500 General and Admin : Insurance : General Liability,
Expenses,Operations Expense,General and Admin,Insurance,Cyber,,860,,,,1,741000 General and Admin : Insurance : Cyber,
Expenses,Operations Expense,General and Admin,Insurance,Cyber,,860,,,,2,741000 General and Admin : Insurance : Cyber,
Field Corporate Expenses,Pawville Intermediate Holdings,General and Admin,Insurance,Cyber,,860,,,,3,741000 General and Admin : Insurance : Cyber,
Corporate Expenses,General and Admin,Insurance,Cyber,,,860,,,,4,741000 General and Admin : Insurance : Cyber,
Expenses,Operations Expense,General and Admin,Insurance,Cyber,,860,,,,5,741000 General and Admin : Insurance : Cyber,
Field Corporate Expenses,PUPS Intermediate Holdings,General and Admin,Insurance,Cyber,,860,,,,6,741000 General and Admin : Insurance : Cyber,
Expenses,Operations Expense,General and Admin,Insurance,Cyber,,860,,,,11,741000 General and Admin : Insurance : Cyber,
Expenses,Operations Expense,General and Admin,Insurance,Cyber,,860,,,,16,741000 General and Admin : Insurance : Cyber,
Expenses,Operations Expense,General and Admin,Insurance,Cyber,,860,,,,19,741000 General and Admin : Insurance : Cyber,
Expenses,Operations Expense,General and Admin,Insurance,Cyber,,860,,,,20,741000 General and Admin : Insurance : Cyber,
Expenses,Operations Expense,General and Admin,Insurance,Cyber,,860,,,,21,741000 General and Admin : Insurance : Cyber,
Expenses,Operations Expense,General and Admin,Insurance,Cyber,,860,,,,22,741000 General and Admin : Insurance : Cyber,
Expenses,Operations Expense,General and Admin,Insurance,Cyber,,860,,,,23,741000 General and Admin : Insurance : Cyber,
Expenses,Operations Expense,General and Admin,Insurance,Cyber,,860,,,,24,741000 General and Admin : Insurance : Cyber,
Expenses,Operations Expense,General and Admin,Insurance,Cyber,,860,,,,25,741000 General and Admin : Insurance : Cyber,
Expenses,Operations Expense,General and Admin,Insurance,Cyber,,860,,,,26,741000 General and Admin : Insurance : Cyber,
Expenses,Operations Expense,General and Admin,Insurance,Cyber,,860,,,,28,741000 General and Admin : Insurance : Cyber,
Expenses,Operations Expense,General and Admin,Insurance,Cyber,,860,,,,29,741000 General and Admin : Insurance : Cyber,
Expenses,Operations Expense,General and Admin,Insurance,Cyber,,860,,,,31,741000 General and Admin : Insurance : Cyber,
Expenses,Operations Expense,General and Admin,Insurance,Cyber,,860,,,,32,741000 General and Admin : Insurance : Cyber,
Expenses,Operations Expense,General and Admin,Insurance,Cyber,,860,,,,33,741000 General and Admin : Insurance : Cyber,
Expenses,Operations Expense,General and Admin,Insurance,Cyber,,860,,,,35,741000 General and Admin : Insurance : Cyber,
Expenses,Operations Expense,General and Admin,Insurance,Cyber,,860,,,,36,741000 General and Admin : Insurance : Cyber,
Expenses,Operations Expense,General and Admin,Insurance,Cyber,,860,,,,37,741000 General and Admin : Insurance : Cyber,
Expenses,Operations Expense,General and Admin,Insurance,Cyber,,860,,,,39,741000 General and Admin : Insurance : Cyber,
Expenses,Operations Expense,General and Admin,Insurance,Cyber,,860,,,,41,741000 General and Admin : Insurance : Cyber,
Expenses,Operations Expense,General and Admin,Insurance,Cyber,,860,,,,42,741000 General and Admin : Insurance : Cyber,
Expenses,Operations Expense,General and Admin,Insurance,Cyber,,860,,,,43,741000 General and Admin : Insurance : Cyber,
Expenses,Operations Expense,General and Admin,Insurance,Cyber,,860,,,,44,741000 General and Admin : Insurance : Cyber,
Expenses,Operations Expense,General and Admin,Insurance,Cyber,,860,,,,45,741000 General and Admin : Insurance : Cyber,
Expenses,Operations Expense,General and Admin,Insurance,Umbrella,,861,,,,1,741500 General and Admin : Insurance : Umbrella,
Expenses,Operations Expense,General and Admin,Insurance,Umbrella,,861,,,,2,741500 General and Admin : Insurance : Umbrella,
Field Corporate Expenses,Pawville Intermediate Holdings,General and Admin,Insurance,Umbrella,,861,,,,3,741500 General and Admin : Insurance : Umbrella,
Corporate Expenses,General and Admin,Insurance,Umbrella,,,861,,,,4,741500 General and Admin : Insurance : Umbrella,
Expenses,Operations Expense,General and Admin,Insurance,Umbrella,,861,,,,5,741500 General and Admin : Insurance : Umbrella,
Field Corporate Expenses,PUPS Intermediate Holdings,General and Admin,Insurance,Umbrella,,861,,,,6,741500 General and Admin : Insurance : Umbrella,
Expenses,Operations Expense,General and Admin,Insurance,Umbrella,,861,,,,11,741500 General and Admin : Insurance : Umbrella,
Expenses,Operations Expense,General and Admin,Insurance,Umbrella,,861,,,,16,741500 General and Admin : Insurance : Umbrella,
Expenses,Operations Expense,General and Admin,Insurance,Umbrella,,861,,,,19,741500 General and Admin : Insurance : Umbrella,
Expenses,Operations Expense,General and Admin,Insurance,Umbrella,,861,,,,20,741500 General and Admin : Insurance : Umbrella,
Expenses,Operations Expense,General and Admin,Insurance,Umbrella,,861,,,,21,741500 General and Admin : Insurance : Umbrella,
Expenses,Operations Expense,General and Admin,Insurance,Umbrella,,861,,,,22,741500 General and Admin : Insurance : Umbrella,
Expenses,Operations Expense,General and Admin,Insurance,Umbrella,,861,,,,23,741500 General and Admin : Insurance : Umbrella,
Expenses,Operations Expense,General and Admin,Insurance,Umbrella,,861,,,,24,741500 General and Admin : Insurance : Umbrella,
Expenses,Operations Expense,General and Admin,Insurance,Umbrella,,861,,,,25,741500 General and Admin : Insurance : Umbrella,
Expenses,Operations Expense,General and Admin,Insurance,Umbrella,,861,,,,26,741500 General and Admin : Insurance : Umbrella,
Expenses,Operations Expense,General and Admin,Insurance,Umbrella,,861,,,,28,741500 General and Admin : Insurance : Umbrella,
Expenses,Operations Expense,General and Admin,Insurance,Umbrella,,861,,,,29,741500 General and Admin : Insurance : Umbrella,
Expenses,Operations Expense,General and Admin,Insurance,Umbrella,,861,,,,31,741500 General and Admin : Insurance : Umbrella,
Expenses,Operations Expense,General and Admin,Insurance,Umbrella,,861,,,,32,741500 General and Admin : Insurance : Umbrella,
Expenses,Operations Expense,General and Admin,Insurance,Umbrella,,861,,,,33,741500 General and Admin : Insurance : Umbrella,
Expenses,Operations Expense,General and Admin,Insurance,Umbrella,,861,,,,35,741500 General and Admin : Insurance : Umbrella,
Expenses,Operations Expense,General and Admin,Insurance,Umbrella,,861,,,,36,741500 General and Admin : Insurance : Umbrella,
Expenses,Operations Expense,General and Admin,Insurance,Umbrella,,861,,,,37,741500 General and Admin : Insurance : Umbrella,
Expenses,Operations Expense,General and Admin,Insurance,Umbrella,,861,,,,39,741500 General and Admin : Insurance : Umbrella,
Expenses,Operations Expense,General and Admin,Insurance,Umbrella,,861,,,,41,741500 General and Admin : Insurance : Umbrella,
Expenses,Operations Expense,General and Admin,Insurance,Umbrella,,861,,,,42,741500 General and Admin : Insurance : Umbrella,
Expenses,Operations Expense,General and Admin,Insurance,Umbrella,,861,,,,43,741500 General and Admin : Insurance : Umbrella,
Expenses,Operations Expense,General and Admin,Insurance,Umbrella,,861,,,,44,741500 General and Admin : Insurance : Umbrella,
Expenses,Operations Expense,General and Admin,Insurance,Umbrella,,861,,,,45,741500 General and Admin : Insurance : Umbrella,
Expenses,Operations Expense,General and Admin,Insurance,Other Insurance,,862,,,,1,742000 General and Admin : Insurance : Other Insurance,
Expenses,Operations Expense,General and Admin,Insurance,Other Insurance,,862,,,,2,742000 General and Admin : Insurance : Other Insurance,
Field Corporate Expenses,Pawville Intermediate Holdings,General and Admin,Insurance,Other Insurance,,862,,,,3,742000 General and Admin : Insurance : Other Insurance,
Corporate Expenses,General and Admin,Insurance,Other Insurance,,,862,,,,4,742000 General and Admin : Insurance : Other Insurance,
Expenses,Operations Expense,General and Admin,Insurance,Other Insurance,,862,,,,5,742000 General and Admin : Insurance : Other Insurance,
Field Corporate Expenses,PUPS Intermediate Holdings,General and Admin,Insurance,Other Insurance,,862,,,,6,742000 General and Admin : Insurance : Other Insurance,
Expenses,Operations Expense,General and Admin,Insurance,Other Insurance,,862,,,,11,742000 General and Admin : Insurance : Other Insurance,
Expenses,Operations Expense,General and Admin,Insurance,Other Insurance,,862,,,,16,742000 General and Admin : Insurance : Other Insurance,
Expenses,Operations Expense,General and Admin,Insurance,Other Insurance,,862,,,,19,742000 General and Admin : Insurance : Other Insurance,
Expenses,Operations Expense,General and Admin,Insurance,Other Insurance,,862,,,,20,742000 General and Admin : Insurance : Other Insurance,
Expenses,Operations Expense,General and Admin,Insurance,Other Insurance,,862,,,,21,742000 General and Admin : Insurance : Other Insurance,
Expenses,Operations Expense,General and Admin,Insurance,Other Insurance,,862,,,,22,742000 General and Admin : Insurance : Other Insurance,
Expenses,Operations Expense,General and Admin,Insurance,Other Insurance,,862,,,,23,742000 General and Admin : Insurance : Other Insurance,
Expenses,Operations Expense,General and Admin,Insurance,Other Insurance,,862,,,,24,742000 General and Admin : Insurance : Other Insurance,
Expenses,Operations Expense,General and Admin,Insurance,Other Insurance,,862,,,,25,742000 General and Admin : Insurance : Other Insurance,
Expenses,Operations Expense,General and Admin,Insurance,Other Insurance,,862,,,,26,742000 General and Admin : Insurance : Other Insurance,
Expenses,Operations Expense,General and Admin,Insurance,Other Insurance,,862,,,,28,742000 General and Admin : Insurance : Other Insurance,
Expenses,Operations Expense,General and Admin,Insurance,Other Insurance,,862,,,,29,742000 General and Admin : Insurance : Other Insurance,
Expenses,Operations Expense,General and Admin,Insurance,Other Insurance,,862,,,,31,742000 General and Admin : Insurance : Other Insurance,
Expenses,Operations Expense,General and Admin,Insurance,Other Insurance,,862,,,,32,742000 General and Admin : Insurance : Other Insurance,
Expenses,Operations Expense,General and Admin,Insurance,Other Insurance,,862,,,,33,742000 General and Admin : Insurance : Other Insurance,
Expenses,Operations Expense,General and Admin,Insurance,Other Insurance,,862,,,,35,742000 General and Admin : Insurance : Other Insurance,
Expenses,Operations Expense,General and Admin,Insurance,Other Insurance,,862,,,,36,742000 General and Admin : Insurance : Other Insurance,
Expenses,Operations Expense,General and Admin,Insurance,Other Insurance,,862,,,,37,742000 General and Admin : Insurance : Other Insurance,
Expenses,Operations Expense,General and Admin,Insurance,Other Insurance,,862,,,,39,742000 General and Admin : Insurance : Other Insurance,
Expenses,Operations Expense,General and Admin,Insurance,Other Insurance,,862,,,,41,742000 General and Admin : Insurance : Other Insurance,
Expenses,Operations Expense,General and Admin,Insurance,Other Insurance,,862,,,,42,742000 General and Admin : Insurance : Other Insurance,
Expenses,Operations Expense,General and Admin,Insurance,Other Insurance,,862,,,,43,742000 General and Admin : Insurance : Other Insurance,
Expenses,Operations Expense,General and Admin,Insurance,Other Insurance,,862,,,,44,742000 General and Admin : Insurance : Other Insurance,
Expenses,Operations Expense,General and Admin,Insurance,Other Insurance,,862,,,,45,742000 General and Admin : Insurance : Other Insurance,
Other Income,,,,,,863,,,,1,800000 Other Income,
Other Income,,,,,,863,,,,2,800000 Other Income,
Other Income,,,,,,863,,,,3,800000 Other Income,
Other Income,,,,,,863,,,,4,800000 Other Income,
Other Income,,,,,,863,,,,5,800000 Other Income,
Other Income,,,,,,863,,,,6,800000 Other Income,
Other Income,,,,,,863,,,,11,800000 Other Income,
Other Income,,,,,,863,,,,16,800000 Other Income,
Other Income,,,,,,863,,,,19,800000 Other Income,
Other Income,,,,,,863,,,,20,800000 Other Income,
Other Income,,,,,,863,,,,21,800000 Other Income,
Other Income,,,,,,863,,,,22,800000 Other Income,
Other Income,,,,,,863,,,,23,800000 Other Income,
Other Income,,,,,,863,,,,24,800000 Other Income,
Other Income,,,,,,863,,,,25,800000 Other Income,
Other Income,,,,,,863,,,,26,800000 Other Income,
Other Income,,,,,,863,,,,28,800000 Other Income,
Other Income,,,,,,863,,,,29,800000 Other Income,
Other Income,,,,,,863,,,,31,800000 Other Income,
Other Income,,,,,,863,,,,32,800000 Other Income,
Other Income,,,,,,863,,,,33,800000 Other Income,
Other Income,,,,,,863,,,,35,800000 Other Income,
Other Income,,,,,,863,,,,36,800000 Other Income,
Other Income,,,,,,863,,,,37,800000 Other Income,
Other Income,,,,,,863,,,,39,800000 Other Income,
Other Income,,,,,,863,,,,41,800000 Other Income,
Other Income,,,,,,863,,,,42,800000 Other Income,
Other Income,,,,,,863,,,,43,800000 Other Income,
Other Income,,,,,,863,,,,44,800000 Other Income,
Other Income,,,,,,863,,,,45,800000 Other Income,
Other Income,Interest Income,,,,,864,,,,1,801000 Other Income : Interest Income,
Other Income,Interest Income,,,,,864,,,,2,801000 Other Income : Interest Income,
Other Income,Interest Income,,,,,864,,,,3,801000 Other Income : Interest Income,
Other Income,Interest Income,,,,,864,,,,4,801000 Other Income : Interest Income,
Other Income,Interest Income,,,,,864,,,,5,801000 Other Income : Interest Income,
Other Income,Interest Income,,,,,864,,,,6,801000 Other Income : Interest Income,
Other Income,Interest Income,,,,,864,,,,11,801000 Other Income : Interest Income,
Other Income,Interest Income,,,,,864,,,,16,801000 Other Income : Interest Income,
Other Income,Interest Income,,,,,864,,,,19,801000 Other Income : Interest Income,
Other Income,Interest Income,,,,,864,,,,20,801000 Other Income : Interest Income,
Other Income,Interest Income,,,,,864,,,,21,801000 Other Income : Interest Income,
Other Income,Interest Income,,,,,864,,,,22,801000 Other Income : Interest Income,
Other Income,Interest Income,,,,,864,,,,23,801000 Other Income : Interest Income,
Other Income,Interest Income,,,,,864,,,,24,801000 Other Income : Interest Income,
Other Income,Interest Income,,,,,864,,,,25,801000 Other Income : Interest Income,
Other Income,Interest Income,,,,,864,,,,26,801000 Other Income : Interest Income,
Other Income,Interest Income,,,,,864,,,,28,801000 Other Income : Interest Income,
Other Income,Interest Income,,,,,864,,,,29,801000 Other Income : Interest Income,
Other Income,Interest Income,,,,,864,,,,31,801000 Other Income : Interest Income,
Other Income,Interest Income,,,,,864,,,,32,801000 Other Income : Interest Income,
Other Income,Interest Income,,,,,864,,,,33,801000 Other Income : Interest Income,
Other Income,Interest Income,,,,,864,,,,35,801000 Other Income : Interest Income,
Other Income,Interest Income,,,,,864,,,,36,801000 Other Income : Interest Income,
Other Income,Interest Income,,,,,864,,,,37,801000 Other Income : Interest Income,
Other Income,Interest Income,,,,,864,,,,39,801000 Other Income : Interest Income,
Other Income,Interest Income,,,,,864,,,,41,801000 Other Income : Interest Income,
Other Income,Interest Income,,,,,864,,,,42,801000 Other Income : Interest Income,
Other Income,Interest Income,,,,,864,,,,43,801000 Other Income : Interest Income,
Other Income,Interest Income,,,,,864,,,,44,801000 Other Income : Interest Income,
Other Income,Interest Income,,,,,864,,,,45,801000 Other Income : Interest Income,
Other Expenses,Other Expense,Interest Expense,,,,865,,,,1,851000 Other Expense : Interest Expense,
Other Expenses,Other Expense,Interest Expense,,,,865,,,,2,851000 Other Expense : Interest Expense,
Other Expenses,Other Expense,Interest Expense,,,,865,,,,3,851000 Other Expense : Interest Expense,
Other Expenses,Other Expense,Interest Expense,,,,865,,,,4,851000 Other Expense : Interest Expense,
Other Expenses,Other Expense,Interest Expense,,,,865,,,,5,851000 Other Expense : Interest Expense,
Other Expenses,Other Expense,Interest Expense,,,,865,,,,6,851000 Other Expense : Interest Expense,
Other Expenses,Other Expense,Interest Expense,,,,865,,,,11,851000 Other Expense : Interest Expense,
Other Expenses,Other Expense,Interest Expense,,,,865,,,,16,851000 Other Expense : Interest Expense,
Other Expenses,Other Expense,Interest Expense,,,,865,,,,19,851000 Other Expense : Interest Expense,
Other Expenses,Other Expense,Interest Expense,,,,865,,,,20,851000 Other Expense : Interest Expense,
Other Expenses,Other Expense,Interest Expense,,,,865,,,,21,851000 Other Expense : Interest Expense,
Other Expenses,Other Expense,Interest Expense,,,,865,,,,22,851000 Other Expense : Interest Expense,
Other Expenses,Other Expense,Interest Expense,,,,865,,,,23,851000 Other Expense : Interest Expense,
Other Expenses,Other Expense,Interest Expense,,,,865,,,,24,851000 Other Expense : Interest Expense,
Other Expenses,Other Expense,Interest Expense,,,,865,,,,25,851000 Other Expense : Interest Expense,
Other Expenses,Other Expense,Interest Expense,,,,865,,,,26,851000 Other Expense : Interest Expense,
Other Expenses,Other Expense,Interest Expense,,,,865,,,,28,851000 Other Expense : Interest Expense,
Other Expenses,Other Expense,Interest Expense,,,,865,,,,29,851000 Other Expense : Interest Expense,
Other Expenses,Other Expense,Interest Expense,,,,865,,,,31,851000 Other Expense : Interest Expense,
Other Expenses,Other Expense,Interest Expense,,,,865,,,,32,851000 Other Expense : Interest Expense,
Other Expenses,Other Expense,Interest Expense,,,,865,,,,33,851000 Other Expense : Interest Expense,
Other Expenses,Other Expense,Interest Expense,,,,865,,,,35,851000 Other Expense : Interest Expense,
Other Expenses,Other Expense,Interest Expense,,,,865,,,,36,851000 Other Expense : Interest Expense,
Other Expenses,Other Expense,Interest Expense,,,,865,,,,37,851000 Other Expense : Interest Expense,
Other Expenses,Other Expense,Interest Expense,,,,865,,,,39,851000 Other Expense : Interest Expense,
Other Expenses,Other Expense,Interest Expense,,,,865,,,,41,851000 Other Expense : Interest Expense,
Other Expenses,Other Expense,Interest Expense,,,,865,,,,42,851000 Other Expense : Interest Expense,
Other Expenses,Other Expense,Interest Expense,,,,865,,,,43,851000 Other Expense : Interest Expense,
Other Expenses,Other Expense,Interest Expense,,,,865,,,,44,851000 Other Expense : Interest Expense,
Other Expenses,Other Expense,Interest Expense,,,,865,,,,45,851000 Other Expense : Interest Expense,
Other Expenses,Other Expense,Depreciation,,,,866,,,,1,852000 Other Expense : Depreciation,
Other Expenses,Other Expense,Depreciation,,,,866,,,,2,852000 Other Expense : Depreciation,
Other Expenses,Other Expense,Depreciation,,,,866,,,,3,852000 Other Expense : Depreciation,
Other Expenses,Other Expense,Depreciation,,,,866,,,,4,852000 Other Expense : Depreciation,
Other Expenses,Other Expense,Depreciation,,,,866,,,,5,852000 Other Expense : Depreciation,
Other Expenses,Other Expense,Depreciation,,,,866,,,,6,852000 Other Expense : Depreciation,
Other Expenses,Other Expense,Depreciation,,,,866,,,,11,852000 Other Expense : Depreciation,
Other Expenses,Other Expense,Depreciation,,,,866,,,,16,852000 Other Expense : Depreciation,
Other Expenses,Other Expense,Depreciation,,,,866,,,,19,852000 Other Expense : Depreciation,
Other Expenses,Other Expense,Depreciation,,,,866,,,,20,852000 Other Expense : Depreciation,
Other Expenses,Other Expense,Depreciation,,,,866,,,,21,852000 Other Expense : Depreciation,
Other Expenses,Other Expense,Depreciation,,,,866,,,,22,852000 Other Expense : Depreciation,
Other Expenses,Other Expense,Depreciation,,,,866,,,,23,852000 Other Expense : Depreciation,
Other Expenses,Other Expense,Depreciation,,,,866,,,,24,852000 Other Expense : Depreciation,
Other Expenses,Other Expense,Depreciation,,,,866,,,,25,852000 Other Expense : Depreciation,
Other Expenses,Other Expense,Depreciation,,,,866,,,,26,852000 Other Expense : Depreciation,
Other Expenses,Other Expense,Depreciation,,,,866,,,,28,852000 Other Expense : Depreciation,
Other Expenses,Other Expense,Depreciation,,,,866,,,,29,852000 Other Expense : Depreciation,
Other Expenses,Other Expense,Depreciation,,,,866,,,,31,852000 Other Expense : Depreciation,
Other Expenses,Other Expense,Depreciation,,,,866,,,,32,852000 Other Expense : Depreciation,
Other Expenses,Other Expense,Depreciation,,,,866,,,,33,852000 Other Expense : Depreciation,
Other Expenses,Other Expense,Depreciation,,,,866,,,,35,852000 Other Expense : Depreciation,
Other Expenses,Other Expense,Depreciation,,,,866,,,,36,852000 Other Expense : Depreciation,
Other Expenses,Other Expense,Depreciation,,,,866,,,,37,852000 Other Expense : Depreciation,
Other Expenses,Other Expense,Depreciation,,,,866,,,,39,852000 Other Expense : Depreciation,
Other Expenses,Other Expense,Depreciation,,,,866,,,,41,852000 Other Expense : Depreciation,
Other Expenses,Other Expense,Depreciation,,,,866,,,,42,852000 Other Expense : Depreciation,
Other Expenses,Other Expense,Depreciation,,,,866,,,,43,852000 Other Expense : Depreciation,
Other Expenses,Other Expense,Depreciation,,,,866,,,,44,852000 Other Expense : Depreciation,
Other Expenses,Other Expense,Depreciation,,,,866,,,,45,852000 Other Expense : Depreciation,
Other Expenses,Other Expense,Amortization,,,,867,,,,1,854000 Other Expense : Amortization,
Other Expenses,Other Expense,Amortization,,,,867,,,,2,854000 Other Expense : Amortization,
Other Expenses,Other Expense,Amortization,,,,867,,,,3,854000 Other Expense : Amortization,
Other Expenses,Other Expense,Amortization,,,,867,,,,4,854000 Other Expense : Amortization,
Other Expenses,Other Expense,Amortization,,,,867,,,,5,854000 Other Expense : Amortization,
Other Expenses,Other Expense,Amortization,,,,867,,,,6,854000 Other Expense : Amortization,
Other Expenses,Other Expense,Amortization,,,,867,,,,11,854000 Other Expense : Amortization,
Other Expenses,Other Expense,Amortization,,,,867,,,,16,854000 Other Expense : Amortization,
Other Expenses,Other Expense,Amortization,,,,867,,,,19,854000 Other Expense : Amortization,
Other Expenses,Other Expense,Amortization,,,,867,,,,20,854000 Other Expense : Amortization,
Other Expenses,Other Expense,Amortization,,,,867,,,,21,854000 Other Expense : Amortization,
Other Expenses,Other Expense,Amortization,,,,867,,,,22,854000 Other Expense : Amortization,
Other Expenses,Other Expense,Amortization,,,,867,,,,23,854000 Other Expense : Amortization,
Other Expenses,Other Expense,Amortization,,,,867,,,,24,854000 Other Expense : Amortization,
Other Expenses,Other Expense,Amortization,,,,867,,,,25,854000 Other Expense : Amortization,
Other Expenses,Other Expense,Amortization,,,,867,,,,26,854000 Other Expense : Amortization,
Other Expenses,Other Expense,Amortization,,,,867,,,,28,854000 Other Expense : Amortization,
Other Expenses,Other Expense,Amortization,,,,867,,,,29,854000 Other Expense : Amortization,
Other Expenses,Other Expense,Amortization,,,,867,,,,31,854000 Other Expense : Amortization,
Other Expenses,Other Expense,Amortization,,,,867,,,,32,854000 Other Expense : Amortization,
Other Expenses,Other Expense,Amortization,,,,867,,,,33,854000 Other Expense : Amortization,
Other Expenses,Other Expense,Amortization,,,,867,,,,35,854000 Other Expense : Amortization,
Other Expenses,Other Expense,Amortization,,,,867,,,,36,854000 Other Expense : Amortization,
Other Expenses,Other Expense,Amortization,,,,867,,,,37,854000 Other Expense : Amortization,
Other Expenses,Other Expense,Amortization,,,,867,,,,39,854000 Other Expense : Amortization,
Other Expenses,Other Expense,Amortization,,,,867,,,,41,854000 Other Expense : Amortization,
Other Expenses,Other Expense,Amortization,,,,867,,,,42,854000 Other Expense : Amortization,
Other Expenses,Other Expense,Amortization,,,,867,,,,43,854000 Other Expense : Amortization,
Other Expenses,Other Expense,Amortization,,,,867,,,,44,854000 Other Expense : Amortization,
Other Expenses,Other Expense,Amortization,,,,867,,,,45,854000 Other Expense : Amortization,
Other Expenses,Other Expense,Income Taxes,,,,868,,,,1,855000 Other Expense : Income Taxes,
Other Expenses,Other Expense,Income Taxes,,,,868,,,,2,855000 Other Expense : Income Taxes,
Other Expenses,Other Expense,Income Taxes,,,,868,,,,3,855000 Other Expense : Income Taxes,
Other Expenses,Other Expense,Income Taxes,,,,868,,,,4,855000 Other Expense : Income Taxes,
Other Expenses,Other Expense,Income Taxes,,,,868,,,,5,855000 Other Expense : Income Taxes,
Other Expenses,Other Expense,Income Taxes,,,,868,,,,6,855000 Other Expense : Income Taxes,
Other Expenses,Other Expense,Income Taxes,,,,868,,,,11,855000 Other Expense : Income Taxes,
Other Expenses,Other Expense,Income Taxes,,,,868,,,,16,855000 Other Expense : Income Taxes,
Other Expenses,Other Expense,Income Taxes,,,,868,,,,19,855000 Other Expense : Income Taxes,
Other Expenses,Other Expense,Income Taxes,,,,868,,,,20,855000 Other Expense : Income Taxes,
Other Expenses,Other Expense,Income Taxes,,,,868,,,,21,855000 Other Expense : Income Taxes,
Other Expenses,Other Expense,Income Taxes,,,,868,,,,22,855000 Other Expense : Income Taxes,
Other Expenses,Other Expense,Income Taxes,,,,868,,,,23,855000 Other Expense : Income Taxes,
Other Expenses,Other Expense,Income Taxes,,,,868,,,,24,855000 Other Expense : Income Taxes,
Other Expenses,Other Expense,Income Taxes,,,,868,,,,25,855000 Other Expense : Income Taxes,
Other Expenses,Other Expense,Income Taxes,,,,868,,,,26,855000 Other Expense : Income Taxes,
Other Expenses,Other Expense,Income Taxes,,,,868,,,,28,855000 Other Expense : Income Taxes,
Other Expenses,Other Expense,Income Taxes,,,,868,,,,29,855000 Other Expense : Income Taxes,
Other Expenses,Other Expense,Income Taxes,,,,868,,,,31,855000 Other Expense : Income Taxes,
Other Expenses,Other Expense,Income Taxes,,,,868,,,,32,855000 Other Expense : Income Taxes,
Other Expenses,Other Expense,Income Taxes,,,,868,,,,33,855000 Other Expense : Income Taxes,
Other Expenses,Other Expense,Income Taxes,,,,868,,,,35,855000 Other Expense : Income Taxes,
Other Expenses,Other Expense,Income Taxes,,,,868,,,,36,855000 Other Expense : Income Taxes,
Other Expenses,Other Expense,Income Taxes,,,,868,,,,37,855000 Other Expense : Income Taxes,
Other Expenses,Other Expense,Income Taxes,,,,868,,,,39,855000 Other Expense : Income Taxes,
Other Expenses,Other Expense,Income Taxes,,,,868,,,,41,855000 Other Expense : Income Taxes,
Other Expenses,Other Expense,Income Taxes,,,,868,,,,42,855000 Other Expense : Income Taxes,
Other Expenses,Other Expense,Income Taxes,,,,868,,,,43,855000 Other Expense : Income Taxes,
Other Expenses,Other Expense,Income Taxes,,,,868,,,,44,855000 Other Expense : Income Taxes,
Other Expenses,Other Expense,Income Taxes,,,,868,,,,45,855000 Other Expense : Income Taxes,
Other Expenses,Other Expense,Income Taxes,Income Taxes - Federal,,,869,,,,1,855010 Other Expense : Income Taxes : Income Taxes - Federal,
Other Expenses,Other Expense,Income Taxes,Income Taxes - Federal,,,869,,,,2,855010 Other Expense : Income Taxes : Income Taxes - Federal,
Other Expenses,Other Expense,Income Taxes,Income Taxes - Federal,,,869,,,,3,855010 Other Expense : Income Taxes : Income Taxes - Federal,
Other Expenses,Other Expense,Income Taxes,Income Taxes - Federal,,,869,,,,4,855010 Other Expense : Income Taxes : Income Taxes - Federal,
Other Expenses,Other Expense,Income Taxes,Income Taxes - Federal,,,869,,,,5,855010 Other Expense : Income Taxes : Income Taxes - Federal,
Other Expenses,Other Expense,Income Taxes,Income Taxes - Federal,,,869,,,,6,855010 Other Expense : Income Taxes : Income Taxes - Federal,
Other Expenses,Other Expense,Income Taxes,Income Taxes - Federal,,,869,,,,11,855010 Other Expense : Income Taxes : Income Taxes - Federal,
Other Expenses,Other Expense,Income Taxes,Income Taxes - Federal,,,869,,,,16,855010 Other Expense : Income Taxes : Income Taxes - Federal,
Other Expenses,Other Expense,Income Taxes,Income Taxes - Federal,,,869,,,,19,855010 Other Expense : Income Taxes : Income Taxes - Federal,
Other Expenses,Other Expense,Income Taxes,Income Taxes - Federal,,,869,,,,20,855010 Other Expense : Income Taxes : Income Taxes - Federal,
Other Expenses,Other Expense,Income Taxes,Income Taxes - Federal,,,869,,,,21,855010 Other Expense : Income Taxes : Income Taxes - Federal,
Other Expenses,Other Expense,Income Taxes,Income Taxes - Federal,,,869,,,,22,855010 Other Expense : Income Taxes : Income Taxes - Federal,
Other Expenses,Other Expense,Income Taxes,Income Taxes - Federal,,,869,,,,23,855010 Other Expense : Income Taxes : Income Taxes - Federal,
Other Expenses,Other Expense,Income Taxes,Income Taxes - Federal,,,869,,,,24,855010 Other Expense : Income Taxes : Income Taxes - Federal,
Other Expenses,Other Expense,Income Taxes,Income Taxes - Federal,,,869,,,,25,855010 Other Expense : Income Taxes : Income Taxes - Federal,
Other Expenses,Other Expense,Income Taxes,Income Taxes - Federal,,,869,,,,26,855010 Other Expense : Income Taxes : Income Taxes - Federal,
Other Expenses,Other Expense,Income Taxes,Income Taxes - Federal,,,869,,,,28,855010 Other Expense : Income Taxes : Income Taxes - Federal,
Other Expenses,Other Expense,Income Taxes,Income Taxes - Federal,,,869,,,,29,855010 Other Expense : Income Taxes : Income Taxes - Federal,
Other Expenses,Other Expense,Income Taxes,Income Taxes - Federal,,,869,,,,31,855010 Other Expense : Income Taxes : Income Taxes - Federal,
Other Expenses,Other Expense,Income Taxes,Income Taxes - Federal,,,869,,,,32,855010 Other Expense : Income Taxes : Income Taxes - Federal,
Other Expenses,Other Expense,Income Taxes,Income Taxes - Federal,,,869,,,,33,855010 Other Expense : Income Taxes : Income Taxes - Federal,
Other Expenses,Other Expense,Income Taxes,Income Taxes - Federal,,,869,,,,35,855010 Other Expense : Income Taxes : Income Taxes - Federal,
Other Expenses,Other Expense,Income Taxes,Income Taxes - Federal,,,869,,,,36,855010 Other Expense : Income Taxes : Income Taxes - Federal,
Other Expenses,Other Expense,Income Taxes,Income Taxes - Federal,,,869,,,,37,855010 Other Expense : Income Taxes : Income Taxes - Federal,
Other Expenses,Other Expense,Income Taxes,Income Taxes - Federal,,,869,,,,39,855010 Other Expense : Income Taxes : Income Taxes - Federal,
Other Expenses,Other Expense,Income Taxes,Income Taxes - Federal,,,869,,,,41,855010 Other Expense : Income Taxes : Income Taxes - Federal,
Other Expenses,Other Expense,Income Taxes,Income Taxes - Federal,,,869,,,,42,855010 Other Expense : Income Taxes : Income Taxes - Federal,
Other Expenses,Other Expense,Income Taxes,Income Taxes - Federal,,,869,,,,43,855010 Other Expense : Income Taxes : Income Taxes - Federal,
Other Expenses,Other Expense,Income Taxes,Income Taxes - Federal,,,869,,,,44,855010 Other Expense : Income Taxes : Income Taxes - Federal,
Other Expenses,Other Expense,Income Taxes,Income Taxes - Federal,,,869,,,,45,855010 Other Expense : Income Taxes : Income Taxes - Federal,
Other Expenses,Other Expense,Income Taxes,Income Taxes - State,,,870,,,,1,855020 Other Expense : Income Taxes : Income Taxes - State,
Other Expenses,Other Expense,Income Taxes,Income Taxes - State,,,870,,,,2,855020 Other Expense : Income Taxes : Income Taxes - State,
Other Expenses,Other Expense,Income Taxes,Income Taxes - State,,,870,,,,3,855020 Other Expense : Income Taxes : Income Taxes - State,
Other Expenses,Other Expense,Income Taxes,Income Taxes - State,,,870,,,,4,855020 Other Expense : Income Taxes : Income Taxes - State,
Other Expenses,Other Expense,Income Taxes,Income Taxes - State,,,870,,,,5,855020 Other Expense : Income Taxes : Income Taxes - State,
Other Expenses,Other Expense,Income Taxes,Income Taxes - State,,,870,,,,6,855020 Other Expense : Income Taxes : Income Taxes - State,
Other Expenses,Other Expense,Income Taxes,Income Taxes - State,,,870,,,,11,855020 Other Expense : Income Taxes : Income Taxes - State,
Other Expenses,Other Expense,Income Taxes,Income Taxes - State,,,870,,,,16,855020 Other Expense : Income Taxes : Income Taxes - State,
Other Expenses,Other Expense,Income Taxes,Income Taxes - State,,,870,,,,19,855020 Other Expense : Income Taxes : Income Taxes - State,
Other Expenses,Other Expense,Income Taxes,Income Taxes - State,,,870,,,,20,855020 Other Expense : Income Taxes : Income Taxes - State,
Other Expenses,Other Expense,Income Taxes,Income Taxes - State,,,870,,,,21,855020 Other Expense : Income Taxes : Income Taxes - State,
Other Expenses,Other Expense,Income Taxes,Income Taxes - State,,,870,,,,22,855020 Other Expense : Income Taxes : Income Taxes - State,
Other Expenses,Other Expense,Income Taxes,Income Taxes - State,,,870,,,,23,855020 Other Expense : Income Taxes : Income Taxes - State,
Other Expenses,Other Expense,Income Taxes,Income Taxes - State,,,870,,,,24,855020 Other Expense : Income Taxes : Income Taxes - State,
Other Expenses,Other Expense,Income Taxes,Income Taxes - State,,,870,,,,25,855020 Other Expense : Income Taxes : Income Taxes - State,
Other Expenses,Other Expense,Income Taxes,Income Taxes - State,,,870,,,,26,855020 Other Expense : Income Taxes : Income Taxes - State,
Other Expenses,Other Expense,Income Taxes,Income Taxes - State,,,870,,,,28,855020 Other Expense : Income Taxes : Income Taxes - State,
Other Expenses,Other Expense,Income Taxes,Income Taxes - State,,,870,,,,29,855020 Other Expense : Income Taxes : Income Taxes - State,
Other Expenses,Other Expense,Income Taxes,Income Taxes - State,,,870,,,,31,855020 Other Expense : Income Taxes : Income Taxes - State,
Other Expenses,Other Expense,Income Taxes,Income Taxes - State,,,870,,,,32,855020 Other Expense : Income Taxes : Income Taxes - State,
Other Expenses,Other Expense,Income Taxes,Income Taxes - State,,,870,,,,33,855020 Other Expense : Income Taxes : Income Taxes - State,
Other Expenses,Other Expense,Income Taxes,Income Taxes - State,,,870,,,,35,855020 Other Expense : Income Taxes : Income Taxes - State,
Other Expenses,Other Expense,Income Taxes,Income Taxes - State,,,870,,,,36,855020 Other Expense : Income Taxes : Income Taxes - State,
Other Expenses,Other Expense,Income Taxes,Income Taxes - State,,,870,,,,37,855020 Other Expense : Income Taxes : Income Taxes - State,
Other Expenses,Other Expense,Income Taxes,Income Taxes - State,,,870,,,,39,855020 Other Expense : Income Taxes : Income Taxes - State,
Other Expenses,Other Expense,Income Taxes,Income Taxes - State,,,870,,,,41,855020 Other Expense : Income Taxes : Income Taxes - State,
Other Expenses,Other Expense,Income Taxes,Income Taxes - State,,,870,,,,42,855020 Other Expense : Income Taxes : Income Taxes - State,
Other Expenses,Other Expense,Income Taxes,Income Taxes - State,,,870,,,,43,855020 Other Expense : Income Taxes : Income Taxes - State,
Other Expenses,Other Expense,Income Taxes,Income Taxes - State,,,870,,,,44,855020 Other Expense : Income Taxes : Income Taxes - State,
Other Expenses,Other Expense,Income Taxes,Income Taxes - State,,,870,,,,45,855020 Other Expense : Income Taxes : Income Taxes - State,
Other Expenses,Other Expense,Income Taxes,Income Taxes - Local,,,871,,,,1,855030 Other Expense : Income Taxes : Income Taxes - Local,
Other Expenses,Other Expense,Income Taxes,Income Taxes - Local,,,871,,,,2,855030 Other Expense : Income Taxes : Income Taxes - Local,
Other Expenses,Other Expense,Income Taxes,Income Taxes - Local,,,871,,,,3,855030 Other Expense : Income Taxes : Income Taxes - Local,
Other Expenses,Other Expense,Income Taxes,Income Taxes - Local,,,871,,,,4,855030 Other Expense : Income Taxes : Income Taxes - Local,
Other Expenses,Other Expense,Income Taxes,Income Taxes - Local,,,871,,,,5,855030 Other Expense : Income Taxes : Income Taxes - Local,
Other Expenses,Other Expense,Income Taxes,Income Taxes - Local,,,871,,,,6,855030 Other Expense : Income Taxes : Income Taxes - Local,
Other Expenses,Other Expense,Income Taxes,Income Taxes - Local,,,871,,,,11,855030 Other Expense : Income Taxes : Income Taxes - Local,
Other Expenses,Other Expense,Income Taxes,Income Taxes - Local,,,871,,,,16,855030 Other Expense : Income Taxes : Income Taxes - Local,
Other Expenses,Other Expense,Income Taxes,Income Taxes - Local,,,871,,,,19,855030 Other Expense : Income Taxes : Income Taxes - Local,
Other Expenses,Other Expense,Income Taxes,Income Taxes - Local,,,871,,,,20,855030 Other Expense : Income Taxes : Income Taxes - Local,
Other Expenses,Other Expense,Income Taxes,Income Taxes - Local,,,871,,,,21,855030 Other Expense : Income Taxes : Income Taxes - Local,
Other Expenses,Other Expense,Income Taxes,Income Taxes - Local,,,871,,,,22,855030 Other Expense : Income Taxes : Income Taxes - Local,
Other Expenses,Other Expense,Income Taxes,Income Taxes - Local,,,871,,,,23,855030 Other Expense : Income Taxes : Income Taxes - Local,
Other Expenses,Other Expense,Income Taxes,Income Taxes - Local,,,871,,,,24,855030 Other Expense : Income Taxes : Income Taxes - Local,
Other Expenses,Other Expense,Income Taxes,Income Taxes - Local,,,871,,,,25,855030 Other Expense : Income Taxes : Income Taxes - Local,
Other Expenses,Other Expense,Income Taxes,Income Taxes - Local,,,871,,,,26,855030 Other Expense : Income Taxes : Income Taxes - Local,
Other Expenses,Other Expense,Income Taxes,Income Taxes - Local,,,871,,,,28,855030 Other Expense : Income Taxes : Income Taxes - Local,
Other Expenses,Other Expense,Income Taxes,Income Taxes - Local,,,871,,,,29,855030 Other Expense : Income Taxes : Income Taxes - Local,
Other Expenses,Other Expense,Income Taxes,Income Taxes - Local,,,871,,,,31,855030 Other Expense : Income Taxes : Income Taxes - Local,
Other Expenses,Other Expense,Income Taxes,Income Taxes - Local,,,871,,,,32,855030 Other Expense : Income Taxes : Income Taxes - Local,
Other Expenses,Other Expense,Income Taxes,Income Taxes - Local,,,871,,,,33,855030 Other Expense : Income Taxes : Income Taxes - Local,
Other Expenses,Other Expense,Income Taxes,Income Taxes - Local,,,871,,,,35,855030 Other Expense : Income Taxes : Income Taxes - Local,
Other Expenses,Other Expense,Income Taxes,Income Taxes - Local,,,871,,,,36,855030 Other Expense : Income Taxes : Income Taxes - Local,
Other Expenses,Other Expense,Income Taxes,Income Taxes - Local,,,871,,,,37,855030 Other Expense : Income Taxes : Income Taxes - Local,
Other Expenses,Other Expense,Income Taxes,Income Taxes - Local,,,871,,,,39,855030 Other Expense : Income Taxes : Income Taxes - Local,
Other Expenses,Other Expense,Income Taxes,Income Taxes - Local,,,871,,,,41,855030 Other Expense : Income Taxes : Income Taxes - Local,
Other Expenses,Other Expense,Income Taxes,Income Taxes - Local,,,871,,,,42,855030 Other Expense : Income Taxes : Income Taxes - Local,
Other Expenses,Other Expense,Income Taxes,Income Taxes - Local,,,871,,,,43,855030 Other Expense : Income Taxes : Income Taxes - Local,
Other Expenses,Other Expense,Income Taxes,Income Taxes - Local,,,871,,,,44,855030 Other Expense : Income Taxes : Income Taxes - Local,
Other Expenses,Other Expense,Income Taxes,Income Taxes - Local,,,871,,,,45,855030 Other Expense : Income Taxes : Income Taxes - Local,
Expenses,Other Operating Expense,,,,,918,,,,1,630000 Operating Expenses : Other Operating Expense,
Expenses,Other Operating Expense,,,,,918,,,,2,630000 Operating Expenses : Other Operating Expense,
Field Corporate Expenses,Pawville Intermediate Holdings,Other Operating Expense,,,,918,,,,3,630000 Operating Expenses : Other Operating Expense,
Corporate Expenses,Other Operating Expense,,,,,918,,,,4,630000 Operating Expenses : Other Operating Expense,
Expenses,Other Operating Expense,,,,,918,,,,5,630000 Operating Expenses : Other Operating Expense,
Field Corporate Expenses,PUPS Intermediate Holdings,Other Operating Expense,,,,918,,,,6,630000 Operating Expenses : Other Operating Expense,
Expenses,Other Operating Expense,,,,,918,,,,11,630000 Operating Expenses : Other Operating Expense,
Expenses,Other Operating Expense,,,,,918,,,,16,630000 Operating Expenses : Other Operating Expense,
Expenses,Other Operating Expense,,,,,918,,,,19,630000 Operating Expenses : Other Operating Expense,
Expenses,Other Operating Expense,,,,,918,,,,20,630000 Operating Expenses : Other Operating Expense,
Expenses,Other Operating Expense,,,,,918,,,,21,630000 Operating Expenses : Other Operating Expense,
Expenses,Other Operating Expense,,,,,918,,,,22,630000 Operating Expenses : Other Operating Expense,
Expenses,Other Operating Expense,,,,,918,,,,23,630000 Operating Expenses : Other Operating Expense,
Expenses,Other Operating Expense,,,,,918,,,,24,630000 Operating Expenses : Other Operating Expense,
Expenses,Other Operating Expense,,,,,918,,,,25,630000 Operating Expenses : Other Operating Expense,
Expenses,Other Operating Expense,,,,,918,,,,26,630000 Operating Expenses : Other Operating Expense,
Expenses,Other Operating Expense,,,,,918,,,,28,630000 Operating Expenses : Other Operating Expense,
Expenses,Other Operating Expense,,,,,918,,,,29,630000 Operating Expenses : Other Operating Expense,
Expenses,Other Operating Expense,,,,,918,,,,31,630000 Operating Expenses : Other Operating Expense,
Expenses,Other Operating Expense,,,,,918,,,,32,630000 Operating Expenses : Other Operating Expense,
Expenses,Other Operating Expense,,,,,918,,,,33,630000 Operating Expenses : Other Operating Expense,
Expenses,Other Operating Expense,,,,,918,,,,35,630000 Operating Expenses : Other Operating Expense,
Expenses,Other Operating Expense,,,,,918,,,,36,630000 Operating Expenses : Other Operating Expense,
Expenses,Other Operating Expense,,,,,918,,,,37,630000 Operating Expenses : Other Operating Expense,
Expenses,Other Operating Expense,,,,,918,,,,39,630000 Operating Expenses : Other Operating Expense,
Expenses,Other Operating Expense,,,,,918,,,,41,630000 Operating Expenses : Other Operating Expense,
Expenses,Other Operating Expense,,,,,918,,,,42,630000 Operating Expenses : Other Operating Expense,
Expenses,Other Operating Expense,,,,,918,,,,43,630000 Operating Expenses : Other Operating Expense,
Expenses,Other Operating Expense,,,,,918,,,,44,630000 Operating Expenses : Other Operating Expense,
Expenses,Other Operating Expense,,,,,918,,,,45,630000 Operating Expenses : Other Operating Expense,
Expenses,Operations Expense,General and Admin,Marketing,,,919,,,,1,750000 General and Admin : Marketing,
Expenses,Operations Expense,General and Admin,Marketing,,,919,,,,2,750000 General and Admin : Marketing,
Field Corporate Expenses,Pawville Intermediate Holdings,General and Admin,Marketing,,,919,,,,3,750000 General and Admin : Marketing,
Corporate Expenses,General and Admin,Marketing,,,,919,,,,4,750000 General and Admin : Marketing,
Expenses,Operations Expense,General and Admin,Marketing,,,919,,,,5,750000 General and Admin : Marketing,
Field Corporate Expenses,PUPS Intermediate Holdings,General and Admin,Marketing,,,919,,,,6,750000 General and Admin : Marketing,
Expenses,Operations Expense,General and Admin,Marketing,,,919,,,,11,750000 General and Admin : Marketing,
Expenses,Operations Expense,General and Admin,Marketing,,,919,,,,16,750000 General and Admin : Marketing,
Expenses,Operations Expense,General and Admin,Marketing,,,919,,,,19,750000 General and Admin : Marketing,
Expenses,Operations Expense,General and Admin,Marketing,,,919,,,,20,750000 General and Admin : Marketing,
Expenses,Operations Expense,General and Admin,Marketing,,,919,,,,21,750000 General and Admin : Marketing,
Expenses,Operations Expense,General and Admin,Marketing,,,919,,,,22,750000 General and Admin : Marketing,
Expenses,Operations Expense,General and Admin,Marketing,,,919,,,,23,750000 General and Admin : Marketing,
Expenses,Operations Expense,General and Admin,Marketing,,,919,,,,24,750000 General and Admin : Marketing,
Expenses,Operations Expense,General and Admin,Marketing,,,919,,,,25,750000 General and Admin : Marketing,
Expenses,Operations Expense,General and Admin,Marketing,,,919,,,,26,750000 General and Admin : Marketing,
Expenses,Operations Expense,General and Admin,Marketing,,,919,,,,28,750000 General and Admin : Marketing,
Expenses,Operations Expense,General and Admin,Marketing,,,919,,,,29,750000 General and Admin : Marketing,
Expenses,Operations Expense,General and Admin,Marketing,,,919,,,,31,750000 General and Admin : Marketing,
Expenses,Operations Expense,General and Admin,Marketing,,,919,,,,32,750000 General and Admin : Marketing,
Expenses,Operations Expense,General and Admin,Marketing,,,919,,,,33,750000 General and Admin : Marketing,
Expenses,Operations Expense,General and Admin,Marketing,,,919,,,,35,750000 General and Admin : Marketing,
Expenses,Operations Expense,General and Admin,Marketing,,,919,,,,36,750000 General and Admin : Marketing,
Expenses,Operations Expense,General and Admin,Marketing,,,919,,,,37,750000 General and Admin : Marketing,
Expenses,Operations Expense,General and Admin,Marketing,,,919,,,,39,750000 General and Admin : Marketing,
Expenses,Operations Expense,General and Admin,Marketing,,,919,,,,41,750000 General and Admin : Marketing,
Expenses,Operations Expense,General and Admin,Marketing,,,919,,,,42,750000 General and Admin : Marketing,
Expenses,Operations Expense,General and Admin,Marketing,,,919,,,,43,750000 General and Admin : Marketing,
Expenses,Operations Expense,General and Admin,Marketing,,,919,,,,44,750000 General and Admin : Marketing,
Expenses,Operations Expense,General and Admin,Marketing,,,919,,,,45,750000 General and Admin : Marketing,
Expenses,Operations Expense,General and Admin,Marketing,Other Marketing,,920,,,,1,751000 General and Admin : Marketing : Other Marketing,
Expenses,Operations Expense,General and Admin,Marketing,Other Marketing,,920,,,,2,751000 General and Admin : Marketing : Other Marketing,
Field Corporate Expenses,Pawville Intermediate Holdings,General and Admin,Marketing,Other Marketing,,920,,,,3,751000 General and Admin : Marketing : Other Marketing,
Corporate Expenses,General and Admin,Marketing,Other Marketing,,,920,,,,4,751000 General and Admin : Marketing : Other Marketing,
Expenses,Operations Expense,General and Admin,Marketing,Other Marketing,,920,,,,5,751000 General and Admin : Marketing : Other Marketing,
Field Corporate Expenses,PUPS Intermediate Holdings,General and Admin,Marketing,Other Marketing,,920,,,,6,751000 General and Admin : Marketing : Other Marketing,
Expenses,Operations Expense,General and Admin,Marketing,Other Marketing,,920,,,,11,751000 General and Admin : Marketing : Other Marketing,
Expenses,Operations Expense,General and Admin,Marketing,Other Marketing,,920,,,,16,751000 General and Admin : Marketing : Other Marketing,
Expenses,Operations Expense,General and Admin,Marketing,Other Marketing,,920,,,,19,751000 General and Admin : Marketing : Other Marketing,
Expenses,Operations Expense,General and Admin,Marketing,Other Marketing,,920,,,,20,751000 General and Admin : Marketing : Other Marketing,
Expenses,Operations Expense,General and Admin,Marketing,Other Marketing,,920,,,,21,751000 General and Admin : Marketing : Other Marketing,
Expenses,Operations Expense,General and Admin,Marketing,Other Marketing,,920,,,,22,751000 General and Admin : Marketing : Other Marketing,
Expenses,Operations Expense,General and Admin,Marketing,Other Marketing,,920,,,,23,751000 General and Admin : Marketing : Other Marketing,
Expenses,Operations Expense,General and Admin,Marketing,Other Marketing,,920,,,,24,751000 General and Admin : Marketing : Other Marketing,
Expenses,Operations Expense,General and Admin,Marketing,Other Marketing,,920,,,,25,751000 General and Admin : Marketing : Other Marketing,
Expenses,Operations Expense,General and Admin,Marketing,Other Marketing,,920,,,,26,751000 General and Admin : Marketing : Other Marketing,
Expenses,Operations Expense,General and Admin,Marketing,Other Marketing,,920,,,,28,751000 General and Admin : Marketing : Other Marketing,
Expenses,Operations Expense,General and Admin,Marketing,Other Marketing,,920,,,,29,751000 General and Admin : Marketing : Other Marketing,
Expenses,Operations Expense,General and Admin,Marketing,Other Marketing,,920,,,,31,751000 General and Admin : Marketing : Other Marketing,
Expenses,Operations Expense,General and Admin,Marketing,Other Marketing,,920,,,,32,751000 General and Admin : Marketing : Other Marketing,
Expenses,Operations Expense,General and Admin,Marketing,Other Marketing,,920,,,,33,751000 General and Admin : Marketing : Other Marketing,
Expenses,Operations Expense,General and Admin,Marketing,Other Marketing,,920,,,,35,751000 General and Admin : Marketing : Other Marketing,
Expenses,Operations Expense,General and Admin,Marketing,Other Marketing,,920,,,,36,751000 General and Admin : Marketing : Other Marketing,
Expenses,Operations Expense,General and Admin,Marketing,Other Marketing,,920,,,,37,751000 General and Admin : Marketing : Other Marketing,
Expenses,Operations Expense,General and Admin,Marketing,Other Marketing,,920,,,,39,751000 General and Admin : Marketing : Other Marketing,
Expenses,Operations Expense,General and Admin,Marketing,Other Marketing,,920,,,,41,751000 General and Admin : Marketing : Other Marketing,
Expenses,Operations Expense,General and Admin,Marketing,Other Marketing,,920,,,,42,751000 General and Admin : Marketing : Other Marketing,
Expenses,Operations Expense,General and Admin,Marketing,Other Marketing,,920,,,,43,751000 General and Admin : Marketing : Other Marketing,
Expenses,Operations Expense,General and Admin,Marketing,Other Marketing,,920,,,,44,751000 General and Admin : Marketing : Other Marketing,
Expenses,Operations Expense,General and Admin,Marketing,Other Marketing,,920,,,,45,751000 General and Admin : Marketing : Other Marketing,
Expenses,Operations Expense,General and Admin,Advertising,,,921,,,,1,760000 General and Admin : Advertising,
Expenses,Operations Expense,General and Admin,Advertising,,,921,,,,2,760000 General and Admin : Advertising,
Field Corporate Expenses,Pawville Intermediate Holdings,General and Admin,Advertising,,,921,,,,3,760000 General and Admin : Advertising,
Corporate Expenses,General and Admin,Advertising,,,,921,,,,4,760000 General and Admin : Advertising,
Expenses,Operations Expense,General and Admin,Advertising,,,921,,,,5,760000 General and Admin : Advertising,
Field Corporate Expenses,PUPS Intermediate Holdings,General and Admin,Advertising,,,921,,,,6,760000 General and Admin : Advertising,
Expenses,Operations Expense,General and Admin,Advertising,,,921,,,,11,760000 General and Admin : Advertising,
Expenses,Operations Expense,General and Admin,Advertising,,,921,,,,16,760000 General and Admin : Advertising,
Expenses,Operations Expense,General and Admin,Advertising,,,921,,,,19,760000 General and Admin : Advertising,
Expenses,Operations Expense,General and Admin,Advertising,,,921,,,,20,760000 General and Admin : Advertising,
Expenses,Operations Expense,General and Admin,Advertising,,,921,,,,21,760000 General and Admin : Advertising,
Expenses,Operations Expense,General and Admin,Advertising,,,921,,,,22,760000 General and Admin : Advertising,
Expenses,Operations Expense,General and Admin,Advertising,,,921,,,,23,760000 General and Admin : Advertising,
Expenses,Operations Expense,General and Admin,Advertising,,,921,,,,24,760000 General and Admin : Advertising,
Expenses,Operations Expense,General and Admin,Advertising,,,921,,,,25,760000 General and Admin : Advertising,
Expenses,Operations Expense,General and Admin,Advertising,,,921,,,,26,760000 General and Admin : Advertising,
Expenses,Operations Expense,General and Admin,Advertising,,,921,,,,28,760000 General and Admin : Advertising,
Expenses,Operations Expense,General and Admin,Advertising,,,921,,,,29,760000 General and Admin : Advertising,
Expenses,Operations Expense,General and Admin,Advertising,,,921,,,,31,760000 General and Admin : Advertising,
Expenses,Operations Expense,General and Admin,Advertising,,,921,,,,32,760000 General and Admin : Advertising,
Expenses,Operations Expense,General and Admin,Advertising,,,921,,,,33,760000 General and Admin : Advertising,
Expenses,Operations Expense,General and Admin,Advertising,,,921,,,,35,760000 General and Admin : Advertising,
Expenses,Operations Expense,General and Admin,Advertising,,,921,,,,36,760000 General and Admin : Advertising,
Expenses,Operations Expense,General and Admin,Advertising,,,921,,,,37,760000 General and Admin : Advertising,
Expenses,Operations Expense,General and Admin,Advertising,,,921,,,,39,760000 General and Admin : Advertising,
Expenses,Operations Expense,General and Admin,Advertising,,,921,,,,41,760000 General and Admin : Advertising,
Expenses,Operations Expense,General and Admin,Advertising,,,921,,,,42,760000 General and Admin : Advertising,
Expenses,Operations Expense,General and Admin,Advertising,,,921,,,,43,760000 General and Admin : Advertising,
Expenses,Operations Expense,General and Admin,Advertising,,,921,,,,44,760000 General and Admin : Advertising,
Expenses,Operations Expense,General and Admin,Advertising,,,921,,,,45,760000 General and Admin : Advertising,
Expenses,Professional Fees,General and Admin,,,,922,,,,1,770000 General and Admin : Professional Services,
Expenses,Professional Fees,General and Admin,,,,922,,,,2,770000 General and Admin : Professional Services,
Field Corporate Expenses,Pawville Intermediate Holdings,General and Admin,Professional Services,,,922,,,,3,770000 General and Admin : Professional Services,
Corporate Expenses,General and Admin,Professional Services,,,,922,,,,4,770000 General and Admin : Professional Services,
Expenses,Professional Fees,General and Admin,,,,922,,,,5,770000 General and Admin : Professional Services,
Field Corporate Expenses,PUPS Intermediate Holdings,General and Admin,Professional Services,,,922,,,,6,770000 General and Admin : Professional Services,
Expenses,Professional Fees,General and Admin,,,,922,,,,11,770000 General and Admin : Professional Services,
Expenses,Professional Fees,General and Admin,,,,922,,,,16,770000 General and Admin : Professional Services,
Expenses,Professional Fees,General and Admin,,,,922,,,,19,770000 General and Admin : Professional Services,
Expenses,Professional Fees,General and Admin,,,,922,,,,20,770000 General and Admin : Professional Services,
Expenses,Professional Fees,General and Admin,,,,922,,,,21,770000 General and Admin : Professional Services,
Expenses,Professional Fees,General and Admin,,,,922,,,,22,770000 General and Admin : Professional Services,
Expenses,Professional Fees,General and Admin,,,,922,,,,23,770000 General and Admin : Professional Services,
Expenses,Professional Fees,General and Admin,,,,922,,,,24,770000 General and Admin : Professional Services,
Expenses,Professional Fees,General and Admin,,,,922,,,,25,770000 General and Admin : Professional Services,
Expenses,Professional Fees,General and Admin,,,,922,,,,26,770000 General and Admin : Professional Services,
Expenses,Professional Fees,General and Admin,,,,922,,,,28,770000 General and Admin : Professional Services,
Expenses,Professional Fees,General and Admin,,,,922,,,,29,770000 General and Admin : Professional Services,
Expenses,Professional Fees,General and Admin,,,,922,,,,31,770000 General and Admin : Professional Services,
Expenses,Professional Fees,General and Admin,,,,922,,,,32,770000 General and Admin : Professional Services,
Expenses,Professional Fees,General and Admin,,,,922,,,,33,770000 General and Admin : Professional Services,
Expenses,Professional Fees,General and Admin,,,,922,,,,35,770000 General and Admin : Professional Services,
Expenses,Professional Fees,General and Admin,,,,922,,,,36,770000 General and Admin : Professional Services,
Expenses,Professional Fees,General and Admin,,,,922,,,,37,770000 General and Admin : Professional Services,
Expenses,Professional Fees,General and Admin,,,,922,,,,39,770000 General and Admin : Professional Services,
Expenses,Professional Fees,General and Admin,,,,922,,,,41,770000 General and Admin : Professional Services,
Expenses,Professional Fees,General and Admin,,,,922,,,,42,770000 General and Admin : Professional Services,
Expenses,Professional Fees,General and Admin,,,,922,,,,43,770000 General and Admin : Professional Services,
Expenses,Professional Fees,General and Admin,,,,922,,,,44,770000 General and Admin : Professional Services,
Expenses,Professional Fees,General and Admin,,,,922,,,,45,770000 General and Admin : Professional Services,
Expenses,Operations Expense,General and Admin,Other G&A Expenses,,,923,,,,1,780000 General and Admin : Other G&A Expenses,
Expenses,Operations Expense,General and Admin,Other G&A Expenses,,,923,,,,2,780000 General and Admin : Other G&A Expenses,
Field Corporate Expenses,Pawville Intermediate Holdings,General and Admin,Other G&A Expenses,,,923,,,,3,780000 General and Admin : Other G&A Expenses,
Corporate Expenses,General and Admin,Other G&A Expenses,,,,923,,,,4,780000 General and Admin : Other G&A Expenses,
Expenses,Operations Expense,General and Admin,Other G&A Expenses,,,923,,,,5,780000 General and Admin : Other G&A Expenses,
Field Corporate Expenses,PUPS Intermediate Holdings,General and Admin,Other G&A Expenses,,,923,,,,6,780000 General and Admin : Other G&A Expenses,
Expenses,Operations Expense,General and Admin,Other G&A Expenses,,,923,,,,11,780000 General and Admin : Other G&A Expenses,
Expenses,Operations Expense,General and Admin,Other G&A Expenses,,,923,,,,16,780000 General and Admin : Other G&A Expenses,
Expenses,Operations Expense,General and Admin,Other G&A Expenses,,,923,,,,19,780000 General and Admin : Other G&A Expenses,
Expenses,Operations Expense,General and Admin,Other G&A Expenses,,,923,,,,20,780000 General and Admin : Other G&A Expenses,
Expenses,Operations Expense,General and Admin,Other G&A Expenses,,,923,,,,21,780000 General and Admin : Other G&A Expenses,
Expenses,Operations Expense,General and Admin,Other G&A Expenses,,,923,,,,22,780000 General and Admin : Other G&A Expenses,
Expenses,Operations Expense,General and Admin,Other G&A Expenses,,,923,,,,23,780000 General and Admin : Other G&A Expenses,
Expenses,Operations Expense,General and Admin,Other G&A Expenses,,,923,,,,24,780000 General and Admin : Other G&A Expenses,
Expenses,Operations Expense,General and Admin,Other G&A Expenses,,,923,,,,25,780000 General and Admin : Other G&A Expenses,
Expenses,Operations Expense,General and Admin,Other G&A Expenses,,,923,,,,26,780000 General and Admin : Other G&A Expenses,
Expenses,Operations Expense,General and Admin,Other G&A Expenses,,,923,,,,28,780000 General and Admin : Other G&A Expenses,
Expenses,Operations Expense,General and Admin,Other G&A Expenses,,,923,,,,29,780000 General and Admin : Other G&A Expenses,
Expenses,Operations Expense,General and Admin,Other G&A Expenses,,,923,,,,31,780000 General and Admin : Other G&A Expenses,
Expenses,Operations Expense,General and Admin,Other G&A Expenses,,,923,,,,32,780000 General and Admin : Other G&A Expenses,
Expenses,Operations Expense,General and Admin,Other G&A Expenses,,,923,,,,33,780000 General and Admin : Other G&A Expenses,
Expenses,Operations Expense,General and Admin,Other G&A Expenses,,,923,,,,35,780000 General and Admin : Other G&A Expenses,
Expenses,Operations Expense,General and Admin,Other G&A Expenses,,,923,,,,36,780000 General and Admin : Other G&A Expenses,
Expenses,Operations Expense,General and Admin,Other G&A Expenses,,,923,,,,37,780000 General and Admin : Other G&A Expenses,
Expenses,Operations Expense,General and Admin,Other G&A Expenses,,,923,,,,39,780000 General and Admin : Other G&A Expenses,
Expenses,Operations Expense,General and Admin,Other G&A Expenses,,,923,,,,41,780000 General and Admin : Other G&A Expenses,
Expenses,Operations Expense,General and Admin,Other G&A Expenses,,,923,,,,42,780000 General and Admin : Other G&A Expenses,
Expenses,Operations Expense,General and Admin,Other G&A Expenses,,,923,,,,43,780000 General and Admin : Other G&A Expenses,
Expenses,Operations Expense,General and Admin,Other G&A Expenses,,,923,,,,44,780000 General and Admin : Other G&A Expenses,
Expenses,Operations Expense,General and Admin,Other G&A Expenses,,,923,,,,45,780000 General and Admin : Other G&A Expenses,
Expenses,Operations Expense,General and Admin,Transaction Expenses,,,924,,,,1,790000 General and Admin : Transaction Expenses,
Expenses,Operations Expense,General and Admin,Transaction Expenses,,,924,,,,2,790000 General and Admin : Transaction Expenses,
Field Corporate Expenses,Pawville Intermediate Holdings,General and Admin,Transaction Expenses,,,924,,,,3,790000 General and Admin : Transaction Expenses,
Corporate Expenses,General and Admin,Transaction Expenses,,,,924,,,,4,790000 General and Admin : Transaction Expenses,
Expenses,Operations Expense,General and Admin,Transaction Expenses,,,924,,,,5,790000 General and Admin : Transaction Expenses,
Field Corporate Expenses,PUPS Intermediate Holdings,General and Admin,Transaction Expenses,,,924,,,,6,790000 General and Admin : Transaction Expenses,
Expenses,Operations Expense,General and Admin,Transaction Expenses,,,924,,,,11,790000 General and Admin : Transaction Expenses,
Expenses,Operations Expense,General and Admin,Transaction Expenses,,,924,,,,16,790000 General and Admin : Transaction Expenses,
Expenses,Operations Expense,General and Admin,Transaction Expenses,,,924,,,,19,790000 General and Admin : Transaction Expenses,
Expenses,Operations Expense,General and Admin,Transaction Expenses,,,924,,,,20,790000 General and Admin : Transaction Expenses,
Expenses,Operations Expense,General and Admin,Transaction Expenses,,,924,,,,21,790000 General and Admin : Transaction Expenses,
Expenses,Operations Expense,General and Admin,Transaction Expenses,,,924,,,,22,790000 General and Admin : Transaction Expenses,
Expenses,Operations Expense,General and Admin,Transaction Expenses,,,924,,,,23,790000 General and Admin : Transaction Expenses,
Expenses,Operations Expense,General and Admin,Transaction Expenses,,,924,,,,24,790000 General and Admin : Transaction Expenses,
Expenses,Operations Expense,General and Admin,Transaction Expenses,,,924,,,,25,790000 General and Admin : Transaction Expenses,
Expenses,Operations Expense,General and Admin,Transaction Expenses,,,924,,,,26,790000 General and Admin : Transaction Expenses,
Expenses,Operations Expense,General and Admin,Transaction Expenses,,,924,,,,28,790000 General and Admin : Transaction Expenses,
Expenses,Operations Expense,General and Admin,Transaction Expenses,,,924,,,,29,790000 General and Admin : Transaction Expenses,
Expenses,Operations Expense,General and Admin,Transaction Expenses,,,924,,,,31,790000 General and Admin : Transaction Expenses,
Expenses,Operations Expense,General and Admin,Transaction Expenses,,,924,,,,32,790000 General and Admin : Transaction Expenses,
Expenses,Operations Expense,General and Admin,Transaction Expenses,,,924,,,,33,790000 General and Admin : Transaction Expenses,
Expenses,Operations Expense,General and Admin,Transaction Expenses,,,924,,,,35,790000 General and Admin : Transaction Expenses,
Expenses,Operations Expense,General and Admin,Transaction Expenses,,,924,,,,36,790000 General and Admin : Transaction Expenses,
Expenses,Operations Expense,General and Admin,Transaction Expenses,,,924,,,,37,790000 General and Admin : Transaction Expenses,
Expenses,Operations Expense,General and Admin,Transaction Expenses,,,924,,,,39,790000 General and Admin : Transaction Expenses,
Expenses,Operations Expense,General and Admin,Transaction Expenses,,,924,,,,41,790000 General and Admin : Transaction Expenses,
Expenses,Operations Expense,General and Admin,Transaction Expenses,,,924,,,,42,790000 General and Admin : Transaction Expenses,
Expenses,Operations Expense,General and Admin,Transaction Expenses,,,924,,,,43,790000 General and Admin : Transaction Expenses,
Expenses,Operations Expense,General and Admin,Transaction Expenses,,,924,,,,44,790000 General and Admin : Transaction Expenses,
Expenses,Operations Expense,General and Admin,Transaction Expenses,,,924,,,,45,790000 General and Admin : Transaction Expenses,
Expenses,Facility Expense,Repair and Maintenance,,,,1018,,,,1,623500 Operating Expenses : Facility Expense : Repair and Maintenance,
Expenses,Facility Expense,Repair and Maintenance,,,,1018,,,,2,623500 Operating Expenses : Facility Expense : Repair and Maintenance,
Field Corporate Expenses,Pawville Intermediate Holdings,Facility Expense,Repair and Maintenance,,,1018,,,,3,623500 Operating Expenses : Facility Expense : Repair and Maintenance,
Corporate Expenses,Facility Expense,Repair and Maintenance,,,,1018,,,,4,623500 Operating Expenses : Facility Expense : Repair and Maintenance,
Expenses,Facility Expense,Repair and Maintenance,,,,1018,,,,5,623500 Operating Expenses : Facility Expense : Repair and Maintenance,
Field Corporate Expenses,PUPS Intermediate Holdings,Facility Expense,Repair and Maintenance,,,1018,,,,6,623500 Operating Expenses : Facility Expense : Repair and Maintenance,
Expenses,Facility Expense,Repair and Maintenance,,,,1018,,,,11,623500 Operating Expenses : Facility Expense : Repair and Maintenance,
Expenses,Facility Expense,Repair and Maintenance,,,,1018,,,,16,623500 Operating Expenses : Facility Expense : Repair and Maintenance,
Expenses,Facility Expense,Repair and Maintenance,,,,1018,,,,19,623500 Operating Expenses : Facility Expense : Repair and Maintenance,
Expenses,Facility Expense,Repair and Maintenance,,,,1018,,,,20,623500 Operating Expenses : Facility Expense : Repair and Maintenance,
Expenses,Facility Expense,Repair and Maintenance,,,,1018,,,,21,623500 Operating Expenses : Facility Expense : Repair and Maintenance,
Expenses,Facility Expense,Repair and Maintenance,,,,1018,,,,22,623500 Operating Expenses : Facility Expense : Repair and Maintenance,
Expenses,Facility Expense,Repair and Maintenance,,,,1018,,,,23,623500 Operating Expenses : Facility Expense : Repair and Maintenance,
Expenses,Facility Expense,Repair and Maintenance,,,,1018,,,,24,623500 Operating Expenses : Facility Expense : Repair and Maintenance,
Expenses,Facility Expense,Repair and Maintenance,,,,1018,,,,25,623500 Operating Expenses : Facility Expense : Repair and Maintenance,
Expenses,Facility Expense,Repair and Maintenance,,,,1018,,,,26,623500 Operating Expenses : Facility Expense : Repair and Maintenance,
Expenses,Facility Expense,Repair and Maintenance,,,,1018,,,,28,623500 Operating Expenses : Facility Expense : Repair and Maintenance,
Expenses,Facility Expense,Repair and Maintenance,,,,1018,,,,29,623500 Operating Expenses : Facility Expense : Repair and Maintenance,
Expenses,Facility Expense,Repair and Maintenance,,,,1018,,,,31,623500 Operating Expenses : Facility Expense : Repair and Maintenance,
Expenses,Facility Expense,Repair and Maintenance,,,,1018,,,,32,623500 Operating Expenses : Facility Expense : Repair and Maintenance,
Expenses,Facility Expense,Repair and Maintenance,,,,1018,,,,33,623500 Operating Expenses : Facility Expense : Repair and Maintenance,
Expenses,Facility Expense,Repair and Maintenance,,,,1018,,,,35,623500 Operating Expenses : Facility Expense : Repair and Maintenance,
Expenses,Facility Expense,Repair and Maintenance,,,,1018,,,,36,623500 Operating Expenses : Facility Expense : Repair and Maintenance,
Expenses,Facility Expense,Repair and Maintenance,,,,1018,,,,37,623500 Operating Expenses : Facility Expense : Repair and Maintenance,
Expenses,Facility Expense,Repair and Maintenance,,,,1018,,,,39,623500 Operating Expenses : Facility Expense : Repair and Maintenance,
Expenses,Facility Expense,Repair and Maintenance,,,,1018,,,,41,623500 Operating Expenses : Facility Expense : Repair and Maintenance,
Expenses,Facility Expense,Repair and Maintenance,,,,1018,,,,42,623500 Operating Expenses : Facility Expense : Repair and Maintenance,
Expenses,Facility Expense,Repair and Maintenance,,,,1018,,,,43,623500 Operating Expenses : Facility Expense : Repair and Maintenance,
Expenses,Facility Expense,Repair and Maintenance,,,,1018,,,,44,623500 Operating Expenses : Facility Expense : Repair and Maintenance,
Expenses,Facility Expense,Repair and Maintenance,,,,1018,,,,45,623500 Operating Expenses : Facility Expense : Repair and Maintenance,
Expenses,Other Operating Expense,Auto Insurance,,,,1019,,,,1,630500 Operating Expenses : Other Operating Expense : Auto Insurance,
Expenses,Other Operating Expense,Auto Insurance,,,,1019,,,,2,630500 Operating Expenses : Other Operating Expense : Auto Insurance,
Field Corporate Expenses,Pawville Intermediate Holdings,Other Operating Expense,Auto Insurance,,,1019,,,,3,630500 Operating Expenses : Other Operating Expense : Auto Insurance,
Corporate Expenses,Other Operating Expense,Auto Insurance,,,,1019,,,,4,630500 Operating Expenses : Other Operating Expense : Auto Insurance,
Expenses,Other Operating Expense,Auto Insurance,,,,1019,,,,5,630500 Operating Expenses : Other Operating Expense : Auto Insurance,
Field Corporate Expenses,PUPS Intermediate Holdings,Other Operating Expense,Auto Insurance,,,1019,,,,6,630500 Operating Expenses : Other Operating Expense : Auto Insurance,
Expenses,Other Operating Expense,Auto Insurance,,,,1019,,,,11,630500 Operating Expenses : Other Operating Expense : Auto Insurance,
Expenses,Other Operating Expense,Auto Insurance,,,,1019,,,,16,630500 Operating Expenses : Other Operating Expense : Auto Insurance,
Expenses,Other Operating Expense,Auto Insurance,,,,1019,,,,19,630500 Operating Expenses : Other Operating Expense : Auto Insurance,
Expenses,Other Operating Expense,Auto Insurance,,,,1019,,,,20,630500 Operating Expenses : Other Operating Expense : Auto Insurance,
Expenses,Other Operating Expense,Auto Insurance,,,,1019,,,,21,630500 Operating Expenses : Other Operating Expense : Auto Insurance,
Expenses,Other Operating Expense,Auto Insurance,,,,1019,,,,22,630500 Operating Expenses : Other Operating Expense : Auto Insurance,
Expenses,Other Operating Expense,Auto Insurance,,,,1019,,,,23,630500 Operating Expenses : Other Operating Expense : Auto Insurance,
Expenses,Other Operating Expense,Auto Insurance,,,,1019,,,,24,630500 Operating Expenses : Other Operating Expense : Auto Insurance,
Expenses,Other Operating Expense,Auto Insurance,,,,1019,,,,25,630500 Operating Expenses : Other Operating Expense : Auto Insurance,
Expenses,Other Operating Expense,Auto Insurance,,,,1019,,,,26,630500 Operating Expenses : Other Operating Expense : Auto Insurance,
Expenses,Other Operating Expense,Auto Insurance,,,,1019,,,,28,630500 Operating Expenses : Other Operating Expense : Auto Insurance,
Expenses,Other Operating Expense,Auto Insurance,,,,1019,,,,29,630500 Operating Expenses : Other Operating Expense : Auto Insurance,
Expenses,Other Operating Expense,Auto Insurance,,,,1019,,,,31,630500 Operating Expenses : Other Operating Expense : Auto Insurance,
Expenses,Other Operating Expense,Auto Insurance,,,,1019,,,,32,630500 Operating Expenses : Other Operating Expense : Auto Insurance,
Expenses,Other Operating Expense,Auto Insurance,,,,1019,,,,33,630500 Operating Expenses : Other Operating Expense : Auto Insurance,
Expenses,Other Operating Expense,Auto Insurance,,,,1019,,,,35,630500 Operating Expenses : Other Operating Expense : Auto Insurance,
Expenses,Other Operating Expense,Auto Insurance,,,,1019,,,,36,630500 Operating Expenses : Other Operating Expense : Auto Insurance,
Expenses,Other Operating Expense,Auto Insurance,,,,1019,,,,37,630500 Operating Expenses : Other Operating Expense : Auto Insurance,
Expenses,Other Operating Expense,Auto Insurance,,,,1019,,,,39,630500 Operating Expenses : Other Operating Expense : Auto Insurance,
Expenses,Other Operating Expense,Auto Insurance,,,,1019,,,,41,630500 Operating Expenses : Other Operating Expense : Auto Insurance,
Expenses,Other Operating Expense,Auto Insurance,,,,1019,,,,42,630500 Operating Expenses : Other Operating Expense : Auto Insurance,
Expenses,Other Operating Expense,Auto Insurance,,,,1019,,,,43,630500 Operating Expenses : Other Operating Expense : Auto Insurance,
Expenses,Other Operating Expense,Auto Insurance,,,,1019,,,,44,630500 Operating Expenses : Other Operating Expense : Auto Insurance,
Expenses,Other Operating Expense,Auto Insurance,,,,1019,,,,45,630500 Operating Expenses : Other Operating Expense : Auto Insurance,
Expenses,Other Operating Expense,Auto Repair and Maintenance,,,,1020,,,,1,631000 Operating Expenses : Other Operating Expense : Auto Repair and Maintenance,
Expenses,Other Operating Expense,Auto Repair and Maintenance,,,,1020,,,,2,631000 Operating Expenses : Other Operating Expense : Auto Repair and Maintenance,
Field Corporate Expenses,Pawville Intermediate Holdings,Other Operating Expense,Auto Repair and Maintenance,,,1020,,,,3,631000 Operating Expenses : Other Operating Expense : Auto Repair and Maintenance,
Corporate Expenses,Other Operating Expense,Auto Repair and Maintenance,,,,1020,,,,4,631000 Operating Expenses : Other Operating Expense : Auto Repair and Maintenance,
Expenses,Other Operating Expense,Auto Repair and Maintenance,,,,1020,,,,5,631000 Operating Expenses : Other Operating Expense : Auto Repair and Maintenance,
Field Corporate Expenses,PUPS Intermediate Holdings,Other Operating Expense,Auto Repair and Maintenance,,,1020,,,,6,631000 Operating Expenses : Other Operating Expense : Auto Repair and Maintenance,
Expenses,Other Operating Expense,Auto Repair and Maintenance,,,,1020,,,,11,631000 Operating Expenses : Other Operating Expense : Auto Repair and Maintenance,
Expenses,Other Operating Expense,Auto Repair and Maintenance,,,,1020,,,,16,631000 Operating Expenses : Other Operating Expense : Auto Repair and Maintenance,
Expenses,Other Operating Expense,Auto Repair and Maintenance,,,,1020,,,,19,631000 Operating Expenses : Other Operating Expense : Auto Repair and Maintenance,
Expenses,Other Operating Expense,Auto Repair and Maintenance,,,,1020,,,,20,631000 Operating Expenses : Other Operating Expense : Auto Repair and Maintenance,
Expenses,Other Operating Expense,Auto Repair and Maintenance,,,,1020,,,,21,631000 Operating Expenses : Other Operating Expense : Auto Repair and Maintenance,
Expenses,Other Operating Expense,Auto Repair and Maintenance,,,,1020,,,,22,631000 Operating Expenses : Other Operating Expense : Auto Repair and Maintenance,
Expenses,Other Operating Expense,Auto Repair and Maintenance,,,,1020,,,,23,631000 Operating Expenses : Other Operating Expense : Auto Repair and Maintenance,
Expenses,Other Operating Expense,Auto Repair and Maintenance,,,,1020,,,,24,631000 Operating Expenses : Other Operating Expense : Auto Repair and Maintenance,
Expenses,Other Operating Expense,Auto Repair and Maintenance,,,,1020,,,,25,631000 Operating Expenses : Other Operating Expense : Auto Repair and Maintenance,
Expenses,Other Operating Expense,Auto Repair and Maintenance,,,,1020,,,,26,631000 Operating Expenses : Other Operating Expense : Auto Repair and Maintenance,
Expenses,Other Operating Expense,Auto Repair and Maintenance,,,,1020,,,,28,631000 Operating Expenses : Other Operating Expense : Auto Repair and Maintenance,
Expenses,Other Operating Expense,Auto Repair and Maintenance,,,,1020,,,,29,631000 Operating Expenses : Other Operating Expense : Auto Repair and Maintenance,
Expenses,Other Operating Expense,Auto Repair and Maintenance,,,,1020,,,,31,631000 Operating Expenses : Other Operating Expense : Auto Repair and Maintenance,
Expenses,Other Operating Expense,Auto Repair and Maintenance,,,,1020,,,,32,631000 Operating Expenses : Other Operating Expense : Auto Repair and Maintenance,
Expenses,Other Operating Expense,Auto Repair and Maintenance,,,,1020,,,,33,631000 Operating Expenses : Other Operating Expense : Auto Repair and Maintenance,
Expenses,Other Operating Expense,Auto Repair and Maintenance,,,,1020,,,,35,631000 Operating Expenses : Other Operating Expense : Auto Repair and Maintenance,
Expenses,Other Operating Expense,Auto Repair and Maintenance,,,,1020,,,,36,631000 Operating Expenses : Other Operating Expense : Auto Repair and Maintenance,
Expenses,Other Operating Expense,Auto Repair and Maintenance,,,,1020,,,,37,631000 Operating Expenses : Other Operating Expense : Auto Repair and Maintenance,
Expenses,Other Operating Expense,Auto Repair and Maintenance,,,,1020,,,,39,631000 Operating Expenses : Other Operating Expense : Auto Repair and Maintenance,
Expenses,Other Operating Expense,Auto Repair and Maintenance,,,,1020,,,,41,631000 Operating Expenses : Other Operating Expense : Auto Repair and Maintenance,
Expenses,Other Operating Expense,Auto Repair and Maintenance,,,,1020,,,,42,631000 Operating Expenses : Other Operating Expense : Auto Repair and Maintenance,
Expenses,Other Operating Expense,Auto Repair and Maintenance,,,,1020,,,,43,631000 Operating Expenses : Other Operating Expense : Auto Repair and Maintenance,
Expenses,Other Operating Expense,Auto Repair and Maintenance,,,,1020,,,,44,631000 Operating Expenses : Other Operating Expense : Auto Repair and Maintenance,
Expenses,Other Operating Expense,Auto Repair and Maintenance,,,,1020,,,,45,631000 Operating Expenses : Other Operating Expense : Auto Repair and Maintenance,
Expenses,Other Operating Expense,Fuel,,,,1021,,,,1,631500 Operating Expenses : Other Operating Expense : Fuel,
Expenses,Other Operating Expense,Fuel,,,,1021,,,,2,631500 Operating Expenses : Other Operating Expense : Fuel,
Field Corporate Expenses,Pawville Intermediate Holdings,Other Operating Expense,Fuel,,,1021,,,,3,631500 Operating Expenses : Other Operating Expense : Fuel,
Corporate Expenses,Other Operating Expense,Fuel,,,,1021,,,,4,631500 Operating Expenses : Other Operating Expense : Fuel,
Expenses,Other Operating Expense,Fuel,,,,1021,,,,5,631500 Operating Expenses : Other Operating Expense : Fuel,
Field Corporate Expenses,PUPS Intermediate Holdings,Other Operating Expense,Fuel,,,1021,,,,6,631500 Operating Expenses : Other Operating Expense : Fuel,
Expenses,Other Operating Expense,Fuel,,,,1021,,,,11,631500 Operating Expenses : Other Operating Expense : Fuel,
Expenses,Other Operating Expense,Fuel,,,,1021,,,,16,631500 Operating Expenses : Other Operating Expense : Fuel,
Expenses,Other Operating Expense,Fuel,,,,1021,,,,19,631500 Operating Expenses : Other Operating Expense : Fuel,
Expenses,Other Operating Expense,Fuel,,,,1021,,,,20,631500 Operating Expenses : Other Operating Expense : Fuel,
Expenses,Other Operating Expense,Fuel,,,,1021,,,,21,631500 Operating Expenses : Other Operating Expense : Fuel,
Expenses,Other Operating Expense,Fuel,,,,1021,,,,22,631500 Operating Expenses : Other Operating Expense : Fuel,
Expenses,Other Operating Expense,Fuel,,,,1021,,,,23,631500 Operating Expenses : Other Operating Expense : Fuel,
Expenses,Other Operating Expense,Fuel,,,,1021,,,,24,631500 Operating Expenses : Other Operating Expense : Fuel,
Expenses,Other Operating Expense,Fuel,,,,1021,,,,25,631500 Operating Expenses : Other Operating Expense : Fuel,
Expenses,Other Operating Expense,Fuel,,,,1021,,,,26,631500 Operating Expenses : Other Operating Expense : Fuel,
Expenses,Other Operating Expense,Fuel,,,,1021,,,,28,631500 Operating Expenses : Other Operating Expense : Fuel,
Expenses,Other Operating Expense,Fuel,,,,1021,,,,29,631500 Operating Expenses : Other Operating Expense : Fuel,
Expenses,Other Operating Expense,Fuel,,,,1021,,,,31,631500 Operating Expenses : Other Operating Expense : Fuel,
Expenses,Other Operating Expense,Fuel,,,,1021,,,,32,631500 Operating Expenses : Other Operating Expense : Fuel,
Expenses,Other Operating Expense,Fuel,,,,1021,,,,33,631500 Operating Expenses : Other Operating Expense : Fuel,
Expenses,Other Operating Expense,Fuel,,,,1021,,,,35,631500 Operating Expenses : Other Operating Expense : Fuel,
Expenses,Other Operating Expense,Fuel,,,,1021,,,,36,631500 Operating Expenses : Other Operating Expense : Fuel,
Expenses,Other Operating Expense,Fuel,,,,1021,,,,37,631500 Operating Expenses : Other Operating Expense : Fuel,
Expenses,Other Operating Expense,Fuel,,,,1021,,,,39,631500 Operating Expenses : Other Operating Expense : Fuel,
Expenses,Other Operating Expense,Fuel,,,,1021,,,,41,631500 Operating Expenses : Other Operating Expense : Fuel,
Expenses,Other Operating Expense,Fuel,,,,1021,,,,42,631500 Operating Expenses : Other Operating Expense : Fuel,
Expenses,Other Operating Expense,Fuel,,,,1021,,,,43,631500 Operating Expenses : Other Operating Expense : Fuel,
Expenses,Other Operating Expense,Fuel,,,,1021,,,,44,631500 Operating Expenses : Other Operating Expense : Fuel,
Expenses,Other Operating Expense,Fuel,,,,1021,,,,45,631500 Operating Expenses : Other Operating Expense : Fuel,
,,,,,,1022,,,,1,640000 Operating Expenses : Local Marketing,
,,,,,,1022,,,,2,640000 Operating Expenses : Local Marketing,
,,,,,,1022,,,,3,640000 Operating Expenses : Local Marketing,
,,,,,,1022,,,,4,640000 Operating Expenses : Local Marketing,
,,,,,,1022,,,,5,640000 Operating Expenses : Local Marketing,
,,,,,,1022,,,,6,640000 Operating Expenses : Local Marketing,
,,,,,,1022,,,,11,640000 Operating Expenses : Local Marketing,
,,,,,,1022,,,,16,640000 Operating Expenses : Local Marketing,
,,,,,,1022,,,,19,640000 Operating Expenses : Local Marketing,
,,,,,,1022,,,,20,640000 Operating Expenses : Local Marketing,
,,,,,,1022,,,,21,640000 Operating Expenses : Local Marketing,
,,,,,,1022,,,,22,640000 Operating Expenses : Local Marketing,
,,,,,,1022,,,,23,640000 Operating Expenses : Local Marketing,
,,,,,,1022,,,,24,640000 Operating Expenses : Local Marketing,
,,,,,,1022,,,,25,640000 Operating Expenses : Local Marketing,
,,,,,,1022,,,,26,640000 Operating Expenses : Local Marketing,
,,,,,,1022,,,,28,640000 Operating Expenses : Local Marketing,
,,,,,,1022,,,,29,640000 Operating Expenses : Local Marketing,
,,,,,,1022,,,,31,640000 Operating Expenses : Local Marketing,
,,,,,,1022,,,,32,640000 Operating Expenses : Local Marketing,
,,,,,,1022,,,,33,640000 Operating Expenses : Local Marketing,
,,,,,,1022,,,,35,640000 Operating Expenses : Local Marketing,
,,,,,,1022,,,,36,640000 Operating Expenses : Local Marketing,
,,,,,,1022,,,,37,640000 Operating Expenses : Local Marketing,
,,,,,,1022,,,,39,640000 Operating Expenses : Local Marketing,
,,,,,,1022,,,,41,640000 Operating Expenses : Local Marketing,
,,,,,,1022,,,,42,640000 Operating Expenses : Local Marketing,
,,,,,,1022,,,,43,640000 Operating Expenses : Local Marketing,
,,,,,,1022,,,,44,640000 Operating Expenses : Local Marketing,
,,,,,,1022,,,,45,640000 Operating Expenses : Local Marketing,
Expenses,Operations Expense,General and Admin,Marketing,Brand Materials,,1023,,,,1,750500 General and Admin : Marketing : Brand Materials,
Expenses,Operations Expense,General and Admin,Marketing,Brand Materials,,1023,,,,2,750500 General and Admin : Marketing : Brand Materials,
Field Corporate Expenses,Pawville Intermediate Holdings,General and Admin,Marketing,Brand Materials,,1023,,,,3,750500 General and Admin : Marketing : Brand Materials,
Corporate Expenses,General and Admin,Marketing,Brand Materials,,,1023,,,,4,750500 General and Admin : Marketing : Brand Materials,
Expenses,Operations Expense,General and Admin,Marketing,Brand Materials,,1023,,,,5,750500 General and Admin : Marketing : Brand Materials,
Field Corporate Expenses,PUPS Intermediate Holdings,General and Admin,Marketing,Brand Materials,,1023,,,,6,750500 General and Admin : Marketing : Brand Materials,
Expenses,Operations Expense,General and Admin,Marketing,Brand Materials,,1023,,,,11,750500 General and Admin : Marketing : Brand Materials,
Expenses,Operations Expense,General and Admin,Marketing,Brand Materials,,1023,,,,16,750500 General and Admin : Marketing : Brand Materials,
Expenses,Operations Expense,General and Admin,Marketing,Brand Materials,,1023,,,,19,750500 General and Admin : Marketing : Brand Materials,
Expenses,Operations Expense,General and Admin,Marketing,Brand Materials,,1023,,,,20,750500 General and Admin : Marketing : Brand Materials,
Expenses,Operations Expense,General and Admin,Marketing,Brand Materials,,1023,,,,21,750500 General and Admin : Marketing : Brand Materials,
Expenses,Operations Expense,General and Admin,Marketing,Brand Materials,,1023,,,,22,750500 General and Admin : Marketing : Brand Materials,
Expenses,Operations Expense,General and Admin,Marketing,Brand Materials,,1023,,,,23,750500 General and Admin : Marketing : Brand Materials,
Expenses,Operations Expense,General and Admin,Marketing,Brand Materials,,1023,,,,24,750500 General and Admin : Marketing : Brand Materials,
Expenses,Operations Expense,General and Admin,Marketing,Brand Materials,,1023,,,,25,750500 General and Admin : Marketing : Brand Materials,
Expenses,Operations Expense,General and Admin,Marketing,Brand Materials,,1023,,,,26,750500 General and Admin : Marketing : Brand Materials,
Expenses,Operations Expense,General and Admin,Marketing,Brand Materials,,1023,,,,28,750500 General and Admin : Marketing : Brand Materials,
Expenses,Operations Expense,General and Admin,Marketing,Brand Materials,,1023,,,,29,750500 General and Admin : Marketing : Brand Materials,
Expenses,Operations Expense,General and Admin,Marketing,Brand Materials,,1023,,,,31,750500 General and Admin : Marketing : Brand Materials,
Expenses,Operations Expense,General and Admin,Marketing,Brand Materials,,1023,,,,32,750500 General and Admin : Marketing : Brand Materials,
Expenses,Operations Expense,General and Admin,Marketing,Brand Materials,,1023,,,,33,750500 General and Admin : Marketing : Brand Materials,
Expenses,Operations Expense,General and Admin,Marketing,Brand Materials,,1023,,,,35,750500 General and Admin : Marketing : Brand Materials,
Expenses,Operations Expense,General and Admin,Marketing,Brand Materials,,1023,,,,36,750500 General and Admin : Marketing : Brand Materials,
Expenses,Operations Expense,General and Admin,Marketing,Brand Materials,,1023,,,,37,750500 General and Admin : Marketing : Brand Materials,
Expenses,Operations Expense,General and Admin,Marketing,Brand Materials,,1023,,,,39,750500 General and Admin : Marketing : Brand Materials,
Expenses,Operations Expense,General and Admin,Marketing,Brand Materials,,1023,,,,41,750500 General and Admin : Marketing : Brand Materials,
Expenses,Operations Expense,General and Admin,Marketing,Brand Materials,,1023,,,,42,750500 General and Admin : Marketing : Brand Materials,
Expenses,Operations Expense,General and Admin,Marketing,Brand Materials,,1023,,,,43,750500 General and Admin : Marketing : Brand Materials,
Expenses,Operations Expense,General and Admin,Marketing,Brand Materials,,1023,,,,44,750500 General and Admin : Marketing : Brand Materials,
Expenses,Operations Expense,General and Admin,Marketing,Brand Materials,,1023,,,,45,750500 General and Admin : Marketing : Brand Materials,
,,,,,,1024,,,,1,900000 Statistical Accounts,
,,,,,,1024,,,,2,900000 Statistical Accounts,
,,,,,,1024,,,,3,900000 Statistical Accounts,
,,,,,,1024,,,,4,900000 Statistical Accounts,
,,,,,,1024,,,,5,900000 Statistical Accounts,
,,,,,,1024,,,,6,900000 Statistical Accounts,
,,,,,,1024,,,,11,900000 Statistical Accounts,
,,,,,,1024,,,,16,900000 Statistical Accounts,
,,,,,,1024,,,,19,900000 Statistical Accounts,
,,,,,,1024,,,,20,900000 Statistical Accounts,
,,,,,,1024,,,,21,900000 Statistical Accounts,
,,,,,,1024,,,,22,900000 Statistical Accounts,
,,,,,,1024,,,,23,900000 Statistical Accounts,
,,,,,,1024,,,,24,900000 Statistical Accounts,
,,,,,,1024,,,,25,900000 Statistical Accounts,
,,,,,,1024,,,,26,900000 Statistical Accounts,
,,,,,,1024,,,,28,900000 Statistical Accounts,
,,,,,,1024,,,,29,900000 Statistical Accounts,
,,,,,,1024,,,,31,900000 Statistical Accounts,
,,,,,,1024,,,,32,900000 Statistical Accounts,
,,,,,,1024,,,,33,900000 Statistical Accounts,
,,,,,,1024,,,,35,900000 Statistical Accounts,
,,,,,,1024,,,,36,900000 Statistical Accounts,
,,,,,,1024,,,,37,900000 Statistical Accounts,
,,,,,,1024,,,,39,900000 Statistical Accounts,
,,,,,,1024,,,,41,900000 Statistical Accounts,
,,,,,,1024,,,,42,900000 Statistical Accounts,
,,,,,,1024,,,,43,900000 Statistical Accounts,
,,,,,,1024,,,,44,900000 Statistical Accounts,
,,,,,,1024,,,,45,900000 Statistical Accounts,
Expenses,Operations Expense,General and Admin,Advertising,Digital Paid Ads,,1025,,,,1,760500 General and Admin : Advertising : Digital Paid Ads,
Expenses,Operations Expense,General and Admin,Advertising,Digital Paid Ads,,1025,,,,2,760500 General and Admin : Advertising : Digital Paid Ads,
Field Corporate Expenses,Pawville Intermediate Holdings,General and Admin,Advertising,Digital Paid Ads,,1025,,,,3,760500 General and Admin : Advertising : Digital Paid Ads,
Corporate Expenses,General and Admin,Advertising,Digital Paid Ads,,,1025,,,,4,760500 General and Admin : Advertising : Digital Paid Ads,
Expenses,Operations Expense,General and Admin,Advertising,Digital Paid Ads,,1025,,,,5,760500 General and Admin : Advertising : Digital Paid Ads,
Field Corporate Expenses,PUPS Intermediate Holdings,General and Admin,Advertising,Digital Paid Ads,,1025,,,,6,760500 General and Admin : Advertising : Digital Paid Ads,
Expenses,Operations Expense,General and Admin,Advertising,Digital Paid Ads,,1025,,,,11,760500 General and Admin : Advertising : Digital Paid Ads,
Expenses,Operations Expense,General and Admin,Advertising,Digital Paid Ads,,1025,,,,16,760500 General and Admin : Advertising : Digital Paid Ads,
Expenses,Operations Expense,General and Admin,Advertising,Digital Paid Ads,,1025,,,,19,760500 General and Admin : Advertising : Digital Paid Ads,
Expenses,Operations Expense,General and Admin,Advertising,Digital Paid Ads,,1025,,,,20,760500 General and Admin : Advertising : Digital Paid Ads,
Expenses,Operations Expense,General and Admin,Advertising,Digital Paid Ads,,1025,,,,21,760500 General and Admin : Advertising : Digital Paid Ads,
Expenses,Operations Expense,General and Admin,Advertising,Digital Paid Ads,,1025,,,,22,760500 General and Admin : Advertising : Digital Paid Ads,
Expenses,Operations Expense,General and Admin,Advertising,Digital Paid Ads,,1025,,,,23,760500 General and Admin : Advertising : Digital Paid Ads,
Expenses,Operations Expense,General and Admin,Advertising,Digital Paid Ads,,1025,,,,24,760500 General and Admin : Advertising : Digital Paid Ads,
Expenses,Operations Expense,General and Admin,Advertising,Digital Paid Ads,,1025,,,,25,760500 General and Admin : Advertising : Digital Paid Ads,
Expenses,Operations Expense,General and Admin,Advertising,Digital Paid Ads,,1025,,,,26,760500 General and Admin : Advertising : Digital Paid Ads,
Expenses,Operations Expense,General and Admin,Advertising,Digital Paid Ads,,1025,,,,28,760500 General and Admin : Advertising : Digital Paid Ads,
Expenses,Operations Expense,General and Admin,Advertising,Digital Paid Ads,,1025,,,,29,760500 General and Admin : Advertising : Digital Paid Ads,
Expenses,Operations Expense,General and Admin,Advertising,Digital Paid Ads,,1025,,,,31,760500 General and Admin : Advertising : Digital Paid Ads,
Expenses,Operations Expense,General and Admin,Advertising,Digital Paid Ads,,1025,,,,32,760500 General and Admin : Advertising : Digital Paid Ads,
Expenses,Operations Expense,General and Admin,Advertising,Digital Paid Ads,,1025,,,,33,760500 General and Admin : Advertising : Digital Paid Ads,
Expenses,Operations Expense,General and Admin,Advertising,Digital Paid Ads,,1025,,,,35,760500 General and Admin : Advertising : Digital Paid Ads,
Expenses,Operations Expense,General and Admin,Advertising,Digital Paid Ads,,1025,,,,36,760500 General and Admin : Advertising : Digital Paid Ads,
Expenses,Operations Expense,General and Admin,Advertising,Digital Paid Ads,,1025,,,,37,760500 General and Admin : Advertising : Digital Paid Ads,
Expenses,Operations Expense,General and Admin,Advertising,Digital Paid Ads,,1025,,,,39,760500 General and Admin : Advertising : Digital Paid Ads,
Expenses,Operations Expense,General and Admin,Advertising,Digital Paid Ads,,1025,,,,41,760500 General and Admin : Advertising : Digital Paid Ads,
Expenses,Operations Expense,General and Admin,Advertising,Digital Paid Ads,,1025,,,,42,760500 General and Admin : Advertising : Digital Paid Ads,
Expenses,Operations Expense,General and Admin,Advertising,Digital Paid Ads,,1025,,,,43,760500 General and Admin : Advertising : Digital Paid Ads,
Expenses,Operations Expense,General and Admin,Advertising,Digital Paid Ads,,1025,,,,44,760500 General and Admin : Advertising : Digital Paid Ads,
Expenses,Operations Expense,General and Admin,Advertising,Digital Paid Ads,,1025,,,,45,760500 General and Admin : Advertising : Digital Paid Ads,
Expenses,Operations Expense,General and Admin,Advertising,Other Advertising,,1026,,,,1,761000 General and Admin : Advertising : Other Advertising,
Expenses,Operations Expense,General and Admin,Advertising,Other Advertising,,1026,,,,2,761000 General and Admin : Advertising : Other Advertising,
Field Corporate Expenses,Pawville Intermediate Holdings,General and Admin,Advertising,Other Advertising,,1026,,,,3,761000 General and Admin : Advertising : Other Advertising,
Corporate Expenses,General and Admin,Advertising,Other Advertising,,,1026,,,,4,761000 General and Admin : Advertising : Other Advertising,
Expenses,Operations Expense,General and Admin,Advertising,Other Advertising,,1026,,,,5,761000 General and Admin : Advertising : Other Advertising,
Field Corporate Expenses,PUPS Intermediate Holdings,General and Admin,Advertising,Other Advertising,,1026,,,,6,761000 General and Admin : Advertising : Other Advertising,
Expenses,Operations Expense,General and Admin,Advertising,Other Advertising,,1026,,,,11,761000 General and Admin : Advertising : Other Advertising,
Expenses,Operations Expense,General and Admin,Advertising,Other Advertising,,1026,,,,16,761000 General and Admin : Advertising : Other Advertising,
Expenses,Operations Expense,General and Admin,Advertising,Other Advertising,,1026,,,,19,761000 General and Admin : Advertising : Other Advertising,
Expenses,Operations Expense,General and Admin,Advertising,Other Advertising,,1026,,,,20,761000 General and Admin : Advertising : Other Advertising,
Expenses,Operations Expense,General and Admin,Advertising,Other Advertising,,1026,,,,21,761000 General and Admin : Advertising : Other Advertising,
Expenses,Operations Expense,General and Admin,Advertising,Other Advertising,,1026,,,,22,761000 General and Admin : Advertising : Other Advertising,
Expenses,Operations Expense,General and Admin,Advertising,Other Advertising,,1026,,,,23,761000 General and Admin : Advertising : Other Advertising,
Expenses,Operations Expense,General and Admin,Advertising,Other Advertising,,1026,,,,24,761000 General and Admin : Advertising : Other Advertising,
Expenses,Operations Expense,General and Admin,Advertising,Other Advertising,,1026,,,,25,761000 General and Admin : Advertising : Other Advertising,
Expenses,Operations Expense,General and Admin,Advertising,Other Advertising,,1026,,,,26,761000 General and Admin : Advertising : Other Advertising,
Expenses,Operations Expense,General and Admin,Advertising,Other Advertising,,1026,,,,28,761000 General and Admin : Advertising : Other Advertising,
Expenses,Operations Expense,General and Admin,Advertising,Other Advertising,,1026,,,,29,761000 General and Admin : Advertising : Other Advertising,
Expenses,Operations Expense,General and Admin,Advertising,Other Advertising,,1026,,,,31,761000 General and Admin : Advertising : Other Advertising,
Expenses,Operations Expense,General and Admin,Advertising,Other Advertising,,1026,,,,32,761000 General and Admin : Advertising : Other Advertising,
Expenses,Operations Expense,General and Admin,Advertising,Other Advertising,,1026,,,,33,761000 General and Admin : Advertising : Other Advertising,
Expenses,Operations Expense,General and Admin,Advertising,Other Advertising,,1026,,,,35,761000 General and Admin : Advertising : Other Advertising,
Expenses,Operations Expense,General and Admin,Advertising,Other Advertising,,1026,,,,36,761000 General and Admin : Advertising : Other Advertising,
Expenses,Operations Expense,General and Admin,Advertising,Other Advertising,,1026,,,,37,761000 General and Admin : Advertising : Other Advertising,
Expenses,Operations Expense,General and Admin,Advertising,Other Advertising,,1026,,,,39,761000 General and Admin : Advertising : Other Advertising,
Expenses,Operations Expense,General and Admin,Advertising,Other Advertising,,1026,,,,41,761000 General and Admin : Advertising : Other Advertising,
Expenses,Operations Expense,General and Admin,Advertising,Other Advertising,,1026,,,,42,761000 General and Admin : Advertising : Other Advertising,
Expenses,Operations Expense,General and Admin,Advertising,Other Advertising,,1026,,,,43,761000 General and Admin : Advertising : Other Advertising,
Expenses,Operations Expense,General and Admin,Advertising,Other Advertising,,1026,,,,44,761000 General and Admin : Advertising : Other Advertising,
Expenses,Operations Expense,General and Admin,Advertising,Other Advertising,,1026,,,,45,761000 General and Admin : Advertising : Other Advertising,
Expenses,Professional Fees,General and Admin,Legal,,,1027,,,,1,770500 General and Admin : Professional Services : Legal,
Expenses,Professional Fees,General and Admin,Legal,,,1027,,,,2,770500 General and Admin : Professional Services : Legal,
Field Corporate Expenses,Pawville Intermediate Holdings,General and Admin,Professional Services,Legal,,1027,,,,3,770500 General and Admin : Professional Services : Legal,
Corporate Expenses,General and Admin,Professional Services,Legal,,,1027,,,,4,770500 General and Admin : Professional Services : Legal,
Expenses,Professional Fees,General and Admin,Legal,,,1027,,,,5,770500 General and Admin : Professional Services : Legal,
Field Corporate Expenses,PUPS Intermediate Holdings,General and Admin,Professional Services,Legal,,1027,,,,6,770500 General and Admin : Professional Services : Legal,
Expenses,Professional Fees,General and Admin,Legal,,,1027,,,,11,770500 General and Admin : Professional Services : Legal,
Expenses,Professional Fees,General and Admin,Legal,,,1027,,,,16,770500 General and Admin : Professional Services : Legal,
Expenses,Professional Fees,General and Admin,Legal,,,1027,,,,19,770500 General and Admin : Professional Services : Legal,
Expenses,Professional Fees,General and Admin,Legal,,,1027,,,,20,770500 General and Admin : Professional Services : Legal,
Expenses,Professional Fees,General and Admin,Legal,,,1027,,,,21,770500 General and Admin : Professional Services : Legal,
Expenses,Professional Fees,General and Admin,Legal,,,1027,,,,22,770500 General and Admin : Professional Services : Legal,
Expenses,Professional Fees,General and Admin,Legal,,,1027,,,,23,770500 General and Admin : Professional Services : Legal,
Expenses,Professional Fees,General and Admin,Legal,,,1027,,,,24,770500 General and Admin : Professional Services : Legal,
Expenses,Professional Fees,General and Admin,Legal,,,1027,,,,25,770500 General and Admin : Professional Services : Legal,
Expenses,Professional Fees,General and Admin,Legal,,,1027,,,,26,770500 General and Admin : Professional Services : Legal,
Expenses,Professional Fees,General and Admin,Legal,,,1027,,,,28,770500 General and Admin : Professional Services : Legal,
Expenses,Professional Fees,General and Admin,Legal,,,1027,,,,29,770500 General and Admin : Professional Services : Legal,
Expenses,Professional Fees,General and Admin,Legal,,,1027,,,,31,770500 General and Admin : Professional Services : Legal,
Expenses,Professional Fees,General and Admin,Legal,,,1027,,,,32,770500 General and Admin : Professional Services : Legal,
Expenses,Professional Fees,General and Admin,Legal,,,1027,,,,33,770500 General and Admin : Professional Services : Legal,
Expenses,Professional Fees,General and Admin,Legal,,,1027,,,,35,770500 General and Admin : Professional Services : Legal,
Expenses,Professional Fees,General and Admin,Legal,,,1027,,,,36,770500 General and Admin : Professional Services : Legal,
Expenses,Professional Fees,General and Admin,Legal,,,1027,,,,37,770500 General and Admin : Professional Services : Legal,
Expenses,Professional Fees,General and Admin,Legal,,,1027,,,,39,770500 General and Admin : Professional Services : Legal,
Expenses,Professional Fees,General and Admin,Legal,,,1027,,,,41,770500 General and Admin : Professional Services : Legal,
Expenses,Professional Fees,General and Admin,Legal,,,1027,,,,42,770500 General and Admin : Professional Services : Legal,
Expenses,Professional Fees,General and Admin,Legal,,,1027,,,,43,770500 General and Admin : Professional Services : Legal,
Expenses,Professional Fees,General and Admin,Legal,,,1027,,,,44,770500 General and Admin : Professional Services : Legal,
Expenses,Professional Fees,General and Admin,Legal,,,1027,,,,45,770500 General and Admin : Professional Services : Legal,
Expenses,Professional Fees,General and Admin,IT,,,1028,,,,1,771000 General and Admin : Professional Services : IT,
Expenses,Professional Fees,General and Admin,IT,,,1028,,,,2,771000 General and Admin : Professional Services : IT,
Field Corporate Expenses,Pawville Intermediate Holdings,General and Admin,Professional Services,IT,,1028,,,,3,771000 General and Admin : Professional Services : IT,
Corporate Expenses,General and Admin,Professional Services,IT,,,1028,,,,4,771000 General and Admin : Professional Services : IT,
Expenses,Professional Fees,General and Admin,IT,,,1028,,,,5,771000 General and Admin : Professional Services : IT,
Field Corporate Expenses,PUPS Intermediate Holdings,General and Admin,Professional Services,IT,,1028,,,,6,771000 General and Admin : Professional Services : IT,
Expenses,Professional Fees,General and Admin,IT,,,1028,,,,11,771000 General and Admin : Professional Services : IT,
Expenses,Professional Fees,General and Admin,IT,,,1028,,,,16,771000 General and Admin : Professional Services : IT,
Expenses,Professional Fees,General and Admin,IT,,,1028,,,,19,771000 General and Admin : Professional Services : IT,
Expenses,Professional Fees,General and Admin,IT,,,1028,,,,20,771000 General and Admin : Professional Services : IT,
Expenses,Professional Fees,General and Admin,IT,,,1028,,,,21,771000 General and Admin : Professional Services : IT,
Expenses,Professional Fees,General and Admin,IT,,,1028,,,,22,771000 General and Admin : Professional Services : IT,
Expenses,Professional Fees,General and Admin,IT,,,1028,,,,23,771000 General and Admin : Professional Services : IT,
Expenses,Professional Fees,General and Admin,IT,,,1028,,,,24,771000 General and Admin : Professional Services : IT,
Expenses,Professional Fees,General and Admin,IT,,,1028,,,,25,771000 General and Admin : Professional Services : IT,
Expenses,Professional Fees,General and Admin,IT,,,1028,,,,26,771000 General and Admin : Professional Services : IT,
Expenses,Professional Fees,General and Admin,IT,,,1028,,,,28,771000 General and Admin : Professional Services : IT,
Expenses,Professional Fees,General and Admin,IT,,,1028,,,,29,771000 General and Admin : Professional Services : IT,
Expenses,Professional Fees,General and Admin,IT,,,1028,,,,31,771000 General and Admin : Professional Services : IT,
Expenses,Professional Fees,General and Admin,IT,,,1028,,,,32,771000 General and Admin : Professional Services : IT,
Expenses,Professional Fees,General and Admin,IT,,,1028,,,,33,771000 General and Admin : Professional Services : IT,
Expenses,Professional Fees,General and Admin,IT,,,1028,,,,35,771000 General and Admin : Professional Services : IT,
Expenses,Professional Fees,General and Admin,IT,,,1028,,,,36,771000 General and Admin : Professional Services : IT,
Expenses,Professional Fees,General and Admin,IT,,,1028,,,,37,771000 General and Admin : Professional Services : IT,
Expenses,Professional Fees,General and Admin,IT,,,1028,,,,39,771000 General and Admin : Professional Services : IT,
Expenses,Professional Fees,General and Admin,IT,,,1028,,,,41,771000 General and Admin : Professional Services : IT,
Expenses,Professional Fees,General and Admin,IT,,,1028,,,,42,771000 General and Admin : Professional Services : IT,
Expenses,Professional Fees,General and Admin,IT,,,1028,,,,43,771000 General and Admin : Professional Services : IT,
Expenses,Professional Fees,General and Admin,IT,,,1028,,,,44,771000 General and Admin : Professional Services : IT,
Expenses,Professional Fees,General and Admin,IT,,,1028,,,,45,771000 General and Admin : Professional Services : IT,
Expenses,Professional Fees,General and Admin,Accounting,,,1029,,,,1,771500 General and Admin : Professional Services : Accounting,
Expenses,Professional Fees,General and Admin,Accounting,,,1029,,,,2,771500 General and Admin : Professional Services : Accounting,
Field Corporate Expenses,Pawville Intermediate Holdings,General and Admin,Professional Services,Accounting,,1029,,,,3,771500 General and Admin : Professional Services : Accounting,
Corporate Expenses,General and Admin,Professional Services,Accounting,,,1029,,,,4,771500 General and Admin : Professional Services : Accounting,
Expenses,Professional Fees,General and Admin,Accounting,,,1029,,,,5,771500 General and Admin : Professional Services : Accounting,
Field Corporate Expenses,PUPS Intermediate Holdings,General and Admin,Professional Services,Accounting,,1029,,,,6,771500 General and Admin : Professional Services : Accounting,
Expenses,Professional Fees,General and Admin,Accounting,,,1029,,,,11,771500 General and Admin : Professional Services : Accounting,
Expenses,Professional Fees,General and Admin,Accounting,,,1029,,,,16,771500 General and Admin : Professional Services : Accounting,
Expenses,Professional Fees,General and Admin,Accounting,,,1029,,,,19,771500 General and Admin : Professional Services : Accounting,
Expenses,Professional Fees,General and Admin,Accounting,,,1029,,,,20,771500 General and Admin : Professional Services : Accounting,
Expenses,Professional Fees,General and Admin,Accounting,,,1029,,,,21,771500 General and Admin : Professional Services : Accounting,
Expenses,Professional Fees,General and Admin,Accounting,,,1029,,,,22,771500 General and Admin : Professional Services : Accounting,
Expenses,Professional Fees,General and Admin,Accounting,,,1029,,,,23,771500 General and Admin : Professional Services : Accounting,
Expenses,Professional Fees,General and Admin,Accounting,,,1029,,,,24,771500 General and Admin : Professional Services : Accounting,
Expenses,Professional Fees,General and Admin,Accounting,,,1029,,,,25,771500 General and Admin : Professional Services : Accounting,
Expenses,Professional Fees,General and Admin,Accounting,,,1029,,,,26,771500 General and Admin : Professional Services : Accounting,
Expenses,Professional Fees,General and Admin,Accounting,,,1029,,,,28,771500 General and Admin : Professional Services : Accounting,
Expenses,Professional Fees,General and Admin,Accounting,,,1029,,,,29,771500 General and Admin : Professional Services : Accounting,
Expenses,Professional Fees,General and Admin,Accounting,,,1029,,,,31,771500 General and Admin : Professional Services : Accounting,
Expenses,Professional Fees,General and Admin,Accounting,,,1029,,,,32,771500 General and Admin : Professional Services : Accounting,
Expenses,Professional Fees,General and Admin,Accounting,,,1029,,,,33,771500 General and Admin : Professional Services : Accounting,
Expenses,Professional Fees,General and Admin,Accounting,,,1029,,,,35,771500 General and Admin : Professional Services : Accounting,
Expenses,Professional Fees,General and Admin,Accounting,,,1029,,,,36,771500 General and Admin : Professional Services : Accounting,
Expenses,Professional Fees,General and Admin,Accounting,,,1029,,,,37,771500 General and Admin : Professional Services : Accounting,
Expenses,Professional Fees,General and Admin,Accounting,,,1029,,,,39,771500 General and Admin : Professional Services : Accounting,
Expenses,Professional Fees,General and Admin,Accounting,,,1029,,,,41,771500 General and Admin : Professional Services : Accounting,
Expenses,Professional Fees,General and Admin,Accounting,,,1029,,,,42,771500 General and Admin : Professional Services : Accounting,
Expenses,Professional Fees,General and Admin,Accounting,,,1029,,,,43,771500 General and Admin : Professional Services : Accounting,
Expenses,Professional Fees,General and Admin,Accounting,,,1029,,,,44,771500 General and Admin : Professional Services : Accounting,
Expenses,Professional Fees,General and Admin,Accounting,,,1029,,,,45,771500 General and Admin : Professional Services : Accounting,
Expenses,Professional Fees,General and Admin,Recruiting,,,1030,,,,1,772000 General and Admin : Professional Services : Recruiting,
Expenses,Professional Fees,General and Admin,Recruiting,,,1030,,,,2,772000 General and Admin : Professional Services : Recruiting,
Field Corporate Expenses,Pawville Intermediate Holdings,General and Admin,Professional Services,Recruiting,,1030,,,,3,772000 General and Admin : Professional Services : Recruiting,
Corporate Expenses,General and Admin,Professional Services,Recruiting,,,1030,,,,4,772000 General and Admin : Professional Services : Recruiting,
Expenses,Professional Fees,General and Admin,Recruiting,,,1030,,,,5,772000 General and Admin : Professional Services : Recruiting,
Field Corporate Expenses,PUPS Intermediate Holdings,General and Admin,Professional Services,Recruiting,,1030,,,,6,772000 General and Admin : Professional Services : Recruiting,
Expenses,Professional Fees,General and Admin,Recruiting,,,1030,,,,11,772000 General and Admin : Professional Services : Recruiting,
Expenses,Professional Fees,General and Admin,Recruiting,,,1030,,,,16,772000 General and Admin : Professional Services : Recruiting,
Expenses,Professional Fees,General and Admin,Recruiting,,,1030,,,,19,772000 General and Admin : Professional Services : Recruiting,
Expenses,Professional Fees,General and Admin,Recruiting,,,1030,,,,20,772000 General and Admin : Professional Services : Recruiting,
Expenses,Professional Fees,General and Admin,Recruiting,,,1030,,,,21,772000 General and Admin : Professional Services : Recruiting,
Expenses,Professional Fees,General and Admin,Recruiting,,,1030,,,,22,772000 General and Admin : Professional Services : Recruiting,
Expenses,Professional Fees,General and Admin,Recruiting,,,1030,,,,23,772000 General and Admin : Professional Services : Recruiting,
Expenses,Professional Fees,General and Admin,Recruiting,,,1030,,,,24,772000 General and Admin : Professional Services : Recruiting,
Expenses,Professional Fees,General and Admin,Recruiting,,,1030,,,,25,772000 General and Admin : Professional Services : Recruiting,
Expenses,Professional Fees,General and Admin,Recruiting,,,1030,,,,26,772000 General and Admin : Professional Services : Recruiting,
Expenses,Professional Fees,General and Admin,Recruiting,,,1030,,,,28,772000 General and Admin : Professional Services : Recruiting,
Expenses,Professional Fees,General and Admin,Recruiting,,,1030,,,,29,772000 General and Admin : Professional Services : Recruiting,
Expenses,Professional Fees,General and Admin,Recruiting,,,1030,,,,31,772000 General and Admin : Professional Services : Recruiting,
Expenses,Professional Fees,General and Admin,Recruiting,,,1030,,,,32,772000 General and Admin : Professional Services : Recruiting,
Expenses,Professional Fees,General and Admin,Recruiting,,,1030,,,,33,772000 General and Admin : Professional Services : Recruiting,
Expenses,Professional Fees,General and Admin,Recruiting,,,1030,,,,35,772000 General and Admin : Professional Services : Recruiting,
Expenses,Professional Fees,General and Admin,Recruiting,,,1030,,,,36,772000 General and Admin : Professional Services : Recruiting,
Expenses,Professional Fees,General and Admin,Recruiting,,,1030,,,,37,772000 General and Admin : Professional Services : Recruiting,
Expenses,Professional Fees,General and Admin,Recruiting,,,1030,,,,39,772000 General and Admin : Professional Services : Recruiting,
Expenses,Professional Fees,General and Admin,Recruiting,,,1030,,,,41,772000 General and Admin : Professional Services : Recruiting,
Expenses,Professional Fees,General and Admin,Recruiting,,,1030,,,,42,772000 General and Admin : Professional Services : Recruiting,
Expenses,Professional Fees,General and Admin,Recruiting,,,1030,,,,43,772000 General and Admin : Professional Services : Recruiting,
Expenses,Professional Fees,General and Admin,Recruiting,,,1030,,,,44,772000 General and Admin : Professional Services : Recruiting,
Expenses,Professional Fees,General and Admin,Recruiting,,,1030,,,,45,772000 General and Admin : Professional Services : Recruiting,
Expenses,Professional Fees,General and Admin,Employee Training and Development,,,1031,,,,1,772500 General and Admin : Professional Services : Employee Training and Development,
Expenses,Professional Fees,General and Admin,Employee Training and Development,,,1031,,,,2,772500 General and Admin : Professional Services : Employee Training and Development,
Field Corporate Expenses,Pawville Intermediate Holdings,General and Admin,Professional Services,Employee Training and Development,,1031,,,,3,772500 General and Admin : Professional Services : Employee Training and Development,
Corporate Expenses,General and Admin,Professional Services,Employee Training and Development,,,1031,,,,4,772500 General and Admin : Professional Services : Employee Training and Development,
Expenses,Professional Fees,General and Admin,Employee Training and Development,,,1031,,,,5,772500 General and Admin : Professional Services : Employee Training and Development,
Field Corporate Expenses,PUPS Intermediate Holdings,General and Admin,Professional Services,Employee Training and Development,,1031,,,,6,772500 General and Admin : Professional Services : Employee Training and Development,
Expenses,Professional Fees,General and Admin,Employee Training and Development,,,1031,,,,11,772500 General and Admin : Professional Services : Employee Training and Development,
Expenses,Professional Fees,General and Admin,Employee Training and Development,,,1031,,,,16,772500 General and Admin : Professional Services : Employee Training and Development,
Expenses,Professional Fees,General and Admin,Employee Training and Development,,,1031,,,,19,772500 General and Admin : Professional Services : Employee Training and Development,
Expenses,Professional Fees,General and Admin,Employee Training and Development,,,1031,,,,20,772500 General and Admin : Professional Services : Employee Training and Development,
Expenses,Professional Fees,General and Admin,Employee Training and Development,,,1031,,,,21,772500 General and Admin : Professional Services : Employee Training and Development,
Expenses,Professional Fees,General and Admin,Employee Training and Development,,,1031,,,,22,772500 General and Admin : Professional Services : Employee Training and Development,
Expenses,Professional Fees,General and Admin,Employee Training and Development,,,1031,,,,23,772500 General and Admin : Professional Services : Employee Training and Development,
Expenses,Professional Fees,General and Admin,Employee Training and Development,,,1031,,,,24,772500 General and Admin : Professional Services : Employee Training and Development,
Expenses,Professional Fees,General and Admin,Employee Training and Development,,,1031,,,,25,772500 General and Admin : Professional Services : Employee Training and Development,
Expenses,Professional Fees,General and Admin,Employee Training and Development,,,1031,,,,26,772500 General and Admin : Professional Services : Employee Training and Development,
Expenses,Professional Fees,General and Admin,Employee Training and Development,,,1031,,,,28,772500 General and Admin : Professional Services : Employee Training and Development,
Expenses,Professional Fees,General and Admin,Employee Training and Development,,,1031,,,,29,772500 General and Admin : Professional Services : Employee Training and Development,
Expenses,Professional Fees,General and Admin,Employee Training and Development,,,1031,,,,31,772500 General and Admin : Professional Services : Employee Training and Development,
Expenses,Professional Fees,General and Admin,Employee Training and Development,,,1031,,,,32,772500 General and Admin : Professional Services : Employee Training and Development,
Expenses,Professional Fees,General and Admin,Employee Training and Development,,,1031,,,,33,772500 General and Admin : Professional Services : Employee Training and Development,
Expenses,Professional Fees,General and Admin,Employee Training and Development,,,1031,,,,35,772500 General and Admin : Professional Services : Employee Training and Development,
Expenses,Professional Fees,General and Admin,Employee Training and Development,,,1031,,,,36,772500 General and Admin : Professional Services : Employee Training and Development,
Expenses,Professional Fees,General and Admin,Employee Training and Development,,,1031,,,,37,772500 General and Admin : Professional Services : Employee Training and Development,
Expenses,Professional Fees,General and Admin,Employee Training and Development,,,1031,,,,39,772500 General and Admin : Professional Services : Employee Training and Development,
Expenses,Professional Fees,General and Admin,Employee Training and Development,,,1031,,,,41,772500 General and Admin : Professional Services : Employee Training and Development,
Expenses,Professional Fees,General and Admin,Employee Training and Development,,,1031,,,,42,772500 General and Admin : Professional Services : Employee Training and Development,
Expenses,Professional Fees,General and Admin,Employee Training and Development,,,1031,,,,43,772500 General and Admin : Professional Services : Employee Training and Development,
Expenses,Professional Fees,General and Admin,Employee Training and Development,,,1031,,,,44,772500 General and Admin : Professional Services : Employee Training and Development,
Expenses,Professional Fees,General and Admin,Employee Training and Development,,,1031,,,,45,772500 General and Admin : Professional Services : Employee Training and Development,
Expenses,Professional Fees,General and Admin,Other Professional Services,,,1032,,,,1,773000 General and Admin : Professional Services : Other Professional Services,
Expenses,Professional Fees,General and Admin,Other Professional Services,,,1032,,,,2,773000 General and Admin : Professional Services : Other Professional Services,
Field Corporate Expenses,Pawville Intermediate Holdings,General and Admin,Professional Services,Other Professional Services,,1032,,,,3,773000 General and Admin : Professional Services : Other Professional Services,
Corporate Expenses,General and Admin,Professional Services,Other Professional Services,,,1032,,,,4,773000 General and Admin : Professional Services : Other Professional Services,
Expenses,Professional Fees,General and Admin,Other Professional Services,,,1032,,,,5,773000 General and Admin : Professional Services : Other Professional Services,
Field Corporate Expenses,PUPS Intermediate Holdings,General and Admin,Professional Services,Other Professional Services,,1032,,,,6,773000 General and Admin : Professional Services : Other Professional Services,
Expenses,Professional Fees,General and Admin,Other Professional Services,,,1032,,,,11,773000 General and Admin : Professional Services : Other Professional Services,
Expenses,Professional Fees,General and Admin,Other Professional Services,,,1032,,,,16,773000 General and Admin : Professional Services : Other Professional Services,
Expenses,Professional Fees,General and Admin,Other Professional Services,,,1032,,,,19,773000 General and Admin : Professional Services : Other Professional Services,
Expenses,Professional Fees,General and Admin,Other Professional Services,,,1032,,,,20,773000 General and Admin : Professional Services : Other Professional Services,
Expenses,Professional Fees,General and Admin,Other Professional Services,,,1032,,,,21,773000 General and Admin : Professional Services : Other Professional Services,
Expenses,Professional Fees,General and Admin,Other Professional Services,,,1032,,,,22,773000 General and Admin : Professional Services : Other Professional Services,
Expenses,Professional Fees,General and Admin,Other Professional Services,,,1032,,,,23,773000 General and Admin : Professional Services : Other Professional Services,
Expenses,Professional Fees,General and Admin,Other Professional Services,,,1032,,,,24,773000 General and Admin : Professional Services : Other Professional Services,
Expenses,Professional Fees,General and Admin,Other Professional Services,,,1032,,,,25,773000 General and Admin : Professional Services : Other Professional Services,
Expenses,Professional Fees,General and Admin,Other Professional Services,,,1032,,,,26,773000 General and Admin : Professional Services : Other Professional Services,
Expenses,Professional Fees,General and Admin,Other Professional Services,,,1032,,,,28,773000 General and Admin : Professional Services : Other Professional Services,
Expenses,Professional Fees,General and Admin,Other Professional Services,,,1032,,,,29,773000 General and Admin : Professional Services : Other Professional Services,
Expenses,Professional Fees,General and Admin,Other Professional Services,,,1032,,,,31,773000 General and Admin : Professional Services : Other Professional Services,
Expenses,Professional Fees,General and Admin,Other Professional Services,,,1032,,,,32,773000 General and Admin : Professional Services : Other Professional Services,
Expenses,Professional Fees,General and Admin,Other Professional Services,,,1032,,,,33,773000 General and Admin : Professional Services : Other Professional Services,
Expenses,Professional Fees,General and Admin,Other Professional Services,,,1032,,,,35,773000 General and Admin : Professional Services : Other Professional Services,
Expenses,Professional Fees,General and Admin,Other Professional Services,,,1032,,,,36,773000 General and Admin : Professional Services : Other Professional Services,
Expenses,Professional Fees,General and Admin,Other Professional Services,,,1032,,,,37,773000 General and Admin : Professional Services : Other Professional Services,
Expenses,Professional Fees,General and Admin,Other Professional Services,,,1032,,,,39,773000 General and Admin : Professional Services : Other Professional Services,
Expenses,Professional Fees,General and Admin,Other Professional Services,,,1032,,,,41,773000 General and Admin : Professional Services : Other Professional Services,
Expenses,Professional Fees,General and Admin,Other Professional Services,,,1032,,,,42,773000 General and Admin : Professional Services : Other Professional Services,
Expenses,Professional Fees,General and Admin,Other Professional Services,,,1032,,,,43,773000 General and Admin : Professional Services : Other Professional Services,
Expenses,Professional Fees,General and Admin,Other Professional Services,,,1032,,,,44,773000 General and Admin : Professional Services : Other Professional Services,
Expenses,Professional Fees,General and Admin,Other Professional Services,,,1032,,,,45,773000 General and Admin : Professional Services : Other Professional Services,
Expenses,Operations Expense,General and Admin,Other G&A Expenses,Bank Fees and Charges,,1033,,,,1,780500 General and Admin : Other G&A Expenses : Bank Fees and Charges,
Expenses,Operations Expense,General and Admin,Other G&A Expenses,Bank Fees and Charges,,1033,,,,2,780500 General and Admin : Other G&A Expenses : Bank Fees and Charges,
Field Corporate Expenses,Pawville Intermediate Holdings,General and Admin,Other G&A Expenses,Bank Fees and Charges,,1033,,,,3,780500 General and Admin : Other G&A Expenses : Bank Fees and Charges,
Corporate Expenses,General and Admin,Other G&A Expenses,Bank Fees and Charges,,,1033,,,,4,780500 General and Admin : Other G&A Expenses : Bank Fees and Charges,
Expenses,Operations Expense,General and Admin,Other G&A Expenses,Bank Fees and Charges,,1033,,,,5,780500 General and Admin : Other G&A Expenses : Bank Fees and Charges,
Field Corporate Expenses,PUPS Intermediate Holdings,General and Admin,Other G&A Expenses,Bank Fees and Charges,,1033,,,,6,780500 General and Admin : Other G&A Expenses : Bank Fees and Charges,
Expenses,Operations Expense,General and Admin,Other G&A Expenses,Bank Fees and Charges,,1033,,,,11,780500 General and Admin : Other G&A Expenses : Bank Fees and Charges,
Expenses,Operations Expense,General and Admin,Other G&A Expenses,Bank Fees and Charges,,1033,,,,16,780500 General and Admin : Other G&A Expenses : Bank Fees and Charges,
Expenses,Operations Expense,General and Admin,Other G&A Expenses,Bank Fees and Charges,,1033,,,,19,780500 General and Admin : Other G&A Expenses : Bank Fees and Charges,
Expenses,Operations Expense,General and Admin,Other G&A Expenses,Bank Fees and Charges,,1033,,,,20,780500 General and Admin : Other G&A Expenses : Bank Fees and Charges,
Expenses,Operations Expense,General and Admin,Other G&A Expenses,Bank Fees and Charges,,1033,,,,21,780500 General and Admin : Other G&A Expenses : Bank Fees and Charges,
Expenses,Operations Expense,General and Admin,Other G&A Expenses,Bank Fees and Charges,,1033,,,,22,780500 General and Admin : Other G&A Expenses : Bank Fees and Charges,
Expenses,Operations Expense,General and Admin,Other G&A Expenses,Bank Fees and Charges,,1033,,,,23,780500 General and Admin : Other G&A Expenses : Bank Fees and Charges,
Expenses,Operations Expense,General and Admin,Other G&A Expenses,Bank Fees and Charges,,1033,,,,24,780500 General and Admin : Other G&A Expenses : Bank Fees and Charges,
Expenses,Operations Expense,General and Admin,Other G&A Expenses,Bank Fees and Charges,,1033,,,,25,780500 General and Admin : Other G&A Expenses : Bank Fees and Charges,
Expenses,Operations Expense,General and Admin,Other G&A Expenses,Bank Fees and Charges,,1033,,,,26,780500 General and Admin : Other G&A Expenses : Bank Fees and Charges,
Expenses,Operations Expense,General and Admin,Other G&A Expenses,Bank Fees and Charges,,1033,,,,28,780500 General and Admin : Other G&A Expenses : Bank Fees and Charges,
Expenses,Operations Expense,General and Admin,Other G&A Expenses,Bank Fees and Charges,,1033,,,,29,780500 General and Admin : Other G&A Expenses : Bank Fees and Charges,
Expenses,Operations Expense,General and Admin,Other G&A Expenses,Bank Fees and Charges,,1033,,,,31,780500 General and Admin : Other G&A Expenses : Bank Fees and Charges,
Expenses,Operations Expense,General and Admin,Other G&A Expenses,Bank Fees and Charges,,1033,,,,32,780500 General and Admin : Other G&A Expenses : Bank Fees and Charges,
Expenses,Operations Expense,General and Admin,Other G&A Expenses,Bank Fees and Charges,,1033,,,,33,780500 General and Admin : Other G&A Expenses : Bank Fees and Charges,
Expenses,Operations Expense,General and Admin,Other G&A Expenses,Bank Fees and Charges,,1033,,,,35,780500 General and Admin : Other G&A Expenses : Bank Fees and Charges,
Expenses,Operations Expense,General and Admin,Other G&A Expenses,Bank Fees and Charges,,1033,,,,36,780500 General and Admin : Other G&A Expenses : Bank Fees and Charges,
Expenses,Operations Expense,General and Admin,Other G&A Expenses,Bank Fees and Charges,,1033,,,,37,780500 General and Admin : Other G&A Expenses : Bank Fees and Charges,
Expenses,Operations Expense,General and Admin,Other G&A Expenses,Bank Fees and Charges,,1033,,,,39,780500 General and Admin : Other G&A Expenses : Bank Fees and Charges,
Expenses,Operations Expense,General and Admin,Other G&A Expenses,Bank Fees and Charges,,1033,,,,41,780500 General and Admin : Other G&A Expenses : Bank Fees and Charges,
Expenses,Operations Expense,General and Admin,Other G&A Expenses,Bank Fees and Charges,,1033,,,,42,780500 General and Admin : Other G&A Expenses : Bank Fees and Charges,
Expenses,Operations Expense,General and Admin,Other G&A Expenses,Bank Fees and Charges,,1033,,,,43,780500 General and Admin : Other G&A Expenses : Bank Fees and Charges,
Expenses,Operations Expense,General and Admin,Other G&A Expenses,Bank Fees and Charges,,1033,,,,44,780500 General and Admin : Other G&A Expenses : Bank Fees and Charges,
Expenses,Operations Expense,General and Admin,Other G&A Expenses,Bank Fees and Charges,,1033,,,,45,780500 General and Admin : Other G&A Expenses : Bank Fees and Charges,
Expenses,Operations Expense,General and Admin,Other G&A Expenses,Interest Paid,,1034,,,,1,781000 General and Admin : Other G&A Expenses : Interest Paid,
Expenses,Operations Expense,General and Admin,Other G&A Expenses,Interest Paid,,1034,,,,2,781000 General and Admin : Other G&A Expenses : Interest Paid,
Field Corporate Expenses,Pawville Intermediate Holdings,General and Admin,Other G&A Expenses,Interest Paid,,1034,,,,3,781000 General and Admin : Other G&A Expenses : Interest Paid,
Corporate Expenses,General and Admin,Other G&A Expenses,Interest Paid,,,1034,,,,4,781000 General and Admin : Other G&A Expenses : Interest Paid,
Expenses,Operations Expense,General and Admin,Other G&A Expenses,Interest Paid,,1034,,,,5,781000 General and Admin : Other G&A Expenses : Interest Paid,
Field Corporate Expenses,PUPS Intermediate Holdings,General and Admin,Other G&A Expenses,Interest Paid,,1034,,,,6,781000 General and Admin : Other G&A Expenses : Interest Paid,
Expenses,Operations Expense,General and Admin,Other G&A Expenses,Interest Paid,,1034,,,,11,781000 General and Admin : Other G&A Expenses : Interest Paid,
Expenses,Operations Expense,General and Admin,Other G&A Expenses,Interest Paid,,1034,,,,16,781000 General and Admin : Other G&A Expenses : Interest Paid,
Expenses,Operations Expense,General and Admin,Other G&A Expenses,Interest Paid,,1034,,,,19,781000 General and Admin : Other G&A Expenses : Interest Paid,
Expenses,Operations Expense,General and Admin,Other G&A Expenses,Interest Paid,,1034,,,,20,781000 General and Admin : Other G&A Expenses : Interest Paid,
Expenses,Operations Expense,General and Admin,Other G&A Expenses,Interest Paid,,1034,,,,21,781000 General and Admin : Other G&A Expenses : Interest Paid,
Expenses,Operations Expense,General and Admin,Other G&A Expenses,Interest Paid,,1034,,,,22,781000 General and Admin : Other G&A Expenses : Interest Paid,
Expenses,Operations Expense,General and Admin,Other G&A Expenses,Interest Paid,,1034,,,,23,781000 General and Admin : Other G&A Expenses : Interest Paid,
Expenses,Operations Expense,General and Admin,Other G&A Expenses,Interest Paid,,1034,,,,24,781000 General and Admin : Other G&A Expenses : Interest Paid,
Expenses,Operations Expense,General and Admin,Other G&A Expenses,Interest Paid,,1034,,,,25,781000 General and Admin : Other G&A Expenses : Interest Paid,
Expenses,Operations Expense,General and Admin,Other G&A Expenses,Interest Paid,,1034,,,,26,781000 General and Admin : Other G&A Expenses : Interest Paid,
Expenses,Operations Expense,General and Admin,Other G&A Expenses,Interest Paid,,1034,,,,28,781000 General and Admin : Other G&A Expenses : Interest Paid,
Expenses,Operations Expense,General and Admin,Other G&A Expenses,Interest Paid,,1034,,,,29,781000 General and Admin : Other G&A Expenses : Interest Paid,
Expenses,Operations Expense,General and Admin,Other G&A Expenses,Interest Paid,,1034,,,,31,781000 General and Admin : Other G&A Expenses : Interest Paid,
Expenses,Operations Expense,General and Admin,Other G&A Expenses,Interest Paid,,1034,,,,32,781000 General and Admin : Other G&A Expenses : Interest Paid,
Expenses,Operations Expense,General and Admin,Other G&A Expenses,Interest Paid,,1034,,,,33,781000 General and Admin : Other G&A Expenses : Interest Paid,
Expenses,Operations Expense,General and Admin,Other G&A Expenses,Interest Paid,,1034,,,,35,781000 General and Admin : Other G&A Expenses : Interest Paid,
Expenses,Operations Expense,General and Admin,Other G&A Expenses,Interest Paid,,1034,,,,36,781000 General and Admin : Other G&A Expenses : Interest Paid,
Expenses,Operations Expense,General and Admin,Other G&A Expenses,Interest Paid,,1034,,,,37,781000 General and Admin : Other G&A Expenses : Interest Paid,
Expenses,Operations Expense,General and Admin,Other G&A Expenses,Interest Paid,,1034,,,,39,781000 General and Admin : Other G&A Expenses : Interest Paid,
Expenses,Operations Expense,General and Admin,Other G&A Expenses,Interest Paid,,1034,,,,41,781000 General and Admin : Other G&A Expenses : Interest Paid,
Expenses,Operations Expense,General and Admin,Other G&A Expenses,Interest Paid,,1034,,,,42,781000 General and Admin : Other G&A Expenses : Interest Paid,
Expenses,Operations Expense,General and Admin,Other G&A Expenses,Interest Paid,,1034,,,,43,781000 General and Admin : Other G&A Expenses : Interest Paid,
Expenses,Operations Expense,General and Admin,Other G&A Expenses,Interest Paid,,1034,,,,44,781000 General and Admin : Other G&A Expenses : Interest Paid,
Expenses,Operations Expense,General and Admin,Other G&A Expenses,Interest Paid,,1034,,,,45,781000 General and Admin : Other G&A Expenses : Interest Paid,
Expenses,Operations Expense,General and Admin,Other G&A Expenses,Dues and Subscriptions,,1035,,,,1,781500 General and Admin : Other G&A Expenses : Dues and Subscriptions,
Expenses,Operations Expense,General and Admin,Other G&A Expenses,Dues and Subscriptions,,1035,,,,2,781500 General and Admin : Other G&A Expenses : Dues and Subscriptions,
Field Corporate Expenses,Pawville Intermediate Holdings,General and Admin,Other G&A Expenses,Dues and Subscriptions,,1035,,,,3,781500 General and Admin : Other G&A Expenses : Dues and Subscriptions,
Corporate Expenses,General and Admin,Other G&A Expenses,Dues and Subscriptions,,,1035,,,,4,781500 General and Admin : Other G&A Expenses : Dues and Subscriptions,
Expenses,Operations Expense,General and Admin,Other G&A Expenses,Dues and Subscriptions,,1035,,,,5,781500 General and Admin : Other G&A Expenses : Dues and Subscriptions,
Field Corporate Expenses,PUPS Intermediate Holdings,General and Admin,Other G&A Expenses,Dues and Subscriptions,,1035,,,,6,781500 General and Admin : Other G&A Expenses : Dues and Subscriptions,
Expenses,Operations Expense,General and Admin,Other G&A Expenses,Dues and Subscriptions,,1035,,,,11,781500 General and Admin : Other G&A Expenses : Dues and Subscriptions,
Expenses,Operations Expense,General and Admin,Other G&A Expenses,Dues and Subscriptions,,1035,,,,16,781500 General and Admin : Other G&A Expenses : Dues and Subscriptions,
Expenses,Operations Expense,General and Admin,Other G&A Expenses,Dues and Subscriptions,,1035,,,,19,781500 General and Admin : Other G&A Expenses : Dues and Subscriptions,
Expenses,Operations Expense,General and Admin,Other G&A Expenses,Dues and Subscriptions,,1035,,,,20,781500 General and Admin : Other G&A Expenses : Dues and Subscriptions,
Expenses,Operations Expense,General and Admin,Other G&A Expenses,Dues and Subscriptions,,1035,,,,21,781500 General and Admin : Other G&A Expenses : Dues and Subscriptions,
Expenses,Operations Expense,General and Admin,Other G&A Expenses,Dues and Subscriptions,,1035,,,,22,781500 General and Admin : Other G&A Expenses : Dues and Subscriptions,
Expenses,Operations Expense,General and Admin,Other G&A Expenses,Dues and Subscriptions,,1035,,,,23,781500 General and Admin : Other G&A Expenses : Dues and Subscriptions,
Expenses,Operations Expense,General and Admin,Other G&A Expenses,Dues and Subscriptions,,1035,,,,24,781500 General and Admin : Other G&A Expenses : Dues and Subscriptions,
Expenses,Operations Expense,General and Admin,Other G&A Expenses,Dues and Subscriptions,,1035,,,,25,781500 General and Admin : Other G&A Expenses : Dues and Subscriptions,
Expenses,Operations Expense,General and Admin,Other G&A Expenses,Dues and Subscriptions,,1035,,,,26,781500 General and Admin : Other G&A Expenses : Dues and Subscriptions,
Expenses,Operations Expense,General and Admin,Other G&A Expenses,Dues and Subscriptions,,1035,,,,28,781500 General and Admin : Other G&A Expenses : Dues and Subscriptions,
Expenses,Operations Expense,General and Admin,Other G&A Expenses,Dues and Subscriptions,,1035,,,,29,781500 General and Admin : Other G&A Expenses : Dues and Subscriptions,
Expenses,Operations Expense,General and Admin,Other G&A Expenses,Dues and Subscriptions,,1035,,,,31,781500 General and Admin : Other G&A Expenses : Dues and Subscriptions,
Expenses,Operations Expense,General and Admin,Other G&A Expenses,Dues and Subscriptions,,1035,,,,32,781500 General and Admin : Other G&A Expenses : Dues and Subscriptions,
Expenses,Operations Expense,General and Admin,Other G&A Expenses,Dues and Subscriptions,,1035,,,,33,781500 General and Admin : Other G&A Expenses : Dues and Subscriptions,
Expenses,Operations Expense,General and Admin,Other G&A Expenses,Dues and Subscriptions,,1035,,,,35,781500 General and Admin : Other G&A Expenses : Dues and Subscriptions,
Expenses,Operations Expense,General and Admin,Other G&A Expenses,Dues and Subscriptions,,1035,,,,36,781500 General and Admin : Other G&A Expenses : Dues and Subscriptions,
Expenses,Operations Expense,General and Admin,Other G&A Expenses,Dues and Subscriptions,,1035,,,,37,781500 General and Admin : Other G&A Expenses : Dues and Subscriptions,
Expenses,Operations Expense,General and Admin,Other G&A Expenses,Dues and Subscriptions,,1035,,,,39,781500 General and Admin : Other G&A Expenses : Dues and Subscriptions,
Expenses,Operations Expense,General and Admin,Other G&A Expenses,Dues and Subscriptions,,1035,,,,41,781500 General and Admin : Other G&A Expenses : Dues and Subscriptions,
Expenses,Operations Expense,General and Admin,Other G&A Expenses,Dues and Subscriptions,,1035,,,,42,781500 General and Admin : Other G&A Expenses : Dues and Subscriptions,
Expenses,Operations Expense,General and Admin,Other G&A Expenses,Dues and Subscriptions,,1035,,,,43,781500 General and Admin : Other G&A Expenses : Dues and Subscriptions,
Expenses,Operations Expense,General and Admin,Other G&A Expenses,Dues and Subscriptions,,1035,,,,44,781500 General and Admin : Other G&A Expenses : Dues and Subscriptions,
Expenses,Operations Expense,General and Admin,Other G&A Expenses,Dues and Subscriptions,,1035,,,,45,781500 General and Admin : Other G&A Expenses : Dues and Subscriptions,
Expenses,Operations Expense,General and Admin,Other G&A Expenses,Charitable Contributions,,1036,,,,1,782000 General and Admin : Other G&A Expenses : Charitable Contributions,
Expenses,Operations Expense,General and Admin,Other G&A Expenses,Charitable Contributions,,1036,,,,2,782000 General and Admin : Other G&A Expenses : Charitable Contributions,
Field Corporate Expenses,Pawville Intermediate Holdings,General and Admin,Other G&A Expenses,Charitable Contributions,,1036,,,,3,782000 General and Admin : Other G&A Expenses : Charitable Contributions,
Corporate Expenses,General and Admin,Other G&A Expenses,Charitable Contributions,,,1036,,,,4,782000 General and Admin : Other G&A Expenses : Charitable Contributions,
Expenses,Operations Expense,General and Admin,Other G&A Expenses,Charitable Contributions,,1036,,,,5,782000 General and Admin : Other G&A Expenses : Charitable Contributions,
Field Corporate Expenses,PUPS Intermediate Holdings,General and Admin,Other G&A Expenses,Charitable Contributions,,1036,,,,6,782000 General and Admin : Other G&A Expenses : Charitable Contributions,
Expenses,Operations Expense,General and Admin,Other G&A Expenses,Charitable Contributions,,1036,,,,11,782000 General and Admin : Other G&A Expenses : Charitable Contributions,
Expenses,Operations Expense,General and Admin,Other G&A Expenses,Charitable Contributions,,1036,,,,16,782000 General and Admin : Other G&A Expenses : Charitable Contributions,
Expenses,Operations Expense,General and Admin,Other G&A Expenses,Charitable Contributions,,1036,,,,19,782000 General and Admin : Other G&A Expenses : Charitable Contributions,
Expenses,Operations Expense,General and Admin,Other G&A Expenses,Charitable Contributions,,1036,,,,20,782000 General and Admin : Other G&A Expenses : Charitable Contributions,
Expenses,Operations Expense,General and Admin,Other G&A Expenses,Charitable Contributions,,1036,,,,21,782000 General and Admin : Other G&A Expenses : Charitable Contributions,
Expenses,Operations Expense,General and Admin,Other G&A Expenses,Charitable Contributions,,1036,,,,22,782000 General and Admin : Other G&A Expenses : Charitable Contributions,
Expenses,Operations Expense,General and Admin,Other G&A Expenses,Charitable Contributions,,1036,,,,23,782000 General and Admin : Other G&A Expenses : Charitable Contributions,
Expenses,Operations Expense,General and Admin,Other G&A Expenses,Charitable Contributions,,1036,,,,24,782000 General and Admin : Other G&A Expenses : Charitable Contributions,
Expenses,Operations Expense,General and Admin,Other G&A Expenses,Charitable Contributions,,1036,,,,25,782000 General and Admin : Other G&A Expenses : Charitable Contributions,
Expenses,Operations Expense,General and Admin,Other G&A Expenses,Charitable Contributions,,1036,,,,26,782000 General and Admin : Other G&A Expenses : Charitable Contributions,
Expenses,Operations Expense,General and Admin,Other G&A Expenses,Charitable Contributions,,1036,,,,28,782000 General and Admin : Other G&A Expenses : Charitable Contributions,
Expenses,Operations Expense,General and Admin,Other G&A Expenses,Charitable Contributions,,1036,,,,29,782000 General and Admin : Other G&A Expenses : Charitable Contributions,
Expenses,Operations Expense,General and Admin,Other G&A Expenses,Charitable Contributions,,1036,,,,31,782000 General and Admin : Other G&A Expenses : Charitable Contributions,
Expenses,Operations Expense,General and Admin,Other G&A Expenses,Charitable Contributions,,1036,,,,32,782000 General and Admin : Other G&A Expenses : Charitable Contributions,
Expenses,Operations Expense,General and Admin,Other G&A Expenses,Charitable Contributions,,1036,,,,33,782000 General and Admin : Other G&A Expenses : Charitable Contributions,
Expenses,Operations Expense,General and Admin,Other G&A Expenses,Charitable Contributions,,1036,,,,35,782000 General and Admin : Other G&A Expenses : Charitable Contributions,
Expenses,Operations Expense,General and Admin,Other G&A Expenses,Charitable Contributions,,1036,,,,36,782000 General and Admin : Other G&A Expenses : Charitable Contributions,
Expenses,Operations Expense,General and Admin,Other G&A Expenses,Charitable Contributions,,1036,,,,37,782000 General and Admin : Other G&A Expenses : Charitable Contributions,
Expenses,Operations Expense,General and Admin,Other G&A Expenses,Charitable Contributions,,1036,,,,39,782000 General and Admin : Other G&A Expenses : Charitable Contributions,
Expenses,Operations Expense,General and Admin,Other G&A Expenses,Charitable Contributions,,1036,,,,41,782000 General and Admin : Other G&A Expenses : Charitable Contributions,
Expenses,Operations Expense,General and Admin,Other G&A Expenses,Charitable Contributions,,1036,,,,42,782000 General and Admin : Other G&A Expenses : Charitable Contributions,
Expenses,Operations Expense,General and Admin,Other G&A Expenses,Charitable Contributions,,1036,,,,43,782000 General and Admin : Other G&A Expenses : Charitable Contributions,
Expenses,Operations Expense,General and Admin,Other G&A Expenses,Charitable Contributions,,1036,,,,44,782000 General and Admin : Other G&A Expenses : Charitable Contributions,
Expenses,Operations Expense,General and Admin,Other G&A Expenses,Charitable Contributions,,1036,,,,45,782000 General and Admin : Other G&A Expenses : Charitable Contributions,
Expenses,Operations Expense,General and Admin,Other G&A Expenses,Taxes and Licenses,,1037,,,,1,782500 General and Admin : Other G&A Expenses : Taxes and Licenses,
Expenses,Operations Expense,General and Admin,Other G&A Expenses,Taxes and Licenses,,1037,,,,2,782500 General and Admin : Other G&A Expenses : Taxes and Licenses,
Field Corporate Expenses,Pawville Intermediate Holdings,General and Admin,Other G&A Expenses,Taxes and Licenses,,1037,,,,3,782500 General and Admin : Other G&A Expenses : Taxes and Licenses,
Corporate Expenses,General and Admin,Other G&A Expenses,Taxes and Licenses,,,1037,,,,4,782500 General and Admin : Other G&A Expenses : Taxes and Licenses,
Expenses,Operations Expense,General and Admin,Other G&A Expenses,Taxes and Licenses,,1037,,,,5,782500 General and Admin : Other G&A Expenses : Taxes and Licenses,
Field Corporate Expenses,PUPS Intermediate Holdings,General and Admin,Other G&A Expenses,Taxes and Licenses,,1037,,,,6,782500 General and Admin : Other G&A Expenses : Taxes and Licenses,
Expenses,Operations Expense,General and Admin,Other G&A Expenses,Taxes and Licenses,,1037,,,,11,782500 General and Admin : Other G&A Expenses : Taxes and Licenses,
Expenses,Operations Expense,General and Admin,Other G&A Expenses,Taxes and Licenses,,1037,,,,16,782500 General and Admin : Other G&A Expenses : Taxes and Licenses,
Expenses,Operations Expense,General and Admin,Other G&A Expenses,Taxes and Licenses,,1037,,,,19,782500 General and Admin : Other G&A Expenses : Taxes and Licenses,
Expenses,Operations Expense,General and Admin,Other G&A Expenses,Taxes and Licenses,,1037,,,,20,782500 General and Admin : Other G&A Expenses : Taxes and Licenses,
Expenses,Operations Expense,General and Admin,Other G&A Expenses,Taxes and Licenses,,1037,,,,21,782500 General and Admin : Other G&A Expenses : Taxes and Licenses,
Expenses,Operations Expense,General and Admin,Other G&A Expenses,Taxes and Licenses,,1037,,,,22,782500 General and Admin : Other G&A Expenses : Taxes and Licenses,
Expenses,Operations Expense,General and Admin,Other G&A Expenses,Taxes and Licenses,,1037,,,,23,782500 General and Admin : Other G&A Expenses : Taxes and Licenses,
Expenses,Operations Expense,General and Admin,Other G&A Expenses,Taxes and Licenses,,1037,,,,24,782500 General and Admin : Other G&A Expenses : Taxes and Licenses,
Expenses,Operations Expense,General and Admin,Other G&A Expenses,Taxes and Licenses,,1037,,,,25,782500 General and Admin : Other G&A Expenses : Taxes and Licenses,
Expenses,Operations Expense,General and Admin,Other G&A Expenses,Taxes and Licenses,,1037,,,,26,782500 General and Admin : Other G&A Expenses : Taxes and Licenses,
Expenses,Operations Expense,General and Admin,Other G&A Expenses,Taxes and Licenses,,1037,,,,28,782500 General and Admin : Other G&A Expenses : Taxes and Licenses,
Expenses,Operations Expense,General and Admin,Other G&A Expenses,Taxes and Licenses,,1037,,,,29,782500 General and Admin : Other G&A Expenses : Taxes and Licenses,
Expenses,Operations Expense,General and Admin,Other G&A Expenses,Taxes and Licenses,,1037,,,,31,782500 General and Admin : Other G&A Expenses : Taxes and Licenses,
Expenses,Operations Expense,General and Admin,Other G&A Expenses,Taxes and Licenses,,1037,,,,32,782500 General and Admin : Other G&A Expenses : Taxes and Licenses,
Expenses,Operations Expense,General and Admin,Other G&A Expenses,Taxes and Licenses,,1037,,,,33,782500 General and Admin : Other G&A Expenses : Taxes and Licenses,
Expenses,Operations Expense,General and Admin,Other G&A Expenses,Taxes and Licenses,,1037,,,,35,782500 General and Admin : Other G&A Expenses : Taxes and Licenses,
Expenses,Operations Expense,General and Admin,Other G&A Expenses,Taxes and Licenses,,1037,,,,36,782500 General and Admin : Other G&A Expenses : Taxes and Licenses,
Expenses,Operations Expense,General and Admin,Other G&A Expenses,Taxes and Licenses,,1037,,,,37,782500 General and Admin : Other G&A Expenses : Taxes and Licenses,
Expenses,Operations Expense,General and Admin,Other G&A Expenses,Taxes and Licenses,,1037,,,,39,782500 General and Admin : Other G&A Expenses : Taxes and Licenses,
Expenses,Operations Expense,General and Admin,Other G&A Expenses,Taxes and Licenses,,1037,,,,41,782500 General and Admin : Other G&A Expenses : Taxes and Licenses,
Expenses,Operations Expense,General and Admin,Other G&A Expenses,Taxes and Licenses,,1037,,,,42,782500 General and Admin : Other G&A Expenses : Taxes and Licenses,
Expenses,Operations Expense,General and Admin,Other G&A Expenses,Taxes and Licenses,,1037,,,,43,782500 General and Admin : Other G&A Expenses : Taxes and Licenses,
Expenses,Operations Expense,General and Admin,Other G&A Expenses,Taxes and Licenses,,1037,,,,44,782500 General and Admin : Other G&A Expenses : Taxes and Licenses,
Expenses,Operations Expense,General and Admin,Other G&A Expenses,Taxes and Licenses,,1037,,,,45,782500 General and Admin : Other G&A Expenses : Taxes and Licenses,
Other Expenses,Other Expense,Depreciation,Depreciation -Equipment,,,1038,,,,1,852010 Other Expense : Depreciation : Depreciation -Equipment,
Other Expenses,Other Expense,Depreciation,Depreciation -Equipment,,,1038,,,,2,852010 Other Expense : Depreciation : Depreciation -Equipment,
Other Expenses,Other Expense,Depreciation,Depreciation -Equipment,,,1038,,,,3,852010 Other Expense : Depreciation : Depreciation -Equipment,
Other Expenses,Other Expense,Depreciation,Depreciation -Equipment,,,1038,,,,4,852010 Other Expense : Depreciation : Depreciation -Equipment,
Other Expenses,Other Expense,Depreciation,Depreciation -Equipment,,,1038,,,,5,852010 Other Expense : Depreciation : Depreciation -Equipment,
Other Expenses,Other Expense,Depreciation,Depreciation -Equipment,,,1038,,,,6,852010 Other Expense : Depreciation : Depreciation -Equipment,
Other Expenses,Other Expense,Depreciation,Depreciation -Equipment,,,1038,,,,11,852010 Other Expense : Depreciation : Depreciation -Equipment,
Other Expenses,Other Expense,Depreciation,Depreciation -Equipment,,,1038,,,,16,852010 Other Expense : Depreciation : Depreciation -Equipment,
Other Expenses,Other Expense,Depreciation,Depreciation -Equipment,,,1038,,,,19,852010 Other Expense : Depreciation : Depreciation -Equipment,
Other Expenses,Other Expense,Depreciation,Depreciation -Equipment,,,1038,,,,20,852010 Other Expense : Depreciation : Depreciation -Equipment,
Other Expenses,Other Expense,Depreciation,Depreciation -Equipment,,,1038,,,,21,852010 Other Expense : Depreciation : Depreciation -Equipment,
Other Expenses,Other Expense,Depreciation,Depreciation -Equipment,,,1038,,,,22,852010 Other Expense : Depreciation : Depreciation -Equipment,
Other Expenses,Other Expense,Depreciation,Depreciation -Equipment,,,1038,,,,23,852010 Other Expense : Depreciation : Depreciation -Equipment,
Other Expenses,Other Expense,Depreciation,Depreciation -Equipment,,,1038,,,,24,852010 Other Expense : Depreciation : Depreciation -Equipment,
Other Expenses,Other Expense,Depreciation,Depreciation -Equipment,,,1038,,,,25,852010 Other Expense : Depreciation : Depreciation -Equipment,
Other Expenses,Other Expense,Depreciation,Depreciation -Equipment,,,1038,,,,26,852010 Other Expense : Depreciation : Depreciation -Equipment,
Other Expenses,Other Expense,Depreciation,Depreciation -Equipment,,,1038,,,,28,852010 Other Expense : Depreciation : Depreciation -Equipment,
Other Expenses,Other Expense,Depreciation,Depreciation -Equipment,,,1038,,,,29,852010 Other Expense : Depreciation : Depreciation -Equipment,
Other Expenses,Other Expense,Depreciation,Depreciation -Equipment,,,1038,,,,31,852010 Other Expense : Depreciation : Depreciation -Equipment,
Other Expenses,Other Expense,Depreciation,Depreciation -Equipment,,,1038,,,,32,852010 Other Expense : Depreciation : Depreciation -Equipment,
Other Expenses,Other Expense,Depreciation,Depreciation -Equipment,,,1038,,,,33,852010 Other Expense : Depreciation : Depreciation -Equipment,
Other Expenses,Other Expense,Depreciation,Depreciation -Equipment,,,1038,,,,35,852010 Other Expense : Depreciation : Depreciation -Equipment,
Other Expenses,Other Expense,Depreciation,Depreciation -Equipment,,,1038,,,,36,852010 Other Expense : Depreciation : Depreciation -Equipment,
Other Expenses,Other Expense,Depreciation,Depreciation -Equipment,,,1038,,,,37,852010 Other Expense : Depreciation : Depreciation -Equipment,
Other Expenses,Other Expense,Depreciation,Depreciation -Equipment,,,1038,,,,39,852010 Other Expense : Depreciation : Depreciation -Equipment,
Other Expenses,Other Expense,Depreciation,Depreciation -Equipment,,,1038,,,,41,852010 Other Expense : Depreciation : Depreciation -Equipment,
Other Expenses,Other Expense,Depreciation,Depreciation -Equipment,,,1038,,,,42,852010 Other Expense : Depreciation : Depreciation -Equipment,
Other Expenses,Other Expense,Depreciation,Depreciation -Equipment,,,1038,,,,43,852010 Other Expense : Depreciation : Depreciation -Equipment,
Other Expenses,Other Expense,Depreciation,Depreciation -Equipment,,,1038,,,,44,852010 Other Expense : Depreciation : Depreciation -Equipment,
Other Expenses,Other Expense,Depreciation,Depreciation -Equipment,,,1038,,,,45,852010 Other Expense : Depreciation : Depreciation -Equipment,
Other Expenses,Other Expense,Depreciation,Depreciation - Furniture & Fixtures,,,1039,,,,1,852020 Other Expense : Depreciation : Depreciation - Furniture & Fixtures,
Other Expenses,Other Expense,Depreciation,Depreciation - Furniture & Fixtures,,,1039,,,,2,852020 Other Expense : Depreciation : Depreciation - Furniture & Fixtures,
Other Expenses,Other Expense,Depreciation,Depreciation - Furniture & Fixtures,,,1039,,,,3,852020 Other Expense : Depreciation : Depreciation - Furniture & Fixtures,
Other Expenses,Other Expense,Depreciation,Depreciation - Furniture & Fixtures,,,1039,,,,4,852020 Other Expense : Depreciation : Depreciation - Furniture & Fixtures,
Other Expenses,Other Expense,Depreciation,Depreciation - Furniture & Fixtures,,,1039,,,,5,852020 Other Expense : Depreciation : Depreciation - Furniture & Fixtures,
Other Expenses,Other Expense,Depreciation,Depreciation - Furniture & Fixtures,,,1039,,,,6,852020 Other Expense : Depreciation : Depreciation - Furniture & Fixtures,
Other Expenses,Other Expense,Depreciation,Depreciation - Furniture & Fixtures,,,1039,,,,11,852020 Other Expense : Depreciation : Depreciation - Furniture & Fixtures,
Other Expenses,Other Expense,Depreciation,Depreciation - Furniture & Fixtures,,,1039,,,,16,852020 Other Expense : Depreciation : Depreciation - Furniture & Fixtures,
Other Expenses,Other Expense,Depreciation,Depreciation - Furniture & Fixtures,,,1039,,,,19,852020 Other Expense : Depreciation : Depreciation - Furniture & Fixtures,
Other Expenses,Other Expense,Depreciation,Depreciation - Furniture & Fixtures,,,1039,,,,20,852020 Other Expense : Depreciation : Depreciation - Furniture & Fixtures,
Other Expenses,Other Expense,Depreciation,Depreciation - Furniture & Fixtures,,,1039,,,,21,852020 Other Expense : Depreciation : Depreciation - Furniture & Fixtures,
Other Expenses,Other Expense,Depreciation,Depreciation - Furniture & Fixtures,,,1039,,,,22,852020 Other Expense : Depreciation : Depreciation - Furniture & Fixtures,
Other Expenses,Other Expense,Depreciation,Depreciation - Furniture & Fixtures,,,1039,,,,23,852020 Other Expense : Depreciation : Depreciation - Furniture & Fixtures,
Other Expenses,Other Expense,Depreciation,Depreciation - Furniture & Fixtures,,,1039,,,,24,852020 Other Expense : Depreciation : Depreciation - Furniture & Fixtures,
Other Expenses,Other Expense,Depreciation,Depreciation - Furniture & Fixtures,,,1039,,,,25,852020 Other Expense : Depreciation : Depreciation - Furniture & Fixtures,
Other Expenses,Other Expense,Depreciation,Depreciation - Furniture & Fixtures,,,1039,,,,26,852020 Other Expense : Depreciation : Depreciation - Furniture & Fixtures,
Other Expenses,Other Expense,Depreciation,Depreciation - Furniture & Fixtures,,,1039,,,,28,852020 Other Expense : Depreciation : Depreciation - Furniture & Fixtures,
Other Expenses,Other Expense,Depreciation,Depreciation - Furniture & Fixtures,,,1039,,,,29,852020 Other Expense : Depreciation : Depreciation - Furniture & Fixtures,
Other Expenses,Other Expense,Depreciation,Depreciation - Furniture & Fixtures,,,1039,,,,31,852020 Other Expense : Depreciation : Depreciation - Furniture & Fixtures,
Other Expenses,Other Expense,Depreciation,Depreciation - Furniture & Fixtures,,,1039,,,,32,852020 Other Expense : Depreciation : Depreciation - Furniture & Fixtures,
Other Expenses,Other Expense,Depreciation,Depreciation - Furniture & Fixtures,,,1039,,,,33,852020 Other Expense : Depreciation : Depreciation - Furniture & Fixtures,
Other Expenses,Other Expense,Depreciation,Depreciation - Furniture & Fixtures,,,1039,,,,35,852020 Other Expense : Depreciation : Depreciation - Furniture & Fixtures,
Other Expenses,Other Expense,Depreciation,Depreciation - Furniture & Fixtures,,,1039,,,,36,852020 Other Expense : Depreciation : Depreciation - Furniture & Fixtures,
Other Expenses,Other Expense,Depreciation,Depreciation - Furniture & Fixtures,,,1039,,,,37,852020 Other Expense : Depreciation : Depreciation - Furniture & Fixtures,
Other Expenses,Other Expense,Depreciation,Depreciation - Furniture & Fixtures,,,1039,,,,39,852020 Other Expense : Depreciation : Depreciation - Furniture & Fixtures,
Other Expenses,Other Expense,Depreciation,Depreciation - Furniture & Fixtures,,,1039,,,,41,852020 Other Expense : Depreciation : Depreciation - Furniture & Fixtures,
Other Expenses,Other Expense,Depreciation,Depreciation - Furniture & Fixtures,,,1039,,,,42,852020 Other Expense : Depreciation : Depreciation - Furniture & Fixtures,
Other Expenses,Other Expense,Depreciation,Depreciation - Furniture & Fixtures,,,1039,,,,43,852020 Other Expense : Depreciation : Depreciation - Furniture & Fixtures,
Other Expenses,Other Expense,Depreciation,Depreciation - Furniture & Fixtures,,,1039,,,,44,852020 Other Expense : Depreciation : Depreciation - Furniture & Fixtures,
Other Expenses,Other Expense,Depreciation,Depreciation - Furniture & Fixtures,,,1039,,,,45,852020 Other Expense : Depreciation : Depreciation - Furniture & Fixtures,
Other Expenses,Other Expense,Depreciation,Depreciation - Leasehold Improvements,,,1040,,,,1,852030 Other Expense : Depreciation : Depreciation - Leasehold Improvements,
Other Expenses,Other Expense,Depreciation,Depreciation - Leasehold Improvements,,,1040,,,,2,852030 Other Expense : Depreciation : Depreciation - Leasehold Improvements,
Other Expenses,Other Expense,Depreciation,Depreciation - Leasehold Improvements,,,1040,,,,3,852030 Other Expense : Depreciation : Depreciation - Leasehold Improvements,
Other Expenses,Other Expense,Depreciation,Depreciation - Leasehold Improvements,,,1040,,,,4,852030 Other Expense : Depreciation : Depreciation - Leasehold Improvements,
Other Expenses,Other Expense,Depreciation,Depreciation - Leasehold Improvements,,,1040,,,,5,852030 Other Expense : Depreciation : Depreciation - Leasehold Improvements,
Other Expenses,Other Expense,Depreciation,Depreciation - Leasehold Improvements,,,1040,,,,6,852030 Other Expense : Depreciation : Depreciation - Leasehold Improvements,
Other Expenses,Other Expense,Depreciation,Depreciation - Leasehold Improvements,,,1040,,,,11,852030 Other Expense : Depreciation : Depreciation - Leasehold Improvements,
Other Expenses,Other Expense,Depreciation,Depreciation - Leasehold Improvements,,,1040,,,,16,852030 Other Expense : Depreciation : Depreciation - Leasehold Improvements,
Other Expenses,Other Expense,Depreciation,Depreciation - Leasehold Improvements,,,1040,,,,19,852030 Other Expense : Depreciation : Depreciation - Leasehold Improvements,
Other Expenses,Other Expense,Depreciation,Depreciation - Leasehold Improvements,,,1040,,,,20,852030 Other Expense : Depreciation : Depreciation - Leasehold Improvements,
Other Expenses,Other Expense,Depreciation,Depreciation - Leasehold Improvements,,,1040,,,,21,852030 Other Expense : Depreciation : Depreciation - Leasehold Improvements,
Other Expenses,Other Expense,Depreciation,Depreciation - Leasehold Improvements,,,1040,,,,22,852030 Other Expense : Depreciation : Depreciation - Leasehold Improvements,
Other Expenses,Other Expense,Depreciation,Depreciation - Leasehold Improvements,,,1040,,,,23,852030 Other Expense : Depreciation : Depreciation - Leasehold Improvements,
Other Expenses,Other Expense,Depreciation,Depreciation - Leasehold Improvements,,,1040,,,,24,852030 Other Expense : Depreciation : Depreciation - Leasehold Improvements,
Other Expenses,Other Expense,Depreciation,Depreciation - Leasehold Improvements,,,1040,,,,25,852030 Other Expense : Depreciation : Depreciation - Leasehold Improvements,
Other Expenses,Other Expense,Depreciation,Depreciation - Leasehold Improvements,,,1040,,,,26,852030 Other Expense : Depreciation : Depreciation - Leasehold Improvements,
Other Expenses,Other Expense,Depreciation,Depreciation - Leasehold Improvements,,,1040,,,,28,852030 Other Expense : Depreciation : Depreciation - Leasehold Improvements,
Other Expenses,Other Expense,Depreciation,Depreciation - Leasehold Improvements,,,1040,,,,29,852030 Other Expense : Depreciation : Depreciation - Leasehold Improvements,
Other Expenses,Other Expense,Depreciation,Depreciation - Leasehold Improvements,,,1040,,,,31,852030 Other Expense : Depreciation : Depreciation - Leasehold Improvements,
Other Expenses,Other Expense,Depreciation,Depreciation - Leasehold Improvements,,,1040,,,,32,852030 Other Expense : Depreciation : Depreciation - Leasehold Improvements,
Other Expenses,Other Expense,Depreciation,Depreciation - Leasehold Improvements,,,1040,,,,33,852030 Other Expense : Depreciation : Depreciation - Leasehold Improvements,
Other Expenses,Other Expense,Depreciation,Depreciation - Leasehold Improvements,,,1040,,,,35,852030 Other Expense : Depreciation : Depreciation - Leasehold Improvements,
Other Expenses,Other Expense,Depreciation,Depreciation - Leasehold Improvements,,,1040,,,,36,852030 Other Expense : Depreciation : Depreciation - Leasehold Improvements,
Other Expenses,Other Expense,Depreciation,Depreciation - Leasehold Improvements,,,1040,,,,37,852030 Other Expense : Depreciation : Depreciation - Leasehold Improvements,
Other Expenses,Other Expense,Depreciation,Depreciation - Leasehold Improvements,,,1040,,,,39,852030 Other Expense : Depreciation : Depreciation - Leasehold Improvements,
Other Expenses,Other Expense,Depreciation,Depreciation - Leasehold Improvements,,,1040,,,,41,852030 Other Expense : Depreciation : Depreciation - Leasehold Improvements,
Other Expenses,Other Expense,Depreciation,Depreciation - Leasehold Improvements,,,1040,,,,42,852030 Other Expense : Depreciation : Depreciation - Leasehold Improvements,
Other Expenses,Other Expense,Depreciation,Depreciation - Leasehold Improvements,,,1040,,,,43,852030 Other Expense : Depreciation : Depreciation - Leasehold Improvements,
Other Expenses,Other Expense,Depreciation,Depreciation - Leasehold Improvements,,,1040,,,,44,852030 Other Expense : Depreciation : Depreciation - Leasehold Improvements,
Other Expenses,Other Expense,Depreciation,Depreciation - Leasehold Improvements,,,1040,,,,45,852030 Other Expense : Depreciation : Depreciation - Leasehold Improvements,
Other Expenses,Other Expense,Depreciation,Depreciation - Software,,,1041,,,,1,852040 Other Expense : Depreciation : Depreciation - Software,
Other Expenses,Other Expense,Depreciation,Depreciation - Software,,,1041,,,,2,852040 Other Expense : Depreciation : Depreciation - Software,
Other Expenses,Other Expense,Depreciation,Depreciation - Software,,,1041,,,,3,852040 Other Expense : Depreciation : Depreciation - Software,
Other Expenses,Other Expense,Depreciation,Depreciation - Software,,,1041,,,,4,852040 Other Expense : Depreciation : Depreciation - Software,
Other Expenses,Other Expense,Depreciation,Depreciation - Software,,,1041,,,,5,852040 Other Expense : Depreciation : Depreciation - Software,
Other Expenses,Other Expense,Depreciation,Depreciation - Software,,,1041,,,,6,852040 Other Expense : Depreciation : Depreciation - Software,
Other Expenses,Other Expense,Depreciation,Depreciation - Software,,,1041,,,,11,852040 Other Expense : Depreciation : Depreciation - Software,
Other Expenses,Other Expense,Depreciation,Depreciation - Software,,,1041,,,,16,852040 Other Expense : Depreciation : Depreciation - Software,
Other Expenses,Other Expense,Depreciation,Depreciation - Software,,,1041,,,,19,852040 Other Expense : Depreciation : Depreciation - Software,
Other Expenses,Other Expense,Depreciation,Depreciation - Software,,,1041,,,,20,852040 Other Expense : Depreciation : Depreciation - Software,
Other Expenses,Other Expense,Depreciation,Depreciation - Software,,,1041,,,,21,852040 Other Expense : Depreciation : Depreciation - Software,
Other Expenses,Other Expense,Depreciation,Depreciation - Software,,,1041,,,,22,852040 Other Expense : Depreciation : Depreciation - Software,
Other Expenses,Other Expense,Depreciation,Depreciation - Software,,,1041,,,,23,852040 Other Expense : Depreciation : Depreciation - Software,
Other Expenses,Other Expense,Depreciation,Depreciation - Software,,,1041,,,,24,852040 Other Expense : Depreciation : Depreciation - Software,
Other Expenses,Other Expense,Depreciation,Depreciation - Software,,,1041,,,,25,852040 Other Expense : Depreciation : Depreciation - Software,
Other Expenses,Other Expense,Depreciation,Depreciation - Software,,,1041,,,,26,852040 Other Expense : Depreciation : Depreciation - Software,
Other Expenses,Other Expense,Depreciation,Depreciation - Software,,,1041,,,,28,852040 Other Expense : Depreciation : Depreciation - Software,
Other Expenses,Other Expense,Depreciation,Depreciation - Software,,,1041,,,,29,852040 Other Expense : Depreciation : Depreciation - Software,
Other Expenses,Other Expense,Depreciation,Depreciation - Software,,,1041,,,,31,852040 Other Expense : Depreciation : Depreciation - Software,
Other Expenses,Other Expense,Depreciation,Depreciation - Software,,,1041,,,,32,852040 Other Expense : Depreciation : Depreciation - Software,
Other Expenses,Other Expense,Depreciation,Depreciation - Software,,,1041,,,,33,852040 Other Expense : Depreciation : Depreciation - Software,
Other Expenses,Other Expense,Depreciation,Depreciation - Software,,,1041,,,,35,852040 Other Expense : Depreciation : Depreciation - Software,
Other Expenses,Other Expense,Depreciation,Depreciation - Software,,,1041,,,,36,852040 Other Expense : Depreciation : Depreciation - Software,
Other Expenses,Other Expense,Depreciation,Depreciation - Software,,,1041,,,,37,852040 Other Expense : Depreciation : Depreciation - Software,
Other Expenses,Other Expense,Depreciation,Depreciation - Software,,,1041,,,,39,852040 Other Expense : Depreciation : Depreciation - Software,
Other Expenses,Other Expense,Depreciation,Depreciation - Software,,,1041,,,,41,852040 Other Expense : Depreciation : Depreciation - Software,
Other Expenses,Other Expense,Depreciation,Depreciation - Software,,,1041,,,,42,852040 Other Expense : Depreciation : Depreciation - Software,
Other Expenses,Other Expense,Depreciation,Depreciation - Software,,,1041,,,,43,852040 Other Expense : Depreciation : Depreciation - Software,
Other Expenses,Other Expense,Depreciation,Depreciation - Software,,,1041,,,,44,852040 Other Expense : Depreciation : Depreciation - Software,
Other Expenses,Other Expense,Depreciation,Depreciation - Software,,,1041,,,,45,852040 Other Expense : Depreciation : Depreciation - Software,
Other Expenses,Other Expense,Depreciation,Depreciation - Vehicles,,,1042,,,,1,852050 Other Expense : Depreciation : Depreciation - Vehicles,
Other Expenses,Other Expense,Depreciation,Depreciation - Vehicles,,,1042,,,,2,852050 Other Expense : Depreciation : Depreciation - Vehicles,
Other Expenses,Other Expense,Depreciation,Depreciation - Vehicles,,,1042,,,,3,852050 Other Expense : Depreciation : Depreciation - Vehicles,
Other Expenses,Other Expense,Depreciation,Depreciation - Vehicles,,,1042,,,,4,852050 Other Expense : Depreciation : Depreciation - Vehicles,
Other Expenses,Other Expense,Depreciation,Depreciation - Vehicles,,,1042,,,,5,852050 Other Expense : Depreciation : Depreciation - Vehicles,
Other Expenses,Other Expense,Depreciation,Depreciation - Vehicles,,,1042,,,,6,852050 Other Expense : Depreciation : Depreciation - Vehicles,
Other Expenses,Other Expense,Depreciation,Depreciation - Vehicles,,,1042,,,,11,852050 Other Expense : Depreciation : Depreciation - Vehicles,
Other Expenses,Other Expense,Depreciation,Depreciation - Vehicles,,,1042,,,,16,852050 Other Expense : Depreciation : Depreciation - Vehicles,
Other Expenses,Other Expense,Depreciation,Depreciation - Vehicles,,,1042,,,,19,852050 Other Expense : Depreciation : Depreciation - Vehicles,
Other Expenses,Other Expense,Depreciation,Depreciation - Vehicles,,,1042,,,,20,852050 Other Expense : Depreciation : Depreciation - Vehicles,
Other Expenses,Other Expense,Depreciation,Depreciation - Vehicles,,,1042,,,,21,852050 Other Expense : Depreciation : Depreciation - Vehicles,
Other Expenses,Other Expense,Depreciation,Depreciation - Vehicles,,,1042,,,,22,852050 Other Expense : Depreciation : Depreciation - Vehicles,
Other Expenses,Other Expense,Depreciation,Depreciation - Vehicles,,,1042,,,,23,852050 Other Expense : Depreciation : Depreciation - Vehicles,
Other Expenses,Other Expense,Depreciation,Depreciation - Vehicles,,,1042,,,,24,852050 Other Expense : Depreciation : Depreciation - Vehicles,
Other Expenses,Other Expense,Depreciation,Depreciation - Vehicles,,,1042,,,,25,852050 Other Expense : Depreciation : Depreciation - Vehicles,
Other Expenses,Other Expense,Depreciation,Depreciation - Vehicles,,,1042,,,,26,852050 Other Expense : Depreciation : Depreciation - Vehicles,
Other Expenses,Other Expense,Depreciation,Depreciation - Vehicles,,,1042,,,,28,852050 Other Expense : Depreciation : Depreciation - Vehicles,
Other Expenses,Other Expense,Depreciation,Depreciation - Vehicles,,,1042,,,,29,852050 Other Expense : Depreciation : Depreciation - Vehicles,
Other Expenses,Other Expense,Depreciation,Depreciation - Vehicles,,,1042,,,,31,852050 Other Expense : Depreciation : Depreciation - Vehicles,
Other Expenses,Other Expense,Depreciation,Depreciation - Vehicles,,,1042,,,,32,852050 Other Expense : Depreciation : Depreciation - Vehicles,
Other Expenses,Other Expense,Depreciation,Depreciation - Vehicles,,,1042,,,,33,852050 Other Expense : Depreciation : Depreciation - Vehicles,
Other Expenses,Other Expense,Depreciation,Depreciation - Vehicles,,,1042,,,,35,852050 Other Expense : Depreciation : Depreciation - Vehicles,
Other Expenses,Other Expense,Depreciation,Depreciation - Vehicles,,,1042,,,,36,852050 Other Expense : Depreciation : Depreciation - Vehicles,
Other Expenses,Other Expense,Depreciation,Depreciation - Vehicles,,,1042,,,,37,852050 Other Expense : Depreciation : Depreciation - Vehicles,
Other Expenses,Other Expense,Depreciation,Depreciation - Vehicles,,,1042,,,,39,852050 Other Expense : Depreciation : Depreciation - Vehicles,
Other Expenses,Other Expense,Depreciation,Depreciation - Vehicles,,,1042,,,,41,852050 Other Expense : Depreciation : Depreciation - Vehicles,
Other Expenses,Other Expense,Depreciation,Depreciation - Vehicles,,,1042,,,,42,852050 Other Expense : Depreciation : Depreciation - Vehicles,
Other Expenses,Other Expense,Depreciation,Depreciation - Vehicles,,,1042,,,,43,852050 Other Expense : Depreciation : Depreciation - Vehicles,
Other Expenses,Other Expense,Depreciation,Depreciation - Vehicles,,,1042,,,,44,852050 Other Expense : Depreciation : Depreciation - Vehicles,
Other Expenses,Other Expense,Depreciation,Depreciation - Vehicles,,,1042,,,,45,852050 Other Expense : Depreciation : Depreciation - Vehicles,
Other Expenses,Other Expense,Gain/Loss on Fixed Assets,,,,1043,,,,1,853000 Other Expense : Gain/Loss on Fixed Assets,
Other Expenses,Other Expense,Gain/Loss on Fixed Assets,,,,1043,,,,2,853000 Other Expense : Gain/Loss on Fixed Assets,
Other Expenses,Other Expense,Gain/Loss on Fixed Assets,,,,1043,,,,3,853000 Other Expense : Gain/Loss on Fixed Assets,
Other Expenses,Other Expense,Gain/Loss on Fixed Assets,,,,1043,,,,4,853000 Other Expense : Gain/Loss on Fixed Assets,
Other Expenses,Other Expense,Gain/Loss on Fixed Assets,,,,1043,,,,5,853000 Other Expense : Gain/Loss on Fixed Assets,
Other Expenses,Other Expense,Gain/Loss on Fixed Assets,,,,1043,,,,6,853000 Other Expense : Gain/Loss on Fixed Assets,
Other Expenses,Other Expense,Gain/Loss on Fixed Assets,,,,1043,,,,11,853000 Other Expense : Gain/Loss on Fixed Assets,
Other Expenses,Other Expense,Gain/Loss on Fixed Assets,,,,1043,,,,16,853000 Other Expense : Gain/Loss on Fixed Assets,
Other Expenses,Other Expense,Gain/Loss on Fixed Assets,,,,1043,,,,19,853000 Other Expense : Gain/Loss on Fixed Assets,
Other Expenses,Other Expense,Gain/Loss on Fixed Assets,,,,1043,,,,20,853000 Other Expense : Gain/Loss on Fixed Assets,
Other Expenses,Other Expense,Gain/Loss on Fixed Assets,,,,1043,,,,21,853000 Other Expense : Gain/Loss on Fixed Assets,
Other Expenses,Other Expense,Gain/Loss on Fixed Assets,,,,1043,,,,22,853000 Other Expense : Gain/Loss on Fixed Assets,
Other Expenses,Other Expense,Gain/Loss on Fixed Assets,,,,1043,,,,23,853000 Other Expense : Gain/Loss on Fixed Assets,
Other Expenses,Other Expense,Gain/Loss on Fixed Assets,,,,1043,,,,24,853000 Other Expense : Gain/Loss on Fixed Assets,
Other Expenses,Other Expense,Gain/Loss on Fixed Assets,,,,1043,,,,25,853000 Other Expense : Gain/Loss on Fixed Assets,
Other Expenses,Other Expense,Gain/Loss on Fixed Assets,,,,1043,,,,26,853000 Other Expense : Gain/Loss on Fixed Assets,
Other Expenses,Other Expense,Gain/Loss on Fixed Assets,,,,1043,,,,28,853000 Other Expense : Gain/Loss on Fixed Assets,
Other Expenses,Other Expense,Gain/Loss on Fixed Assets,,,,1043,,,,29,853000 Other Expense : Gain/Loss on Fixed Assets,
Other Expenses,Other Expense,Gain/Loss on Fixed Assets,,,,1043,,,,31,853000 Other Expense : Gain/Loss on Fixed Assets,
Other Expenses,Other Expense,Gain/Loss on Fixed Assets,,,,1043,,,,32,853000 Other Expense : Gain/Loss on Fixed Assets,
Other Expenses,Other Expense,Gain/Loss on Fixed Assets,,,,1043,,,,33,853000 Other Expense : Gain/Loss on Fixed Assets,
Other Expenses,Other Expense,Gain/Loss on Fixed Assets,,,,1043,,,,35,853000 Other Expense : Gain/Loss on Fixed Assets,
Other Expenses,Other Expense,Gain/Loss on Fixed Assets,,,,1043,,,,36,853000 Other Expense : Gain/Loss on Fixed Assets,
Other Expenses,Other Expense,Gain/Loss on Fixed Assets,,,,1043,,,,37,853000 Other Expense : Gain/Loss on Fixed Assets,
Other Expenses,Other Expense,Gain/Loss on Fixed Assets,,,,1043,,,,39,853000 Other Expense : Gain/Loss on Fixed Assets,
Other Expenses,Other Expense,Gain/Loss on Fixed Assets,,,,1043,,,,41,853000 Other Expense : Gain/Loss on Fixed Assets,
Other Expenses,Other Expense,Gain/Loss on Fixed Assets,,,,1043,,,,42,853000 Other Expense : Gain/Loss on Fixed Assets,
Other Expenses,Other Expense,Gain/Loss on Fixed Assets,,,,1043,,,,43,853000 Other Expense : Gain/Loss on Fixed Assets,
Other Expenses,Other Expense,Gain/Loss on Fixed Assets,,,,1043,,,,44,853000 Other Expense : Gain/Loss on Fixed Assets,
Other Expenses,Other Expense,Gain/Loss on Fixed Assets,,,,1043,,,,45,853000 Other Expense : Gain/Loss on Fixed Assets,
Other Expenses,Other Expense,Amortization,Amortization - Goodwill,,,1044,,,,1,854010 Other Expense : Amortization : Amortization - Goodwill,
Other Expenses,Other Expense,Amortization,Amortization - Goodwill,,,1044,,,,2,854010 Other Expense : Amortization : Amortization - Goodwill,
Other Expenses,Other Expense,Amortization,Amortization - Goodwill,,,1044,,,,3,854010 Other Expense : Amortization : Amortization - Goodwill,
Other Expenses,Other Expense,Amortization,Amortization - Goodwill,,,1044,,,,4,854010 Other Expense : Amortization : Amortization - Goodwill,
Other Expenses,Other Expense,Amortization,Amortization - Goodwill,,,1044,,,,5,854010 Other Expense : Amortization : Amortization - Goodwill,
Other Expenses,Other Expense,Amortization,Amortization - Goodwill,,,1044,,,,6,854010 Other Expense : Amortization : Amortization - Goodwill,
Other Expenses,Other Expense,Amortization,Amortization - Goodwill,,,1044,,,,11,854010 Other Expense : Amortization : Amortization - Goodwill,
Other Expenses,Other Expense,Amortization,Amortization - Goodwill,,,1044,,,,16,854010 Other Expense : Amortization : Amortization - Goodwill,
Other Expenses,Other Expense,Amortization,Amortization - Goodwill,,,1044,,,,19,854010 Other Expense : Amortization : Amortization - Goodwill,
Other Expenses,Other Expense,Amortization,Amortization - Goodwill,,,1044,,,,20,854010 Other Expense : Amortization : Amortization - Goodwill,
Other Expenses,Other Expense,Amortization,Amortization - Goodwill,,,1044,,,,21,854010 Other Expense : Amortization : Amortization - Goodwill,
Other Expenses,Other Expense,Amortization,Amortization - Goodwill,,,1044,,,,22,854010 Other Expense : Amortization : Amortization - Goodwill,
Other Expenses,Other Expense,Amortization,Amortization - Goodwill,,,1044,,,,23,854010 Other Expense : Amortization : Amortization - Goodwill,
Other Expenses,Other Expense,Amortization,Amortization - Goodwill,,,1044,,,,24,854010 Other Expense : Amortization : Amortization - Goodwill,
Other Expenses,Other Expense,Amortization,Amortization - Goodwill,,,1044,,,,25,854010 Other Expense : Amortization : Amortization - Goodwill,
Other Expenses,Other Expense,Amortization,Amortization - Goodwill,,,1044,,,,26,854010 Other Expense : Amortization : Amortization - Goodwill,
Other Expenses,Other Expense,Amortization,Amortization - Goodwill,,,1044,,,,28,854010 Other Expense : Amortization : Amortization - Goodwill,
Other Expenses,Other Expense,Amortization,Amortization - Goodwill,,,1044,,,,29,854010 Other Expense : Amortization : Amortization - Goodwill,
Other Expenses,Other Expense,Amortization,Amortization - Goodwill,,,1044,,,,31,854010 Other Expense : Amortization : Amortization - Goodwill,
Other Expenses,Other Expense,Amortization,Amortization - Goodwill,,,1044,,,,32,854010 Other Expense : Amortization : Amortization - Goodwill,
Other Expenses,Other Expense,Amortization,Amortization - Goodwill,,,1044,,,,33,854010 Other Expense : Amortization : Amortization - Goodwill,
Other Expenses,Other Expense,Amortization,Amortization - Goodwill,,,1044,,,,35,854010 Other Expense : Amortization : Amortization - Goodwill,
Other Expenses,Other Expense,Amortization,Amortization - Goodwill,,,1044,,,,36,854010 Other Expense : Amortization : Amortization - Goodwill,
Other Expenses,Other Expense,Amortization,Amortization - Goodwill,,,1044,,,,37,854010 Other Expense : Amortization : Amortization - Goodwill,
Other Expenses,Other Expense,Amortization,Amortization - Goodwill,,,1044,,,,39,854010 Other Expense : Amortization : Amortization - Goodwill,
Other Expenses,Other Expense,Amortization,Amortization - Goodwill,,,1044,,,,41,854010 Other Expense : Amortization : Amortization - Goodwill,
Other Expenses,Other Expense,Amortization,Amortization - Goodwill,,,1044,,,,42,854010 Other Expense : Amortization : Amortization - Goodwill,
Other Expenses,Other Expense,Amortization,Amortization - Goodwill,,,1044,,,,43,854010 Other Expense : Amortization : Amortization - Goodwill,
Other Expenses,Other Expense,Amortization,Amortization - Goodwill,,,1044,,,,44,854010 Other Expense : Amortization : Amortization - Goodwill,
Other Expenses,Other Expense,Amortization,Amortization - Goodwill,,,1044,,,,45,854010 Other Expense : Amortization : Amortization - Goodwill,
Other Expenses,Other Expense,Amortization,Amortization - Covenant Not to Compete,,,1045,,,,1,854020 Other Expense : Amortization : Amortization - Covenant Not to Compete,
Other Expenses,Other Expense,Amortization,Amortization - Covenant Not to Compete,,,1045,,,,2,854020 Other Expense : Amortization : Amortization - Covenant Not to Compete,
Other Expenses,Other Expense,Amortization,Amortization - Covenant Not to Compete,,,1045,,,,3,854020 Other Expense : Amortization : Amortization - Covenant Not to Compete,
Other Expenses,Other Expense,Amortization,Amortization - Covenant Not to Compete,,,1045,,,,4,854020 Other Expense : Amortization : Amortization - Covenant Not to Compete,
Other Expenses,Other Expense,Amortization,Amortization - Covenant Not to Compete,,,1045,,,,5,854020 Other Expense : Amortization : Amortization - Covenant Not to Compete,
Other Expenses,Other Expense,Amortization,Amortization - Covenant Not to Compete,,,1045,,,,6,854020 Other Expense : Amortization : Amortization - Covenant Not to Compete,
Other Expenses,Other Expense,Amortization,Amortization - Covenant Not to Compete,,,1045,,,,11,854020 Other Expense : Amortization : Amortization - Covenant Not to Compete,
Other Expenses,Other Expense,Amortization,Amortization - Covenant Not to Compete,,,1045,,,,16,854020 Other Expense : Amortization : Amortization - Covenant Not to Compete,
Other Expenses,Other Expense,Amortization,Amortization - Covenant Not to Compete,,,1045,,,,19,854020 Other Expense : Amortization : Amortization - Covenant Not to Compete,
Other Expenses,Other Expense,Amortization,Amortization - Covenant Not to Compete,,,1045,,,,20,854020 Other Expense : Amortization : Amortization - Covenant Not to Compete,
Other Expenses,Other Expense,Amortization,Amortization - Covenant Not to Compete,,,1045,,,,21,854020 Other Expense : Amortization : Amortization - Covenant Not to Compete,
Other Expenses,Other Expense,Amortization,Amortization - Covenant Not to Compete,,,1045,,,,22,854020 Other Expense : Amortization : Amortization - Covenant Not to Compete,
Other Expenses,Other Expense,Amortization,Amortization - Covenant Not to Compete,,,1045,,,,23,854020 Other Expense : Amortization : Amortization - Covenant Not to Compete,
Other Expenses,Other Expense,Amortization,Amortization - Covenant Not to Compete,,,1045,,,,24,854020 Other Expense : Amortization : Amortization - Covenant Not to Compete,
Other Expenses,Other Expense,Amortization,Amortization - Covenant Not to Compete,,,1045,,,,25,854020 Other Expense : Amortization : Amortization - Covenant Not to Compete,
Other Expenses,Other Expense,Amortization,Amortization - Covenant Not to Compete,,,1045,,,,26,854020 Other Expense : Amortization : Amortization - Covenant Not to Compete,
Other Expenses,Other Expense,Amortization,Amortization - Covenant Not to Compete,,,1045,,,,28,854020 Other Expense : Amortization : Amortization - Covenant Not to Compete,
Other Expenses,Other Expense,Amortization,Amortization - Covenant Not to Compete,,,1045,,,,29,854020 Other Expense : Amortization : Amortization - Covenant Not to Compete,
Other Expenses,Other Expense,Amortization,Amortization - Covenant Not to Compete,,,1045,,,,31,854020 Other Expense : Amortization : Amortization - Covenant Not to Compete,
Other Expenses,Other Expense,Amortization,Amortization - Covenant Not to Compete,,,1045,,,,32,854020 Other Expense : Amortization : Amortization - Covenant Not to Compete,
Other Expenses,Other Expense,Amortization,Amortization - Covenant Not to Compete,,,1045,,,,33,854020 Other Expense : Amortization : Amortization - Covenant Not to Compete,
Other Expenses,Other Expense,Amortization,Amortization - Covenant Not to Compete,,,1045,,,,35,854020 Other Expense : Amortization : Amortization - Covenant Not to Compete,
Other Expenses,Other Expense,Amortization,Amortization - Covenant Not to Compete,,,1045,,,,36,854020 Other Expense : Amortization : Amortization - Covenant Not to Compete,
Other Expenses,Other Expense,Amortization,Amortization - Covenant Not to Compete,,,1045,,,,37,854020 Other Expense : Amortization : Amortization - Covenant Not to Compete,
Other Expenses,Other Expense,Amortization,Amortization - Covenant Not to Compete,,,1045,,,,39,854020 Other Expense : Amortization : Amortization - Covenant Not to Compete,
Other Expenses,Other Expense,Amortization,Amortization - Covenant Not to Compete,,,1045,,,,41,854020 Other Expense : Amortization : Amortization - Covenant Not to Compete,
Other Expenses,Other Expense,Amortization,Amortization - Covenant Not to Compete,,,1045,,,,42,854020 Other Expense : Amortization : Amortization - Covenant Not to Compete,
Other Expenses,Other Expense,Amortization,Amortization - Covenant Not to Compete,,,1045,,,,43,854020 Other Expense : Amortization : Amortization - Covenant Not to Compete,
Other Expenses,Other Expense,Amortization,Amortization - Covenant Not to Compete,,,1045,,,,44,854020 Other Expense : Amortization : Amortization - Covenant Not to Compete,
Other Expenses,Other Expense,Amortization,Amortization - Covenant Not to Compete,,,1045,,,,45,854020 Other Expense : Amortization : Amortization - Covenant Not to Compete,
Other Expenses,Other Expense,Amortization,Amortization - Transaction Costs,,,1046,,,,1,854030 Other Expense : Amortization : Amortization - Transaction Costs,
Other Expenses,Other Expense,Amortization,Amortization - Transaction Costs,,,1046,,,,2,854030 Other Expense : Amortization : Amortization - Transaction Costs,
Other Expenses,Other Expense,Amortization,Amortization - Transaction Costs,,,1046,,,,3,854030 Other Expense : Amortization : Amortization - Transaction Costs,
Other Expenses,Other Expense,Amortization,Amortization - Transaction Costs,,,1046,,,,4,854030 Other Expense : Amortization : Amortization - Transaction Costs,
Other Expenses,Other Expense,Amortization,Amortization - Transaction Costs,,,1046,,,,5,854030 Other Expense : Amortization : Amortization - Transaction Costs,
Other Expenses,Other Expense,Amortization,Amortization - Transaction Costs,,,1046,,,,6,854030 Other Expense : Amortization : Amortization - Transaction Costs,
Other Expenses,Other Expense,Amortization,Amortization - Transaction Costs,,,1046,,,,11,854030 Other Expense : Amortization : Amortization - Transaction Costs,
Other Expenses,Other Expense,Amortization,Amortization - Transaction Costs,,,1046,,,,16,854030 Other Expense : Amortization : Amortization - Transaction Costs,
Other Expenses,Other Expense,Amortization,Amortization - Transaction Costs,,,1046,,,,19,854030 Other Expense : Amortization : Amortization - Transaction Costs,
Other Expenses,Other Expense,Amortization,Amortization - Transaction Costs,,,1046,,,,20,854030 Other Expense : Amortization : Amortization - Transaction Costs,
Other Expenses,Other Expense,Amortization,Amortization - Transaction Costs,,,1046,,,,21,854030 Other Expense : Amortization : Amortization - Transaction Costs,
Other Expenses,Other Expense,Amortization,Amortization - Transaction Costs,,,1046,,,,22,854030 Other Expense : Amortization : Amortization - Transaction Costs,
Other Expenses,Other Expense,Amortization,Amortization - Transaction Costs,,,1046,,,,23,854030 Other Expense : Amortization : Amortization - Transaction Costs,
Other Expenses,Other Expense,Amortization,Amortization - Transaction Costs,,,1046,,,,24,854030 Other Expense : Amortization : Amortization - Transaction Costs,
Other Expenses,Other Expense,Amortization,Amortization - Transaction Costs,,,1046,,,,25,854030 Other Expense : Amortization : Amortization - Transaction Costs,
Other Expenses,Other Expense,Amortization,Amortization - Transaction Costs,,,1046,,,,26,854030 Other Expense : Amortization : Amortization - Transaction Costs,
Other Expenses,Other Expense,Amortization,Amortization - Transaction Costs,,,1046,,,,28,854030 Other Expense : Amortization : Amortization - Transaction Costs,
Other Expenses,Other Expense,Amortization,Amortization - Transaction Costs,,,1046,,,,29,854030 Other Expense : Amortization : Amortization - Transaction Costs,
Other Expenses,Other Expense,Amortization,Amortization - Transaction Costs,,,1046,,,,31,854030 Other Expense : Amortization : Amortization - Transaction Costs,
Other Expenses,Other Expense,Amortization,Amortization - Transaction Costs,,,1046,,,,32,854030 Other Expense : Amortization : Amortization - Transaction Costs,
Other Expenses,Other Expense,Amortization,Amortization - Transaction Costs,,,1046,,,,33,854030 Other Expense : Amortization : Amortization - Transaction Costs,
Other Expenses,Other Expense,Amortization,Amortization - Transaction Costs,,,1046,,,,35,854030 Other Expense : Amortization : Amortization - Transaction Costs,
Other Expenses,Other Expense,Amortization,Amortization - Transaction Costs,,,1046,,,,36,854030 Other Expense : Amortization : Amortization - Transaction Costs,
Other Expenses,Other Expense,Amortization,Amortization - Transaction Costs,,,1046,,,,37,854030 Other Expense : Amortization : Amortization - Transaction Costs,
Other Expenses,Other Expense,Amortization,Amortization - Transaction Costs,,,1046,,,,39,854030 Other Expense : Amortization : Amortization - Transaction Costs,
Other Expenses,Other Expense,Amortization,Amortization - Transaction Costs,,,1046,,,,41,854030 Other Expense : Amortization : Amortization - Transaction Costs,
Other Expenses,Other Expense,Amortization,Amortization - Transaction Costs,,,1046,,,,42,854030 Other Expense : Amortization : Amortization - Transaction Costs,
Other Expenses,Other Expense,Amortization,Amortization - Transaction Costs,,,1046,,,,43,854030 Other Expense : Amortization : Amortization - Transaction Costs,
Other Expenses,Other Expense,Amortization,Amortization - Transaction Costs,,,1046,,,,44,854030 Other Expense : Amortization : Amortization - Transaction Costs,
Other Expenses,Other Expense,Amortization,Amortization - Transaction Costs,,,1046,,,,45,854030 Other Expense : Amortization : Amortization - Transaction Costs,
,,,,,,1047,,,,1,910000 Capacity Accounts,
,,,,,,1048,,,,1,910100 Number of Grooming Tables,
,,,,,,1049,,,,1,910200 Daycare Capacity,
,,,,,,1050,,,,1,910300 Boarding Capacity,
,,,,,,1051,,,,1,920000 Visit Accounts,
,,,,,,1052,,,,1,920100 Vet Customer Count,
,,,,,,1053,,,,1,920200 Daycare Dogs,
,,,,,,1054,,,,1,920300 Boarding Dogs,
,,,,,,1055,,,,1,920400 Grooms,
,,,,,,1056,,,,1,920500 Baths,
,,,,,,1057,,,,1,920600 Training Sessions,
,,,,,,1058,,,,1,920700 Walking Sessions,
,,,,,,1059,,,,1,930000 Customer Accounts,
,,,,,,1060,,,,1,930100 Current Customers,
,,,,,,1061,,,,1,930200 Active Customers,
,,,,,,1062,,,,1,930300 New Customers,
,,,,,,1063,,,,1,930400 Leads,
,,,,,,1064,,,,1,930500 Members,
Assets,Current Assets,Cash,Operating,WagWay Operating,,1147,,,,4,101005 Cash : Operating : WagWay Operating,
Assets,Current Assets,Cash,Operating,PUPS Holdings Operating,,1148,,,,2,101010 Cash : Operating : PUPS Holdings Operating,
Assets,Current Assets,Cash,Operating,PUPS Intermediate Operating,,1149,,,,6,101015 Cash : Operating : PUPS Intermediate Operating,
Assets,Current Assets,Cash,Operating,Pawville Holdings Operating,,1150,,,,5,101020 Cash : Operating : Pawville Holdings Operating,
Assets,Current Assets,Cash,Operating,Pawville Intermediate Operating,,1151,,,,3,101025 Cash : Operating : Pawville Intermediate Operating,
Assets,Current Assets,Cash,Operating,Pawville Vet Services Operating,,1152,,,,37,101030 Cash : Operating : Pawville Vet Services Operating,
Assets,Current Assets,Cash,Operating,Pawville Property Operating,,1153,,,,36,101035 Cash : Operating : Pawville Property Operating,
Assets,Current Assets,Cash,Payroll,WagWay Payroll,,1154,,,,4,101505 Cash : Payroll : WagWay Payroll,
Assets,Current Assets,Cash,Payroll,PUPS Intermediate Payroll,,1155,,,,6,101510 Cash : Payroll : PUPS Intermediate Payroll,
Assets,Current Assets,Cash,Payroll,Pawville Intermediate Payroll,,1156,,,,3,101515 Cash : Payroll : Pawville Intermediate Payroll,
Assets,Current Assets,Cash,Collections,PPC 1332 S Michigan LLC,,1157,,,,20,100501 Cash : Collections : PPC 1332 S Michigan LLC,
Assets,Current Assets,Cash,Collections,PPC 1624 W Division Street LLC,,1158,,,,21,100502 Cash : Collections : PPC 1624 W Division Street LLC,
Assets,Current Assets,Cash,Collections,PPC 2811 N Lincoln LLC,,1159,,,,22,100503 Cash : Collections : PPC 2811 N Lincoln LLC,
Assets,Current Assets,Cash,Collections,PPC 316 W Illinois Street LLC,,1160,,,,23,100504 Cash : Collections : PPC 316 W Illinois Street LLC,
Assets,Current Assets,Cash,Collections,PPC 468 N New Street LLC,,1161,,,,24,100505 Cash : Collections : PPC 468 N New Street LLC,
Assets,Current Assets,Cash,Collections,PPC 850 N State Street LLC,,1162,,,,25,100506 Cash : Collections : PPC 850 N State Street LLC,
Assets,Current Assets,Cash,Collections,PPC 87 Kent Avenue LLC,,1163,,,,26,100507 Cash : Collections : PPC 87 Kent Avenue LLC,
Assets,Current Assets,Cash,Collections,PPC 302 Livingston Street LLC,,1164,,,,29,100508 Cash : Collections : PPC 302 Livingston Street LLC,
Assets,Current Assets,Cash,Collections,PPC 211 N Harbor Drive LLC,,1165,,,,28,100509 Cash : Collections : PPC 211 N Harbor Drive LLC,
Assets,Current Assets,Cash,Collections,Pawville Citrus,,1166,,,,31,100601 Cash : Collections : Pawville Citrus,
Assets,Current Assets,Cash,Collections,Pawville Winder,,1167,,,,32,100602 Cash : Collections : Pawville Winder,
Assets,Current Assets,Cash,Collections,Pawville Pawley's,,1168,,,,33,100603 Cash : Collections : Pawville Pawley's,
Assets,Current Assets,Cash,Collections,Pawville Surf City,,1169,,,,35,100604 Cash : Collections : Pawville Surf City,
Assets,Current Assets,Cash,Collections,Pawville Jacksonville,,1170,,,,35,100605 Cash : Collections : Pawville Jacksonville,
Assets,Current Assets,Cash,Collections,Pawville Northchase,,1171,,,,35,100606 Cash : Collections : Pawville Northchase,
Assets,Current Assets,Cash,Collections,Pawville North Shore,,1172,,,,35,100607 Cash : Collections : Pawville North Shore,
Assets,Current Assets,Cash,Collections,Pawville Scotts Hill,,1173,,,,35,100608 Cash : Collections : Pawville Scotts Hill,
Assets,Current Assets,Cash,Collections,Pawville Midtown,,1174,,,,35,100609 Cash : Collections : Pawville Midtown,
Assets,Current Assets,Cash,Collections,Pawville Clayton,,1175,,,,35,100610 Cash : Collections : Pawville Clayton,
Assets,Current Assets,Cash,Collections,Paw Springs Scotts Hill,,1176,,,,39,100701 Cash : Collections : Paw Springs Scotts Hill,
Assets,Current Assets,Cash,Collections,Paw Springs Midtown,,1177,,,,39,100702 Cash : Collections : Paw Springs Midtown,
Assets,Current Assets,Cash,Money Market,WagWay Money Market,,1178,,,,4,102001 Cash : Money Market : WagWay Money Market,
Assets,Current Assets,Cash,Money Market,PUPS Intermediate Money Market,,1179,,,,6,102002 Cash : Money Market : PUPS Intermediate Money Market,
,,,,,,1247,,,,1,270505 Accrued Sales Tax - Illinois,
,,,,,,1247,,,,2,270505 Accrued Sales Tax - Illinois,
,,,,,,1247,,,,3,270505 Accrued Sales Tax - Illinois,
,,,,,,1247,,,,4,270505 Accrued Sales Tax - Illinois,
,,,,,,1247,,,,5,270505 Accrued Sales Tax - Illinois,
,,,,,,1247,,,,6,270505 Accrued Sales Tax - Illinois,
,,,,,,1247,,,,11,270505 Accrued Sales Tax - Illinois,
,,,,,,1247,,,,16,270505 Accrued Sales Tax - Illinois,
,,,,,,1247,,,,19,270505 Accrued Sales Tax - Illinois,
,,,,,,1247,,,,20,270505 Accrued Sales Tax - Illinois,
,,,,,,1247,,,,21,270505 Accrued Sales Tax - Illinois,
,,,,,,1247,,,,22,270505 Accrued Sales Tax - Illinois,
,,,,,,1247,,,,23,270505 Accrued Sales Tax - Illinois,
,,,,,,1247,,,,24,270505 Accrued Sales Tax - Illinois,
,,,,,,1247,,,,25,270505 Accrued Sales Tax - Illinois,
,,,,,,1247,,,,26,270505 Accrued Sales Tax - Illinois,
,,,,,,1247,,,,28,270505 Accrued Sales Tax - Illinois,
,,,,,,1247,,,,29,270505 Accrued Sales Tax - Illinois,
,,,,,,1247,,,,31,270505 Accrued Sales Tax - Illinois,
,,,,,,1247,,,,32,270505 Accrued Sales Tax - Illinois,
,,,,,,1247,,,,33,270505 Accrued Sales Tax - Illinois,
,,,,,,1247,,,,35,270505 Accrued Sales Tax - Illinois,
,,,,,,1247,,,,36,270505 Accrued Sales Tax - Illinois,
,,,,,,1247,,,,37,270505 Accrued Sales Tax - Illinois,
,,,,,,1247,,,,39,270505 Accrued Sales Tax - Illinois,
,,,,,,1247,,,,41,270505 Accrued Sales Tax - Illinois,
,,,,,,1247,,,,42,270505 Accrued Sales Tax - Illinois,
,,,,,,1247,,,,43,270505 Accrued Sales Tax - Illinois,
,,,,,,1247,,,,44,270505 Accrued Sales Tax - Illinois,
,,,,,,1247,,,,45,270505 Accrued Sales Tax - Illinois,
,,,,,,1248,,,,1,270510 Accrued Sales Tax - New York,
,,,,,,1248,,,,2,270510 Accrued Sales Tax - New York,
,,,,,,1248,,,,3,270510 Accrued Sales Tax - New York,
,,,,,,1248,,,,4,270510 Accrued Sales Tax - New York,
,,,,,,1248,,,,5,270510 Accrued Sales Tax - New York,
,,,,,,1248,,,,6,270510 Accrued Sales Tax - New York,
,,,,,,1248,,,,11,270510 Accrued Sales Tax - New York,
,,,,,,1248,,,,16,270510 Accrued Sales Tax - New York,
,,,,,,1248,,,,19,270510 Accrued Sales Tax - New York,
,,,,,,1248,,,,20,270510 Accrued Sales Tax - New York,
,,,,,,1248,,,,21,270510 Accrued Sales Tax - New York,
,,,,,,1248,,,,22,270510 Accrued Sales Tax - New York,
,,,,,,1248,,,,23,270510 Accrued Sales Tax - New York,
,,,,,,1248,,,,24,270510 Accrued Sales Tax - New York,
,,,,,,1248,,,,25,270510 Accrued Sales Tax - New York,
,,,,,,1248,,,,26,270510 Accrued Sales Tax - New York,
,,,,,,1248,,,,28,270510 Accrued Sales Tax - New York,
,,,,,,1248,,,,29,270510 Accrued Sales Tax - New York,
,,,,,,1248,,,,31,270510 Accrued Sales Tax - New York,
,,,,,,1248,,,,32,270510 Accrued Sales Tax - New York,
,,,,,,1248,,,,33,270510 Accrued Sales Tax - New York,
,,,,,,1248,,,,35,270510 Accrued Sales Tax - New York,
,,,,,,1248,,,,36,270510 Accrued Sales Tax - New York,
,,,,,,1248,,,,37,270510 Accrued Sales Tax - New York,
,,,,,,1248,,,,39,270510 Accrued Sales Tax - New York,
,,,,,,1248,,,,41,270510 Accrued Sales Tax - New York,
,,,,,,1248,,,,42,270510 Accrued Sales Tax - New York,
,,,,,,1248,,,,43,270510 Accrued Sales Tax - New York,
,,,,,,1248,,,,44,270510 Accrued Sales Tax - New York,
,,,,,,1248,,,,45,270510 Accrued Sales Tax - New York,
,,,,,,1249,,,,1,270515 Accrued Sales Tax - North Carolina,
,,,,,,1249,,,,2,270515 Accrued Sales Tax - North Carolina,
,,,,,,1249,,,,3,270515 Accrued Sales Tax - North Carolina,
,,,,,,1249,,,,4,270515 Accrued Sales Tax - North Carolina,
,,,,,,1249,,,,5,270515 Accrued Sales Tax - North Carolina,
,,,,,,1249,,,,6,270515 Accrued Sales Tax - North Carolina,
,,,,,,1249,,,,11,270515 Accrued Sales Tax - North Carolina,
,,,,,,1249,,,,16,270515 Accrued Sales Tax - North Carolina,
,,,,,,1249,,,,19,270515 Accrued Sales Tax - North Carolina,
,,,,,,1249,,,,20,270515 Accrued Sales Tax - North Carolina,
,,,,,,1249,,,,21,270515 Accrued Sales Tax - North Carolina,
,,,,,,1249,,,,22,270515 Accrued Sales Tax - North Carolina,
,,,,,,1249,,,,23,270515 Accrued Sales Tax - North Carolina,
,,,,,,1249,,,,24,270515 Accrued Sales Tax - North Carolina,
,,,,,,1249,,,,25,270515 Accrued Sales Tax - North Carolina,
,,,,,,1249,,,,26,270515 Accrued Sales Tax - North Carolina,
,,,,,,1249,,,,28,270515 Accrued Sales Tax - North Carolina,
,,,,,,1249,,,,29,270515 Accrued Sales Tax - North Carolina,
,,,,,,1249,,,,31,270515 Accrued Sales Tax - North Carolina,
,,,,,,1249,,,,32,270515 Accrued Sales Tax - North Carolina,
,,,,,,1249,,,,33,270515 Accrued Sales Tax - North Carolina,
,,,,,,1249,,,,35,270515 Accrued Sales Tax - North Carolina,
,,,,,,1249,,,,36,270515 Accrued Sales Tax - North Carolina,
,,,,,,1249,,,,37,270515 Accrued Sales Tax - North Carolina,
,,,,,,1249,,,,39,270515 Accrued Sales Tax - North Carolina,
,,,,,,1249,,,,41,270515 Accrued Sales Tax - North Carolina,
,,,,,,1249,,,,42,270515 Accrued Sales Tax - North Carolina,
,,,,,,1249,,,,43,270515 Accrued Sales Tax - North Carolina,
,,,,,,1249,,,,44,270515 Accrued Sales Tax - North Carolina,
,,,,,,1249,,,,45,270515 Accrued Sales Tax - North Carolina,
,,,,,,1250,,,,1,270530 Accrued Sales Tax - Florida,
,,,,,,1250,,,,2,270530 Accrued Sales Tax - Florida,
,,,,,,1250,,,,3,270530 Accrued Sales Tax - Florida,
,,,,,,1250,,,,4,270530 Accrued Sales Tax - Florida,
,,,,,,1250,,,,5,270530 Accrued Sales Tax - Florida,
,,,,,,1250,,,,6,270530 Accrued Sales Tax - Florida,
,,,,,,1250,,,,11,270530 Accrued Sales Tax - Florida,
,,,,,,1250,,,,16,270530 Accrued Sales Tax - Florida,
,,,,,,1250,,,,19,270530 Accrued Sales Tax - Florida,
,,,,,,1250,,,,20,270530 Accrued Sales Tax - Florida,
,,,,,,1250,,,,21,270530 Accrued Sales Tax - Florida,
,,,,,,1250,,,,22,270530 Accrued Sales Tax - Florida,
,,,,,,1250,,,,23,270530 Accrued Sales Tax - Florida,
,,,,,,1250,,,,24,270530 Accrued Sales Tax - Florida,
,,,,,,1250,,,,25,270530 Accrued Sales Tax - Florida,
,,,,,,1250,,,,26,270530 Accrued Sales Tax - Florida,
,,,,,,1250,,,,28,270530 Accrued Sales Tax - Florida,
,,,,,,1250,,,,29,270530 Accrued Sales Tax - Florida,
,,,,,,1250,,,,31,270530 Accrued Sales Tax - Florida,
,,,,,,1250,,,,32,270530 Accrued Sales Tax - Florida,
,,,,,,1250,,,,33,270530 Accrued Sales Tax - Florida,
,,,,,,1250,,,,35,270530 Accrued Sales Tax - Florida,
,,,,,,1250,,,,36,270530 Accrued Sales Tax - Florida,
,,,,,,1250,,,,37,270530 Accrued Sales Tax - Florida,
,,,,,,1250,,,,39,270530 Accrued Sales Tax - Florida,
,,,,,,1250,,,,41,270530 Accrued Sales Tax - Florida,
,,,,,,1250,,,,42,270530 Accrued Sales Tax - Florida,
,,,,,,1250,,,,43,270530 Accrued Sales Tax - Florida,
,,,,,,1250,,,,44,270530 Accrued Sales Tax - Florida,
,,,,,,1250,,,,45,270530 Accrued Sales Tax - Florida,
,,,,,,1251,,,,1,270525 Accrued Sales Tax - Georgia,
,,,,,,1251,,,,2,270525 Accrued Sales Tax - Georgia,
,,,,,,1251,,,,3,270525 Accrued Sales Tax - Georgia,
,,,,,,1251,,,,4,270525 Accrued Sales Tax - Georgia,
,,,,,,1251,,,,5,270525 Accrued Sales Tax - Georgia,
,,,,,,1251,,,,6,270525 Accrued Sales Tax - Georgia,
,,,,,,1251,,,,11,270525 Accrued Sales Tax - Georgia,
,,,,,,1251,,,,16,270525 Accrued Sales Tax - Georgia,
,,,,,,1251,,,,19,270525 Accrued Sales Tax - Georgia,
,,,,,,1251,,,,20,270525 Accrued Sales Tax - Georgia,
,,,,,,1251,,,,21,270525 Accrued Sales Tax - Georgia,
,,,,,,1251,,,,22,270525 Accrued Sales Tax - Georgia,
,,,,,,1251,,,,23,270525 Accrued Sales Tax - Georgia,
,,,,,,1251,,,,24,270525 Accrued Sales Tax - Georgia,
,,,,,,1251,,,,25,270525 Accrued Sales Tax - Georgia,
,,,,,,1251,,,,26,270525 Accrued Sales Tax - Georgia,
,,,,,,1251,,,,28,270525 Accrued Sales Tax - Georgia,
,,,,,,1251,,,,29,270525 Accrued Sales Tax - Georgia,
,,,,,,1251,,,,31,270525 Accrued Sales Tax - Georgia,
,,,,,,1251,,,,32,270525 Accrued Sales Tax - Georgia,
,,,,,,1251,,,,33,270525 Accrued Sales Tax - Georgia,
,,,,,,1251,,,,35,270525 Accrued Sales Tax - Georgia,
,,,,,,1251,,,,36,270525 Accrued Sales Tax - Georgia,
,,,,,,1251,,,,37,270525 Accrued Sales Tax - Georgia,
,,,,,,1251,,,,39,270525 Accrued Sales Tax - Georgia,
,,,,,,1251,,,,41,270525 Accrued Sales Tax - Georgia,
,,,,,,1251,,,,42,270525 Accrued Sales Tax - Georgia,
,,,,,,1251,,,,43,270525 Accrued Sales Tax - Georgia,
,,,,,,1251,,,,44,270525 Accrued Sales Tax - Georgia,
,,,,,,1251,,,,45,270525 Accrued Sales Tax - Georgia,
,,,,,,1252,,,,1,270520 Accrued Sales Tax - South Carolina,
,,,,,,1252,,,,2,270520 Accrued Sales Tax - South Carolina,
,,,,,,1252,,,,3,270520 Accrued Sales Tax - South Carolina,
,,,,,,1252,,,,4,270520 Accrued Sales Tax - South Carolina,
,,,,,,1252,,,,5,270520 Accrued Sales Tax - South Carolina,
,,,,,,1252,,,,6,270520 Accrued Sales Tax - South Carolina,
,,,,,,1252,,,,11,270520 Accrued Sales Tax - South Carolina,
,,,,,,1252,,,,16,270520 Accrued Sales Tax - South Carolina,
,,,,,,1252,,,,19,270520 Accrued Sales Tax - South Carolina,
,,,,,,1252,,,,20,270520 Accrued Sales Tax - South Carolina,
,,,,,,1252,,,,21,270520 Accrued Sales Tax - South Carolina,
,,,,,,1252,,,,22,270520 Accrued Sales Tax - South Carolina,
,,,,,,1252,,,,23,270520 Accrued Sales Tax - South Carolina,
,,,,,,1252,,,,24,270520 Accrued Sales Tax - South Carolina,
,,,,,,1252,,,,25,270520 Accrued Sales Tax - South Carolina,
,,,,,,1252,,,,26,270520 Accrued Sales Tax - South Carolina,
,,,,,,1252,,,,28,270520 Accrued Sales Tax - South Carolina,
,,,,,,1252,,,,29,270520 Accrued Sales Tax - South Carolina,
,,,,,,1252,,,,31,270520 Accrued Sales Tax - South Carolina,
,,,,,,1252,,,,32,270520 Accrued Sales Tax - South Carolina,
,,,,,,1252,,,,33,270520 Accrued Sales Tax - South Carolina,
,,,,,,1252,,,,35,270520 Accrued Sales Tax - South Carolina,
,,,,,,1252,,,,36,270520 Accrued Sales Tax - South Carolina,
,,,,,,1252,,,,37,270520 Accrued Sales Tax - South Carolina,
,,,,,,1252,,,,39,270520 Accrued Sales Tax - South Carolina,
,,,,,,1252,,,,41,270520 Accrued Sales Tax - South Carolina,
,,,,,,1252,,,,42,270520 Accrued Sales Tax - South Carolina,
,,,,,,1252,,,,43,270520 Accrued Sales Tax - South Carolina,
,,,,,,1252,,,,44,270520 Accrued Sales Tax - South Carolina,
,,,,,,1252,,,,45,270520 Accrued Sales Tax - South Carolina,
Revenue,Revenue,Sales Discounts,,,,1253,,,,1,460000 Revenue : Sales Discounts,
Revenue,Revenue,Sales Discounts,,,,1253,,,,2,460000 Revenue : Sales Discounts,
Revenue,Revenue,Sales Discounts,,,,1253,,,,3,460000 Revenue : Sales Discounts,
Revenue,Revenue,Sales Discounts,,,,1253,,,,4,460000 Revenue : Sales Discounts,
Revenue,Revenue,Sales Discounts,,,,1253,,,,5,460000 Revenue : Sales Discounts,
Revenue,Revenue,Sales Discounts,,,,1253,,,,6,460000 Revenue : Sales Discounts,
Revenue,Revenue,Sales Discounts,,,,1253,,,,11,460000 Revenue : Sales Discounts,
Revenue,Revenue,Sales Discounts,,,,1253,,,,16,460000 Revenue : Sales Discounts,
Revenue,Revenue,Sales Discounts,,,,1253,,,,19,460000 Revenue : Sales Discounts,
Revenue,Revenue,Sales Discounts,,,,1253,,,,20,460000 Revenue : Sales Discounts,
Revenue,Revenue,Sales Discounts,,,,1253,,,,21,460000 Revenue : Sales Discounts,
Revenue,Revenue,Sales Discounts,,,,1253,,,,22,460000 Revenue : Sales Discounts,
Revenue,Revenue,Sales Discounts,,,,1253,,,,23,460000 Revenue : Sales Discounts,
Revenue,Revenue,Sales Discounts,,,,1253,,,,24,460000 Revenue : Sales Discounts,
Revenue,Revenue,Sales Discounts,,,,1253,,,,25,460000 Revenue : Sales Discounts,
Revenue,Revenue,Sales Discounts,,,,1253,,,,26,460000 Revenue : Sales Discounts,
Revenue,Revenue,Sales Discounts,,,,1253,,,,28,460000 Revenue : Sales Discounts,
Revenue,Revenue,Sales Discounts,,,,1253,,,,29,460000 Revenue : Sales Discounts,
Revenue,Revenue,Sales Discounts,,,,1253,,,,31,460000 Revenue : Sales Discounts,
Revenue,Revenue,Sales Discounts,,,,1253,,,,32,460000 Revenue : Sales Discounts,
Revenue,Revenue,Sales Discounts,,,,1253,,,,33,460000 Revenue : Sales Discounts,
Revenue,Revenue,Sales Discounts,,,,1253,,,,35,460000 Revenue : Sales Discounts,
Revenue,Revenue,Sales Discounts,,,,1253,,,,36,460000 Revenue : Sales Discounts,
Revenue,Revenue,Sales Discounts,,,,1253,,,,37,460000 Revenue : Sales Discounts,
Revenue,Revenue,Sales Discounts,,,,1253,,,,39,460000 Revenue : Sales Discounts,
Revenue,Revenue,Sales Discounts,,,,1253,,,,41,460000 Revenue : Sales Discounts,
Revenue,Revenue,Sales Discounts,,,,1253,,,,42,460000 Revenue : Sales Discounts,
Revenue,Revenue,Sales Discounts,,,,1253,,,,43,460000 Revenue : Sales Discounts,
Revenue,Revenue,Sales Discounts,,,,1253,,,,44,460000 Revenue : Sales Discounts,
Revenue,Revenue,Sales Discounts,,,,1253,,,,45,460000 Revenue : Sales Discounts,
Other Expenses,Other Expense,,,,,1255,,,,1,850000 Other Expense,
Other Expenses,Other Expense,,,,,1255,,,,2,850000 Other Expense,
Other Expenses,Other Expense,,,,,1255,,,,3,850000 Other Expense,
Other Expenses,Other Expense,,,,,1255,,,,4,850000 Other Expense,
Other Expenses,Other Expense,,,,,1255,,,,5,850000 Other Expense,
Other Expenses,Other Expense,,,,,1255,,,,6,850000 Other Expense,
Other Expenses,Other Expense,,,,,1255,,,,11,850000 Other Expense,
Other Expenses,Other Expense,,,,,1255,,,,16,850000 Other Expense,
Other Expenses,Other Expense,,,,,1255,,,,19,850000 Other Expense,
Other Expenses,Other Expense,,,,,1255,,,,20,850000 Other Expense,
Other Expenses,Other Expense,,,,,1255,,,,21,850000 Other Expense,
Other Expenses,Other Expense,,,,,1255,,,,22,850000 Other Expense,
Other Expenses,Other Expense,,,,,1255,,,,23,850000 Other Expense,
Other Expenses,Other Expense,,,,,1255,,,,24,850000 Other Expense,
Other Expenses,Other Expense,,,,,1255,,,,25,850000 Other Expense,
Other Expenses,Other Expense,,,,,1255,,,,26,850000 Other Expense,
Other Expenses,Other Expense,,,,,1255,,,,28,850000 Other Expense,
Other Expenses,Other Expense,,,,,1255,,,,29,850000 Other Expense,
Other Expenses,Other Expense,,,,,1255,,,,31,850000 Other Expense,
Other Expenses,Other Expense,,,,,1255,,,,32,850000 Other Expense,
Other Expenses,Other Expense,,,,,1255,,,,33,850000 Other Expense,
Other Expenses,Other Expense,,,,,1255,,,,35,850000 Other Expense,
Other Expenses,Other Expense,,,,,1255,,,,36,850000 Other Expense,
Other Expenses,Other Expense,,,,,1255,,,,37,850000 Other Expense,
Other Expenses,Other Expense,,,,,1255,,,,39,850000 Other Expense,
Other Expenses,Other Expense,,,,,1255,,,,41,850000 Other Expense,
Other Expenses,Other Expense,,,,,1255,,,,42,850000 Other Expense,
Other Expenses,Other Expense,,,,,1255,,,,43,850000 Other Expense,
Other Expenses,Other Expense,,,,,1255,,,,44,850000 Other Expense,
Other Expenses,Other Expense,,,,,1255,,,,45,850000 Other Expense,
Assets,Current Assets,Other Current Assets,Inventory,Retail Inventory,,1256,,,,1,120250 Inventory : Retail Inventory,
Assets,Current Assets,Other Current Assets,Inventory,Retail Inventory,,1256,,,,2,120250 Inventory : Retail Inventory,
Assets,Current Assets,Other Current Assets,Inventory,Retail Inventory,,1256,,,,3,120250 Inventory : Retail Inventory,
Assets,Current Assets,Other Current Assets,Inventory,Retail Inventory,,1256,,,,4,120250 Inventory : Retail Inventory,
Assets,Current Assets,Other Current Assets,Inventory,Retail Inventory,,1256,,,,5,120250 Inventory : Retail Inventory,
Assets,Current Assets,Other Current Assets,Inventory,Retail Inventory,,1256,,,,6,120250 Inventory : Retail Inventory,
Assets,Current Assets,Other Current Assets,Inventory,Retail Inventory,,1256,,,,11,120250 Inventory : Retail Inventory,
Assets,Current Assets,Other Current Assets,Inventory,Retail Inventory,,1256,,,,16,120250 Inventory : Retail Inventory,
Assets,Current Assets,Other Current Assets,Inventory,Retail Inventory,,1256,,,,19,120250 Inventory : Retail Inventory,
Assets,Current Assets,Other Current Assets,Inventory,Retail Inventory,,1256,,,,20,120250 Inventory : Retail Inventory,
Assets,Current Assets,Other Current Assets,Inventory,Retail Inventory,,1256,,,,21,120250 Inventory : Retail Inventory,
Assets,Current Assets,Other Current Assets,Inventory,Retail Inventory,,1256,,,,22,120250 Inventory : Retail Inventory,
Assets,Current Assets,Other Current Assets,Inventory,Retail Inventory,,1256,,,,23,120250 Inventory : Retail Inventory,
Assets,Current Assets,Other Current Assets,Inventory,Retail Inventory,,1256,,,,24,120250 Inventory : Retail Inventory,
Assets,Current Assets,Other Current Assets,Inventory,Retail Inventory,,1256,,,,25,120250 Inventory : Retail Inventory,
Assets,Current Assets,Other Current Assets,Inventory,Retail Inventory,,1256,,,,26,120250 Inventory : Retail Inventory,
Assets,Current Assets,Other Current Assets,Inventory,Retail Inventory,,1256,,,,28,120250 Inventory : Retail Inventory,
Assets,Current Assets,Other Current Assets,Inventory,Retail Inventory,,1256,,,,29,120250 Inventory : Retail Inventory,
Assets,Current Assets,Other Current Assets,Inventory,Retail Inventory,,1256,,,,31,120250 Inventory : Retail Inventory,
Assets,Current Assets,Other Current Assets,Inventory,Retail Inventory,,1256,,,,32,120250 Inventory : Retail Inventory,
Assets,Current Assets,Other Current Assets,Inventory,Retail Inventory,,1256,,,,33,120250 Inventory : Retail Inventory,
Assets,Current Assets,Other Current Assets,Inventory,Retail Inventory,,1256,,,,35,120250 Inventory : Retail Inventory,
Assets,Current Assets,Other Current Assets,Inventory,Retail Inventory,,1256,,,,36,120250 Inventory : Retail Inventory,
Assets,Current Assets,Other Current Assets,Inventory,Retail Inventory,,1256,,,,37,120250 Inventory : Retail Inventory,
Assets,Current Assets,Other Current Assets,Inventory,Retail Inventory,,1256,,,,39,120250 Inventory : Retail Inventory,
Assets,Current Assets,Other Current Assets,Inventory,Retail Inventory,,1256,,,,41,120250 Inventory : Retail Inventory,
Assets,Current Assets,Other Current Assets,Inventory,Retail Inventory,,1256,,,,42,120250 Inventory : Retail Inventory,
Assets,Current Assets,Other Current Assets,Inventory,Retail Inventory,,1256,,,,43,120250 Inventory : Retail Inventory,
Assets,Current Assets,Other Current Assets,Inventory,Retail Inventory,,1256,,,,44,120250 Inventory : Retail Inventory,
Assets,Current Assets,Other Current Assets,Inventory,Retail Inventory,,1256,,,,45,120250 Inventory : Retail Inventory,
Assets,Current Assets,Other Current Assets,Inventory,Veterinary Inventory,,1257,,,,1,120500 Inventory : Veterinary Inventory,
Assets,Current Assets,Other Current Assets,Inventory,Veterinary Inventory,,1257,,,,2,120500 Inventory : Veterinary Inventory,
Assets,Current Assets,Other Current Assets,Inventory,Veterinary Inventory,,1257,,,,3,120500 Inventory : Veterinary Inventory,
Assets,Current Assets,Other Current Assets,Inventory,Veterinary Inventory,,1257,,,,4,120500 Inventory : Veterinary Inventory,
Assets,Current Assets,Other Current Assets,Inventory,Veterinary Inventory,,1257,,,,5,120500 Inventory : Veterinary Inventory,
Assets,Current Assets,Other Current Assets,Inventory,Veterinary Inventory,,1257,,,,6,120500 Inventory : Veterinary Inventory,
Assets,Current Assets,Other Current Assets,Inventory,Veterinary Inventory,,1257,,,,11,120500 Inventory : Veterinary Inventory,
Assets,Current Assets,Other Current Assets,Inventory,Veterinary Inventory,,1257,,,,16,120500 Inventory : Veterinary Inventory,
Assets,Current Assets,Other Current Assets,Inventory,Veterinary Inventory,,1257,,,,19,120500 Inventory : Veterinary Inventory,
Assets,Current Assets,Other Current Assets,Inventory,Veterinary Inventory,,1257,,,,20,120500 Inventory : Veterinary Inventory,
Assets,Current Assets,Other Current Assets,Inventory,Veterinary Inventory,,1257,,,,21,120500 Inventory : Veterinary Inventory,
Assets,Current Assets,Other Current Assets,Inventory,Veterinary Inventory,,1257,,,,22,120500 Inventory : Veterinary Inventory,
Assets,Current Assets,Other Current Assets,Inventory,Veterinary Inventory,,1257,,,,23,120500 Inventory : Veterinary Inventory,
Assets,Current Assets,Other Current Assets,Inventory,Veterinary Inventory,,1257,,,,24,120500 Inventory : Veterinary Inventory,
Assets,Current Assets,Other Current Assets,Inventory,Veterinary Inventory,,1257,,,,25,120500 Inventory : Veterinary Inventory,
Assets,Current Assets,Other Current Assets,Inventory,Veterinary Inventory,,1257,,,,26,120500 Inventory : Veterinary Inventory,
Assets,Current Assets,Other Current Assets,Inventory,Veterinary Inventory,,1257,,,,28,120500 Inventory : Veterinary Inventory,
Assets,Current Assets,Other Current Assets,Inventory,Veterinary Inventory,,1257,,,,29,120500 Inventory : Veterinary Inventory,
Assets,Current Assets,Other Current Assets,Inventory,Veterinary Inventory,,1257,,,,31,120500 Inventory : Veterinary Inventory,
Assets,Current Assets,Other Current Assets,Inventory,Veterinary Inventory,,1257,,,,32,120500 Inventory : Veterinary Inventory,
Assets,Current Assets,Other Current Assets,Inventory,Veterinary Inventory,,1257,,,,33,120500 Inventory : Veterinary Inventory,
Assets,Current Assets,Other Current Assets,Inventory,Veterinary Inventory,,1257,,,,35,120500 Inventory : Veterinary Inventory,
Assets,Current Assets,Other Current Assets,Inventory,Veterinary Inventory,,1257,,,,36,120500 Inventory : Veterinary Inventory,
Assets,Current Assets,Other Current Assets,Inventory,Veterinary Inventory,,1257,,,,37,120500 Inventory : Veterinary Inventory,
Assets,Current Assets,Other Current Assets,Inventory,Veterinary Inventory,,1257,,,,39,120500 Inventory : Veterinary Inventory,
Assets,Current Assets,Other Current Assets,Inventory,Veterinary Inventory,,1257,,,,41,120500 Inventory : Veterinary Inventory,
Assets,Current Assets,Other Current Assets,Inventory,Veterinary Inventory,,1257,,,,42,120500 Inventory : Veterinary Inventory,
Assets,Current Assets,Other Current Assets,Inventory,Veterinary Inventory,,1257,,,,43,120500 Inventory : Veterinary Inventory,
Assets,Current Assets,Other Current Assets,Inventory,Veterinary Inventory,,1257,,,,44,120500 Inventory : Veterinary Inventory,
Assets,Current Assets,Other Current Assets,Inventory,Veterinary Inventory,,1257,,,,45,120500 Inventory : Veterinary Inventory,
Assets,Other Assets,Other Long term Assets,ASC 842 - ROU Asset Account,,,1258,,,,1,171000 Other Long term Assets : ASC 842 - ROU Asset Account,
Assets,Other Assets,Other Long term Assets,ASC 842 - ROU Asset Account,,,1258,,,,2,171000 Other Long term Assets : ASC 842 - ROU Asset Account,
Assets,Other Assets,Other Long term Assets,ASC 842 - ROU Asset Account,,,1258,,,,3,171000 Other Long term Assets : ASC 842 - ROU Asset Account,
Assets,Other Assets,Other Long term Assets,ASC 842 - ROU Asset Account,,,1258,,,,4,171000 Other Long term Assets : ASC 842 - ROU Asset Account,
Assets,Other Assets,Other Long term Assets,ASC 842 - ROU Asset Account,,,1258,,,,5,171000 Other Long term Assets : ASC 842 - ROU Asset Account,
Assets,Other Assets,Other Long term Assets,ASC 842 - ROU Asset Account,,,1258,,,,6,171000 Other Long term Assets : ASC 842 - ROU Asset Account,
Assets,Other Assets,Other Long term Assets,ASC 842 - ROU Asset Account,,,1258,,,,11,171000 Other Long term Assets : ASC 842 - ROU Asset Account,
Assets,Other Assets,Other Long term Assets,ASC 842 - ROU Asset Account,,,1258,,,,16,171000 Other Long term Assets : ASC 842 - ROU Asset Account,
Assets,Other Assets,Other Long term Assets,ASC 842 - ROU Asset Account,,,1258,,,,19,171000 Other Long term Assets : ASC 842 - ROU Asset Account,
Assets,Other Assets,Other Long term Assets,ASC 842 - ROU Asset Account,,,1258,,,,20,171000 Other Long term Assets : ASC 842 - ROU Asset Account,
Assets,Other Assets,Other Long term Assets,ASC 842 - ROU Asset Account,,,1258,,,,21,171000 Other Long term Assets : ASC 842 - ROU Asset Account,
Assets,Other Assets,Other Long term Assets,ASC 842 - ROU Asset Account,,,1258,,,,22,171000 Other Long term Assets : ASC 842 - ROU Asset Account,
Assets,Other Assets,Other Long term Assets,ASC 842 - ROU Asset Account,,,1258,,,,23,171000 Other Long term Assets : ASC 842 - ROU Asset Account,
Assets,Other Assets,Other Long term Assets,ASC 842 - ROU Asset Account,,,1258,,,,24,171000 Other Long term Assets : ASC 842 - ROU Asset Account,
Assets,Other Assets,Other Long term Assets,ASC 842 - ROU Asset Account,,,1258,,,,25,171000 Other Long term Assets : ASC 842 - ROU Asset Account,
Assets,Other Assets,Other Long term Assets,ASC 842 - ROU Asset Account,,,1258,,,,26,171000 Other Long term Assets : ASC 842 - ROU Asset Account,
Assets,Other Assets,Other Long term Assets,ASC 842 - ROU Asset Account,,,1258,,,,28,171000 Other Long term Assets : ASC 842 - ROU Asset Account,
Assets,Other Assets,Other Long term Assets,ASC 842 - ROU Asset Account,,,1258,,,,29,171000 Other Long term Assets : ASC 842 - ROU Asset Account,
Assets,Other Assets,Other Long term Assets,ASC 842 - ROU Asset Account,,,1258,,,,31,171000 Other Long term Assets : ASC 842 - ROU Asset Account,
Assets,Other Assets,Other Long term Assets,ASC 842 - ROU Asset Account,,,1258,,,,32,171000 Other Long term Assets : ASC 842 - ROU Asset Account,
Assets,Other Assets,Other Long term Assets,ASC 842 - ROU Asset Account,,,1258,,,,33,171000 Other Long term Assets : ASC 842 - ROU Asset Account,
Assets,Other Assets,Other Long term Assets,ASC 842 - ROU Asset Account,,,1258,,,,35,171000 Other Long term Assets : ASC 842 - ROU Asset Account,
Assets,Other Assets,Other Long term Assets,ASC 842 - ROU Asset Account,,,1258,,,,36,171000 Other Long term Assets : ASC 842 - ROU Asset Account,
Assets,Other Assets,Other Long term Assets,ASC 842 - ROU Asset Account,,,1258,,,,37,171000 Other Long term Assets : ASC 842 - ROU Asset Account,
Assets,Other Assets,Other Long term Assets,ASC 842 - ROU Asset Account,,,1258,,,,39,171000 Other Long term Assets : ASC 842 - ROU Asset Account,
Assets,Other Assets,Other Long term Assets,ASC 842 - ROU Asset Account,,,1258,,,,41,171000 Other Long term Assets : ASC 842 - ROU Asset Account,
Assets,Other Assets,Other Long term Assets,ASC 842 - ROU Asset Account,,,1258,,,,42,171000 Other Long term Assets : ASC 842 - ROU Asset Account,
Assets,Other Assets,Other Long term Assets,ASC 842 - ROU Asset Account,,,1258,,,,43,171000 Other Long term Assets : ASC 842 - ROU Asset Account,
Assets,Other Assets,Other Long term Assets,ASC 842 - ROU Asset Account,,,1258,,,,44,171000 Other Long term Assets : ASC 842 - ROU Asset Account,
Assets,Other Assets,Other Long term Assets,ASC 842 - ROU Asset Account,,,1258,,,,45,171000 Other Long term Assets : ASC 842 - ROU Asset Account,
Liabilities,Current Liabilities,Accounts Payable,Accounts Payable Trade,,,1259,,,,1,200250 Accounts Payable : Accounts Payable Trade,
Liabilities,Current Liabilities,Accounts Payable,Accounts Payable Trade,,,1259,,,,2,200250 Accounts Payable : Accounts Payable Trade,
Liabilities,Current Liabilities,Accounts Payable,Accounts Payable Trade,,,1259,,,,3,200250 Accounts Payable : Accounts Payable Trade,
Liabilities,Current Liabilities,Accounts Payable,Accounts Payable Trade,,,1259,,,,4,200250 Accounts Payable : Accounts Payable Trade,
Liabilities,Current Liabilities,Accounts Payable,Accounts Payable Trade,,,1259,,,,5,200250 Accounts Payable : Accounts Payable Trade,
Liabilities,Current Liabilities,Accounts Payable,Accounts Payable Trade,,,1259,,,,6,200250 Accounts Payable : Accounts Payable Trade,
Liabilities,Current Liabilities,Accounts Payable,Accounts Payable Trade,,,1259,,,,11,200250 Accounts Payable : Accounts Payable Trade,
Liabilities,Current Liabilities,Accounts Payable,Accounts Payable Trade,,,1259,,,,16,200250 Accounts Payable : Accounts Payable Trade,
Liabilities,Current Liabilities,Accounts Payable,Accounts Payable Trade,,,1259,,,,19,200250 Accounts Payable : Accounts Payable Trade,
Liabilities,Current Liabilities,Accounts Payable,Accounts Payable Trade,,,1259,,,,20,200250 Accounts Payable : Accounts Payable Trade,
Liabilities,Current Liabilities,Accounts Payable,Accounts Payable Trade,,,1259,,,,21,200250 Accounts Payable : Accounts Payable Trade,
Liabilities,Current Liabilities,Accounts Payable,Accounts Payable Trade,,,1259,,,,22,200250 Accounts Payable : Accounts Payable Trade,
Liabilities,Current Liabilities,Accounts Payable,Accounts Payable Trade,,,1259,,,,23,200250 Accounts Payable : Accounts Payable Trade,
Liabilities,Current Liabilities,Accounts Payable,Accounts Payable Trade,,,1259,,,,24,200250 Accounts Payable : Accounts Payable Trade,
Liabilities,Current Liabilities,Accounts Payable,Accounts Payable Trade,,,1259,,,,25,200250 Accounts Payable : Accounts Payable Trade,
Liabilities,Current Liabilities,Accounts Payable,Accounts Payable Trade,,,1259,,,,26,200250 Accounts Payable : Accounts Payable Trade,
Liabilities,Current Liabilities,Accounts Payable,Accounts Payable Trade,,,1259,,,,28,200250 Accounts Payable : Accounts Payable Trade,
Liabilities,Current Liabilities,Accounts Payable,Accounts Payable Trade,,,1259,,,,29,200250 Accounts Payable : Accounts Payable Trade,
Liabilities,Current Liabilities,Accounts Payable,Accounts Payable Trade,,,1259,,,,31,200250 Accounts Payable : Accounts Payable Trade,
Liabilities,Current Liabilities,Accounts Payable,Accounts Payable Trade,,,1259,,,,32,200250 Accounts Payable : Accounts Payable Trade,
Liabilities,Current Liabilities,Accounts Payable,Accounts Payable Trade,,,1259,,,,33,200250 Accounts Payable : Accounts Payable Trade,
Liabilities,Current Liabilities,Accounts Payable,Accounts Payable Trade,,,1259,,,,35,200250 Accounts Payable : Accounts Payable Trade,
Liabilities,Current Liabilities,Accounts Payable,Accounts Payable Trade,,,1259,,,,36,200250 Accounts Payable : Accounts Payable Trade,
Liabilities,Current Liabilities,Accounts Payable,Accounts Payable Trade,,,1259,,,,37,200250 Accounts Payable : Accounts Payable Trade,
Liabilities,Current Liabilities,Accounts Payable,Accounts Payable Trade,,,1259,,,,39,200250 Accounts Payable : Accounts Payable Trade,
Liabilities,Current Liabilities,Accounts Payable,Accounts Payable Trade,,,1259,,,,41,200250 Accounts Payable : Accounts Payable Trade,
Liabilities,Current Liabilities,Accounts Payable,Accounts Payable Trade,,,1259,,,,42,200250 Accounts Payable : Accounts Payable Trade,
Liabilities,Current Liabilities,Accounts Payable,Accounts Payable Trade,,,1259,,,,43,200250 Accounts Payable : Accounts Payable Trade,
Liabilities,Current Liabilities,Accounts Payable,Accounts Payable Trade,,,1259,,,,44,200250 Accounts Payable : Accounts Payable Trade,
Liabilities,Current Liabilities,Accounts Payable,Accounts Payable Trade,,,1259,,,,45,200250 Accounts Payable : Accounts Payable Trade,
Assets,Current Assets,Accounts Receivable,Accounts Receivable,Accounts Receivable Trade,,1353,,,,1,110250 Accounts Receivable : Accounts Receivable Trade,
Assets,Current Assets,Accounts Receivable,Accounts Receivable,Accounts Receivable Trade,,1353,,,,2,110250 Accounts Receivable : Accounts Receivable Trade,
Assets,Current Assets,Accounts Receivable,Accounts Receivable,Accounts Receivable Trade,,1353,,,,3,110250 Accounts Receivable : Accounts Receivable Trade,
Assets,Current Assets,Accounts Receivable,Accounts Receivable,Accounts Receivable Trade,,1353,,,,4,110250 Accounts Receivable : Accounts Receivable Trade,
Assets,Current Assets,Accounts Receivable,Accounts Receivable,Accounts Receivable Trade,,1353,,,,5,110250 Accounts Receivable : Accounts Receivable Trade,
Assets,Current Assets,Accounts Receivable,Accounts Receivable,Accounts Receivable Trade,,1353,,,,6,110250 Accounts Receivable : Accounts Receivable Trade,
Assets,Current Assets,Accounts Receivable,Accounts Receivable,Accounts Receivable Trade,,1353,,,,11,110250 Accounts Receivable : Accounts Receivable Trade,
Assets,Current Assets,Accounts Receivable,Accounts Receivable,Accounts Receivable Trade,,1353,,,,16,110250 Accounts Receivable : Accounts Receivable Trade,
Assets,Current Assets,Accounts Receivable,Accounts Receivable,Accounts Receivable Trade,,1353,,,,19,110250 Accounts Receivable : Accounts Receivable Trade,
Assets,Current Assets,Accounts Receivable,Accounts Receivable,Accounts Receivable Trade,,1353,,,,20,110250 Accounts Receivable : Accounts Receivable Trade,
Assets,Current Assets,Accounts Receivable,Accounts Receivable,Accounts Receivable Trade,,1353,,,,21,110250 Accounts Receivable : Accounts Receivable Trade,
Assets,Current Assets,Accounts Receivable,Accounts Receivable,Accounts Receivable Trade,,1353,,,,22,110250 Accounts Receivable : Accounts Receivable Trade,
Assets,Current Assets,Accounts Receivable,Accounts Receivable,Accounts Receivable Trade,,1353,,,,23,110250 Accounts Receivable : Accounts Receivable Trade,
Assets,Current Assets,Accounts Receivable,Accounts Receivable,Accounts Receivable Trade,,1353,,,,24,110250 Accounts Receivable : Accounts Receivable Trade,
Assets,Current Assets,Accounts Receivable,Accounts Receivable,Accounts Receivable Trade,,1353,,,,25,110250 Accounts Receivable : Accounts Receivable Trade,
Assets,Current Assets,Accounts Receivable,Accounts Receivable,Accounts Receivable Trade,,1353,,,,26,110250 Accounts Receivable : Accounts Receivable Trade,
Assets,Current Assets,Accounts Receivable,Accounts Receivable,Accounts Receivable Trade,,1353,,,,28,110250 Accounts Receivable : Accounts Receivable Trade,
Assets,Current Assets,Accounts Receivable,Accounts Receivable,Accounts Receivable Trade,,1353,,,,29,110250 Accounts Receivable : Accounts Receivable Trade,
Assets,Current Assets,Accounts Receivable,Accounts Receivable,Accounts Receivable Trade,,1353,,,,31,110250 Accounts Receivable : Accounts Receivable Trade,
Assets,Current Assets,Accounts Receivable,Accounts Receivable,Accounts Receivable Trade,,1353,,,,32,110250 Accounts Receivable : Accounts Receivable Trade,
Assets,Current Assets,Accounts Receivable,Accounts Receivable,Accounts Receivable Trade,,1353,,,,33,110250 Accounts Receivable : Accounts Receivable Trade,
Assets,Current Assets,Accounts Receivable,Accounts Receivable,Accounts Receivable Trade,,1353,,,,35,110250 Accounts Receivable : Accounts Receivable Trade,
Assets,Current Assets,Accounts Receivable,Accounts Receivable,Accounts Receivable Trade,,1353,,,,36,110250 Accounts Receivable : Accounts Receivable Trade,
Assets,Current Assets,Accounts Receivable,Accounts Receivable,Accounts Receivable Trade,,1353,,,,37,110250 Accounts Receivable : Accounts Receivable Trade,
Assets,Current Assets,Accounts Receivable,Accounts Receivable,Accounts Receivable Trade,,1353,,,,39,110250 Accounts Receivable : Accounts Receivable Trade,
Assets,Current Assets,Accounts Receivable,Accounts Receivable,Accounts Receivable Trade,,1353,,,,41,110250 Accounts Receivable : Accounts Receivable Trade,
Assets,Current Assets,Accounts Receivable,Accounts Receivable,Accounts Receivable Trade,,1353,,,,42,110250 Accounts Receivable : Accounts Receivable Trade,
Assets,Current Assets,Accounts Receivable,Accounts Receivable,Accounts Receivable Trade,,1353,,,,43,110250 Accounts Receivable : Accounts Receivable Trade,
Assets,Current Assets,Accounts Receivable,Accounts Receivable,Accounts Receivable Trade,,1353,,,,44,110250 Accounts Receivable : Accounts Receivable Trade,
Assets,Current Assets,Accounts Receivable,Accounts Receivable,Accounts Receivable Trade,,1353,,,,45,110250 Accounts Receivable : Accounts Receivable Trade,
Liabilities,Current Liabilities,Credit Card,Credit Card Payable,WagWay,,1356,,,,4,210100 Credit Card Payable - WagWay,
Liabilities,Current Liabilities,Credit Card,Credit Card Payable,PUPS Intermediate,,1357,,,,6,210200 Credit Card Payable - PUPS Intermediate,
Liabilities,Current Liabilities,Credit Card,Credit Card Payable,Pawville Intermediate,,1358,,,,3,210300 Credit Card Payable - Pawville Intermediate,
,,,,,,1359,,,,37,210400 Credit Card Payable - Vet Clinics,
,,,,,,1367,,,,1,280250 Long Term Debt : Revolving Line of Credit,
,,,,,,1367,,,,2,280250 Long Term Debt : Revolving Line of Credit,
,,,,,,1367,,,,3,280250 Long Term Debt : Revolving Line of Credit,
,,,,,,1367,,,,4,280250 Long Term Debt : Revolving Line of Credit,
,,,,,,1367,,,,5,280250 Long Term Debt : Revolving Line of Credit,
,,,,,,1367,,,,6,280250 Long Term Debt : Revolving Line of Credit,
,,,,,,1367,,,,11,280250 Long Term Debt : Revolving Line of Credit,
,,,,,,1367,,,,16,280250 Long Term Debt : Revolving Line of Credit,
,,,,,,1367,,,,19,280250 Long Term Debt : Revolving Line of Credit,
,,,,,,1367,,,,20,280250 Long Term Debt : Revolving Line of Credit,
,,,,,,1367,,,,21,280250 Long Term Debt : Revolving Line of Credit,
,,,,,,1367,,,,22,280250 Long Term Debt : Revolving Line of Credit,
,,,,,,1367,,,,23,280250 Long Term Debt : Revolving Line of Credit,
,,,,,,1367,,,,24,280250 Long Term Debt : Revolving Line of Credit,
,,,,,,1367,,,,25,280250 Long Term Debt : Revolving Line of Credit,
,,,,,,1367,,,,26,280250 Long Term Debt : Revolving Line of Credit,
,,,,,,1367,,,,28,280250 Long Term Debt : Revolving Line of Credit,
,,,,,,1367,,,,29,280250 Long Term Debt : Revolving Line of Credit,
,,,,,,1367,,,,31,280250 Long Term Debt : Revolving Line of Credit,
,,,,,,1367,,,,32,280250 Long Term Debt : Revolving Line of Credit,
,,,,,,1367,,,,33,280250 Long Term Debt : Revolving Line of Credit,
,,,,,,1367,,,,35,280250 Long Term Debt : Revolving Line of Credit,
,,,,,,1367,,,,36,280250 Long Term Debt : Revolving Line of Credit,
,,,,,,1367,,,,37,280250 Long Term Debt : Revolving Line of Credit,
,,,,,,1367,,,,39,280250 Long Term Debt : Revolving Line of Credit,
,,,,,,1367,,,,41,280250 Long Term Debt : Revolving Line of Credit,
,,,,,,1367,,,,42,280250 Long Term Debt : Revolving Line of Credit,
,,,,,,1367,,,,43,280250 Long Term Debt : Revolving Line of Credit,
,,,,,,1367,,,,44,280250 Long Term Debt : Revolving Line of Credit,
,,,,,,1367,,,,45,280250 Long Term Debt : Revolving Line of Credit,
Assets,Current Assets,Other Current Assets,Other Current Assets,ASC 842 - ROU Clearing Account,,1368,,,,1,140500 Other Current Assets : ASC 842 - ROU Clearing Account,
Assets,Current Assets,Other Current Assets,Other Current Assets,ASC 842 - ROU Clearing Account,,1368,,,,2,140500 Other Current Assets : ASC 842 - ROU Clearing Account,
Assets,Current Assets,Other Current Assets,Other Current Assets,ASC 842 - ROU Clearing Account,,1368,,,,3,140500 Other Current Assets : ASC 842 - ROU Clearing Account,
Assets,Current Assets,Other Current Assets,Other Current Assets,ASC 842 - ROU Clearing Account,,1368,,,,4,140500 Other Current Assets : ASC 842 - ROU Clearing Account,
Assets,Current Assets,Other Current Assets,Other Current Assets,ASC 842 - ROU Clearing Account,,1368,,,,5,140500 Other Current Assets : ASC 842 - ROU Clearing Account,
Assets,Current Assets,Other Current Assets,Other Current Assets,ASC 842 - ROU Clearing Account,,1368,,,,6,140500 Other Current Assets : ASC 842 - ROU Clearing Account,
Assets,Current Assets,Other Current Assets,Other Current Assets,ASC 842 - ROU Clearing Account,,1368,,,,11,140500 Other Current Assets : ASC 842 - ROU Clearing Account,
Assets,Current Assets,Other Current Assets,Other Current Assets,ASC 842 - ROU Clearing Account,,1368,,,,16,140500 Other Current Assets : ASC 842 - ROU Clearing Account,
Assets,Current Assets,Other Current Assets,Other Current Assets,ASC 842 - ROU Clearing Account,,1368,,,,19,140500 Other Current Assets : ASC 842 - ROU Clearing Account,
Assets,Current Assets,Other Current Assets,Other Current Assets,ASC 842 - ROU Clearing Account,,1368,,,,20,140500 Other Current Assets : ASC 842 - ROU Clearing Account,
Assets,Current Assets,Other Current Assets,Other Current Assets,ASC 842 - ROU Clearing Account,,1368,,,,21,140500 Other Current Assets : ASC 842 - ROU Clearing Account,
Assets,Current Assets,Other Current Assets,Other Current Assets,ASC 842 - ROU Clearing Account,,1368,,,,22,140500 Other Current Assets : ASC 842 - ROU Clearing Account,
Assets,Current Assets,Other Current Assets,Other Current Assets,ASC 842 - ROU Clearing Account,,1368,,,,23,140500 Other Current Assets : ASC 842 - ROU Clearing Account,
Assets,Current Assets,Other Current Assets,Other Current Assets,ASC 842 - ROU Clearing Account,,1368,,,,24,140500 Other Current Assets : ASC 842 - ROU Clearing Account,
Assets,Current Assets,Other Current Assets,Other Current Assets,ASC 842 - ROU Clearing Account,,1368,,,,25,140500 Other Current Assets : ASC 842 - ROU Clearing Account,
Assets,Current Assets,Other Current Assets,Other Current Assets,ASC 842 - ROU Clearing Account,,1368,,,,26,140500 Other Current Assets : ASC 842 - ROU Clearing Account,
Assets,Current Assets,Other Current Assets,Other Current Assets,ASC 842 - ROU Clearing Account,,1368,,,,28,140500 Other Current Assets : ASC 842 - ROU Clearing Account,
Assets,Current Assets,Other Current Assets,Other Current Assets,ASC 842 - ROU Clearing Account,,1368,,,,29,140500 Other Current Assets : ASC 842 - ROU Clearing Account,
Assets,Current Assets,Other Current Assets,Other Current Assets,ASC 842 - ROU Clearing Account,,1368,,,,31,140500 Other Current Assets : ASC 842 - ROU Clearing Account,
Assets,Current Assets,Other Current Assets,Other Current Assets,ASC 842 - ROU Clearing Account,,1368,,,,32,140500 Other Current Assets : ASC 842 - ROU Clearing Account,
Assets,Current Assets,Other Current Assets,Other Current Assets,ASC 842 - ROU Clearing Account,,1368,,,,33,140500 Other Current Assets : ASC 842 - ROU Clearing Account,
Assets,Current Assets,Other Current Assets,Other Current Assets,ASC 842 - ROU Clearing Account,,1368,,,,35,140500 Other Current Assets : ASC 842 - ROU Clearing Account,
Assets,Current Assets,Other Current Assets,Other Current Assets,ASC 842 - ROU Clearing Account,,1368,,,,36,140500 Other Current Assets : ASC 842 - ROU Clearing Account,
Assets,Current Assets,Other Current Assets,Other Current Assets,ASC 842 - ROU Clearing Account,,1368,,,,37,140500 Other Current Assets : ASC 842 - ROU Clearing Account,
Assets,Current Assets,Other Current Assets,Other Current Assets,ASC 842 - ROU Clearing Account,,1368,,,,39,140500 Other Current Assets : ASC 842 - ROU Clearing Account,
Assets,Current Assets,Other Current Assets,Other Current Assets,ASC 842 - ROU Clearing Account,,1368,,,,41,140500 Other Current Assets : ASC 842 - ROU Clearing Account,
Assets,Current Assets,Other Current Assets,Other Current Assets,ASC 842 - ROU Clearing Account,,1368,,,,42,140500 Other Current Assets : ASC 842 - ROU Clearing Account,
Assets,Current Assets,Other Current Assets,Other Current Assets,ASC 842 - ROU Clearing Account,,1368,,,,43,140500 Other Current Assets : ASC 842 - ROU Clearing Account,
Assets,Current Assets,Other Current Assets,Other Current Assets,ASC 842 - ROU Clearing Account,,1368,,,,44,140500 Other Current Assets : ASC 842 - ROU Clearing Account,
Assets,Current Assets,Other Current Assets,Other Current Assets,ASC 842 - ROU Clearing Account,,1368,,,,45,140500 Other Current Assets : ASC 842 - ROU Clearing Account,
Assets,Other Assets,Other Long term Assets,ASC 842 - ROU Accumulated Amortization Acccount,,,1369,,,,1,171500 Other Long term Assets : ASC 842 - ROU Accumulated Amortization Acccount,
Assets,Other Assets,Other Long term Assets,ASC 842 - ROU Accumulated Amortization Acccount,,,1369,,,,2,171500 Other Long term Assets : ASC 842 - ROU Accumulated Amortization Acccount,
Assets,Other Assets,Other Long term Assets,ASC 842 - ROU Accumulated Amortization Acccount,,,1369,,,,3,171500 Other Long term Assets : ASC 842 - ROU Accumulated Amortization Acccount,
Assets,Other Assets,Other Long term Assets,ASC 842 - ROU Accumulated Amortization Acccount,,,1369,,,,4,171500 Other Long term Assets : ASC 842 - ROU Accumulated Amortization Acccount,
Assets,Other Assets,Other Long term Assets,ASC 842 - ROU Accumulated Amortization Acccount,,,1369,,,,5,171500 Other Long term Assets : ASC 842 - ROU Accumulated Amortization Acccount,
Assets,Other Assets,Other Long term Assets,ASC 842 - ROU Accumulated Amortization Acccount,,,1369,,,,6,171500 Other Long term Assets : ASC 842 - ROU Accumulated Amortization Acccount,
Assets,Other Assets,Other Long term Assets,ASC 842 - ROU Accumulated Amortization Acccount,,,1369,,,,11,171500 Other Long term Assets : ASC 842 - ROU Accumulated Amortization Acccount,
Assets,Other Assets,Other Long term Assets,ASC 842 - ROU Accumulated Amortization Acccount,,,1369,,,,16,171500 Other Long term Assets : ASC 842 - ROU Accumulated Amortization Acccount,
Assets,Other Assets,Other Long term Assets,ASC 842 - ROU Accumulated Amortization Acccount,,,1369,,,,19,171500 Other Long term Assets : ASC 842 - ROU Accumulated Amortization Acccount,
Assets,Other Assets,Other Long term Assets,ASC 842 - ROU Accumulated Amortization Acccount,,,1369,,,,20,171500 Other Long term Assets : ASC 842 - ROU Accumulated Amortization Acccount,
Assets,Other Assets,Other Long term Assets,ASC 842 - ROU Accumulated Amortization Acccount,,,1369,,,,21,171500 Other Long term Assets : ASC 842 - ROU Accumulated Amortization Acccount,
Assets,Other Assets,Other Long term Assets,ASC 842 - ROU Accumulated Amortization Acccount,,,1369,,,,22,171500 Other Long term Assets : ASC 842 - ROU Accumulated Amortization Acccount,
Assets,Other Assets,Other Long term Assets,ASC 842 - ROU Accumulated Amortization Acccount,,,1369,,,,23,171500 Other Long term Assets : ASC 842 - ROU Accumulated Amortization Acccount,
Assets,Other Assets,Other Long term Assets,ASC 842 - ROU Accumulated Amortization Acccount,,,1369,,,,24,171500 Other Long term Assets : ASC 842 - ROU Accumulated Amortization Acccount,
Assets,Other Assets,Other Long term Assets,ASC 842 - ROU Accumulated Amortization Acccount,,,1369,,,,25,171500 Other Long term Assets : ASC 842 - ROU Accumulated Amortization Acccount,
Assets,Other Assets,Other Long term Assets,ASC 842 - ROU Accumulated Amortization Acccount,,,1369,,,,26,171500 Other Long term Assets : ASC 842 - ROU Accumulated Amortization Acccount,
Assets,Other Assets,Other Long term Assets,ASC 842 - ROU Accumulated Amortization Acccount,,,1369,,,,28,171500 Other Long term Assets : ASC 842 - ROU Accumulated Amortization Acccount,
Assets,Other Assets,Other Long term Assets,ASC 842 - ROU Accumulated Amortization Acccount,,,1369,,,,29,171500 Other Long term Assets : ASC 842 - ROU Accumulated Amortization Acccount,
Assets,Other Assets,Other Long term Assets,ASC 842 - ROU Accumulated Amortization Acccount,,,1369,,,,31,171500 Other Long term Assets : ASC 842 - ROU Accumulated Amortization Acccount,
Assets,Other Assets,Other Long term Assets,ASC 842 - ROU Accumulated Amortization Acccount,,,1369,,,,32,171500 Other Long term Assets : ASC 842 - ROU Accumulated Amortization Acccount,
Assets,Other Assets,Other Long term Assets,ASC 842 - ROU Accumulated Amortization Acccount,,,1369,,,,33,171500 Other Long term Assets : ASC 842 - ROU Accumulated Amortization Acccount,
Assets,Other Assets,Other Long term Assets,ASC 842 - ROU Accumulated Amortization Acccount,,,1369,,,,35,171500 Other Long term Assets : ASC 842 - ROU Accumulated Amortization Acccount,
Assets,Other Assets,Other Long term Assets,ASC 842 - ROU Accumulated Amortization Acccount,,,1369,,,,36,171500 Other Long term Assets : ASC 842 - ROU Accumulated Amortization Acccount,
Assets,Other Assets,Other Long term Assets,ASC 842 - ROU Accumulated Amortization Acccount,,,1369,,,,37,171500 Other Long term Assets : ASC 842 - ROU Accumulated Amortization Acccount,
Assets,Other Assets,Other Long term Assets,ASC 842 - ROU Accumulated Amortization Acccount,,,1369,,,,39,171500 Other Long term Assets : ASC 842 - ROU Accumulated Amortization Acccount,
Assets,Other Assets,Other Long term Assets,ASC 842 - ROU Accumulated Amortization Acccount,,,1369,,,,41,171500 Other Long term Assets : ASC 842 - ROU Accumulated Amortization Acccount,
Assets,Other Assets,Other Long term Assets,ASC 842 - ROU Accumulated Amortization Acccount,,,1369,,,,42,171500 Other Long term Assets : ASC 842 - ROU Accumulated Amortization Acccount,
Assets,Other Assets,Other Long term Assets,ASC 842 - ROU Accumulated Amortization Acccount,,,1369,,,,43,171500 Other Long term Assets : ASC 842 - ROU Accumulated Amortization Acccount,
Assets,Other Assets,Other Long term Assets,ASC 842 - ROU Accumulated Amortization Acccount,,,1369,,,,44,171500 Other Long term Assets : ASC 842 - ROU Accumulated Amortization Acccount,
Assets,Other Assets,Other Long term Assets,ASC 842 - ROU Accumulated Amortization Acccount,,,1369,,,,45,171500 Other Long term Assets : ASC 842 - ROU Accumulated Amortization Acccount,
Assets,Other Assets,Investment in Subsidiaries,,,,1370,,,,1,180000 Investment in Subsidiaries,
Assets,Other Assets,Investment in Subsidiaries,,,,1370,,,,2,180000 Investment in Subsidiaries,
Assets,Other Assets,Investment in Subsidiaries,,,,1370,,,,3,180000 Investment in Subsidiaries,
Assets,Other Assets,Investment in Subsidiaries,,,,1370,,,,4,180000 Investment in Subsidiaries,
Assets,Other Assets,Investment in Subsidiaries,,,,1370,,,,5,180000 Investment in Subsidiaries,
Assets,Other Assets,Investment in Subsidiaries,,,,1370,,,,6,180000 Investment in Subsidiaries,
Assets,Other Assets,Investment in Subsidiaries,,,,1370,,,,11,180000 Investment in Subsidiaries,
Assets,Other Assets,Investment in Subsidiaries,,,,1370,,,,16,180000 Investment in Subsidiaries,
Assets,Other Assets,Investment in Subsidiaries,,,,1370,,,,19,180000 Investment in Subsidiaries,
Assets,Other Assets,Investment in Subsidiaries,,,,1370,,,,20,180000 Investment in Subsidiaries,
Assets,Other Assets,Investment in Subsidiaries,,,,1370,,,,21,180000 Investment in Subsidiaries,
Assets,Other Assets,Investment in Subsidiaries,,,,1370,,,,22,180000 Investment in Subsidiaries,
Assets,Other Assets,Investment in Subsidiaries,,,,1370,,,,23,180000 Investment in Subsidiaries,
Assets,Other Assets,Investment in Subsidiaries,,,,1370,,,,24,180000 Investment in Subsidiaries,
Assets,Other Assets,Investment in Subsidiaries,,,,1370,,,,25,180000 Investment in Subsidiaries,
Assets,Other Assets,Investment in Subsidiaries,,,,1370,,,,26,180000 Investment in Subsidiaries,
Assets,Other Assets,Investment in Subsidiaries,,,,1370,,,,28,180000 Investment in Subsidiaries,
Assets,Other Assets,Investment in Subsidiaries,,,,1370,,,,29,180000 Investment in Subsidiaries,
Assets,Other Assets,Investment in Subsidiaries,,,,1370,,,,31,180000 Investment in Subsidiaries,
Assets,Other Assets,Investment in Subsidiaries,,,,1370,,,,32,180000 Investment in Subsidiaries,
Assets,Other Assets,Investment in Subsidiaries,,,,1370,,,,33,180000 Investment in Subsidiaries,
Assets,Other Assets,Investment in Subsidiaries,,,,1370,,,,35,180000 Investment in Subsidiaries,
Assets,Other Assets,Investment in Subsidiaries,,,,1370,,,,36,180000 Investment in Subsidiaries,
Assets,Other Assets,Investment in Subsidiaries,,,,1370,,,,37,180000 Investment in Subsidiaries,
Assets,Other Assets,Investment in Subsidiaries,,,,1370,,,,39,180000 Investment in Subsidiaries,
Assets,Other Assets,Investment in Subsidiaries,,,,1370,,,,41,180000 Investment in Subsidiaries,
Assets,Other Assets,Investment in Subsidiaries,,,,1370,,,,42,180000 Investment in Subsidiaries,
Assets,Other Assets,Investment in Subsidiaries,,,,1370,,,,43,180000 Investment in Subsidiaries,
Assets,Other Assets,Investment in Subsidiaries,,,,1370,,,,44,180000 Investment in Subsidiaries,
Assets,Other Assets,Investment in Subsidiaries,,,,1370,,,,45,180000 Investment in Subsidiaries,
Assets,Other Assets,Investment in Subsidiaries,Investment in Sub,,,1371,,,,1,180500 Investment in Subsidiaries : Investment in Sub,
Assets,Other Assets,Investment in Subsidiaries,Investment in Sub,,,1371,,,,2,180500 Investment in Subsidiaries : Investment in Sub,
Assets,Other Assets,Investment in Subsidiaries,Investment in Sub,,,1371,,,,3,180500 Investment in Subsidiaries : Investment in Sub,
Assets,Other Assets,Investment in Subsidiaries,Investment in Sub,,,1371,,,,4,180500 Investment in Subsidiaries : Investment in Sub,
Assets,Other Assets,Investment in Subsidiaries,Investment in Sub,,,1371,,,,5,180500 Investment in Subsidiaries : Investment in Sub,
Assets,Other Assets,Investment in Subsidiaries,Investment in Sub,,,1371,,,,6,180500 Investment in Subsidiaries : Investment in Sub,
Assets,Other Assets,Investment in Subsidiaries,Investment in Sub,,,1371,,,,11,180500 Investment in Subsidiaries : Investment in Sub,
Assets,Other Assets,Investment in Subsidiaries,Investment in Sub,,,1371,,,,16,180500 Investment in Subsidiaries : Investment in Sub,
Assets,Other Assets,Investment in Subsidiaries,Investment in Sub,,,1371,,,,19,180500 Investment in Subsidiaries : Investment in Sub,
Assets,Other Assets,Investment in Subsidiaries,Investment in Sub,,,1371,,,,20,180500 Investment in Subsidiaries : Investment in Sub,
Assets,Other Assets,Investment in Subsidiaries,Investment in Sub,,,1371,,,,21,180500 Investment in Subsidiaries : Investment in Sub,
Assets,Other Assets,Investment in Subsidiaries,Investment in Sub,,,1371,,,,22,180500 Investment in Subsidiaries : Investment in Sub,
Assets,Other Assets,Investment in Subsidiaries,Investment in Sub,,,1371,,,,23,180500 Investment in Subsidiaries : Investment in Sub,
Assets,Other Assets,Investment in Subsidiaries,Investment in Sub,,,1371,,,,24,180500 Investment in Subsidiaries : Investment in Sub,
Assets,Other Assets,Investment in Subsidiaries,Investment in Sub,,,1371,,,,25,180500 Investment in Subsidiaries : Investment in Sub,
Assets,Other Assets,Investment in Subsidiaries,Investment in Sub,,,1371,,,,26,180500 Investment in Subsidiaries : Investment in Sub,
Assets,Other Assets,Investment in Subsidiaries,Investment in Sub,,,1371,,,,28,180500 Investment in Subsidiaries : Investment in Sub,
Assets,Other Assets,Investment in Subsidiaries,Investment in Sub,,,1371,,,,29,180500 Investment in Subsidiaries : Investment in Sub,
Assets,Other Assets,Investment in Subsidiaries,Investment in Sub,,,1371,,,,31,180500 Investment in Subsidiaries : Investment in Sub,
Assets,Other Assets,Investment in Subsidiaries,Investment in Sub,,,1371,,,,32,180500 Investment in Subsidiaries : Investment in Sub,
Assets,Other Assets,Investment in Subsidiaries,Investment in Sub,,,1371,,,,33,180500 Investment in Subsidiaries : Investment in Sub,
Assets,Other Assets,Investment in Subsidiaries,Investment in Sub,,,1371,,,,35,180500 Investment in Subsidiaries : Investment in Sub,
Assets,Other Assets,Investment in Subsidiaries,Investment in Sub,,,1371,,,,36,180500 Investment in Subsidiaries : Investment in Sub,
Assets,Other Assets,Investment in Subsidiaries,Investment in Sub,,,1371,,,,37,180500 Investment in Subsidiaries : Investment in Sub,
Assets,Other Assets,Investment in Subsidiaries,Investment in Sub,,,1371,,,,39,180500 Investment in Subsidiaries : Investment in Sub,
Assets,Other Assets,Investment in Subsidiaries,Investment in Sub,,,1371,,,,41,180500 Investment in Subsidiaries : Investment in Sub,
Assets,Other Assets,Investment in Subsidiaries,Investment in Sub,,,1371,,,,42,180500 Investment in Subsidiaries : Investment in Sub,
Assets,Other Assets,Investment in Subsidiaries,Investment in Sub,,,1371,,,,43,180500 Investment in Subsidiaries : Investment in Sub,
Assets,Other Assets,Investment in Subsidiaries,Investment in Sub,,,1371,,,,44,180500 Investment in Subsidiaries : Investment in Sub,
Assets,Other Assets,Investment in Subsidiaries,Investment in Sub,,,1371,,,,45,180500 Investment in Subsidiaries : Investment in Sub,
Liabilities,Other Current Liabilities,Other Current Liabilities,ASC 842 - Lease Payable Clearing Account,,,1372,,,,1,220500 Other Current Liabilities : ASC 842 - Lease Payable Clearing Account,
Liabilities,Other Current Liabilities,Other Current Liabilities,ASC 842 - Lease Payable Clearing Account,,,1372,,,,2,220500 Other Current Liabilities : ASC 842 - Lease Payable Clearing Account,
Liabilities,Other Current Liabilities,Other Current Liabilities,ASC 842 - Lease Payable Clearing Account,,,1372,,,,3,220500 Other Current Liabilities : ASC 842 - Lease Payable Clearing Account,
Liabilities,Other Current Liabilities,Other Current Liabilities,ASC 842 - Lease Payable Clearing Account,,,1372,,,,4,220500 Other Current Liabilities : ASC 842 - Lease Payable Clearing Account,
Liabilities,Other Current Liabilities,Other Current Liabilities,ASC 842 - Lease Payable Clearing Account,,,1372,,,,5,220500 Other Current Liabilities : ASC 842 - Lease Payable Clearing Account,
Liabilities,Other Current Liabilities,Other Current Liabilities,ASC 842 - Lease Payable Clearing Account,,,1372,,,,6,220500 Other Current Liabilities : ASC 842 - Lease Payable Clearing Account,
Liabilities,Other Current Liabilities,Other Current Liabilities,ASC 842 - Lease Payable Clearing Account,,,1372,,,,11,220500 Other Current Liabilities : ASC 842 - Lease Payable Clearing Account,
Liabilities,Other Current Liabilities,Other Current Liabilities,ASC 842 - Lease Payable Clearing Account,,,1372,,,,16,220500 Other Current Liabilities : ASC 842 - Lease Payable Clearing Account,
Liabilities,Other Current Liabilities,Other Current Liabilities,ASC 842 - Lease Payable Clearing Account,,,1372,,,,19,220500 Other Current Liabilities : ASC 842 - Lease Payable Clearing Account,
Liabilities,Other Current Liabilities,Other Current Liabilities,ASC 842 - Lease Payable Clearing Account,,,1372,,,,20,220500 Other Current Liabilities : ASC 842 - Lease Payable Clearing Account,
Liabilities,Other Current Liabilities,Other Current Liabilities,ASC 842 - Lease Payable Clearing Account,,,1372,,,,21,220500 Other Current Liabilities : ASC 842 - Lease Payable Clearing Account,
Liabilities,Other Current Liabilities,Other Current Liabilities,ASC 842 - Lease Payable Clearing Account,,,1372,,,,22,220500 Other Current Liabilities : ASC 842 - Lease Payable Clearing Account,
Liabilities,Other Current Liabilities,Other Current Liabilities,ASC 842 - Lease Payable Clearing Account,,,1372,,,,23,220500 Other Current Liabilities : ASC 842 - Lease Payable Clearing Account,
Liabilities,Other Current Liabilities,Other Current Liabilities,ASC 842 - Lease Payable Clearing Account,,,1372,,,,24,220500 Other Current Liabilities : ASC 842 - Lease Payable Clearing Account,
Liabilities,Other Current Liabilities,Other Current Liabilities,ASC 842 - Lease Payable Clearing Account,,,1372,,,,25,220500 Other Current Liabilities : ASC 842 - Lease Payable Clearing Account,
Liabilities,Other Current Liabilities,Other Current Liabilities,ASC 842 - Lease Payable Clearing Account,,,1372,,,,26,220500 Other Current Liabilities : ASC 842 - Lease Payable Clearing Account,
Liabilities,Other Current Liabilities,Other Current Liabilities,ASC 842 - Lease Payable Clearing Account,,,1372,,,,28,220500 Other Current Liabilities : ASC 842 - Lease Payable Clearing Account,
Liabilities,Other Current Liabilities,Other Current Liabilities,ASC 842 - Lease Payable Clearing Account,,,1372,,,,29,220500 Other Current Liabilities : ASC 842 - Lease Payable Clearing Account,
Liabilities,Other Current Liabilities,Other Current Liabilities,ASC 842 - Lease Payable Clearing Account,,,1372,,,,31,220500 Other Current Liabilities : ASC 842 - Lease Payable Clearing Account,
Liabilities,Other Current Liabilities,Other Current Liabilities,ASC 842 - Lease Payable Clearing Account,,,1372,,,,32,220500 Other Current Liabilities : ASC 842 - Lease Payable Clearing Account,
Liabilities,Other Current Liabilities,Other Current Liabilities,ASC 842 - Lease Payable Clearing Account,,,1372,,,,33,220500 Other Current Liabilities : ASC 842 - Lease Payable Clearing Account,
Liabilities,Other Current Liabilities,Other Current Liabilities,ASC 842 - Lease Payable Clearing Account,,,1372,,,,35,220500 Other Current Liabilities : ASC 842 - Lease Payable Clearing Account,
Liabilities,Other Current Liabilities,Other Current Liabilities,ASC 842 - Lease Payable Clearing Account,,,1372,,,,36,220500 Other Current Liabilities : ASC 842 - Lease Payable Clearing Account,
Liabilities,Other Current Liabilities,Other Current Liabilities,ASC 842 - Lease Payable Clearing Account,,,1372,,,,37,220500 Other Current Liabilities : ASC 842 - Lease Payable Clearing Account,
Liabilities,Other Current Liabilities,Other Current Liabilities,ASC 842 - Lease Payable Clearing Account,,,1372,,,,39,220500 Other Current Liabilities : ASC 842 - Lease Payable Clearing Account,
Liabilities,Other Current Liabilities,Other Current Liabilities,ASC 842 - Lease Payable Clearing Account,,,1372,,,,41,220500 Other Current Liabilities : ASC 842 - Lease Payable Clearing Account,
Liabilities,Other Current Liabilities,Other Current Liabilities,ASC 842 - Lease Payable Clearing Account,,,1372,,,,42,220500 Other Current Liabilities : ASC 842 - Lease Payable Clearing Account,
Liabilities,Other Current Liabilities,Other Current Liabilities,ASC 842 - Lease Payable Clearing Account,,,1372,,,,43,220500 Other Current Liabilities : ASC 842 - Lease Payable Clearing Account,
Liabilities,Other Current Liabilities,Other Current Liabilities,ASC 842 - Lease Payable Clearing Account,,,1372,,,,44,220500 Other Current Liabilities : ASC 842 - Lease Payable Clearing Account,
Liabilities,Other Current Liabilities,Other Current Liabilities,ASC 842 - Lease Payable Clearing Account,,,1372,,,,45,220500 Other Current Liabilities : ASC 842 - Lease Payable Clearing Account,
Liabilities,Other Current Liabilities,Other Current Liabilities,ASC 842 - Lease Liability Short-Term Account,,,1373,,,,1,221000 Other Current Liabilities : ASC 842 - Lease Liability Short-Term Account,
Liabilities,Other Current Liabilities,Other Current Liabilities,ASC 842 - Lease Liability Short-Term Account,,,1373,,,,2,221000 Other Current Liabilities : ASC 842 - Lease Liability Short-Term Account,
Liabilities,Other Current Liabilities,Other Current Liabilities,ASC 842 - Lease Liability Short-Term Account,,,1373,,,,3,221000 Other Current Liabilities : ASC 842 - Lease Liability Short-Term Account,
Liabilities,Other Current Liabilities,Other Current Liabilities,ASC 842 - Lease Liability Short-Term Account,,,1373,,,,4,221000 Other Current Liabilities : ASC 842 - Lease Liability Short-Term Account,
Liabilities,Other Current Liabilities,Other Current Liabilities,ASC 842 - Lease Liability Short-Term Account,,,1373,,,,5,221000 Other Current Liabilities : ASC 842 - Lease Liability Short-Term Account,
Liabilities,Other Current Liabilities,Other Current Liabilities,ASC 842 - Lease Liability Short-Term Account,,,1373,,,,6,221000 Other Current Liabilities : ASC 842 - Lease Liability Short-Term Account,
Liabilities,Other Current Liabilities,Other Current Liabilities,ASC 842 - Lease Liability Short-Term Account,,,1373,,,,11,221000 Other Current Liabilities : ASC 842 - Lease Liability Short-Term Account,
Liabilities,Other Current Liabilities,Other Current Liabilities,ASC 842 - Lease Liability Short-Term Account,,,1373,,,,16,221000 Other Current Liabilities : ASC 842 - Lease Liability Short-Term Account,
Liabilities,Other Current Liabilities,Other Current Liabilities,ASC 842 - Lease Liability Short-Term Account,,,1373,,,,19,221000 Other Current Liabilities : ASC 842 - Lease Liability Short-Term Account,
Liabilities,Other Current Liabilities,Other Current Liabilities,ASC 842 - Lease Liability Short-Term Account,,,1373,,,,20,221000 Other Current Liabilities : ASC 842 - Lease Liability Short-Term Account,
Liabilities,Other Current Liabilities,Other Current Liabilities,ASC 842 - Lease Liability Short-Term Account,,,1373,,,,21,221000 Other Current Liabilities : ASC 842 - Lease Liability Short-Term Account,
Liabilities,Other Current Liabilities,Other Current Liabilities,ASC 842 - Lease Liability Short-Term Account,,,1373,,,,22,221000 Other Current Liabilities : ASC 842 - Lease Liability Short-Term Account,
Liabilities,Other Current Liabilities,Other Current Liabilities,ASC 842 - Lease Liability Short-Term Account,,,1373,,,,23,221000 Other Current Liabilities : ASC 842 - Lease Liability Short-Term Account,
Liabilities,Other Current Liabilities,Other Current Liabilities,ASC 842 - Lease Liability Short-Term Account,,,1373,,,,24,221000 Other Current Liabilities : ASC 842 - Lease Liability Short-Term Account,
Liabilities,Other Current Liabilities,Other Current Liabilities,ASC 842 - Lease Liability Short-Term Account,,,1373,,,,25,221000 Other Current Liabilities : ASC 842 - Lease Liability Short-Term Account,
Liabilities,Other Current Liabilities,Other Current Liabilities,ASC 842 - Lease Liability Short-Term Account,,,1373,,,,26,221000 Other Current Liabilities : ASC 842 - Lease Liability Short-Term Account,
Liabilities,Other Current Liabilities,Other Current Liabilities,ASC 842 - Lease Liability Short-Term Account,,,1373,,,,28,221000 Other Current Liabilities : ASC 842 - Lease Liability Short-Term Account,
Liabilities,Other Current Liabilities,Other Current Liabilities,ASC 842 - Lease Liability Short-Term Account,,,1373,,,,29,221000 Other Current Liabilities : ASC 842 - Lease Liability Short-Term Account,
Liabilities,Other Current Liabilities,Other Current Liabilities,ASC 842 - Lease Liability Short-Term Account,,,1373,,,,31,221000 Other Current Liabilities : ASC 842 - Lease Liability Short-Term Account,
Liabilities,Other Current Liabilities,Other Current Liabilities,ASC 842 - Lease Liability Short-Term Account,,,1373,,,,32,221000 Other Current Liabilities : ASC 842 - Lease Liability Short-Term Account,
Liabilities,Other Current Liabilities,Other Current Liabilities,ASC 842 - Lease Liability Short-Term Account,,,1373,,,,33,221000 Other Current Liabilities : ASC 842 - Lease Liability Short-Term Account,
Liabilities,Other Current Liabilities,Other Current Liabilities,ASC 842 - Lease Liability Short-Term Account,,,1373,,,,35,221000 Other Current Liabilities : ASC 842 - Lease Liability Short-Term Account,
Liabilities,Other Current Liabilities,Other Current Liabilities,ASC 842 - Lease Liability Short-Term Account,,,1373,,,,36,221000 Other Current Liabilities : ASC 842 - Lease Liability Short-Term Account,
Liabilities,Other Current Liabilities,Other Current Liabilities,ASC 842 - Lease Liability Short-Term Account,,,1373,,,,37,221000 Other Current Liabilities : ASC 842 - Lease Liability Short-Term Account,
Liabilities,Other Current Liabilities,Other Current Liabilities,ASC 842 - Lease Liability Short-Term Account,,,1373,,,,39,221000 Other Current Liabilities : ASC 842 - Lease Liability Short-Term Account,
Liabilities,Other Current Liabilities,Other Current Liabilities,ASC 842 - Lease Liability Short-Term Account,,,1373,,,,41,221000 Other Current Liabilities : ASC 842 - Lease Liability Short-Term Account,
Liabilities,Other Current Liabilities,Other Current Liabilities,ASC 842 - Lease Liability Short-Term Account,,,1373,,,,42,221000 Other Current Liabilities : ASC 842 - Lease Liability Short-Term Account,
Liabilities,Other Current Liabilities,Other Current Liabilities,ASC 842 - Lease Liability Short-Term Account,,,1373,,,,43,221000 Other Current Liabilities : ASC 842 - Lease Liability Short-Term Account,
Liabilities,Other Current Liabilities,Other Current Liabilities,ASC 842 - Lease Liability Short-Term Account,,,1373,,,,44,221000 Other Current Liabilities : ASC 842 - Lease Liability Short-Term Account,
Liabilities,Other Current Liabilities,Other Current Liabilities,ASC 842 - Lease Liability Short-Term Account,,,1373,,,,45,221000 Other Current Liabilities : ASC 842 - Lease Liability Short-Term Account,
Liabilities,Other Current Liabilities,Other Current Liabilities,ASC 842 - Deferred Rent,,,1374,,,,1,221500 Other Current Liabilities : ASC 842 - Deferred Rent,
Liabilities,Other Current Liabilities,Other Current Liabilities,ASC 842 - Deferred Rent,,,1374,,,,2,221500 Other Current Liabilities : ASC 842 - Deferred Rent,
Liabilities,Other Current Liabilities,Other Current Liabilities,ASC 842 - Deferred Rent,,,1374,,,,3,221500 Other Current Liabilities : ASC 842 - Deferred Rent,
Liabilities,Other Current Liabilities,Other Current Liabilities,ASC 842 - Deferred Rent,,,1374,,,,4,221500 Other Current Liabilities : ASC 842 - Deferred Rent,
Liabilities,Other Current Liabilities,Other Current Liabilities,ASC 842 - Deferred Rent,,,1374,,,,5,221500 Other Current Liabilities : ASC 842 - Deferred Rent,
Liabilities,Other Current Liabilities,Other Current Liabilities,ASC 842 - Deferred Rent,,,1374,,,,6,221500 Other Current Liabilities : ASC 842 - Deferred Rent,
Liabilities,Other Current Liabilities,Other Current Liabilities,ASC 842 - Deferred Rent,,,1374,,,,11,221500 Other Current Liabilities : ASC 842 - Deferred Rent,
Liabilities,Other Current Liabilities,Other Current Liabilities,ASC 842 - Deferred Rent,,,1374,,,,16,221500 Other Current Liabilities : ASC 842 - Deferred Rent,
Liabilities,Other Current Liabilities,Other Current Liabilities,ASC 842 - Deferred Rent,,,1374,,,,19,221500 Other Current Liabilities : ASC 842 - Deferred Rent,
Liabilities,Other Current Liabilities,Other Current Liabilities,ASC 842 - Deferred Rent,,,1374,,,,20,221500 Other Current Liabilities : ASC 842 - Deferred Rent,
Liabilities,Other Current Liabilities,Other Current Liabilities,ASC 842 - Deferred Rent,,,1374,,,,21,221500 Other Current Liabilities : ASC 842 - Deferred Rent,
Liabilities,Other Current Liabilities,Other Current Liabilities,ASC 842 - Deferred Rent,,,1374,,,,22,221500 Other Current Liabilities : ASC 842 - Deferred Rent,
Liabilities,Other Current Liabilities,Other Current Liabilities,ASC 842 - Deferred Rent,,,1374,,,,23,221500 Other Current Liabilities : ASC 842 - Deferred Rent,
Liabilities,Other Current Liabilities,Other Current Liabilities,ASC 842 - Deferred Rent,,,1374,,,,24,221500 Other Current Liabilities : ASC 842 - Deferred Rent,
Liabilities,Other Current Liabilities,Other Current Liabilities,ASC 842 - Deferred Rent,,,1374,,,,25,221500 Other Current Liabilities : ASC 842 - Deferred Rent,
Liabilities,Other Current Liabilities,Other Current Liabilities,ASC 842 - Deferred Rent,,,1374,,,,26,221500 Other Current Liabilities : ASC 842 - Deferred Rent,
Liabilities,Other Current Liabilities,Other Current Liabilities,ASC 842 - Deferred Rent,,,1374,,,,28,221500 Other Current Liabilities : ASC 842 - Deferred Rent,
Liabilities,Other Current Liabilities,Other Current Liabilities,ASC 842 - Deferred Rent,,,1374,,,,29,221500 Other Current Liabilities : ASC 842 - Deferred Rent,
Liabilities,Other Current Liabilities,Other Current Liabilities,ASC 842 - Deferred Rent,,,1374,,,,31,221500 Other Current Liabilities : ASC 842 - Deferred Rent,
Liabilities,Other Current Liabilities,Other Current Liabilities,ASC 842 - Deferred Rent,,,1374,,,,32,221500 Other Current Liabilities : ASC 842 - Deferred Rent,
Liabilities,Other Current Liabilities,Other Current Liabilities,ASC 842 - Deferred Rent,,,1374,,,,33,221500 Other Current Liabilities : ASC 842 - Deferred Rent,
Liabilities,Other Current Liabilities,Other Current Liabilities,ASC 842 - Deferred Rent,,,1374,,,,35,221500 Other Current Liabilities : ASC 842 - Deferred Rent,
Liabilities,Other Current Liabilities,Other Current Liabilities,ASC 842 - Deferred Rent,,,1374,,,,36,221500 Other Current Liabilities : ASC 842 - Deferred Rent,
Liabilities,Other Current Liabilities,Other Current Liabilities,ASC 842 - Deferred Rent,,,1374,,,,37,221500 Other Current Liabilities : ASC 842 - Deferred Rent,
Liabilities,Other Current Liabilities,Other Current Liabilities,ASC 842 - Deferred Rent,,,1374,,,,39,221500 Other Current Liabilities : ASC 842 - Deferred Rent,
Liabilities,Other Current Liabilities,Other Current Liabilities,ASC 842 - Deferred Rent,,,1374,,,,41,221500 Other Current Liabilities : ASC 842 - Deferred Rent,
Liabilities,Other Current Liabilities,Other Current Liabilities,ASC 842 - Deferred Rent,,,1374,,,,42,221500 Other Current Liabilities : ASC 842 - Deferred Rent,
Liabilities,Other Current Liabilities,Other Current Liabilities,ASC 842 - Deferred Rent,,,1374,,,,43,221500 Other Current Liabilities : ASC 842 - Deferred Rent,
Liabilities,Other Current Liabilities,Other Current Liabilities,ASC 842 - Deferred Rent,,,1374,,,,44,221500 Other Current Liabilities : ASC 842 - Deferred Rent,
Liabilities,Other Current Liabilities,Other Current Liabilities,ASC 842 - Deferred Rent,,,1374,,,,45,221500 Other Current Liabilities : ASC 842 - Deferred Rent,
Liabilities,Other Current Liabilities,Employee Reimbursement,Employee Reimbursement - Ramp,,,1375,,,,1,240500 Employee Reimbursement : Employee Reimbursement - Ramp,
Liabilities,Other Current Liabilities,Employee Reimbursement,Employee Reimbursement - Ramp,,,1375,,,,2,240500 Employee Reimbursement : Employee Reimbursement - Ramp,
Liabilities,Other Current Liabilities,Employee Reimbursement,Employee Reimbursement - Ramp,,,1375,,,,3,240500 Employee Reimbursement : Employee Reimbursement - Ramp,
Liabilities,Other Current Liabilities,Employee Reimbursement,Employee Reimbursement - Ramp,,,1375,,,,4,240500 Employee Reimbursement : Employee Reimbursement - Ramp,
Liabilities,Other Current Liabilities,Employee Reimbursement,Employee Reimbursement - Ramp,,,1375,,,,5,240500 Employee Reimbursement : Employee Reimbursement - Ramp,
Liabilities,Other Current Liabilities,Employee Reimbursement,Employee Reimbursement - Ramp,,,1375,,,,6,240500 Employee Reimbursement : Employee Reimbursement - Ramp,
Liabilities,Other Current Liabilities,Employee Reimbursement,Employee Reimbursement - Ramp,,,1375,,,,11,240500 Employee Reimbursement : Employee Reimbursement - Ramp,
Liabilities,Other Current Liabilities,Employee Reimbursement,Employee Reimbursement - Ramp,,,1375,,,,16,240500 Employee Reimbursement : Employee Reimbursement - Ramp,
Liabilities,Other Current Liabilities,Employee Reimbursement,Employee Reimbursement - Ramp,,,1375,,,,19,240500 Employee Reimbursement : Employee Reimbursement - Ramp,
Liabilities,Other Current Liabilities,Employee Reimbursement,Employee Reimbursement - Ramp,,,1375,,,,20,240500 Employee Reimbursement : Employee Reimbursement - Ramp,
Liabilities,Other Current Liabilities,Employee Reimbursement,Employee Reimbursement - Ramp,,,1375,,,,21,240500 Employee Reimbursement : Employee Reimbursement - Ramp,
Liabilities,Other Current Liabilities,Employee Reimbursement,Employee Reimbursement - Ramp,,,1375,,,,22,240500 Employee Reimbursement : Employee Reimbursement - Ramp,
Liabilities,Other Current Liabilities,Employee Reimbursement,Employee Reimbursement - Ramp,,,1375,,,,23,240500 Employee Reimbursement : Employee Reimbursement - Ramp,
Liabilities,Other Current Liabilities,Employee Reimbursement,Employee Reimbursement - Ramp,,,1375,,,,24,240500 Employee Reimbursement : Employee Reimbursement - Ramp,
Liabilities,Other Current Liabilities,Employee Reimbursement,Employee Reimbursement - Ramp,,,1375,,,,25,240500 Employee Reimbursement : Employee Reimbursement - Ramp,
Liabilities,Other Current Liabilities,Employee Reimbursement,Employee Reimbursement - Ramp,,,1375,,,,26,240500 Employee Reimbursement : Employee Reimbursement - Ramp,
Liabilities,Other Current Liabilities,Employee Reimbursement,Employee Reimbursement - Ramp,,,1375,,,,28,240500 Employee Reimbursement : Employee Reimbursement - Ramp,
Liabilities,Other Current Liabilities,Employee Reimbursement,Employee Reimbursement - Ramp,,,1375,,,,29,240500 Employee Reimbursement : Employee Reimbursement - Ramp,
Liabilities,Other Current Liabilities,Employee Reimbursement,Employee Reimbursement - Ramp,,,1375,,,,31,240500 Employee Reimbursement : Employee Reimbursement - Ramp,
Liabilities,Other Current Liabilities,Employee Reimbursement,Employee Reimbursement - Ramp,,,1375,,,,32,240500 Employee Reimbursement : Employee Reimbursement - Ramp,
Liabilities,Other Current Liabilities,Employee Reimbursement,Employee Reimbursement - Ramp,,,1375,,,,33,240500 Employee Reimbursement : Employee Reimbursement - Ramp,
Liabilities,Other Current Liabilities,Employee Reimbursement,Employee Reimbursement - Ramp,,,1375,,,,35,240500 Employee Reimbursement : Employee Reimbursement - Ramp,
Liabilities,Other Current Liabilities,Employee Reimbursement,Employee Reimbursement - Ramp,,,1375,,,,36,240500 Employee Reimbursement : Employee Reimbursement - Ramp,
Liabilities,Other Current Liabilities,Employee Reimbursement,Employee Reimbursement - Ramp,,,1375,,,,37,240500 Employee Reimbursement : Employee Reimbursement - Ramp,
Liabilities,Other Current Liabilities,Employee Reimbursement,Employee Reimbursement - Ramp,,,1375,,,,39,240500 Employee Reimbursement : Employee Reimbursement - Ramp,
Liabilities,Other Current Liabilities,Employee Reimbursement,Employee Reimbursement - Ramp,,,1375,,,,41,240500 Employee Reimbursement : Employee Reimbursement - Ramp,
Liabilities,Other Current Liabilities,Employee Reimbursement,Employee Reimbursement - Ramp,,,1375,,,,42,240500 Employee Reimbursement : Employee Reimbursement - Ramp,
Liabilities,Other Current Liabilities,Employee Reimbursement,Employee Reimbursement - Ramp,,,1375,,,,43,240500 Employee Reimbursement : Employee Reimbursement - Ramp,
Liabilities,Other Current Liabilities,Employee Reimbursement,Employee Reimbursement - Ramp,,,1375,,,,44,240500 Employee Reimbursement : Employee Reimbursement - Ramp,
Liabilities,Other Current Liabilities,Employee Reimbursement,Employee Reimbursement - Ramp,,,1375,,,,45,240500 Employee Reimbursement : Employee Reimbursement - Ramp,
Liabilities,Other Current Liabilities,Accrued Expenses,Accrued Expenses - Access,,,1376,,,,1,250250 Accrued Expenses : Accrued Expenses - Access,
Liabilities,Other Current Liabilities,Accrued Expenses,Accrued Expenses - Access,,,1376,,,,2,250250 Accrued Expenses : Accrued Expenses - Access,
Liabilities,Other Current Liabilities,Accrued Expenses,Accrued Expenses - Access,,,1376,,,,3,250250 Accrued Expenses : Accrued Expenses - Access,
Liabilities,Other Current Liabilities,Accrued Expenses,Accrued Expenses - Access,,,1376,,,,4,250250 Accrued Expenses : Accrued Expenses - Access,
Liabilities,Other Current Liabilities,Accrued Expenses,Accrued Expenses - Access,,,1376,,,,5,250250 Accrued Expenses : Accrued Expenses - Access,
Liabilities,Other Current Liabilities,Accrued Expenses,Accrued Expenses - Access,,,1376,,,,6,250250 Accrued Expenses : Accrued Expenses - Access,
Liabilities,Other Current Liabilities,Accrued Expenses,Accrued Expenses - Access,,,1376,,,,11,250250 Accrued Expenses : Accrued Expenses - Access,
Liabilities,Other Current Liabilities,Accrued Expenses,Accrued Expenses - Access,,,1376,,,,16,250250 Accrued Expenses : Accrued Expenses - Access,
Liabilities,Other Current Liabilities,Accrued Expenses,Accrued Expenses - Access,,,1376,,,,19,250250 Accrued Expenses : Accrued Expenses - Access,
Liabilities,Other Current Liabilities,Accrued Expenses,Accrued Expenses - Access,,,1376,,,,20,250250 Accrued Expenses : Accrued Expenses - Access,
Liabilities,Other Current Liabilities,Accrued Expenses,Accrued Expenses - Access,,,1376,,,,21,250250 Accrued Expenses : Accrued Expenses - Access,
Liabilities,Other Current Liabilities,Accrued Expenses,Accrued Expenses - Access,,,1376,,,,22,250250 Accrued Expenses : Accrued Expenses - Access,
Liabilities,Other Current Liabilities,Accrued Expenses,Accrued Expenses - Access,,,1376,,,,23,250250 Accrued Expenses : Accrued Expenses - Access,
Liabilities,Other Current Liabilities,Accrued Expenses,Accrued Expenses - Access,,,1376,,,,24,250250 Accrued Expenses : Accrued Expenses - Access,
Liabilities,Other Current Liabilities,Accrued Expenses,Accrued Expenses - Access,,,1376,,,,25,250250 Accrued Expenses : Accrued Expenses - Access,
Liabilities,Other Current Liabilities,Accrued Expenses,Accrued Expenses - Access,,,1376,,,,26,250250 Accrued Expenses : Accrued Expenses - Access,
Liabilities,Other Current Liabilities,Accrued Expenses,Accrued Expenses - Access,,,1376,,,,28,250250 Accrued Expenses : Accrued Expenses - Access,
Liabilities,Other Current Liabilities,Accrued Expenses,Accrued Expenses - Access,,,1376,,,,29,250250 Accrued Expenses : Accrued Expenses - Access,
Liabilities,Other Current Liabilities,Accrued Expenses,Accrued Expenses - Access,,,1376,,,,31,250250 Accrued Expenses : Accrued Expenses - Access,
Liabilities,Other Current Liabilities,Accrued Expenses,Accrued Expenses - Access,,,1376,,,,32,250250 Accrued Expenses : Accrued Expenses - Access,
Liabilities,Other Current Liabilities,Accrued Expenses,Accrued Expenses - Access,,,1376,,,,33,250250 Accrued Expenses : Accrued Expenses - Access,
Liabilities,Other Current Liabilities,Accrued Expenses,Accrued Expenses - Access,,,1376,,,,35,250250 Accrued Expenses : Accrued Expenses - Access,
Liabilities,Other Current Liabilities,Accrued Expenses,Accrued Expenses - Access,,,1376,,,,36,250250 Accrued Expenses : Accrued Expenses - Access,
Liabilities,Other Current Liabilities,Accrued Expenses,Accrued Expenses - Access,,,1376,,,,37,250250 Accrued Expenses : Accrued Expenses - Access,
Liabilities,Other Current Liabilities,Accrued Expenses,Accrued Expenses - Access,,,1376,,,,39,250250 Accrued Expenses : Accrued Expenses - Access,
Liabilities,Other Current Liabilities,Accrued Expenses,Accrued Expenses - Access,,,1376,,,,41,250250 Accrued Expenses : Accrued Expenses - Access,
Liabilities,Other Current Liabilities,Accrued Expenses,Accrued Expenses - Access,,,1376,,,,42,250250 Accrued Expenses : Accrued Expenses - Access,
Liabilities,Other Current Liabilities,Accrued Expenses,Accrued Expenses - Access,,,1376,,,,43,250250 Accrued Expenses : Accrued Expenses - Access,
Liabilities,Other Current Liabilities,Accrued Expenses,Accrued Expenses - Access,,,1376,,,,44,250250 Accrued Expenses : Accrued Expenses - Access,
Liabilities,Other Current Liabilities,Accrued Expenses,Accrued Expenses - Access,,,1376,,,,45,250250 Accrued Expenses : Accrued Expenses - Access,
Liabilities,Other Current Liabilities,Accrued Expenses,Accrued Expenses - Legal,,,1377,,,,1,250500 Accrued Expenses : Accrued Expenses - Legal,
Liabilities,Other Current Liabilities,Accrued Expenses,Accrued Expenses - Legal,,,1377,,,,2,250500 Accrued Expenses : Accrued Expenses - Legal,
Liabilities,Other Current Liabilities,Accrued Expenses,Accrued Expenses - Legal,,,1377,,,,3,250500 Accrued Expenses : Accrued Expenses - Legal,
Liabilities,Other Current Liabilities,Accrued Expenses,Accrued Expenses - Legal,,,1377,,,,4,250500 Accrued Expenses : Accrued Expenses - Legal,
Liabilities,Other Current Liabilities,Accrued Expenses,Accrued Expenses - Legal,,,1377,,,,5,250500 Accrued Expenses : Accrued Expenses - Legal,
Liabilities,Other Current Liabilities,Accrued Expenses,Accrued Expenses - Legal,,,1377,,,,6,250500 Accrued Expenses : Accrued Expenses - Legal,
Liabilities,Other Current Liabilities,Accrued Expenses,Accrued Expenses - Legal,,,1377,,,,11,250500 Accrued Expenses : Accrued Expenses - Legal,
Liabilities,Other Current Liabilities,Accrued Expenses,Accrued Expenses - Legal,,,1377,,,,16,250500 Accrued Expenses : Accrued Expenses - Legal,
Liabilities,Other Current Liabilities,Accrued Expenses,Accrued Expenses - Legal,,,1377,,,,19,250500 Accrued Expenses : Accrued Expenses - Legal,
Liabilities,Other Current Liabilities,Accrued Expenses,Accrued Expenses - Legal,,,1377,,,,20,250500 Accrued Expenses : Accrued Expenses - Legal,
Liabilities,Other Current Liabilities,Accrued Expenses,Accrued Expenses - Legal,,,1377,,,,21,250500 Accrued Expenses : Accrued Expenses - Legal,
Liabilities,Other Current Liabilities,Accrued Expenses,Accrued Expenses - Legal,,,1377,,,,22,250500 Accrued Expenses : Accrued Expenses - Legal,
Liabilities,Other Current Liabilities,Accrued Expenses,Accrued Expenses - Legal,,,1377,,,,23,250500 Accrued Expenses : Accrued Expenses - Legal,
Liabilities,Other Current Liabilities,Accrued Expenses,Accrued Expenses - Legal,,,1377,,,,24,250500 Accrued Expenses : Accrued Expenses - Legal,
Liabilities,Other Current Liabilities,Accrued Expenses,Accrued Expenses - Legal,,,1377,,,,25,250500 Accrued Expenses : Accrued Expenses - Legal,
Liabilities,Other Current Liabilities,Accrued Expenses,Accrued Expenses - Legal,,,1377,,,,26,250500 Accrued Expenses : Accrued Expenses - Legal,
Liabilities,Other Current Liabilities,Accrued Expenses,Accrued Expenses - Legal,,,1377,,,,28,250500 Accrued Expenses : Accrued Expenses - Legal,
Liabilities,Other Current Liabilities,Accrued Expenses,Accrued Expenses - Legal,,,1377,,,,29,250500 Accrued Expenses : Accrued Expenses - Legal,
Liabilities,Other Current Liabilities,Accrued Expenses,Accrued Expenses - Legal,,,1377,,,,31,250500 Accrued Expenses : Accrued Expenses - Legal,
Liabilities,Other Current Liabilities,Accrued Expenses,Accrued Expenses - Legal,,,1377,,,,32,250500 Accrued Expenses : Accrued Expenses - Legal,
Liabilities,Other Current Liabilities,Accrued Expenses,Accrued Expenses - Legal,,,1377,,,,33,250500 Accrued Expenses : Accrued Expenses - Legal,
Liabilities,Other Current Liabilities,Accrued Expenses,Accrued Expenses - Legal,,,1377,,,,35,250500 Accrued Expenses : Accrued Expenses - Legal,
Liabilities,Other Current Liabilities,Accrued Expenses,Accrued Expenses - Legal,,,1377,,,,36,250500 Accrued Expenses : Accrued Expenses - Legal,
Liabilities,Other Current Liabilities,Accrued Expenses,Accrued Expenses - Legal,,,1377,,,,37,250500 Accrued Expenses : Accrued Expenses - Legal,
Liabilities,Other Current Liabilities,Accrued Expenses,Accrued Expenses - Legal,,,1377,,,,39,250500 Accrued Expenses : Accrued Expenses - Legal,
Liabilities,Other Current Liabilities,Accrued Expenses,Accrued Expenses - Legal,,,1377,,,,41,250500 Accrued Expenses : Accrued Expenses - Legal,
Liabilities,Other Current Liabilities,Accrued Expenses,Accrued Expenses - Legal,,,1377,,,,42,250500 Accrued Expenses : Accrued Expenses - Legal,
Liabilities,Other Current Liabilities,Accrued Expenses,Accrued Expenses - Legal,,,1377,,,,43,250500 Accrued Expenses : Accrued Expenses - Legal,
Liabilities,Other Current Liabilities,Accrued Expenses,Accrued Expenses - Legal,,,1377,,,,44,250500 Accrued Expenses : Accrued Expenses - Legal,
Liabilities,Other Current Liabilities,Accrued Expenses,Accrued Expenses - Legal,,,1377,,,,45,250500 Accrued Expenses : Accrued Expenses - Legal,
Liabilities,Other Current Liabilities,Accrued Expenses,Accrued Expenses - Other,,,1378,,,,1,250750 Accrued Expenses : Accrued Expenses - Other,
Liabilities,Other Current Liabilities,Accrued Expenses,Accrued Expenses - Other,,,1378,,,,2,250750 Accrued Expenses : Accrued Expenses - Other,
Liabilities,Other Current Liabilities,Accrued Expenses,Accrued Expenses - Other,,,1378,,,,3,250750 Accrued Expenses : Accrued Expenses - Other,
Liabilities,Other Current Liabilities,Accrued Expenses,Accrued Expenses - Other,,,1378,,,,4,250750 Accrued Expenses : Accrued Expenses - Other,
Liabilities,Other Current Liabilities,Accrued Expenses,Accrued Expenses - Other,,,1378,,,,5,250750 Accrued Expenses : Accrued Expenses - Other,
Liabilities,Other Current Liabilities,Accrued Expenses,Accrued Expenses - Other,,,1378,,,,6,250750 Accrued Expenses : Accrued Expenses - Other,
Liabilities,Other Current Liabilities,Accrued Expenses,Accrued Expenses - Other,,,1378,,,,11,250750 Accrued Expenses : Accrued Expenses - Other,
Liabilities,Other Current Liabilities,Accrued Expenses,Accrued Expenses - Other,,,1378,,,,16,250750 Accrued Expenses : Accrued Expenses - Other,
Liabilities,Other Current Liabilities,Accrued Expenses,Accrued Expenses - Other,,,1378,,,,19,250750 Accrued Expenses : Accrued Expenses - Other,
Liabilities,Other Current Liabilities,Accrued Expenses,Accrued Expenses - Other,,,1378,,,,20,250750 Accrued Expenses : Accrued Expenses - Other,
Liabilities,Other Current Liabilities,Accrued Expenses,Accrued Expenses - Other,,,1378,,,,21,250750 Accrued Expenses : Accrued Expenses - Other,
Liabilities,Other Current Liabilities,Accrued Expenses,Accrued Expenses - Other,,,1378,,,,22,250750 Accrued Expenses : Accrued Expenses - Other,
Liabilities,Other Current Liabilities,Accrued Expenses,Accrued Expenses - Other,,,1378,,,,23,250750 Accrued Expenses : Accrued Expenses - Other,
Liabilities,Other Current Liabilities,Accrued Expenses,Accrued Expenses - Other,,,1378,,,,24,250750 Accrued Expenses : Accrued Expenses - Other,
Liabilities,Other Current Liabilities,Accrued Expenses,Accrued Expenses - Other,,,1378,,,,25,250750 Accrued Expenses : Accrued Expenses - Other,
Liabilities,Other Current Liabilities,Accrued Expenses,Accrued Expenses - Other,,,1378,,,,26,250750 Accrued Expenses : Accrued Expenses - Other,
Liabilities,Other Current Liabilities,Accrued Expenses,Accrued Expenses - Other,,,1378,,,,28,250750 Accrued Expenses : Accrued Expenses - Other,
Liabilities,Other Current Liabilities,Accrued Expenses,Accrued Expenses - Other,,,1378,,,,29,250750 Accrued Expenses : Accrued Expenses - Other,
Liabilities,Other Current Liabilities,Accrued Expenses,Accrued Expenses - Other,,,1378,,,,31,250750 Accrued Expenses : Accrued Expenses - Other,
Liabilities,Other Current Liabilities,Accrued Expenses,Accrued Expenses - Other,,,1378,,,,32,250750 Accrued Expenses : Accrued Expenses - Other,
Liabilities,Other Current Liabilities,Accrued Expenses,Accrued Expenses - Other,,,1378,,,,33,250750 Accrued Expenses : Accrued Expenses - Other,
Liabilities,Other Current Liabilities,Accrued Expenses,Accrued Expenses - Other,,,1378,,,,35,250750 Accrued Expenses : Accrued Expenses - Other,
Liabilities,Other Current Liabilities,Accrued Expenses,Accrued Expenses - Other,,,1378,,,,36,250750 Accrued Expenses : Accrued Expenses - Other,
Liabilities,Other Current Liabilities,Accrued Expenses,Accrued Expenses - Other,,,1378,,,,37,250750 Accrued Expenses : Accrued Expenses - Other,
Liabilities,Other Current Liabilities,Accrued Expenses,Accrued Expenses - Other,,,1378,,,,39,250750 Accrued Expenses : Accrued Expenses - Other,
Liabilities,Other Current Liabilities,Accrued Expenses,Accrued Expenses - Other,,,1378,,,,41,250750 Accrued Expenses : Accrued Expenses - Other,
Liabilities,Other Current Liabilities,Accrued Expenses,Accrued Expenses - Other,,,1378,,,,42,250750 Accrued Expenses : Accrued Expenses - Other,
Liabilities,Other Current Liabilities,Accrued Expenses,Accrued Expenses - Other,,,1378,,,,43,250750 Accrued Expenses : Accrued Expenses - Other,
Liabilities,Other Current Liabilities,Accrued Expenses,Accrued Expenses - Other,,,1378,,,,44,250750 Accrued Expenses : Accrued Expenses - Other,
Liabilities,Other Current Liabilities,Accrued Expenses,Accrued Expenses - Other,,,1378,,,,45,250750 Accrued Expenses : Accrued Expenses - Other,
,,,,,,1379,,,,1,280500 Long Term Debt : Term Debt,
,,,,,,1379,,,,2,280500 Long Term Debt : Term Debt,
,,,,,,1379,,,,3,280500 Long Term Debt : Term Debt,
,,,,,,1379,,,,4,280500 Long Term Debt : Term Debt,
,,,,,,1379,,,,5,280500 Long Term Debt : Term Debt,
,,,,,,1379,,,,6,280500 Long Term Debt : Term Debt,
,,,,,,1379,,,,11,280500 Long Term Debt : Term Debt,
,,,,,,1379,,,,16,280500 Long Term Debt : Term Debt,
,,,,,,1379,,,,19,280500 Long Term Debt : Term Debt,
,,,,,,1379,,,,20,280500 Long Term Debt : Term Debt,
,,,,,,1379,,,,21,280500 Long Term Debt : Term Debt,
,,,,,,1379,,,,22,280500 Long Term Debt : Term Debt,
,,,,,,1379,,,,23,280500 Long Term Debt : Term Debt,
,,,,,,1379,,,,24,280500 Long Term Debt : Term Debt,
,,,,,,1379,,,,25,280500 Long Term Debt : Term Debt,
,,,,,,1379,,,,26,280500 Long Term Debt : Term Debt,
,,,,,,1379,,,,28,280500 Long Term Debt : Term Debt,
,,,,,,1379,,,,29,280500 Long Term Debt : Term Debt,
,,,,,,1379,,,,31,280500 Long Term Debt : Term Debt,
,,,,,,1379,,,,32,280500 Long Term Debt : Term Debt,
,,,,,,1379,,,,33,280500 Long Term Debt : Term Debt,
,,,,,,1379,,,,35,280500 Long Term Debt : Term Debt,
,,,,,,1379,,,,36,280500 Long Term Debt : Term Debt,
,,,,,,1379,,,,37,280500 Long Term Debt : Term Debt,
,,,,,,1379,,,,39,280500 Long Term Debt : Term Debt,
,,,,,,1379,,,,41,280500 Long Term Debt : Term Debt,
,,,,,,1379,,,,42,280500 Long Term Debt : Term Debt,
,,,,,,1379,,,,43,280500 Long Term Debt : Term Debt,
,,,,,,1379,,,,44,280500 Long Term Debt : Term Debt,
,,,,,,1379,,,,45,280500 Long Term Debt : Term Debt,
Liabilities,Long Term Liabilities,Other Long term Liabilities,,,,1380,,,,1,290000 Other Long term Liabilities,
Liabilities,Long Term Liabilities,Other Long term Liabilities,,,,1380,,,,2,290000 Other Long term Liabilities,
Liabilities,Long Term Liabilities,Other Long term Liabilities,,,,1380,,,,3,290000 Other Long term Liabilities,
Liabilities,Long Term Liabilities,Other Long term Liabilities,,,,1380,,,,4,290000 Other Long term Liabilities,
Liabilities,Long Term Liabilities,Other Long term Liabilities,,,,1380,,,,5,290000 Other Long term Liabilities,
Liabilities,Long Term Liabilities,Other Long term Liabilities,,,,1380,,,,6,290000 Other Long term Liabilities,
Liabilities,Long Term Liabilities,Other Long term Liabilities,,,,1380,,,,11,290000 Other Long term Liabilities,
Liabilities,Long Term Liabilities,Other Long term Liabilities,,,,1380,,,,16,290000 Other Long term Liabilities,
Liabilities,Long Term Liabilities,Other Long term Liabilities,,,,1380,,,,19,290000 Other Long term Liabilities,
Liabilities,Long Term Liabilities,Other Long term Liabilities,,,,1380,,,,20,290000 Other Long term Liabilities,
Liabilities,Long Term Liabilities,Other Long term Liabilities,,,,1380,,,,21,290000 Other Long term Liabilities,
Liabilities,Long Term Liabilities,Other Long term Liabilities,,,,1380,,,,22,290000 Other Long term Liabilities,
Liabilities,Long Term Liabilities,Other Long term Liabilities,,,,1380,,,,23,290000 Other Long term Liabilities,
Liabilities,Long Term Liabilities,Other Long term Liabilities,,,,1380,,,,24,290000 Other Long term Liabilities,
Liabilities,Long Term Liabilities,Other Long term Liabilities,,,,1380,,,,25,290000 Other Long term Liabilities,
Liabilities,Long Term Liabilities,Other Long term Liabilities,,,,1380,,,,26,290000 Other Long term Liabilities,
Liabilities,Long Term Liabilities,Other Long term Liabilities,,,,1380,,,,28,290000 Other Long term Liabilities,
Liabilities,Long Term Liabilities,Other Long term Liabilities,,,,1380,,,,29,290000 Other Long term Liabilities,
Liabilities,Long Term Liabilities,Other Long term Liabilities,,,,1380,,,,31,290000 Other Long term Liabilities,
Liabilities,Long Term Liabilities,Other Long term Liabilities,,,,1380,,,,32,290000 Other Long term Liabilities,
Liabilities,Long Term Liabilities,Other Long term Liabilities,,,,1380,,,,33,290000 Other Long term Liabilities,
Liabilities,Long Term Liabilities,Other Long term Liabilities,,,,1380,,,,35,290000 Other Long term Liabilities,
Liabilities,Long Term Liabilities,Other Long term Liabilities,,,,1380,,,,36,290000 Other Long term Liabilities,
Liabilities,Long Term Liabilities,Other Long term Liabilities,,,,1380,,,,37,290000 Other Long term Liabilities,
Liabilities,Long Term Liabilities,Other Long term Liabilities,,,,1380,,,,39,290000 Other Long term Liabilities,
Liabilities,Long Term Liabilities,Other Long term Liabilities,,,,1380,,,,41,290000 Other Long term Liabilities,
Liabilities,Long Term Liabilities,Other Long term Liabilities,,,,1380,,,,42,290000 Other Long term Liabilities,
Liabilities,Long Term Liabilities,Other Long term Liabilities,,,,1380,,,,43,290000 Other Long term Liabilities,
Liabilities,Long Term Liabilities,Other Long term Liabilities,,,,1380,,,,44,290000 Other Long term Liabilities,
Liabilities,Long Term Liabilities,Other Long term Liabilities,,,,1380,,,,45,290000 Other Long term Liabilities,
Liabilities,Long Term Liabilities,Other Long term Liabilities,ASC 842 - Lease Liability Long-Term Account,,,1381,,,,1,290250 Other Long term Liabilities : ASC 842 - Lease Liability Long-Term Account,
Liabilities,Long Term Liabilities,Other Long term Liabilities,ASC 842 - Lease Liability Long-Term Account,,,1381,,,,2,290250 Other Long term Liabilities : ASC 842 - Lease Liability Long-Term Account,
Liabilities,Long Term Liabilities,Other Long term Liabilities,ASC 842 - Lease Liability Long-Term Account,,,1381,,,,3,290250 Other Long term Liabilities : ASC 842 - Lease Liability Long-Term Account,
Liabilities,Long Term Liabilities,Other Long term Liabilities,ASC 842 - Lease Liability Long-Term Account,,,1381,,,,4,290250 Other Long term Liabilities : ASC 842 - Lease Liability Long-Term Account,
Liabilities,Long Term Liabilities,Other Long term Liabilities,ASC 842 - Lease Liability Long-Term Account,,,1381,,,,5,290250 Other Long term Liabilities : ASC 842 - Lease Liability Long-Term Account,
Liabilities,Long Term Liabilities,Other Long term Liabilities,ASC 842 - Lease Liability Long-Term Account,,,1381,,,,6,290250 Other Long term Liabilities : ASC 842 - Lease Liability Long-Term Account,
Liabilities,Long Term Liabilities,Other Long term Liabilities,ASC 842 - Lease Liability Long-Term Account,,,1381,,,,11,290250 Other Long term Liabilities : ASC 842 - Lease Liability Long-Term Account,
Liabilities,Long Term Liabilities,Other Long term Liabilities,ASC 842 - Lease Liability Long-Term Account,,,1381,,,,16,290250 Other Long term Liabilities : ASC 842 - Lease Liability Long-Term Account,
Liabilities,Long Term Liabilities,Other Long term Liabilities,ASC 842 - Lease Liability Long-Term Account,,,1381,,,,19,290250 Other Long term Liabilities : ASC 842 - Lease Liability Long-Term Account,
Liabilities,Long Term Liabilities,Other Long term Liabilities,ASC 842 - Lease Liability Long-Term Account,,,1381,,,,20,290250 Other Long term Liabilities : ASC 842 - Lease Liability Long-Term Account,
Liabilities,Long Term Liabilities,Other Long term Liabilities,ASC 842 - Lease Liability Long-Term Account,,,1381,,,,21,290250 Other Long term Liabilities : ASC 842 - Lease Liability Long-Term Account,
Liabilities,Long Term Liabilities,Other Long term Liabilities,ASC 842 - Lease Liability Long-Term Account,,,1381,,,,22,290250 Other Long term Liabilities : ASC 842 - Lease Liability Long-Term Account,
Liabilities,Long Term Liabilities,Other Long term Liabilities,ASC 842 - Lease Liability Long-Term Account,,,1381,,,,23,290250 Other Long term Liabilities : ASC 842 - Lease Liability Long-Term Account,
Liabilities,Long Term Liabilities,Other Long term Liabilities,ASC 842 - Lease Liability Long-Term Account,,,1381,,,,24,290250 Other Long term Liabilities : ASC 842 - Lease Liability Long-Term Account,
Liabilities,Long Term Liabilities,Other Long term Liabilities,ASC 842 - Lease Liability Long-Term Account,,,1381,,,,25,290250 Other Long term Liabilities : ASC 842 - Lease Liability Long-Term Account,
Liabilities,Long Term Liabilities,Other Long term Liabilities,ASC 842 - Lease Liability Long-Term Account,,,1381,,,,26,290250 Other Long term Liabilities : ASC 842 - Lease Liability Long-Term Account,
Liabilities,Long Term Liabilities,Other Long term Liabilities,ASC 842 - Lease Liability Long-Term Account,,,1381,,,,28,290250 Other Long term Liabilities : ASC 842 - Lease Liability Long-Term Account,
Liabilities,Long Term Liabilities,Other Long term Liabilities,ASC 842 - Lease Liability Long-Term Account,,,1381,,,,29,290250 Other Long term Liabilities : ASC 842 - Lease Liability Long-Term Account,
Liabilities,Long Term Liabilities,Other Long term Liabilities,ASC 842 - Lease Liability Long-Term Account,,,1381,,,,31,290250 Other Long term Liabilities : ASC 842 - Lease Liability Long-Term Account,
Liabilities,Long Term Liabilities,Other Long term Liabilities,ASC 842 - Lease Liability Long-Term Account,,,1381,,,,32,290250 Other Long term Liabilities : ASC 842 - Lease Liability Long-Term Account,
Liabilities,Long Term Liabilities,Other Long term Liabilities,ASC 842 - Lease Liability Long-Term Account,,,1381,,,,33,290250 Other Long term Liabilities : ASC 842 - Lease Liability Long-Term Account,
Liabilities,Long Term Liabilities,Other Long term Liabilities,ASC 842 - Lease Liability Long-Term Account,,,1381,,,,35,290250 Other Long term Liabilities : ASC 842 - Lease Liability Long-Term Account,
Liabilities,Long Term Liabilities,Other Long term Liabilities,ASC 842 - Lease Liability Long-Term Account,,,1381,,,,36,290250 Other Long term Liabilities : ASC 842 - Lease Liability Long-Term Account,
Liabilities,Long Term Liabilities,Other Long term Liabilities,ASC 842 - Lease Liability Long-Term Account,,,1381,,,,37,290250 Other Long term Liabilities : ASC 842 - Lease Liability Long-Term Account,
Liabilities,Long Term Liabilities,Other Long term Liabilities,ASC 842 - Lease Liability Long-Term Account,,,1381,,,,39,290250 Other Long term Liabilities : ASC 842 - Lease Liability Long-Term Account,
Liabilities,Long Term Liabilities,Other Long term Liabilities,ASC 842 - Lease Liability Long-Term Account,,,1381,,,,41,290250 Other Long term Liabilities : ASC 842 - Lease Liability Long-Term Account,
Liabilities,Long Term Liabilities,Other Long term Liabilities,ASC 842 - Lease Liability Long-Term Account,,,1381,,,,42,290250 Other Long term Liabilities : ASC 842 - Lease Liability Long-Term Account,
Liabilities,Long Term Liabilities,Other Long term Liabilities,ASC 842 - Lease Liability Long-Term Account,,,1381,,,,43,290250 Other Long term Liabilities : ASC 842 - Lease Liability Long-Term Account,
Liabilities,Long Term Liabilities,Other Long term Liabilities,ASC 842 - Lease Liability Long-Term Account,,,1381,,,,44,290250 Other Long term Liabilities : ASC 842 - Lease Liability Long-Term Account,
Liabilities,Long Term Liabilities,Other Long term Liabilities,ASC 842 - Lease Liability Long-Term Account,,,1381,,,,45,290250 Other Long term Liabilities : ASC 842 - Lease Liability Long-Term Account,
Liabilities,Long Term Liabilities,Other Long term Liabilities,ASC 842 - Lease Liability Long-Term Contra Account ST Reclas,,,1382,,,,1,290500 Other Long term Liabilities : ASC 842 - Lease Liability Long-Term Contra Account ST Reclas,
Liabilities,Long Term Liabilities,Other Long term Liabilities,ASC 842 - Lease Liability Long-Term Contra Account ST Reclas,,,1382,,,,2,290500 Other Long term Liabilities : ASC 842 - Lease Liability Long-Term Contra Account ST Reclas,
Liabilities,Long Term Liabilities,Other Long term Liabilities,ASC 842 - Lease Liability Long-Term Contra Account ST Reclas,,,1382,,,,3,290500 Other Long term Liabilities : ASC 842 - Lease Liability Long-Term Contra Account ST Reclas,
Liabilities,Long Term Liabilities,Other Long term Liabilities,ASC 842 - Lease Liability Long-Term Contra Account ST Reclas,,,1382,,,,4,290500 Other Long term Liabilities : ASC 842 - Lease Liability Long-Term Contra Account ST Reclas,
Liabilities,Long Term Liabilities,Other Long term Liabilities,ASC 842 - Lease Liability Long-Term Contra Account ST Reclas,,,1382,,,,5,290500 Other Long term Liabilities : ASC 842 - Lease Liability Long-Term Contra Account ST Reclas,
Liabilities,Long Term Liabilities,Other Long term Liabilities,ASC 842 - Lease Liability Long-Term Contra Account ST Reclas,,,1382,,,,6,290500 Other Long term Liabilities : ASC 842 - Lease Liability Long-Term Contra Account ST Reclas,
Liabilities,Long Term Liabilities,Other Long term Liabilities,ASC 842 - Lease Liability Long-Term Contra Account ST Reclas,,,1382,,,,11,290500 Other Long term Liabilities : ASC 842 - Lease Liability Long-Term Contra Account ST Reclas,
Liabilities,Long Term Liabilities,Other Long term Liabilities,ASC 842 - Lease Liability Long-Term Contra Account ST Reclas,,,1382,,,,16,290500 Other Long term Liabilities : ASC 842 - Lease Liability Long-Term Contra Account ST Reclas,
Liabilities,Long Term Liabilities,Other Long term Liabilities,ASC 842 - Lease Liability Long-Term Contra Account ST Reclas,,,1382,,,,19,290500 Other Long term Liabilities : ASC 842 - Lease Liability Long-Term Contra Account ST Reclas,
Liabilities,Long Term Liabilities,Other Long term Liabilities,ASC 842 - Lease Liability Long-Term Contra Account ST Reclas,,,1382,,,,20,290500 Other Long term Liabilities : ASC 842 - Lease Liability Long-Term Contra Account ST Reclas,
Liabilities,Long Term Liabilities,Other Long term Liabilities,ASC 842 - Lease Liability Long-Term Contra Account ST Reclas,,,1382,,,,21,290500 Other Long term Liabilities : ASC 842 - Lease Liability Long-Term Contra Account ST Reclas,
Liabilities,Long Term Liabilities,Other Long term Liabilities,ASC 842 - Lease Liability Long-Term Contra Account ST Reclas,,,1382,,,,22,290500 Other Long term Liabilities : ASC 842 - Lease Liability Long-Term Contra Account ST Reclas,
Liabilities,Long Term Liabilities,Other Long term Liabilities,ASC 842 - Lease Liability Long-Term Contra Account ST Reclas,,,1382,,,,23,290500 Other Long term Liabilities : ASC 842 - Lease Liability Long-Term Contra Account ST Reclas,
Liabilities,Long Term Liabilities,Other Long term Liabilities,ASC 842 - Lease Liability Long-Term Contra Account ST Reclas,,,1382,,,,24,290500 Other Long term Liabilities : ASC 842 - Lease Liability Long-Term Contra Account ST Reclas,
Liabilities,Long Term Liabilities,Other Long term Liabilities,ASC 842 - Lease Liability Long-Term Contra Account ST Reclas,,,1382,,,,25,290500 Other Long term Liabilities : ASC 842 - Lease Liability Long-Term Contra Account ST Reclas,
Liabilities,Long Term Liabilities,Other Long term Liabilities,ASC 842 - Lease Liability Long-Term Contra Account ST Reclas,,,1382,,,,26,290500 Other Long term Liabilities : ASC 842 - Lease Liability Long-Term Contra Account ST Reclas,
Liabilities,Long Term Liabilities,Other Long term Liabilities,ASC 842 - Lease Liability Long-Term Contra Account ST Reclas,,,1382,,,,28,290500 Other Long term Liabilities : ASC 842 - Lease Liability Long-Term Contra Account ST Reclas,
Liabilities,Long Term Liabilities,Other Long term Liabilities,ASC 842 - Lease Liability Long-Term Contra Account ST Reclas,,,1382,,,,29,290500 Other Long term Liabilities : ASC 842 - Lease Liability Long-Term Contra Account ST Reclas,
Liabilities,Long Term Liabilities,Other Long term Liabilities,ASC 842 - Lease Liability Long-Term Contra Account ST Reclas,,,1382,,,,31,290500 Other Long term Liabilities : ASC 842 - Lease Liability Long-Term Contra Account ST Reclas,
Liabilities,Long Term Liabilities,Other Long term Liabilities,ASC 842 - Lease Liability Long-Term Contra Account ST Reclas,,,1382,,,,32,290500 Other Long term Liabilities : ASC 842 - Lease Liability Long-Term Contra Account ST Reclas,
Liabilities,Long Term Liabilities,Other Long term Liabilities,ASC 842 - Lease Liability Long-Term Contra Account ST Reclas,,,1382,,,,33,290500 Other Long term Liabilities : ASC 842 - Lease Liability Long-Term Contra Account ST Reclas,
Liabilities,Long Term Liabilities,Other Long term Liabilities,ASC 842 - Lease Liability Long-Term Contra Account ST Reclas,,,1382,,,,35,290500 Other Long term Liabilities : ASC 842 - Lease Liability Long-Term Contra Account ST Reclas,
Liabilities,Long Term Liabilities,Other Long term Liabilities,ASC 842 - Lease Liability Long-Term Contra Account ST Reclas,,,1382,,,,36,290500 Other Long term Liabilities : ASC 842 - Lease Liability Long-Term Contra Account ST Reclas,
Liabilities,Long Term Liabilities,Other Long term Liabilities,ASC 842 - Lease Liability Long-Term Contra Account ST Reclas,,,1382,,,,37,290500 Other Long term Liabilities : ASC 842 - Lease Liability Long-Term Contra Account ST Reclas,
Liabilities,Long Term Liabilities,Other Long term Liabilities,ASC 842 - Lease Liability Long-Term Contra Account ST Reclas,,,1382,,,,39,290500 Other Long term Liabilities : ASC 842 - Lease Liability Long-Term Contra Account ST Reclas,
Liabilities,Long Term Liabilities,Other Long term Liabilities,ASC 842 - Lease Liability Long-Term Contra Account ST Reclas,,,1382,,,,41,290500 Other Long term Liabilities : ASC 842 - Lease Liability Long-Term Contra Account ST Reclas,
Liabilities,Long Term Liabilities,Other Long term Liabilities,ASC 842 - Lease Liability Long-Term Contra Account ST Reclas,,,1382,,,,42,290500 Other Long term Liabilities : ASC 842 - Lease Liability Long-Term Contra Account ST Reclas,
Liabilities,Long Term Liabilities,Other Long term Liabilities,ASC 842 - Lease Liability Long-Term Contra Account ST Reclas,,,1382,,,,43,290500 Other Long term Liabilities : ASC 842 - Lease Liability Long-Term Contra Account ST Reclas,
Liabilities,Long Term Liabilities,Other Long term Liabilities,ASC 842 - Lease Liability Long-Term Contra Account ST Reclas,,,1382,,,,44,290500 Other Long term Liabilities : ASC 842 - Lease Liability Long-Term Contra Account ST Reclas,
Liabilities,Long Term Liabilities,Other Long term Liabilities,ASC 842 - Lease Liability Long-Term Contra Account ST Reclas,,,1382,,,,45,290500 Other Long term Liabilities : ASC 842 - Lease Liability Long-Term Contra Account ST Reclas,
Liabilities,Long Term Liabilities,Other Long term Liabilities,Contingent Rollover Liability,,,1383,,,,1,295000 Other Long term Liabilities : Contingent Rollover Liability,
Liabilities,Long Term Liabilities,Other Long term Liabilities,Contingent Rollover Liability,,,1383,,,,2,295000 Other Long term Liabilities : Contingent Rollover Liability,
Liabilities,Long Term Liabilities,Other Long term Liabilities,Contingent Rollover Liability,,,1383,,,,3,295000 Other Long term Liabilities : Contingent Rollover Liability,
Liabilities,Long Term Liabilities,Other Long term Liabilities,Contingent Rollover Liability,,,1383,,,,4,295000 Other Long term Liabilities : Contingent Rollover Liability,
Liabilities,Long Term Liabilities,Other Long term Liabilities,Contingent Rollover Liability,,,1383,,,,5,295000 Other Long term Liabilities : Contingent Rollover Liability,
Liabilities,Long Term Liabilities,Other Long term Liabilities,Contingent Rollover Liability,,,1383,,,,6,295000 Other Long term Liabilities : Contingent Rollover Liability,
Liabilities,Long Term Liabilities,Other Long term Liabilities,Contingent Rollover Liability,,,1383,,,,11,295000 Other Long term Liabilities : Contingent Rollover Liability,
Liabilities,Long Term Liabilities,Other Long term Liabilities,Contingent Rollover Liability,,,1383,,,,16,295000 Other Long term Liabilities : Contingent Rollover Liability,
Liabilities,Long Term Liabilities,Other Long term Liabilities,Contingent Rollover Liability,,,1383,,,,19,295000 Other Long term Liabilities : Contingent Rollover Liability,
Liabilities,Long Term Liabilities,Other Long term Liabilities,Contingent Rollover Liability,,,1383,,,,20,295000 Other Long term Liabilities : Contingent Rollover Liability,
Liabilities,Long Term Liabilities,Other Long term Liabilities,Contingent Rollover Liability,,,1383,,,,21,295000 Other Long term Liabilities : Contingent Rollover Liability,
Liabilities,Long Term Liabilities,Other Long term Liabilities,Contingent Rollover Liability,,,1383,,,,22,295000 Other Long term Liabilities : Contingent Rollover Liability,
Liabilities,Long Term Liabilities,Other Long term Liabilities,Contingent Rollover Liability,,,1383,,,,23,295000 Other Long term Liabilities : Contingent Rollover Liability,
Liabilities,Long Term Liabilities,Other Long term Liabilities,Contingent Rollover Liability,,,1383,,,,24,295000 Other Long term Liabilities : Contingent Rollover Liability,
Liabilities,Long Term Liabilities,Other Long term Liabilities,Contingent Rollover Liability,,,1383,,,,25,295000 Other Long term Liabilities : Contingent Rollover Liability,
Liabilities,Long Term Liabilities,Other Long term Liabilities,Contingent Rollover Liability,,,1383,,,,26,295000 Other Long term Liabilities : Contingent Rollover Liability,
Liabilities,Long Term Liabilities,Other Long term Liabilities,Contingent Rollover Liability,,,1383,,,,28,295000 Other Long term Liabilities : Contingent Rollover Liability,
Liabilities,Long Term Liabilities,Other Long term Liabilities,Contingent Rollover Liability,,,1383,,,,29,295000 Other Long term Liabilities : Contingent Rollover Liability,
Liabilities,Long Term Liabilities,Other Long term Liabilities,Contingent Rollover Liability,,,1383,,,,31,295000 Other Long term Liabilities : Contingent Rollover Liability,
Liabilities,Long Term Liabilities,Other Long term Liabilities,Contingent Rollover Liability,,,1383,,,,32,295000 Other Long term Liabilities : Contingent Rollover Liability,
Liabilities,Long Term Liabilities,Other Long term Liabilities,Contingent Rollover Liability,,,1383,,,,33,295000 Other Long term Liabilities : Contingent Rollover Liability,
Liabilities,Long Term Liabilities,Other Long term Liabilities,Contingent Rollover Liability,,,1383,,,,35,295000 Other Long term Liabilities : Contingent Rollover Liability,
Liabilities,Long Term Liabilities,Other Long term Liabilities,Contingent Rollover Liability,,,1383,,,,36,295000 Other Long term Liabilities : Contingent Rollover Liability,
Liabilities,Long Term Liabilities,Other Long term Liabilities,Contingent Rollover Liability,,,1383,,,,37,295000 Other Long term Liabilities : Contingent Rollover Liability,
Liabilities,Long Term Liabilities,Other Long term Liabilities,Contingent Rollover Liability,,,1383,,,,39,295000 Other Long term Liabilities : Contingent Rollover Liability,
Liabilities,Long Term Liabilities,Other Long term Liabilities,Contingent Rollover Liability,,,1383,,,,41,295000 Other Long term Liabilities : Contingent Rollover Liability,
Liabilities,Long Term Liabilities,Other Long term Liabilities,Contingent Rollover Liability,,,1383,,,,42,295000 Other Long term Liabilities : Contingent Rollover Liability,
Liabilities,Long Term Liabilities,Other Long term Liabilities,Contingent Rollover Liability,,,1383,,,,43,295000 Other Long term Liabilities : Contingent Rollover Liability,
Liabilities,Long Term Liabilities,Other Long term Liabilities,Contingent Rollover Liability,,,1383,,,,44,295000 Other Long term Liabilities : Contingent Rollover Liability,
Liabilities,Long Term Liabilities,Other Long term Liabilities,Contingent Rollover Liability,,,1383,,,,45,295000 Other Long term Liabilities : Contingent Rollover Liability,
Expenses,Operations Expense,General and Admin,Advertising,Digital Paid Social,,1384,,,,1,760250 General and Admin : Advertising : Digital Paid Social,
Expenses,Operations Expense,General and Admin,Advertising,Digital Paid Social,,1384,,,,2,760250 General and Admin : Advertising : Digital Paid Social,
Field Corporate Expenses,Pawville Intermediate Holdings,General and Admin,Advertising,Digital Paid Social,,1384,,,,3,760250 General and Admin : Advertising : Digital Paid Social,
Corporate Expenses,General and Admin,Advertising,Digital Paid Social,,,1384,,,,4,760250 General and Admin : Advertising : Digital Paid Social,
Expenses,Operations Expense,General and Admin,Advertising,Digital Paid Social,,1384,,,,5,760250 General and Admin : Advertising : Digital Paid Social,
Field Corporate Expenses,PUPS Intermediate Holdings,General and Admin,Advertising,Digital Paid Social,,1384,,,,6,760250 General and Admin : Advertising : Digital Paid Social,
Expenses,Operations Expense,General and Admin,Advertising,Digital Paid Social,,1384,,,,11,760250 General and Admin : Advertising : Digital Paid Social,
Expenses,Operations Expense,General and Admin,Advertising,Digital Paid Social,,1384,,,,16,760250 General and Admin : Advertising : Digital Paid Social,
Expenses,Operations Expense,General and Admin,Advertising,Digital Paid Social,,1384,,,,19,760250 General and Admin : Advertising : Digital Paid Social,
Expenses,Operations Expense,General and Admin,Advertising,Digital Paid Social,,1384,,,,20,760250 General and Admin : Advertising : Digital Paid Social,
Expenses,Operations Expense,General and Admin,Advertising,Digital Paid Social,,1384,,,,21,760250 General and Admin : Advertising : Digital Paid Social,
Expenses,Operations Expense,General and Admin,Advertising,Digital Paid Social,,1384,,,,22,760250 General and Admin : Advertising : Digital Paid Social,
Expenses,Operations Expense,General and Admin,Advertising,Digital Paid Social,,1384,,,,23,760250 General and Admin : Advertising : Digital Paid Social,
Expenses,Operations Expense,General and Admin,Advertising,Digital Paid Social,,1384,,,,24,760250 General and Admin : Advertising : Digital Paid Social,
Expenses,Operations Expense,General and Admin,Advertising,Digital Paid Social,,1384,,,,25,760250 General and Admin : Advertising : Digital Paid Social,
Expenses,Operations Expense,General and Admin,Advertising,Digital Paid Social,,1384,,,,26,760250 General and Admin : Advertising : Digital Paid Social,
Expenses,Operations Expense,General and Admin,Advertising,Digital Paid Social,,1384,,,,28,760250 General and Admin : Advertising : Digital Paid Social,
Expenses,Operations Expense,General and Admin,Advertising,Digital Paid Social,,1384,,,,29,760250 General and Admin : Advertising : Digital Paid Social,
Expenses,Operations Expense,General and Admin,Advertising,Digital Paid Social,,1384,,,,31,760250 General and Admin : Advertising : Digital Paid Social,
Expenses,Operations Expense,General and Admin,Advertising,Digital Paid Social,,1384,,,,32,760250 General and Admin : Advertising : Digital Paid Social,
Expenses,Operations Expense,General and Admin,Advertising,Digital Paid Social,,1384,,,,33,760250 General and Admin : Advertising : Digital Paid Social,
Expenses,Operations Expense,General and Admin,Advertising,Digital Paid Social,,1384,,,,35,760250 General and Admin : Advertising : Digital Paid Social,
Expenses,Operations Expense,General and Admin,Advertising,Digital Paid Social,,1384,,,,36,760250 General and Admin : Advertising : Digital Paid Social,
Expenses,Operations Expense,General and Admin,Advertising,Digital Paid Social,,1384,,,,37,760250 General and Admin : Advertising : Digital Paid Social,
Expenses,Operations Expense,General and Admin,Advertising,Digital Paid Social,,1384,,,,39,760250 General and Admin : Advertising : Digital Paid Social,
Expenses,Operations Expense,General and Admin,Advertising,Digital Paid Social,,1384,,,,41,760250 General and Admin : Advertising : Digital Paid Social,
Expenses,Operations Expense,General and Admin,Advertising,Digital Paid Social,,1384,,,,42,760250 General and Admin : Advertising : Digital Paid Social,
Expenses,Operations Expense,General and Admin,Advertising,Digital Paid Social,,1384,,,,43,760250 General and Admin : Advertising : Digital Paid Social,
Expenses,Operations Expense,General and Admin,Advertising,Digital Paid Social,,1384,,,,44,760250 General and Admin : Advertising : Digital Paid Social,
Expenses,Operations Expense,General and Admin,Advertising,Digital Paid Social,,1384,,,,45,760250 General and Admin : Advertising : Digital Paid Social,
Expenses,Operations Expense,General and Admin,Advertising,Direct Advertising,,1385,,,,1,760750 General and Admin : Advertising : Direct Advertising,
Expenses,Operations Expense,General and Admin,Advertising,Direct Advertising,,1385,,,,2,760750 General and Admin : Advertising : Direct Advertising,
Field Corporate Expenses,Pawville Intermediate Holdings,General and Admin,Advertising,Direct Advertising,,1385,,,,3,760750 General and Admin : Advertising : Direct Advertising,
Corporate Expenses,General and Admin,Advertising,Direct Advertising,,,1385,,,,4,760750 General and Admin : Advertising : Direct Advertising,
Expenses,Operations Expense,General and Admin,Advertising,Direct Advertising,,1385,,,,5,760750 General and Admin : Advertising : Direct Advertising,
Field Corporate Expenses,PUPS Intermediate Holdings,General and Admin,Advertising,Direct Advertising,,1385,,,,6,760750 General and Admin : Advertising : Direct Advertising,
Expenses,Operations Expense,General and Admin,Advertising,Direct Advertising,,1385,,,,11,760750 General and Admin : Advertising : Direct Advertising,
Expenses,Operations Expense,General and Admin,Advertising,Direct Advertising,,1385,,,,16,760750 General and Admin : Advertising : Direct Advertising,
Expenses,Operations Expense,General and Admin,Advertising,Direct Advertising,,1385,,,,19,760750 General and Admin : Advertising : Direct Advertising,
Expenses,Operations Expense,General and Admin,Advertising,Direct Advertising,,1385,,,,20,760750 General and Admin : Advertising : Direct Advertising,
Expenses,Operations Expense,General and Admin,Advertising,Direct Advertising,,1385,,,,21,760750 General and Admin : Advertising : Direct Advertising,
Expenses,Operations Expense,General and Admin,Advertising,Direct Advertising,,1385,,,,22,760750 General and Admin : Advertising : Direct Advertising,
Expenses,Operations Expense,General and Admin,Advertising,Direct Advertising,,1385,,,,23,760750 General and Admin : Advertising : Direct Advertising,
Expenses,Operations Expense,General and Admin,Advertising,Direct Advertising,,1385,,,,24,760750 General and Admin : Advertising : Direct Advertising,
Expenses,Operations Expense,General and Admin,Advertising,Direct Advertising,,1385,,,,25,760750 General and Admin : Advertising : Direct Advertising,
Expenses,Operations Expense,General and Admin,Advertising,Direct Advertising,,1385,,,,26,760750 General and Admin : Advertising : Direct Advertising,
Expenses,Operations Expense,General and Admin,Advertising,Direct Advertising,,1385,,,,28,760750 General and Admin : Advertising : Direct Advertising,
Expenses,Operations Expense,General and Admin,Advertising,Direct Advertising,,1385,,,,29,760750 General and Admin : Advertising : Direct Advertising,
Expenses,Operations Expense,General and Admin,Advertising,Direct Advertising,,1385,,,,31,760750 General and Admin : Advertising : Direct Advertising,
Expenses,Operations Expense,General and Admin,Advertising,Direct Advertising,,1385,,,,32,760750 General and Admin : Advertising : Direct Advertising,
Expenses,Operations Expense,General and Admin,Advertising,Direct Advertising,,1385,,,,33,760750 General and Admin : Advertising : Direct Advertising,
Expenses,Operations Expense,General and Admin,Advertising,Direct Advertising,,1385,,,,35,760750 General and Admin : Advertising : Direct Advertising,
Expenses,Operations Expense,General and Admin,Advertising,Direct Advertising,,1385,,,,36,760750 General and Admin : Advertising : Direct Advertising,
Expenses,Operations Expense,General and Admin,Advertising,Direct Advertising,,1385,,,,37,760750 General and Admin : Advertising : Direct Advertising,
Expenses,Operations Expense,General and Admin,Advertising,Direct Advertising,,1385,,,,39,760750 General and Admin : Advertising : Direct Advertising,
Expenses,Operations Expense,General and Admin,Advertising,Direct Advertising,,1385,,,,41,760750 General and Admin : Advertising : Direct Advertising,
Expenses,Operations Expense,General and Admin,Advertising,Direct Advertising,,1385,,,,42,760750 General and Admin : Advertising : Direct Advertising,
Expenses,Operations Expense,General and Admin,Advertising,Direct Advertising,,1385,,,,43,760750 General and Admin : Advertising : Direct Advertising,
Expenses,Operations Expense,General and Admin,Advertising,Direct Advertising,,1385,,,,44,760750 General and Admin : Advertising : Direct Advertising,
Expenses,Operations Expense,General and Admin,Advertising,Direct Advertising,,1385,,,,45,760750 General and Admin : Advertising : Direct Advertising,
Other Expenses,Other Expense,ASC 842 - Other Expense,,,,1386,,,,1,856000 Other Expense : ASC 842 - Other Expense,
Other Expenses,Other Expense,ASC 842 - Other Expense,,,,1386,,,,2,856000 Other Expense : ASC 842 - Other Expense,
Other Expenses,Other Expense,ASC 842 - Other Expense,,,,1386,,,,3,856000 Other Expense : ASC 842 - Other Expense,
Other Expenses,Other Expense,ASC 842 - Other Expense,,,,1386,,,,4,856000 Other Expense : ASC 842 - Other Expense,
Other Expenses,Other Expense,ASC 842 - Other Expense,,,,1386,,,,5,856000 Other Expense : ASC 842 - Other Expense,
Other Expenses,Other Expense,ASC 842 - Other Expense,,,,1386,,,,6,856000 Other Expense : ASC 842 - Other Expense,
Other Expenses,Other Expense,ASC 842 - Other Expense,,,,1386,,,,11,856000 Other Expense : ASC 842 - Other Expense,
Other Expenses,Other Expense,ASC 842 - Other Expense,,,,1386,,,,16,856000 Other Expense : ASC 842 - Other Expense,
Other Expenses,Other Expense,ASC 842 - Other Expense,,,,1386,,,,19,856000 Other Expense : ASC 842 - Other Expense,
Other Expenses,Other Expense,ASC 842 - Other Expense,,,,1386,,,,20,856000 Other Expense : ASC 842 - Other Expense,
Other Expenses,Other Expense,ASC 842 - Other Expense,,,,1386,,,,21,856000 Other Expense : ASC 842 - Other Expense,
Other Expenses,Other Expense,ASC 842 - Other Expense,,,,1386,,,,22,856000 Other Expense : ASC 842 - Other Expense,
Other Expenses,Other Expense,ASC 842 - Other Expense,,,,1386,,,,23,856000 Other Expense : ASC 842 - Other Expense,
Other Expenses,Other Expense,ASC 842 - Other Expense,,,,1386,,,,24,856000 Other Expense : ASC 842 - Other Expense,
Other Expenses,Other Expense,ASC 842 - Other Expense,,,,1386,,,,25,856000 Other Expense : ASC 842 - Other Expense,
Other Expenses,Other Expense,ASC 842 - Other Expense,,,,1386,,,,26,856000 Other Expense : ASC 842 - Other Expense,
Other Expenses,Other Expense,ASC 842 - Other Expense,,,,1386,,,,28,856000 Other Expense : ASC 842 - Other Expense,
Other Expenses,Other Expense,ASC 842 - Other Expense,,,,1386,,,,29,856000 Other Expense : ASC 842 - Other Expense,
Other Expenses,Other Expense,ASC 842 - Other Expense,,,,1386,,,,31,856000 Other Expense : ASC 842 - Other Expense,
Other Expenses,Other Expense,ASC 842 - Other Expense,,,,1386,,,,32,856000 Other Expense : ASC 842 - Other Expense,
Other Expenses,Other Expense,ASC 842 - Other Expense,,,,1386,,,,33,856000 Other Expense : ASC 842 - Other Expense,
Other Expenses,Other Expense,ASC 842 - Other Expense,,,,1386,,,,35,856000 Other Expense : ASC 842 - Other Expense,
Other Expenses,Other Expense,ASC 842 - Other Expense,,,,1386,,,,36,856000 Other Expense : ASC 842 - Other Expense,
Other Expenses,Other Expense,ASC 842 - Other Expense,,,,1386,,,,37,856000 Other Expense : ASC 842 - Other Expense,
Other Expenses,Other Expense,ASC 842 - Other Expense,,,,1386,,,,39,856000 Other Expense : ASC 842 - Other Expense,
Other Expenses,Other Expense,ASC 842 - Other Expense,,,,1386,,,,41,856000 Other Expense : ASC 842 - Other Expense,
Other Expenses,Other Expense,ASC 842 - Other Expense,,,,1386,,,,42,856000 Other Expense : ASC 842 - Other Expense,
Other Expenses,Other Expense,ASC 842 - Other Expense,,,,1386,,,,43,856000 Other Expense : ASC 842 - Other Expense,
Other Expenses,Other Expense,ASC 842 - Other Expense,,,,1386,,,,44,856000 Other Expense : ASC 842 - Other Expense,
Other Expenses,Other Expense,ASC 842 - Other Expense,,,,1386,,,,45,856000 Other Expense : ASC 842 - Other Expense,
Other Expenses,Other Expense,ASC 842 - Other Expense,ASC 842 - Impairment Expense Account,,,1387,,,,1,856010 Other Expense : ASC 842 - Other Expense : ASC 842 - Impairment Expense Account,
Other Expenses,Other Expense,ASC 842 - Other Expense,ASC 842 - Impairment Expense Account,,,1387,,,,2,856010 Other Expense : ASC 842 - Other Expense : ASC 842 - Impairment Expense Account,
Other Expenses,Other Expense,ASC 842 - Other Expense,ASC 842 - Impairment Expense Account,,,1387,,,,3,856010 Other Expense : ASC 842 - Other Expense : ASC 842 - Impairment Expense Account,
Other Expenses,Other Expense,ASC 842 - Other Expense,ASC 842 - Impairment Expense Account,,,1387,,,,4,856010 Other Expense : ASC 842 - Other Expense : ASC 842 - Impairment Expense Account,
Other Expenses,Other Expense,ASC 842 - Other Expense,ASC 842 - Impairment Expense Account,,,1387,,,,5,856010 Other Expense : ASC 842 - Other Expense : ASC 842 - Impairment Expense Account,
Other Expenses,Other Expense,ASC 842 - Other Expense,ASC 842 - Impairment Expense Account,,,1387,,,,6,856010 Other Expense : ASC 842 - Other Expense : ASC 842 - Impairment Expense Account,
Other Expenses,Other Expense,ASC 842 - Other Expense,ASC 842 - Impairment Expense Account,,,1387,,,,11,856010 Other Expense : ASC 842 - Other Expense : ASC 842 - Impairment Expense Account,
Other Expenses,Other Expense,ASC 842 - Other Expense,ASC 842 - Impairment Expense Account,,,1387,,,,16,856010 Other Expense : ASC 842 - Other Expense : ASC 842 - Impairment Expense Account,
Other Expenses,Other Expense,ASC 842 - Other Expense,ASC 842 - Impairment Expense Account,,,1387,,,,19,856010 Other Expense : ASC 842 - Other Expense : ASC 842 - Impairment Expense Account,
Other Expenses,Other Expense,ASC 842 - Other Expense,ASC 842 - Impairment Expense Account,,,1387,,,,20,856010 Other Expense : ASC 842 - Other Expense : ASC 842 - Impairment Expense Account,
Other Expenses,Other Expense,ASC 842 - Other Expense,ASC 842 - Impairment Expense Account,,,1387,,,,21,856010 Other Expense : ASC 842 - Other Expense : ASC 842 - Impairment Expense Account,
Other Expenses,Other Expense,ASC 842 - Other Expense,ASC 842 - Impairment Expense Account,,,1387,,,,22,856010 Other Expense : ASC 842 - Other Expense : ASC 842 - Impairment Expense Account,
Other Expenses,Other Expense,ASC 842 - Other Expense,ASC 842 - Impairment Expense Account,,,1387,,,,23,856010 Other Expense : ASC 842 - Other Expense : ASC 842 - Impairment Expense Account,
Other Expenses,Other Expense,ASC 842 - Other Expense,ASC 842 - Impairment Expense Account,,,1387,,,,24,856010 Other Expense : ASC 842 - Other Expense : ASC 842 - Impairment Expense Account,
Other Expenses,Other Expense,ASC 842 - Other Expense,ASC 842 - Impairment Expense Account,,,1387,,,,25,856010 Other Expense : ASC 842 - Other Expense : ASC 842 - Impairment Expense Account,
Other Expenses,Other Expense,ASC 842 - Other Expense,ASC 842 - Impairment Expense Account,,,1387,,,,26,856010 Other Expense : ASC 842 - Other Expense : ASC 842 - Impairment Expense Account,
Other Expenses,Other Expense,ASC 842 - Other Expense,ASC 842 - Impairment Expense Account,,,1387,,,,28,856010 Other Expense : ASC 842 - Other Expense : ASC 842 - Impairment Expense Account,
Other Expenses,Other Expense,ASC 842 - Other Expense,ASC 842 - Impairment Expense Account,,,1387,,,,29,856010 Other Expense : ASC 842 - Other Expense : ASC 842 - Impairment Expense Account,
Other Expenses,Other Expense,ASC 842 - Other Expense,ASC 842 - Impairment Expense Account,,,1387,,,,31,856010 Other Expense : ASC 842 - Other Expense : ASC 842 - Impairment Expense Account,
Other Expenses,Other Expense,ASC 842 - Other Expense,ASC 842 - Impairment Expense Account,,,1387,,,,32,856010 Other Expense : ASC 842 - Other Expense : ASC 842 - Impairment Expense Account,
Other Expenses,Other Expense,ASC 842 - Other Expense,ASC 842 - Impairment Expense Account,,,1387,,,,33,856010 Other Expense : ASC 842 - Other Expense : ASC 842 - Impairment Expense Account,
Other Expenses,Other Expense,ASC 842 - Other Expense,ASC 842 - Impairment Expense Account,,,1387,,,,35,856010 Other Expense : ASC 842 - Other Expense : ASC 842 - Impairment Expense Account,
Other Expenses,Other Expense,ASC 842 - Other Expense,ASC 842 - Impairment Expense Account,,,1387,,,,36,856010 Other Expense : ASC 842 - Other Expense : ASC 842 - Impairment Expense Account,
Other Expenses,Other Expense,ASC 842 - Other Expense,ASC 842 - Impairment Expense Account,,,1387,,,,37,856010 Other Expense : ASC 842 - Other Expense : ASC 842 - Impairment Expense Account,
Other Expenses,Other Expense,ASC 842 - Other Expense,ASC 842 - Impairment Expense Account,,,1387,,,,39,856010 Other Expense : ASC 842 - Other Expense : ASC 842 - Impairment Expense Account,
Other Expenses,Other Expense,ASC 842 - Other Expense,ASC 842 - Impairment Expense Account,,,1387,,,,41,856010 Other Expense : ASC 842 - Other Expense : ASC 842 - Impairment Expense Account,
Other Expenses,Other Expense,ASC 842 - Other Expense,ASC 842 - Impairment Expense Account,,,1387,,,,42,856010 Other Expense : ASC 842 - Other Expense : ASC 842 - Impairment Expense Account,
Other Expenses,Other Expense,ASC 842 - Other Expense,ASC 842 - Impairment Expense Account,,,1387,,,,43,856010 Other Expense : ASC 842 - Other Expense : ASC 842 - Impairment Expense Account,
Other Expenses,Other Expense,ASC 842 - Other Expense,ASC 842 - Impairment Expense Account,,,1387,,,,44,856010 Other Expense : ASC 842 - Other Expense : ASC 842 - Impairment Expense Account,
Other Expenses,Other Expense,ASC 842 - Other Expense,ASC 842 - Impairment Expense Account,,,1387,,,,45,856010 Other Expense : ASC 842 - Other Expense : ASC 842 - Impairment Expense Account,
Other Expenses,Other Expense,ASC 842 - Other Expense,ASC 842 - Gain/Loss on Lease Transactions,,,1388,,,,1,856020 Other Expense : ASC 842 - Other Expense : ASC 842 - Gain/Loss on Lease Transactions,
Other Expenses,Other Expense,ASC 842 - Other Expense,ASC 842 - Gain/Loss on Lease Transactions,,,1388,,,,2,856020 Other Expense : ASC 842 - Other Expense : ASC 842 - Gain/Loss on Lease Transactions,
Other Expenses,Other Expense,ASC 842 - Other Expense,ASC 842 - Gain/Loss on Lease Transactions,,,1388,,,,3,856020 Other Expense : ASC 842 - Other Expense : ASC 842 - Gain/Loss on Lease Transactions,
Other Expenses,Other Expense,ASC 842 - Other Expense,ASC 842 - Gain/Loss on Lease Transactions,,,1388,,,,4,856020 Other Expense : ASC 842 - Other Expense : ASC 842 - Gain/Loss on Lease Transactions,
Other Expenses,Other Expense,ASC 842 - Other Expense,ASC 842 - Gain/Loss on Lease Transactions,,,1388,,,,5,856020 Other Expense : ASC 842 - Other Expense : ASC 842 - Gain/Loss on Lease Transactions,
Other Expenses,Other Expense,ASC 842 - Other Expense,ASC 842 - Gain/Loss on Lease Transactions,,,1388,,,,6,856020 Other Expense : ASC 842 - Other Expense : ASC 842 - Gain/Loss on Lease Transactions,
Other Expenses,Other Expense,ASC 842 - Other Expense,ASC 842 - Gain/Loss on Lease Transactions,,,1388,,,,11,856020 Other Expense : ASC 842 - Other Expense : ASC 842 - Gain/Loss on Lease Transactions,
Other Expenses,Other Expense,ASC 842 - Other Expense,ASC 842 - Gain/Loss on Lease Transactions,,,1388,,,,16,856020 Other Expense : ASC 842 - Other Expense : ASC 842 - Gain/Loss on Lease Transactions,
Other Expenses,Other Expense,ASC 842 - Other Expense,ASC 842 - Gain/Loss on Lease Transactions,,,1388,,,,19,856020 Other Expense : ASC 842 - Other Expense : ASC 842 - Gain/Loss on Lease Transactions,
Other Expenses,Other Expense,ASC 842 - Other Expense,ASC 842 - Gain/Loss on Lease Transactions,,,1388,,,,20,856020 Other Expense : ASC 842 - Other Expense : ASC 842 - Gain/Loss on Lease Transactions,
Other Expenses,Other Expense,ASC 842 - Other Expense,ASC 842 - Gain/Loss on Lease Transactions,,,1388,,,,21,856020 Other Expense : ASC 842 - Other Expense : ASC 842 - Gain/Loss on Lease Transactions,
Other Expenses,Other Expense,ASC 842 - Other Expense,ASC 842 - Gain/Loss on Lease Transactions,,,1388,,,,22,856020 Other Expense : ASC 842 - Other Expense : ASC 842 - Gain/Loss on Lease Transactions,
Other Expenses,Other Expense,ASC 842 - Other Expense,ASC 842 - Gain/Loss on Lease Transactions,,,1388,,,,23,856020 Other Expense : ASC 842 - Other Expense : ASC 842 - Gain/Loss on Lease Transactions,
Other Expenses,Other Expense,ASC 842 - Other Expense,ASC 842 - Gain/Loss on Lease Transactions,,,1388,,,,24,856020 Other Expense : ASC 842 - Other Expense : ASC 842 - Gain/Loss on Lease Transactions,
Other Expenses,Other Expense,ASC 842 - Other Expense,ASC 842 - Gain/Loss on Lease Transactions,,,1388,,,,25,856020 Other Expense : ASC 842 - Other Expense : ASC 842 - Gain/Loss on Lease Transactions,
Other Expenses,Other Expense,ASC 842 - Other Expense,ASC 842 - Gain/Loss on Lease Transactions,,,1388,,,,26,856020 Other Expense : ASC 842 - Other Expense : ASC 842 - Gain/Loss on Lease Transactions,
Other Expenses,Other Expense,ASC 842 - Other Expense,ASC 842 - Gain/Loss on Lease Transactions,,,1388,,,,28,856020 Other Expense : ASC 842 - Other Expense : ASC 842 - Gain/Loss on Lease Transactions,
Other Expenses,Other Expense,ASC 842 - Other Expense,ASC 842 - Gain/Loss on Lease Transactions,,,1388,,,,29,856020 Other Expense : ASC 842 - Other Expense : ASC 842 - Gain/Loss on Lease Transactions,
Other Expenses,Other Expense,ASC 842 - Other Expense,ASC 842 - Gain/Loss on Lease Transactions,,,1388,,,,31,856020 Other Expense : ASC 842 - Other Expense : ASC 842 - Gain/Loss on Lease Transactions,
Other Expenses,Other Expense,ASC 842 - Other Expense,ASC 842 - Gain/Loss on Lease Transactions,,,1388,,,,32,856020 Other Expense : ASC 842 - Other Expense : ASC 842 - Gain/Loss on Lease Transactions,
Other Expenses,Other Expense,ASC 842 - Other Expense,ASC 842 - Gain/Loss on Lease Transactions,,,1388,,,,33,856020 Other Expense : ASC 842 - Other Expense : ASC 842 - Gain/Loss on Lease Transactions,
Other Expenses,Other Expense,ASC 842 - Other Expense,ASC 842 - Gain/Loss on Lease Transactions,,,1388,,,,35,856020 Other Expense : ASC 842 - Other Expense : ASC 842 - Gain/Loss on Lease Transactions,
Other Expenses,Other Expense,ASC 842 - Other Expense,ASC 842 - Gain/Loss on Lease Transactions,,,1388,,,,36,856020 Other Expense : ASC 842 - Other Expense : ASC 842 - Gain/Loss on Lease Transactions,
Other Expenses,Other Expense,ASC 842 - Other Expense,ASC 842 - Gain/Loss on Lease Transactions,,,1388,,,,37,856020 Other Expense : ASC 842 - Other Expense : ASC 842 - Gain/Loss on Lease Transactions,
Other Expenses,Other Expense,ASC 842 - Other Expense,ASC 842 - Gain/Loss on Lease Transactions,,,1388,,,,39,856020 Other Expense : ASC 842 - Other Expense : ASC 842 - Gain/Loss on Lease Transactions,
Other Expenses,Other Expense,ASC 842 - Other Expense,ASC 842 - Gain/Loss on Lease Transactions,,,1388,,,,41,856020 Other Expense : ASC 842 - Other Expense : ASC 842 - Gain/Loss on Lease Transactions,
Other Expenses,Other Expense,ASC 842 - Other Expense,ASC 842 - Gain/Loss on Lease Transactions,,,1388,,,,42,856020 Other Expense : ASC 842 - Other Expense : ASC 842 - Gain/Loss on Lease Transactions,
Other Expenses,Other Expense,ASC 842 - Other Expense,ASC 842 - Gain/Loss on Lease Transactions,,,1388,,,,43,856020 Other Expense : ASC 842 - Other Expense : ASC 842 - Gain/Loss on Lease Transactions,
Other Expenses,Other Expense,ASC 842 - Other Expense,ASC 842 - Gain/Loss on Lease Transactions,,,1388,,,,44,856020 Other Expense : ASC 842 - Other Expense : ASC 842 - Gain/Loss on Lease Transactions,
Other Expenses,Other Expense,ASC 842 - Other Expense,ASC 842 - Gain/Loss on Lease Transactions,,,1388,,,,45,856020 Other Expense : ASC 842 - Other Expense : ASC 842 - Gain/Loss on Lease Transactions,
Other Expenses,Other Expense,ASC 842 - Other Expense,ASC 842 - Lease Expense Account Operating,,,1389,,,,1,856030 Other Expense : ASC 842 - Other Expense : ASC 842 - Lease Expense Account Operating,
Other Expenses,Other Expense,ASC 842 - Other Expense,ASC 842 - Lease Expense Account Operating,,,1389,,,,2,856030 Other Expense : ASC 842 - Other Expense : ASC 842 - Lease Expense Account Operating,
Other Expenses,Other Expense,ASC 842 - Other Expense,ASC 842 - Lease Expense Account Operating,,,1389,,,,3,856030 Other Expense : ASC 842 - Other Expense : ASC 842 - Lease Expense Account Operating,
Other Expenses,Other Expense,ASC 842 - Other Expense,ASC 842 - Lease Expense Account Operating,,,1389,,,,4,856030 Other Expense : ASC 842 - Other Expense : ASC 842 - Lease Expense Account Operating,
Other Expenses,Other Expense,ASC 842 - Other Expense,ASC 842 - Lease Expense Account Operating,,,1389,,,,5,856030 Other Expense : ASC 842 - Other Expense : ASC 842 - Lease Expense Account Operating,
Other Expenses,Other Expense,ASC 842 - Other Expense,ASC 842 - Lease Expense Account Operating,,,1389,,,,6,856030 Other Expense : ASC 842 - Other Expense : ASC 842 - Lease Expense Account Operating,
Other Expenses,Other Expense,ASC 842 - Other Expense,ASC 842 - Lease Expense Account Operating,,,1389,,,,11,856030 Other Expense : ASC 842 - Other Expense : ASC 842 - Lease Expense Account Operating,
Other Expenses,Other Expense,ASC 842 - Other Expense,ASC 842 - Lease Expense Account Operating,,,1389,,,,16,856030 Other Expense : ASC 842 - Other Expense : ASC 842 - Lease Expense Account Operating,
Other Expenses,Other Expense,ASC 842 - Other Expense,ASC 842 - Lease Expense Account Operating,,,1389,,,,19,856030 Other Expense : ASC 842 - Other Expense : ASC 842 - Lease Expense Account Operating,
Other Expenses,Other Expense,ASC 842 - Other Expense,ASC 842 - Lease Expense Account Operating,,,1389,,,,20,856030 Other Expense : ASC 842 - Other Expense : ASC 842 - Lease Expense Account Operating,
Other Expenses,Other Expense,ASC 842 - Other Expense,ASC 842 - Lease Expense Account Operating,,,1389,,,,21,856030 Other Expense : ASC 842 - Other Expense : ASC 842 - Lease Expense Account Operating,
Other Expenses,Other Expense,ASC 842 - Other Expense,ASC 842 - Lease Expense Account Operating,,,1389,,,,22,856030 Other Expense : ASC 842 - Other Expense : ASC 842 - Lease Expense Account Operating,
Other Expenses,Other Expense,ASC 842 - Other Expense,ASC 842 - Lease Expense Account Operating,,,1389,,,,23,856030 Other Expense : ASC 842 - Other Expense : ASC 842 - Lease Expense Account Operating,
Other Expenses,Other Expense,ASC 842 - Other Expense,ASC 842 - Lease Expense Account Operating,,,1389,,,,24,856030 Other Expense : ASC 842 - Other Expense : ASC 842 - Lease Expense Account Operating,
Other Expenses,Other Expense,ASC 842 - Other Expense,ASC 842 - Lease Expense Account Operating,,,1389,,,,25,856030 Other Expense : ASC 842 - Other Expense : ASC 842 - Lease Expense Account Operating,
Other Expenses,Other Expense,ASC 842 - Other Expense,ASC 842 - Lease Expense Account Operating,,,1389,,,,26,856030 Other Expense : ASC 842 - Other Expense : ASC 842 - Lease Expense Account Operating,
Other Expenses,Other Expense,ASC 842 - Other Expense,ASC 842 - Lease Expense Account Operating,,,1389,,,,28,856030 Other Expense : ASC 842 - Other Expense : ASC 842 - Lease Expense Account Operating,
Other Expenses,Other Expense,ASC 842 - Other Expense,ASC 842 - Lease Expense Account Operating,,,1389,,,,29,856030 Other Expense : ASC 842 - Other Expense : ASC 842 - Lease Expense Account Operating,
Other Expenses,Other Expense,ASC 842 - Other Expense,ASC 842 - Lease Expense Account Operating,,,1389,,,,31,856030 Other Expense : ASC 842 - Other Expense : ASC 842 - Lease Expense Account Operating,
Other Expenses,Other Expense,ASC 842 - Other Expense,ASC 842 - Lease Expense Account Operating,,,1389,,,,32,856030 Other Expense : ASC 842 - Other Expense : ASC 842 - Lease Expense Account Operating,
Other Expenses,Other Expense,ASC 842 - Other Expense,ASC 842 - Lease Expense Account Operating,,,1389,,,,33,856030 Other Expense : ASC 842 - Other Expense : ASC 842 - Lease Expense Account Operating,
Other Expenses,Other Expense,ASC 842 - Other Expense,ASC 842 - Lease Expense Account Operating,,,1389,,,,35,856030 Other Expense : ASC 842 - Other Expense : ASC 842 - Lease Expense Account Operating,
Other Expenses,Other Expense,ASC 842 - Other Expense,ASC 842 - Lease Expense Account Operating,,,1389,,,,36,856030 Other Expense : ASC 842 - Other Expense : ASC 842 - Lease Expense Account Operating,
Other Expenses,Other Expense,ASC 842 - Other Expense,ASC 842 - Lease Expense Account Operating,,,1389,,,,37,856030 Other Expense : ASC 842 - Other Expense : ASC 842 - Lease Expense Account Operating,
Other Expenses,Other Expense,ASC 842 - Other Expense,ASC 842 - Lease Expense Account Operating,,,1389,,,,39,856030 Other Expense : ASC 842 - Other Expense : ASC 842 - Lease Expense Account Operating,
Other Expenses,Other Expense,ASC 842 - Other Expense,ASC 842 - Lease Expense Account Operating,,,1389,,,,41,856030 Other Expense : ASC 842 - Other Expense : ASC 842 - Lease Expense Account Operating,
Other Expenses,Other Expense,ASC 842 - Other Expense,ASC 842 - Lease Expense Account Operating,,,1389,,,,42,856030 Other Expense : ASC 842 - Other Expense : ASC 842 - Lease Expense Account Operating,
Other Expenses,Other Expense,ASC 842 - Other Expense,ASC 842 - Lease Expense Account Operating,,,1389,,,,43,856030 Other Expense : ASC 842 - Other Expense : ASC 842 - Lease Expense Account Operating,
Other Expenses,Other Expense,ASC 842 - Other Expense,ASC 842 - Lease Expense Account Operating,,,1389,,,,44,856030 Other Expense : ASC 842 - Other Expense : ASC 842 - Lease Expense Account Operating,
Other Expenses,Other Expense,ASC 842 - Other Expense,ASC 842 - Lease Expense Account Operating,,,1389,,,,45,856030 Other Expense : ASC 842 - Other Expense : ASC 842 - Lease Expense Account Operating,
Other Expenses,Other Expense,ASC 842 - Other Expense,ASC 842 - ROU Amortization Expense,,,1390,,,,1,856040 Other Expense : ASC 842 - Other Expense : ASC 842 - ROU Amortization Expense,
Other Expenses,Other Expense,ASC 842 - Other Expense,ASC 842 - ROU Amortization Expense,,,1390,,,,2,856040 Other Expense : ASC 842 - Other Expense : ASC 842 - ROU Amortization Expense,
Other Expenses,Other Expense,ASC 842 - Other Expense,ASC 842 - ROU Amortization Expense,,,1390,,,,3,856040 Other Expense : ASC 842 - Other Expense : ASC 842 - ROU Amortization Expense,
Other Expenses,Other Expense,ASC 842 - Other Expense,ASC 842 - ROU Amortization Expense,,,1390,,,,4,856040 Other Expense : ASC 842 - Other Expense : ASC 842 - ROU Amortization Expense,
Other Expenses,Other Expense,ASC 842 - Other Expense,ASC 842 - ROU Amortization Expense,,,1390,,,,5,856040 Other Expense : ASC 842 - Other Expense : ASC 842 - ROU Amortization Expense,
Other Expenses,Other Expense,ASC 842 - Other Expense,ASC 842 - ROU Amortization Expense,,,1390,,,,6,856040 Other Expense : ASC 842 - Other Expense : ASC 842 - ROU Amortization Expense,
Other Expenses,Other Expense,ASC 842 - Other Expense,ASC 842 - ROU Amortization Expense,,,1390,,,,11,856040 Other Expense : ASC 842 - Other Expense : ASC 842 - ROU Amortization Expense,
Other Expenses,Other Expense,ASC 842 - Other Expense,ASC 842 - ROU Amortization Expense,,,1390,,,,16,856040 Other Expense : ASC 842 - Other Expense : ASC 842 - ROU Amortization Expense,
Other Expenses,Other Expense,ASC 842 - Other Expense,ASC 842 - ROU Amortization Expense,,,1390,,,,19,856040 Other Expense : ASC 842 - Other Expense : ASC 842 - ROU Amortization Expense,
Other Expenses,Other Expense,ASC 842 - Other Expense,ASC 842 - ROU Amortization Expense,,,1390,,,,20,856040 Other Expense : ASC 842 - Other Expense : ASC 842 - ROU Amortization Expense,
Other Expenses,Other Expense,ASC 842 - Other Expense,ASC 842 - ROU Amortization Expense,,,1390,,,,21,856040 Other Expense : ASC 842 - Other Expense : ASC 842 - ROU Amortization Expense,
Other Expenses,Other Expense,ASC 842 - Other Expense,ASC 842 - ROU Amortization Expense,,,1390,,,,22,856040 Other Expense : ASC 842 - Other Expense : ASC 842 - ROU Amortization Expense,
Other Expenses,Other Expense,ASC 842 - Other Expense,ASC 842 - ROU Amortization Expense,,,1390,,,,23,856040 Other Expense : ASC 842 - Other Expense : ASC 842 - ROU Amortization Expense,
Other Expenses,Other Expense,ASC 842 - Other Expense,ASC 842 - ROU Amortization Expense,,,1390,,,,24,856040 Other Expense : ASC 842 - Other Expense : ASC 842 - ROU Amortization Expense,
Other Expenses,Other Expense,ASC 842 - Other Expense,ASC 842 - ROU Amortization Expense,,,1390,,,,25,856040 Other Expense : ASC 842 - Other Expense : ASC 842 - ROU Amortization Expense,
Other Expenses,Other Expense,ASC 842 - Other Expense,ASC 842 - ROU Amortization Expense,,,1390,,,,26,856040 Other Expense : ASC 842 - Other Expense : ASC 842 - ROU Amortization Expense,
Other Expenses,Other Expense,ASC 842 - Other Expense,ASC 842 - ROU Amortization Expense,,,1390,,,,28,856040 Other Expense : ASC 842 - Other Expense : ASC 842 - ROU Amortization Expense,
Other Expenses,Other Expense,ASC 842 - Other Expense,ASC 842 - ROU Amortization Expense,,,1390,,,,29,856040 Other Expense : ASC 842 - Other Expense : ASC 842 - ROU Amortization Expense,
Other Expenses,Other Expense,ASC 842 - Other Expense,ASC 842 - ROU Amortization Expense,,,1390,,,,31,856040 Other Expense : ASC 842 - Other Expense : ASC 842 - ROU Amortization Expense,
Other Expenses,Other Expense,ASC 842 - Other Expense,ASC 842 - ROU Amortization Expense,,,1390,,,,32,856040 Other Expense : ASC 842 - Other Expense : ASC 842 - ROU Amortization Expense,
Other Expenses,Other Expense,ASC 842 - Other Expense,ASC 842 - ROU Amortization Expense,,,1390,,,,33,856040 Other Expense : ASC 842 - Other Expense : ASC 842 - ROU Amortization Expense,
Other Expenses,Other Expense,ASC 842 - Other Expense,ASC 842 - ROU Amortization Expense,,,1390,,,,35,856040 Other Expense : ASC 842 - Other Expense : ASC 842 - ROU Amortization Expense,
Other Expenses,Other Expense,ASC 842 - Other Expense,ASC 842 - ROU Amortization Expense,,,1390,,,,36,856040 Other Expense : ASC 842 - Other Expense : ASC 842 - ROU Amortization Expense,
Other Expenses,Other Expense,ASC 842 - Other Expense,ASC 842 - ROU Amortization Expense,,,1390,,,,37,856040 Other Expense : ASC 842 - Other Expense : ASC 842 - ROU Amortization Expense,
Other Expenses,Other Expense,ASC 842 - Other Expense,ASC 842 - ROU Amortization Expense,,,1390,,,,39,856040 Other Expense : ASC 842 - Other Expense : ASC 842 - ROU Amortization Expense,
Other Expenses,Other Expense,ASC 842 - Other Expense,ASC 842 - ROU Amortization Expense,,,1390,,,,41,856040 Other Expense : ASC 842 - Other Expense : ASC 842 - ROU Amortization Expense,
Other Expenses,Other Expense,ASC 842 - Other Expense,ASC 842 - ROU Amortization Expense,,,1390,,,,42,856040 Other Expense : ASC 842 - Other Expense : ASC 842 - ROU Amortization Expense,
Other Expenses,Other Expense,ASC 842 - Other Expense,ASC 842 - ROU Amortization Expense,,,1390,,,,43,856040 Other Expense : ASC 842 - Other Expense : ASC 842 - ROU Amortization Expense,
Other Expenses,Other Expense,ASC 842 - Other Expense,ASC 842 - ROU Amortization Expense,,,1390,,,,44,856040 Other Expense : ASC 842 - Other Expense : ASC 842 - ROU Amortization Expense,
Other Expenses,Other Expense,ASC 842 - Other Expense,ASC 842 - ROU Amortization Expense,,,1390,,,,45,856040 Other Expense : ASC 842 - Other Expense : ASC 842 - ROU Amortization Expense,
Other Expenses,Other Expense,ASC 842 - Other Expense,ASC 842 - Interest Expense,,,1391,,,,1,856050 Other Expense : ASC 842 - Other Expense : ASC 842 - Interest Expense,
Other Expenses,Other Expense,ASC 842 - Other Expense,ASC 842 - Interest Expense,,,1391,,,,2,856050 Other Expense : ASC 842 - Other Expense : ASC 842 - Interest Expense,
Other Expenses,Other Expense,ASC 842 - Other Expense,ASC 842 - Interest Expense,,,1391,,,,3,856050 Other Expense : ASC 842 - Other Expense : ASC 842 - Interest Expense,
Other Expenses,Other Expense,ASC 842 - Other Expense,ASC 842 - Interest Expense,,,1391,,,,4,856050 Other Expense : ASC 842 - Other Expense : ASC 842 - Interest Expense,
Other Expenses,Other Expense,ASC 842 - Other Expense,ASC 842 - Interest Expense,,,1391,,,,5,856050 Other Expense : ASC 842 - Other Expense : ASC 842 - Interest Expense,
Other Expenses,Other Expense,ASC 842 - Other Expense,ASC 842 - Interest Expense,,,1391,,,,6,856050 Other Expense : ASC 842 - Other Expense : ASC 842 - Interest Expense,
Other Expenses,Other Expense,ASC 842 - Other Expense,ASC 842 - Interest Expense,,,1391,,,,11,856050 Other Expense : ASC 842 - Other Expense : ASC 842 - Interest Expense,
Other Expenses,Other Expense,ASC 842 - Other Expense,ASC 842 - Interest Expense,,,1391,,,,16,856050 Other Expense : ASC 842 - Other Expense : ASC 842 - Interest Expense,
Other Expenses,Other Expense,ASC 842 - Other Expense,ASC 842 - Interest Expense,,,1391,,,,19,856050 Other Expense : ASC 842 - Other Expense : ASC 842 - Interest Expense,
Other Expenses,Other Expense,ASC 842 - Other Expense,ASC 842 - Interest Expense,,,1391,,,,20,856050 Other Expense : ASC 842 - Other Expense : ASC 842 - Interest Expense,
Other Expenses,Other Expense,ASC 842 - Other Expense,ASC 842 - Interest Expense,,,1391,,,,21,856050 Other Expense : ASC 842 - Other Expense : ASC 842 - Interest Expense,
Other Expenses,Other Expense,ASC 842 - Other Expense,ASC 842 - Interest Expense,,,1391,,,,22,856050 Other Expense : ASC 842 - Other Expense : ASC 842 - Interest Expense,
Other Expenses,Other Expense,ASC 842 - Other Expense,ASC 842 - Interest Expense,,,1391,,,,23,856050 Other Expense : ASC 842 - Other Expense : ASC 842 - Interest Expense,
Other Expenses,Other Expense,ASC 842 - Other Expense,ASC 842 - Interest Expense,,,1391,,,,24,856050 Other Expense : ASC 842 - Other Expense : ASC 842 - Interest Expense,
Other Expenses,Other Expense,ASC 842 - Other Expense,ASC 842 - Interest Expense,,,1391,,,,25,856050 Other Expense : ASC 842 - Other Expense : ASC 842 - Interest Expense,
Other Expenses,Other Expense,ASC 842 - Other Expense,ASC 842 - Interest Expense,,,1391,,,,26,856050 Other Expense : ASC 842 - Other Expense : ASC 842 - Interest Expense,
Other Expenses,Other Expense,ASC 842 - Other Expense,ASC 842 - Interest Expense,,,1391,,,,28,856050 Other Expense : ASC 842 - Other Expense : ASC 842 - Interest Expense,
Other Expenses,Other Expense,ASC 842 - Other Expense,ASC 842 - Interest Expense,,,1391,,,,29,856050 Other Expense : ASC 842 - Other Expense : ASC 842 - Interest Expense,
Other Expenses,Other Expense,ASC 842 - Other Expense,ASC 842 - Interest Expense,,,1391,,,,31,856050 Other Expense : ASC 842 - Other Expense : ASC 842 - Interest Expense,
Other Expenses,Other Expense,ASC 842 - Other Expense,ASC 842 - Interest Expense,,,1391,,,,32,856050 Other Expense : ASC 842 - Other Expense : ASC 842 - Interest Expense,
Other Expenses,Other Expense,ASC 842 - Other Expense,ASC 842 - Interest Expense,,,1391,,,,33,856050 Other Expense : ASC 842 - Other Expense : ASC 842 - Interest Expense,
Other Expenses,Other Expense,ASC 842 - Other Expense,ASC 842 - Interest Expense,,,1391,,,,35,856050 Other Expense : ASC 842 - Other Expense : ASC 842 - Interest Expense,
Other Expenses,Other Expense,ASC 842 - Other Expense,ASC 842 - Interest Expense,,,1391,,,,36,856050 Other Expense : ASC 842 - Other Expense : ASC 842 - Interest Expense,
Other Expenses,Other Expense,ASC 842 - Other Expense,ASC 842 - Interest Expense,,,1391,,,,37,856050 Other Expense : ASC 842 - Other Expense : ASC 842 - Interest Expense,
Other Expenses,Other Expense,ASC 842 - Other Expense,ASC 842 - Interest Expense,,,1391,,,,39,856050 Other Expense : ASC 842 - Other Expense : ASC 842 - Interest Expense,
Other Expenses,Other Expense,ASC 842 - Other Expense,ASC 842 - Interest Expense,,,1391,,,,41,856050 Other Expense : ASC 842 - Other Expense : ASC 842 - Interest Expense,
Other Expenses,Other Expense,ASC 842 - Other Expense,ASC 842 - Interest Expense,,,1391,,,,42,856050 Other Expense : ASC 842 - Other Expense : ASC 842 - Interest Expense,
Other Expenses,Other Expense,ASC 842 - Other Expense,ASC 842 - Interest Expense,,,1391,,,,43,856050 Other Expense : ASC 842 - Other Expense : ASC 842 - Interest Expense,
Other Expenses,Other Expense,ASC 842 - Other Expense,ASC 842 - Interest Expense,,,1391,,,,44,856050 Other Expense : ASC 842 - Other Expense : ASC 842 - Interest Expense,
Other Expenses,Other Expense,ASC 842 - Other Expense,ASC 842 - Interest Expense,,,1391,,,,45,856050 Other Expense : ASC 842 - Other Expense : ASC 842 - Interest Expense,
,,,,,,1392,,,,1,280200 Deferred Revenue (System),
,,,,,,1392,,,,2,280200 Deferred Revenue (System),
,,,,,,1392,,,,3,280200 Deferred Revenue (System),
,,,,,,1392,,,,4,280200 Deferred Revenue (System),
,,,,,,1392,,,,5,280200 Deferred Revenue (System),
,,,,,,1392,,,,6,280200 Deferred Revenue (System),
,,,,,,1392,,,,11,280200 Deferred Revenue (System),
,,,,,,1392,,,,16,280200 Deferred Revenue (System),
,,,,,,1392,,,,19,280200 Deferred Revenue (System),
,,,,,,1392,,,,20,280200 Deferred Revenue (System),
,,,,,,1392,,,,21,280200 Deferred Revenue (System),
,,,,,,1392,,,,22,280200 Deferred Revenue (System),
,,,,,,1392,,,,23,280200 Deferred Revenue (System),
,,,,,,1392,,,,24,280200 Deferred Revenue (System),
,,,,,,1392,,,,25,280200 Deferred Revenue (System),
,,,,,,1392,,,,26,280200 Deferred Revenue (System),
,,,,,,1392,,,,28,280200 Deferred Revenue (System),
,,,,,,1392,,,,29,280200 Deferred Revenue (System),
,,,,,,1392,,,,31,280200 Deferred Revenue (System),
,,,,,,1392,,,,32,280200 Deferred Revenue (System),
,,,,,,1392,,,,33,280200 Deferred Revenue (System),
,,,,,,1392,,,,35,280200 Deferred Revenue (System),
,,,,,,1392,,,,36,280200 Deferred Revenue (System),
,,,,,,1392,,,,37,280200 Deferred Revenue (System),
,,,,,,1392,,,,39,280200 Deferred Revenue (System),
,,,,,,1392,,,,41,280200 Deferred Revenue (System),
,,,,,,1392,,,,42,280200 Deferred Revenue (System),
,,,,,,1392,,,,43,280200 Deferred Revenue (System),
,,,,,,1392,,,,44,280200 Deferred Revenue (System),
,,,,,,1392,,,,45,280200 Deferred Revenue (System),
,,,,,,1393,,,,1,280100 Unbilled Receivable,
,,,,,,1393,,,,2,280100 Unbilled Receivable,
,,,,,,1393,,,,3,280100 Unbilled Receivable,
,,,,,,1393,,,,4,280100 Unbilled Receivable,
,,,,,,1393,,,,5,280100 Unbilled Receivable,
,,,,,,1393,,,,6,280100 Unbilled Receivable,
,,,,,,1393,,,,11,280100 Unbilled Receivable,
,,,,,,1393,,,,16,280100 Unbilled Receivable,
,,,,,,1393,,,,19,280100 Unbilled Receivable,
,,,,,,1393,,,,20,280100 Unbilled Receivable,
,,,,,,1393,,,,21,280100 Unbilled Receivable,
,,,,,,1393,,,,22,280100 Unbilled Receivable,
,,,,,,1393,,,,23,280100 Unbilled Receivable,
,,,,,,1393,,,,24,280100 Unbilled Receivable,
,,,,,,1393,,,,25,280100 Unbilled Receivable,
,,,,,,1393,,,,26,280100 Unbilled Receivable,
,,,,,,1393,,,,28,280100 Unbilled Receivable,
,,,,,,1393,,,,29,280100 Unbilled Receivable,
,,,,,,1393,,,,31,280100 Unbilled Receivable,
,,,,,,1393,,,,32,280100 Unbilled Receivable,
,,,,,,1393,,,,33,280100 Unbilled Receivable,
,,,,,,1393,,,,35,280100 Unbilled Receivable,
,,,,,,1393,,,,36,280100 Unbilled Receivable,
,,,,,,1393,,,,37,280100 Unbilled Receivable,
,,,,,,1393,,,,39,280100 Unbilled Receivable,
,,,,,,1393,,,,41,280100 Unbilled Receivable,
,,,,,,1393,,,,42,280100 Unbilled Receivable,
,,,,,,1393,,,,43,280100 Unbilled Receivable,
,,,,,,1393,,,,44,280100 Unbilled Receivable,
,,,,,,1393,,,,45,280100 Unbilled Receivable,
,,,,,,1394,,,,1,Revenue Arrangement,
,,,,,,1394,,,,2,Revenue Arrangement,
,,,,,,1394,,,,3,Revenue Arrangement,
,,,,,,1394,,,,4,Revenue Arrangement,
,,,,,,1394,,,,5,Revenue Arrangement,
,,,,,,1394,,,,6,Revenue Arrangement,
,,,,,,1394,,,,11,Revenue Arrangement,
,,,,,,1394,,,,16,Revenue Arrangement,
,,,,,,1394,,,,19,Revenue Arrangement,
,,,,,,1394,,,,20,Revenue Arrangement,
,,,,,,1394,,,,21,Revenue Arrangement,
,,,,,,1394,,,,22,Revenue Arrangement,
,,,,,,1394,,,,23,Revenue Arrangement,
,,,,,,1394,,,,24,Revenue Arrangement,
,,,,,,1394,,,,25,Revenue Arrangement,
,,,,,,1394,,,,26,Revenue Arrangement,
,,,,,,1394,,,,28,Revenue Arrangement,
,,,,,,1394,,,,29,Revenue Arrangement,
,,,,,,1394,,,,31,Revenue Arrangement,
,,,,,,1394,,,,32,Revenue Arrangement,
,,,,,,1394,,,,33,Revenue Arrangement,
,,,,,,1394,,,,35,Revenue Arrangement,
,,,,,,1394,,,,36,Revenue Arrangement,
,,,,,,1394,,,,37,Revenue Arrangement,
,,,,,,1394,,,,39,Revenue Arrangement,
,,,,,,1394,,,,41,Revenue Arrangement,
,,,,,,1394,,,,42,Revenue Arrangement,
,,,,,,1394,,,,43,Revenue Arrangement,
,,,,,,1394,,,,44,Revenue Arrangement,
,,,,,,1394,,,,45,Revenue Arrangement,
,,,,,,1395,,,,1,280300 Deferred Revenue Clearing,
,,,,,,1395,,,,2,280300 Deferred Revenue Clearing,
,,,,,,1395,,,,3,280300 Deferred Revenue Clearing,
,,,,,,1395,,,,4,280300 Deferred Revenue Clearing,
,,,,,,1395,,,,5,280300 Deferred Revenue Clearing,
,,,,,,1395,,,,6,280300 Deferred Revenue Clearing,
,,,,,,1395,,,,11,280300 Deferred Revenue Clearing,
,,,,,,1395,,,,16,280300 Deferred Revenue Clearing,
,,,,,,1395,,,,19,280300 Deferred Revenue Clearing,
,,,,,,1395,,,,20,280300 Deferred Revenue Clearing,
,,,,,,1395,,,,21,280300 Deferred Revenue Clearing,
,,,,,,1395,,,,22,280300 Deferred Revenue Clearing,
,,,,,,1395,,,,23,280300 Deferred Revenue Clearing,
,,,,,,1395,,,,24,280300 Deferred Revenue Clearing,
,,,,,,1395,,,,25,280300 Deferred Revenue Clearing,
,,,,,,1395,,,,26,280300 Deferred Revenue Clearing,
,,,,,,1395,,,,28,280300 Deferred Revenue Clearing,
,,,,,,1395,,,,29,280300 Deferred Revenue Clearing,
,,,,,,1395,,,,31,280300 Deferred Revenue Clearing,
,,,,,,1395,,,,32,280300 Deferred Revenue Clearing,
,,,,,,1395,,,,33,280300 Deferred Revenue Clearing,
,,,,,,1395,,,,35,280300 Deferred Revenue Clearing,
,,,,,,1395,,,,36,280300 Deferred Revenue Clearing,
,,,,,,1395,,,,37,280300 Deferred Revenue Clearing,
,,,,,,1395,,,,39,280300 Deferred Revenue Clearing,
,,,,,,1395,,,,41,280300 Deferred Revenue Clearing,
,,,,,,1395,,,,42,280300 Deferred Revenue Clearing,
,,,,,,1395,,,,43,280300 Deferred Revenue Clearing,
,,,,,,1395,,,,44,280300 Deferred Revenue Clearing,
,,,,,,1395,,,,45,280300 Deferred Revenue Clearing,
Equity,Cumulative Translation Adjustment,Elimination,,,,1396,,,,1,350200 Cumulative Translation Adjustment-Elimination,
Equity,Cumulative Translation Adjustment,Elimination,,,,1396,,,,2,350200 Cumulative Translation Adjustment-Elimination,
Equity,Cumulative Translation Adjustment,Elimination,,,,1396,,,,3,350200 Cumulative Translation Adjustment-Elimination,
Equity,Cumulative Translation Adjustment,Elimination,,,,1396,,,,4,350200 Cumulative Translation Adjustment-Elimination,
Equity,Cumulative Translation Adjustment,Elimination,,,,1396,,,,5,350200 Cumulative Translation Adjustment-Elimination,
Equity,Cumulative Translation Adjustment,Elimination,,,,1396,,,,6,350200 Cumulative Translation Adjustment-Elimination,
Equity,Cumulative Translation Adjustment,Elimination,,,,1396,,,,11,350200 Cumulative Translation Adjustment-Elimination,
Equity,Cumulative Translation Adjustment,Elimination,,,,1396,,,,16,350200 Cumulative Translation Adjustment-Elimination,
Equity,Cumulative Translation Adjustment,Elimination,,,,1396,,,,19,350200 Cumulative Translation Adjustment-Elimination,
Equity,Cumulative Translation Adjustment,Elimination,,,,1396,,,,20,350200 Cumulative Translation Adjustment-Elimination,
Equity,Cumulative Translation Adjustment,Elimination,,,,1396,,,,21,350200 Cumulative Translation Adjustment-Elimination,
Equity,Cumulative Translation Adjustment,Elimination,,,,1396,,,,22,350200 Cumulative Translation Adjustment-Elimination,
Equity,Cumulative Translation Adjustment,Elimination,,,,1396,,,,23,350200 Cumulative Translation Adjustment-Elimination,
Equity,Cumulative Translation Adjustment,Elimination,,,,1396,,,,24,350200 Cumulative Translation Adjustment-Elimination,
Equity,Cumulative Translation Adjustment,Elimination,,,,1396,,,,25,350200 Cumulative Translation Adjustment-Elimination,
Equity,Cumulative Translation Adjustment,Elimination,,,,1396,,,,26,350200 Cumulative Translation Adjustment-Elimination,
Equity,Cumulative Translation Adjustment,Elimination,,,,1396,,,,28,350200 Cumulative Translation Adjustment-Elimination,
Equity,Cumulative Translation Adjustment,Elimination,,,,1396,,,,29,350200 Cumulative Translation Adjustment-Elimination,
Equity,Cumulative Translation Adjustment,Elimination,,,,1396,,,,31,350200 Cumulative Translation Adjustment-Elimination,
Equity,Cumulative Translation Adjustment,Elimination,,,,1396,,,,32,350200 Cumulative Translation Adjustment-Elimination,
Equity,Cumulative Translation Adjustment,Elimination,,,,1396,,,,33,350200 Cumulative Translation Adjustment-Elimination,
Equity,Cumulative Translation Adjustment,Elimination,,,,1396,,,,35,350200 Cumulative Translation Adjustment-Elimination,
Equity,Cumulative Translation Adjustment,Elimination,,,,1396,,,,36,350200 Cumulative Translation Adjustment-Elimination,
Equity,Cumulative Translation Adjustment,Elimination,,,,1396,,,,37,350200 Cumulative Translation Adjustment-Elimination,
Equity,Cumulative Translation Adjustment,Elimination,,,,1396,,,,39,350200 Cumulative Translation Adjustment-Elimination,
Equity,Cumulative Translation Adjustment,Elimination,,,,1396,,,,41,350200 Cumulative Translation Adjustment-Elimination,
Equity,Cumulative Translation Adjustment,Elimination,,,,1396,,,,42,350200 Cumulative Translation Adjustment-Elimination,
Equity,Cumulative Translation Adjustment,Elimination,,,,1396,,,,43,350200 Cumulative Translation Adjustment-Elimination,
Equity,Cumulative Translation Adjustment,Elimination,,,,1396,,,,44,350200 Cumulative Translation Adjustment-Elimination,
Equity,Cumulative Translation Adjustment,Elimination,,,,1396,,,,45,350200 Cumulative Translation Adjustment-Elimination,
Assets,Current Assets,Other Current Assets,Intercompany AR_x,,,1397,,,,1,111000 Intercompany AR_x,
Assets,Current Assets,Other Current Assets,Intercompany AR_x,,,1397,,,,2,111000 Intercompany AR_x,
Assets,Current Assets,Other Current Assets,Intercompany AR_x,,,1397,,,,3,111000 Intercompany AR_x,
Assets,Current Assets,Other Current Assets,Intercompany AR_x,,,1397,,,,4,111000 Intercompany AR_x,
Assets,Current Assets,Other Current Assets,Intercompany AR_x,,,1397,,,,5,111000 Intercompany AR_x,
Assets,Current Assets,Other Current Assets,Intercompany AR_x,,,1397,,,,6,111000 Intercompany AR_x,
Assets,Current Assets,Other Current Assets,Intercompany AR_x,,,1397,,,,11,111000 Intercompany AR_x,
Assets,Current Assets,Other Current Assets,Intercompany AR_x,,,1397,,,,16,111000 Intercompany AR_x,
Assets,Current Assets,Other Current Assets,Intercompany AR_x,,,1397,,,,19,111000 Intercompany AR_x,
Assets,Current Assets,Other Current Assets,Intercompany AR_x,,,1397,,,,20,111000 Intercompany AR_x,
Assets,Current Assets,Other Current Assets,Intercompany AR_x,,,1397,,,,21,111000 Intercompany AR_x,
Assets,Current Assets,Other Current Assets,Intercompany AR_x,,,1397,,,,22,111000 Intercompany AR_x,
Assets,Current Assets,Other Current Assets,Intercompany AR_x,,,1397,,,,23,111000 Intercompany AR_x,
Assets,Current Assets,Other Current Assets,Intercompany AR_x,,,1397,,,,24,111000 Intercompany AR_x,
Assets,Current Assets,Other Current Assets,Intercompany AR_x,,,1397,,,,25,111000 Intercompany AR_x,
Assets,Current Assets,Other Current Assets,Intercompany AR_x,,,1397,,,,26,111000 Intercompany AR_x,
Assets,Current Assets,Other Current Assets,Intercompany AR_x,,,1397,,,,28,111000 Intercompany AR_x,
Assets,Current Assets,Other Current Assets,Intercompany AR_x,,,1397,,,,29,111000 Intercompany AR_x,
Assets,Current Assets,Other Current Assets,Intercompany AR_x,,,1397,,,,31,111000 Intercompany AR_x,
Assets,Current Assets,Other Current Assets,Intercompany AR_x,,,1397,,,,32,111000 Intercompany AR_x,
Assets,Current Assets,Other Current Assets,Intercompany AR_x,,,1397,,,,33,111000 Intercompany AR_x,
Assets,Current Assets,Other Current Assets,Intercompany AR_x,,,1397,,,,35,111000 Intercompany AR_x,
Assets,Current Assets,Other Current Assets,Intercompany AR_x,,,1397,,,,36,111000 Intercompany AR_x,
Assets,Current Assets,Other Current Assets,Intercompany AR_x,,,1397,,,,37,111000 Intercompany AR_x,
Assets,Current Assets,Other Current Assets,Intercompany AR_x,,,1397,,,,39,111000 Intercompany AR_x,
Assets,Current Assets,Other Current Assets,Intercompany AR_x,,,1397,,,,41,111000 Intercompany AR_x,
Assets,Current Assets,Other Current Assets,Intercompany AR_x,,,1397,,,,42,111000 Intercompany AR_x,
Assets,Current Assets,Other Current Assets,Intercompany AR_x,,,1397,,,,43,111000 Intercompany AR_x,
Assets,Current Assets,Other Current Assets,Intercompany AR_x,,,1397,,,,44,111000 Intercompany AR_x,
Assets,Current Assets,Other Current Assets,Intercompany AR_x,,,1397,,,,45,111000 Intercompany AR_x,
Liabilities,Other Current Liabilities,Intercompany AP_x,,,,1398,,,,1,200500 Intercompany AP_x,
Liabilities,Other Current Liabilities,Intercompany AP_x,,,,1398,,,,2,200500 Intercompany AP_x,
Liabilities,Other Current Liabilities,Intercompany AP_x,,,,1398,,,,3,200500 Intercompany AP_x,
Liabilities,Other Current Liabilities,Intercompany AP_x,,,,1398,,,,4,200500 Intercompany AP_x,
Liabilities,Other Current Liabilities,Intercompany AP_x,,,,1398,,,,5,200500 Intercompany AP_x,
Liabilities,Other Current Liabilities,Intercompany AP_x,,,,1398,,,,6,200500 Intercompany AP_x,
Liabilities,Other Current Liabilities,Intercompany AP_x,,,,1398,,,,11,200500 Intercompany AP_x,
Liabilities,Other Current Liabilities,Intercompany AP_x,,,,1398,,,,16,200500 Intercompany AP_x,
Liabilities,Other Current Liabilities,Intercompany AP_x,,,,1398,,,,19,200500 Intercompany AP_x,
Liabilities,Other Current Liabilities,Intercompany AP_x,,,,1398,,,,20,200500 Intercompany AP_x,
Liabilities,Other Current Liabilities,Intercompany AP_x,,,,1398,,,,21,200500 Intercompany AP_x,
Liabilities,Other Current Liabilities,Intercompany AP_x,,,,1398,,,,22,200500 Intercompany AP_x,
Liabilities,Other Current Liabilities,Intercompany AP_x,,,,1398,,,,23,200500 Intercompany AP_x,
Liabilities,Other Current Liabilities,Intercompany AP_x,,,,1398,,,,24,200500 Intercompany AP_x,
Liabilities,Other Current Liabilities,Intercompany AP_x,,,,1398,,,,25,200500 Intercompany AP_x,
Liabilities,Other Current Liabilities,Intercompany AP_x,,,,1398,,,,26,200500 Intercompany AP_x,
Liabilities,Other Current Liabilities,Intercompany AP_x,,,,1398,,,,28,200500 Intercompany AP_x,
Liabilities,Other Current Liabilities,Intercompany AP_x,,,,1398,,,,29,200500 Intercompany AP_x,
Liabilities,Other Current Liabilities,Intercompany AP_x,,,,1398,,,,31,200500 Intercompany AP_x,
Liabilities,Other Current Liabilities,Intercompany AP_x,,,,1398,,,,32,200500 Intercompany AP_x,
Liabilities,Other Current Liabilities,Intercompany AP_x,,,,1398,,,,33,200500 Intercompany AP_x,
Liabilities,Other Current Liabilities,Intercompany AP_x,,,,1398,,,,35,200500 Intercompany AP_x,
Liabilities,Other Current Liabilities,Intercompany AP_x,,,,1398,,,,36,200500 Intercompany AP_x,
Liabilities,Other Current Liabilities,Intercompany AP_x,,,,1398,,,,37,200500 Intercompany AP_x,
Liabilities,Other Current Liabilities,Intercompany AP_x,,,,1398,,,,39,200500 Intercompany AP_x,
Liabilities,Other Current Liabilities,Intercompany AP_x,,,,1398,,,,41,200500 Intercompany AP_x,
Liabilities,Other Current Liabilities,Intercompany AP_x,,,,1398,,,,42,200500 Intercompany AP_x,
Liabilities,Other Current Liabilities,Intercompany AP_x,,,,1398,,,,43,200500 Intercompany AP_x,
Liabilities,Other Current Liabilities,Intercompany AP_x,,,,1398,,,,44,200500 Intercompany AP_x,
Liabilities,Other Current Liabilities,Intercompany AP_x,,,,1398,,,,45,200500 Intercompany AP_x,
Expenses,Operations Expense,General and Admin,Travel,Vehicle/Toll/Parking,,1399,,,,1,721750 General and Admin : Travel : Vehicle/Toll/Parking,
Expenses,Operations Expense,General and Admin,Travel,Vehicle/Toll/Parking,,1399,,,,2,721750 General and Admin : Travel : Vehicle/Toll/Parking,
Field Corporate Expenses,Pawville Intermediate Holdings,General and Admin,Travel,Vehicle/Toll/Parking,,1399,,,,3,721750 General and Admin : Travel : Vehicle/Toll/Parking,
Corporate Expenses,General and Admin,Travel,Vehicle/Toll/Parking,,,1399,,,,4,721750 General and Admin : Travel : Vehicle/Toll/Parking,
Expenses,Operations Expense,General and Admin,Travel,Vehicle/Toll/Parking,,1399,,,,5,721750 General and Admin : Travel : Vehicle/Toll/Parking,
Field Corporate Expenses,PUPS Intermediate Holdings,General and Admin,Travel,Vehicle/Toll/Parking,,1399,,,,6,721750 General and Admin : Travel : Vehicle/Toll/Parking,
Expenses,Operations Expense,General and Admin,Travel,Vehicle/Toll/Parking,,1399,,,,11,721750 General and Admin : Travel : Vehicle/Toll/Parking,
Expenses,Operations Expense,General and Admin,Travel,Vehicle/Toll/Parking,,1399,,,,16,721750 General and Admin : Travel : Vehicle/Toll/Parking,
Expenses,Operations Expense,General and Admin,Travel,Vehicle/Toll/Parking,,1399,,,,19,721750 General and Admin : Travel : Vehicle/Toll/Parking,
Expenses,Operations Expense,General and Admin,Travel,Vehicle/Toll/Parking,,1399,,,,20,721750 General and Admin : Travel : Vehicle/Toll/Parking,
Expenses,Operations Expense,General and Admin,Travel,Vehicle/Toll/Parking,,1399,,,,21,721750 General and Admin : Travel : Vehicle/Toll/Parking,
Expenses,Operations Expense,General and Admin,Travel,Vehicle/Toll/Parking,,1399,,,,22,721750 General and Admin : Travel : Vehicle/Toll/Parking,
Expenses,Operations Expense,General and Admin,Travel,Vehicle/Toll/Parking,,1399,,,,23,721750 General and Admin : Travel : Vehicle/Toll/Parking,
Expenses,Operations Expense,General and Admin,Travel,Vehicle/Toll/Parking,,1399,,,,24,721750 General and Admin : Travel : Vehicle/Toll/Parking,
Expenses,Operations Expense,General and Admin,Travel,Vehicle/Toll/Parking,,1399,,,,25,721750 General and Admin : Travel : Vehicle/Toll/Parking,
Expenses,Operations Expense,General and Admin,Travel,Vehicle/Toll/Parking,,1399,,,,26,721750 General and Admin : Travel : Vehicle/Toll/Parking,
Expenses,Operations Expense,General and Admin,Travel,Vehicle/Toll/Parking,,1399,,,,28,721750 General and Admin : Travel : Vehicle/Toll/Parking,
Expenses,Operations Expense,General and Admin,Travel,Vehicle/Toll/Parking,,1399,,,,29,721750 General and Admin : Travel : Vehicle/Toll/Parking,
Expenses,Operations Expense,General and Admin,Travel,Vehicle/Toll/Parking,,1399,,,,31,721750 General and Admin : Travel : Vehicle/Toll/Parking,
Expenses,Operations Expense,General and Admin,Travel,Vehicle/Toll/Parking,,1399,,,,32,721750 General and Admin : Travel : Vehicle/Toll/Parking,
Expenses,Operations Expense,General and Admin,Travel,Vehicle/Toll/Parking,,1399,,,,33,721750 General and Admin : Travel : Vehicle/Toll/Parking,
Expenses,Operations Expense,General and Admin,Travel,Vehicle/Toll/Parking,,1399,,,,35,721750 General and Admin : Travel : Vehicle/Toll/Parking,
Expenses,Operations Expense,General and Admin,Travel,Vehicle/Toll/Parking,,1399,,,,36,721750 General and Admin : Travel : Vehicle/Toll/Parking,
Expenses,Operations Expense,General and Admin,Travel,Vehicle/Toll/Parking,,1399,,,,37,721750 General and Admin : Travel : Vehicle/Toll/Parking,
Expenses,Operations Expense,General and Admin,Travel,Vehicle/Toll/Parking,,1399,,,,39,721750 General and Admin : Travel : Vehicle/Toll/Parking,
Expenses,Operations Expense,General and Admin,Travel,Vehicle/Toll/Parking,,1399,,,,41,721750 General and Admin : Travel : Vehicle/Toll/Parking,
Expenses,Operations Expense,General and Admin,Travel,Vehicle/Toll/Parking,,1399,,,,42,721750 General and Admin : Travel : Vehicle/Toll/Parking,
Expenses,Operations Expense,General and Admin,Travel,Vehicle/Toll/Parking,,1399,,,,43,721750 General and Admin : Travel : Vehicle/Toll/Parking,
Expenses,Operations Expense,General and Admin,Travel,Vehicle/Toll/Parking,,1399,,,,44,721750 General and Admin : Travel : Vehicle/Toll/Parking,
Expenses,Operations Expense,General and Admin,Travel,Vehicle/Toll/Parking,,1399,,,,45,721750 General and Admin : Travel : Vehicle/Toll/Parking,
Expenses,Operations Expense,General and Admin,Other G&A Expenses,Office Supplies,,1499,,,,1,783000 General and Admin : Other G&A Expenses : Office Supplies,
Expenses,Operations Expense,General and Admin,Other G&A Expenses,Office Supplies,,1499,,,,2,783000 General and Admin : Other G&A Expenses : Office Supplies,
Field Corporate Expenses,Pawville Intermediate Holdings,General and Admin,Other G&A Expenses,Office Supplies,,1499,,,,3,783000 General and Admin : Other G&A Expenses : Office Supplies,
Corporate Expenses,General and Admin,Other G&A Expenses,Office Supplies,,,1499,,,,4,783000 General and Admin : Other G&A Expenses : Office Supplies,
Expenses,Operations Expense,General and Admin,Other G&A Expenses,Office Supplies,,1499,,,,5,783000 General and Admin : Other G&A Expenses : Office Supplies,
Field Corporate Expenses,PUPS Intermediate Holdings,General and Admin,Other G&A Expenses,Office Supplies,,1499,,,,6,783000 General and Admin : Other G&A Expenses : Office Supplies,
Expenses,Operations Expense,General and Admin,Other G&A Expenses,Office Supplies,,1499,,,,11,783000 General and Admin : Other G&A Expenses : Office Supplies,
Expenses,Operations Expense,General and Admin,Other G&A Expenses,Office Supplies,,1499,,,,16,783000 General and Admin : Other G&A Expenses : Office Supplies,
Expenses,Operations Expense,General and Admin,Other G&A Expenses,Office Supplies,,1499,,,,19,783000 General and Admin : Other G&A Expenses : Office Supplies,
Expenses,Operations Expense,General and Admin,Other G&A Expenses,Office Supplies,,1499,,,,20,783000 General and Admin : Other G&A Expenses : Office Supplies,
Expenses,Operations Expense,General and Admin,Other G&A Expenses,Office Supplies,,1499,,,,21,783000 General and Admin : Other G&A Expenses : Office Supplies,
Expenses,Operations Expense,General and Admin,Other G&A Expenses,Office Supplies,,1499,,,,22,783000 General and Admin : Other G&A Expenses : Office Supplies,
Expenses,Operations Expense,General and Admin,Other G&A Expenses,Office Supplies,,1499,,,,23,783000 General and Admin : Other G&A Expenses : Office Supplies,
Expenses,Operations Expense,General and Admin,Other G&A Expenses,Office Supplies,,1499,,,,24,783000 General and Admin : Other G&A Expenses : Office Supplies,
Expenses,Operations Expense,General and Admin,Other G&A Expenses,Office Supplies,,1499,,,,25,783000 General and Admin : Other G&A Expenses : Office Supplies,
Expenses,Operations Expense,General and Admin,Other G&A Expenses,Office Supplies,,1499,,,,26,783000 General and Admin : Other G&A Expenses : Office Supplies,
Expenses,Operations Expense,General and Admin,Other G&A Expenses,Office Supplies,,1499,,,,28,783000 General and Admin : Other G&A Expenses : Office Supplies,
Expenses,Operations Expense,General and Admin,Other G&A Expenses,Office Supplies,,1499,,,,29,783000 General and Admin : Other G&A Expenses : Office Supplies,
Expenses,Operations Expense,General and Admin,Other G&A Expenses,Office Supplies,,1499,,,,31,783000 General and Admin : Other G&A Expenses : Office Supplies,
Expenses,Operations Expense,General and Admin,Other G&A Expenses,Office Supplies,,1499,,,,32,783000 General and Admin : Other G&A Expenses : Office Supplies,
Expenses,Operations Expense,General and Admin,Other G&A Expenses,Office Supplies,,1499,,,,33,783000 General and Admin : Other G&A Expenses : Office Supplies,
Expenses,Operations Expense,General and Admin,Other G&A Expenses,Office Supplies,,1499,,,,35,783000 General and Admin : Other G&A Expenses : Office Supplies,
Expenses,Operations Expense,General and Admin,Other G&A Expenses,Office Supplies,,1499,,,,36,783000 General and Admin : Other G&A Expenses : Office Supplies,
Expenses,Operations Expense,General and Admin,Other G&A Expenses,Office Supplies,,1499,,,,37,783000 General and Admin : Other G&A Expenses : Office Supplies,
Expenses,Operations Expense,General and Admin,Other G&A Expenses,Office Supplies,,1499,,,,39,783000 General and Admin : Other G&A Expenses : Office Supplies,
Expenses,Operations Expense,General and Admin,Other G&A Expenses,Office Supplies,,1499,,,,41,783000 General and Admin : Other G&A Expenses : Office Supplies,
Expenses,Operations Expense,General and Admin,Other G&A Expenses,Office Supplies,,1499,,,,42,783000 General and Admin : Other G&A Expenses : Office Supplies,
Expenses,Operations Expense,General and Admin,Other G&A Expenses,Office Supplies,,1499,,,,43,783000 General and Admin : Other G&A Expenses : Office Supplies,
Expenses,Operations Expense,General and Admin,Other G&A Expenses,Office Supplies,,1499,,,,44,783000 General and Admin : Other G&A Expenses : Office Supplies,
Expenses,Operations Expense,General and Admin,Other G&A Expenses,Office Supplies,,1499,,,,45,783000 General and Admin : Other G&A Expenses : Office Supplies,
Assets,Current Assets,Other Current Assets,Employee Receivable,,,1500,,,,1,110750 Employee Receivable,
Assets,Current Assets,Other Current Assets,Employee Receivable,,,1500,,,,2,110750 Employee Receivable,
Assets,Current Assets,Other Current Assets,Employee Receivable,,,1500,,,,3,110750 Employee Receivable,
Assets,Current Assets,Other Current Assets,Employee Receivable,,,1500,,,,4,110750 Employee Receivable,
Assets,Current Assets,Other Current Assets,Employee Receivable,,,1500,,,,5,110750 Employee Receivable,
Assets,Current Assets,Other Current Assets,Employee Receivable,,,1500,,,,6,110750 Employee Receivable,
Assets,Current Assets,Other Current Assets,Employee Receivable,,,1500,,,,11,110750 Employee Receivable,
Assets,Current Assets,Other Current Assets,Employee Receivable,,,1500,,,,16,110750 Employee Receivable,
Assets,Current Assets,Other Current Assets,Employee Receivable,,,1500,,,,19,110750 Employee Receivable,
Assets,Current Assets,Other Current Assets,Employee Receivable,,,1500,,,,20,110750 Employee Receivable,
Assets,Current Assets,Other Current Assets,Employee Receivable,,,1500,,,,21,110750 Employee Receivable,
Assets,Current Assets,Other Current Assets,Employee Receivable,,,1500,,,,22,110750 Employee Receivable,
Assets,Current Assets,Other Current Assets,Employee Receivable,,,1500,,,,23,110750 Employee Receivable,
Assets,Current Assets,Other Current Assets,Employee Receivable,,,1500,,,,24,110750 Employee Receivable,
Assets,Current Assets,Other Current Assets,Employee Receivable,,,1500,,,,25,110750 Employee Receivable,
Assets,Current Assets,Other Current Assets,Employee Receivable,,,1500,,,,26,110750 Employee Receivable,
Assets,Current Assets,Other Current Assets,Employee Receivable,,,1500,,,,28,110750 Employee Receivable,
Assets,Current Assets,Other Current Assets,Employee Receivable,,,1500,,,,29,110750 Employee Receivable,
Assets,Current Assets,Other Current Assets,Employee Receivable,,,1500,,,,31,110750 Employee Receivable,
Assets,Current Assets,Other Current Assets,Employee Receivable,,,1500,,,,32,110750 Employee Receivable,
Assets,Current Assets,Other Current Assets,Employee Receivable,,,1500,,,,33,110750 Employee Receivable,
Assets,Current Assets,Other Current Assets,Employee Receivable,,,1500,,,,35,110750 Employee Receivable,
Assets,Current Assets,Other Current Assets,Employee Receivable,,,1500,,,,36,110750 Employee Receivable,
Assets,Current Assets,Other Current Assets,Employee Receivable,,,1500,,,,37,110750 Employee Receivable,
Assets,Current Assets,Other Current Assets,Employee Receivable,,,1500,,,,39,110750 Employee Receivable,
Assets,Current Assets,Other Current Assets,Employee Receivable,,,1500,,,,41,110750 Employee Receivable,
Assets,Current Assets,Other Current Assets,Employee Receivable,,,1500,,,,42,110750 Employee Receivable,
Assets,Current Assets,Other Current Assets,Employee Receivable,,,1500,,,,43,110750 Employee Receivable,
Assets,Current Assets,Other Current Assets,Employee Receivable,,,1500,,,,44,110750 Employee Receivable,
Assets,Current Assets,Other Current Assets,Employee Receivable,,,1500,,,,45,110750 Employee Receivable,
Liabilities,Current Liabilities,Credit Card,Ramp Card,PPC 1332 S Michigan LLC,,1501,,,,20,Ramp Card - PPC 1332 S Michigan LLC Ramp Card - PPC 1332 S Michigan LLC,
Liabilities,Current Liabilities,Credit Card,Ramp Card,PPC 87 Kent Avenue LLC,,1601,,,,26,Ramp Card - PPC 87 Kent Avenue LLC Ramp Card - PPC 87 Kent Avenue LLC,
Liabilities,Current Liabilities,Credit Card,Ramp Card,PPC 850 N State Street LLC,,1602,,,,25,Ramp Card - PPC 850 N State Street LLC Ramp Card - PPC 850 N State Street LLC,
Liabilities,Current Liabilities,Credit Card,Ramp Card,PPC 2811 N Lincoln LLC,,1603,,,,22,Ramp Card - PPC 2811 N Lincoln LLC Ramp Card - PPC 2811 N Lincoln LLC,
Liabilities,Current Liabilities,Credit Card,Ramp Card,PPC 468 N New Street LLC,,1604,,,,24,Ramp Card - PPC 468 N New Street LLC Ramp Card - PPC 468 N New Street LLC,
Liabilities,Current Liabilities,Credit Card,Ramp Card,PPC 211 N Harbor Drive LLC,,1605,,,,28,Ramp Card - PPC 211 N Harbor Drive LLC Ramp Card - PPC 211 N Harbor Drive LLC,
Liabilities,Current Liabilities,Credit Card,Ramp Card,PPC 302 Livingston Street LLC,,1606,,,,29,Ramp Card - PPC 302 Livingston Street LLC Ramp Card - PPC 302 Livingston Street LLC,
Liabilities,Current Liabilities,Credit Card,Ramp Card,PPC 1624 W Division Street LLC,,1701,,,,21,Ramp Card - PPC 1624 W Division Street LLC Ramp Card - PPC 1624 W Division Street LLC,
Liabilities,Current Liabilities,Credit Card,Ramp Card,PPC 316 W Illinois Street LLC,,1702,,,,23,Ramp Card - PPC 316 W Illinois Street LLC Ramp Card - PPC 316 W Illinois Street LLC,
Liabilities,Current Liabilities,Credit Card,Ramp Card,Pawville Vet Services LLC,,1801,,,,37,Ramp Card - Pawville Vet Services LLC Ramp Card - Pawville Vet Services LLC,
Liabilities,Current Liabilities,Credit Card,Ramp Card,Pawville Intermediate Holdings LLC,,1802,,,,3,Ramp Card - Pawville Intermediate Holdings LLC Ramp Card - Pawville Intermediate Holdings LLC,
Liabilities,Current Liabilities,Credit Card,Ramp Card,Pawville South Carolina LLC,,1803,,,,33,Ramp Card - Pawville South Carolina LLC Ramp Card - Pawville South Carolina LLC,
Liabilities,Current Liabilities,Credit Card,Ramp Card,Pawville North Carolina LLC,,1804,,,,35,Ramp Card - Pawville North Carolina LLC Ramp Card - Pawville North Carolina LLC,
Liabilities,Current Liabilities,Credit Card,Ramp Card,Pawville Georgia LLC,,1805,,,,32,Ramp Card - Pawville Georgia LLC Ramp Card - Pawville Georgia LLC,
Liabilities,Current Liabilities,Credit Card,Ramp Card,Pawville Florida LLC,,1806,,,,31,Ramp Card - Pawville Florida LLC Ramp Card - Pawville Florida LLC,
Assets,Current Assets,Other Current Assets,Sweep Clearing Account,,,1901,,,,1,103000 Sweep Clearing Account,
Assets,Current Assets,Other Current Assets,Sweep Clearing Account,,,1901,,,,2,103000 Sweep Clearing Account,
Assets,Current Assets,Other Current Assets,Sweep Clearing Account,,,1901,,,,3,103000 Sweep Clearing Account,
Assets,Current Assets,Other Current Assets,Sweep Clearing Account,,,1901,,,,4,103000 Sweep Clearing Account,
Assets,Current Assets,Other Current Assets,Sweep Clearing Account,,,1901,,,,5,103000 Sweep Clearing Account,
Assets,Current Assets,Other Current Assets,Sweep Clearing Account,,,1901,,,,6,103000 Sweep Clearing Account,
Assets,Current Assets,Other Current Assets,Sweep Clearing Account,,,1901,,,,11,103000 Sweep Clearing Account,
Assets,Current Assets,Other Current Assets,Sweep Clearing Account,,,1901,,,,16,103000 Sweep Clearing Account,
Assets,Current Assets,Other Current Assets,Sweep Clearing Account,,,1901,,,,19,103000 Sweep Clearing Account,
Assets,Current Assets,Other Current Assets,Sweep Clearing Account,,,1901,,,,20,103000 Sweep Clearing Account,
Assets,Current Assets,Other Current Assets,Sweep Clearing Account,,,1901,,,,21,103000 Sweep Clearing Account,
Assets,Current Assets,Other Current Assets,Sweep Clearing Account,,,1901,,,,22,103000 Sweep Clearing Account,
Assets,Current Assets,Other Current Assets,Sweep Clearing Account,,,1901,,,,23,103000 Sweep Clearing Account,
Assets,Current Assets,Other Current Assets,Sweep Clearing Account,,,1901,,,,24,103000 Sweep Clearing Account,
Assets,Current Assets,Other Current Assets,Sweep Clearing Account,,,1901,,,,25,103000 Sweep Clearing Account,
Assets,Current Assets,Other Current Assets,Sweep Clearing Account,,,1901,,,,26,103000 Sweep Clearing Account,
Assets,Current Assets,Other Current Assets,Sweep Clearing Account,,,1901,,,,28,103000 Sweep Clearing Account,
Assets,Current Assets,Other Current Assets,Sweep Clearing Account,,,1901,,,,29,103000 Sweep Clearing Account,
Assets,Current Assets,Other Current Assets,Sweep Clearing Account,,,1901,,,,31,103000 Sweep Clearing Account,
Assets,Current Assets,Other Current Assets,Sweep Clearing Account,,,1901,,,,32,103000 Sweep Clearing Account,
Assets,Current Assets,Other Current Assets,Sweep Clearing Account,,,1901,,,,33,103000 Sweep Clearing Account,
Assets,Current Assets,Other Current Assets,Sweep Clearing Account,,,1901,,,,35,103000 Sweep Clearing Account,
Assets,Current Assets,Other Current Assets,Sweep Clearing Account,,,1901,,,,36,103000 Sweep Clearing Account,
Assets,Current Assets,Other Current Assets,Sweep Clearing Account,,,1901,,,,37,103000 Sweep Clearing Account,
Assets,Current Assets,Other Current Assets,Sweep Clearing Account,,,1901,,,,39,103000 Sweep Clearing Account,
Assets,Current Assets,Other Current Assets,Sweep Clearing Account,,,1901,,,,41,103000 Sweep Clearing Account,
Assets,Current Assets,Other Current Assets,Sweep Clearing Account,,,1901,,,,42,103000 Sweep Clearing Account,
Assets,Current Assets,Other Current Assets,Sweep Clearing Account,,,1901,,,,43,103000 Sweep Clearing Account,
Assets,Current Assets,Other Current Assets,Sweep Clearing Account,,,1901,,,,44,103000 Sweep Clearing Account,
Assets,Current Assets,Other Current Assets,Sweep Clearing Account,,,1901,,,,45,103000 Sweep Clearing Account,
Other Expenses,Rounding Gain/Loss,,,,,1902,,,,1,Rounding Gain/Loss,
Other Expenses,Rounding Gain/Loss,,,,,1902,,,,2,Rounding Gain/Loss,
Other Expenses,Rounding Gain/Loss,,,,,1902,,,,3,Rounding Gain/Loss,
Other Expenses,Rounding Gain/Loss,,,,,1902,,,,4,Rounding Gain/Loss,
Other Expenses,Rounding Gain/Loss,,,,,1902,,,,5,Rounding Gain/Loss,
Other Expenses,Rounding Gain/Loss,,,,,1902,,,,6,Rounding Gain/Loss,
Other Expenses,Rounding Gain/Loss,,,,,1902,,,,11,Rounding Gain/Loss,
Other Expenses,Rounding Gain/Loss,,,,,1902,,,,16,Rounding Gain/Loss,
Other Expenses,Rounding Gain/Loss,,,,,1902,,,,19,Rounding Gain/Loss,
Other Expenses,Rounding Gain/Loss,,,,,1902,,,,20,Rounding Gain/Loss,
Other Expenses,Rounding Gain/Loss,,,,,1902,,,,21,Rounding Gain/Loss,
Other Expenses,Rounding Gain/Loss,,,,,1902,,,,22,Rounding Gain/Loss,
Other Expenses,Rounding Gain/Loss,,,,,1902,,,,23,Rounding Gain/Loss,
Other Expenses,Rounding Gain/Loss,,,,,1902,,,,24,Rounding Gain/Loss,
Other Expenses,Rounding Gain/Loss,,,,,1902,,,,25,Rounding Gain/Loss,
Other Expenses,Rounding Gain/Loss,,,,,1902,,,,26,Rounding Gain/Loss,
Other Expenses,Rounding Gain/Loss,,,,,1902,,,,28,Rounding Gain/Loss,
Other Expenses,Rounding Gain/Loss,,,,,1902,,,,29,Rounding Gain/Loss,
Other Expenses,Rounding Gain/Loss,,,,,1902,,,,31,Rounding Gain/Loss,
Other Expenses,Rounding Gain/Loss,,,,,1902,,,,32,Rounding Gain/Loss,
Other Expenses,Rounding Gain/Loss,,,,,1902,,,,33,Rounding Gain/Loss,
Other Expenses,Rounding Gain/Loss,,,,,1902,,,,35,Rounding Gain/Loss,
Other Expenses,Rounding Gain/Loss,,,,,1902,,,,36,Rounding Gain/Loss,
Other Expenses,Rounding Gain/Loss,,,,,1902,,,,37,Rounding Gain/Loss,
Other Expenses,Rounding Gain/Loss,,,,,1902,,,,39,Rounding Gain/Loss,
Other Expenses,Rounding Gain/Loss,,,,,1902,,,,41,Rounding Gain/Loss,
Other Expenses,Rounding Gain/Loss,,,,,1902,,,,42,Rounding Gain/Loss,
Other Expenses,Rounding Gain/Loss,,,,,1902,,,,43,Rounding Gain/Loss,
Other Expenses,Rounding Gain/Loss,,,,,1902,,,,44,Rounding Gain/Loss,
Other Expenses,Rounding Gain/Loss,,,,,1902,,,,45,Rounding Gain/Loss,
Assets,Current Assets,Accounts Receivable,Intercompany AR,RAMP,,2002,,,,1,111001 Intercompany AR - RAMP,
Assets,Current Assets,Accounts Receivable,Intercompany AR,RAMP,,2002,,,,2,111001 Intercompany AR - RAMP,
Assets,Current Assets,Accounts Receivable,Intercompany AR,RAMP,,2002,,,,3,111001 Intercompany AR - RAMP,
Assets,Current Assets,Accounts Receivable,Intercompany AR,RAMP,,2002,,,,4,111001 Intercompany AR - RAMP,
Assets,Current Assets,Accounts Receivable,Intercompany AR,RAMP,,2002,,,,5,111001 Intercompany AR - RAMP,
Assets,Current Assets,Accounts Receivable,Intercompany AR,RAMP,,2002,,,,6,111001 Intercompany AR - RAMP,
Assets,Current Assets,Accounts Receivable,Intercompany AR,RAMP,,2002,,,,11,111001 Intercompany AR - RAMP,
Assets,Current Assets,Accounts Receivable,Intercompany AR,RAMP,,2002,,,,16,111001 Intercompany AR - RAMP,
Assets,Current Assets,Accounts Receivable,Intercompany AR,RAMP,,2002,,,,19,111001 Intercompany AR - RAMP,
Assets,Current Assets,Accounts Receivable,Intercompany AR,RAMP,,2002,,,,20,111001 Intercompany AR - RAMP,
Assets,Current Assets,Accounts Receivable,Intercompany AR,RAMP,,2002,,,,21,111001 Intercompany AR - RAMP,
Assets,Current Assets,Accounts Receivable,Intercompany AR,RAMP,,2002,,,,22,111001 Intercompany AR - RAMP,
Assets,Current Assets,Accounts Receivable,Intercompany AR,RAMP,,2002,,,,23,111001 Intercompany AR - RAMP,
Assets,Current Assets,Accounts Receivable,Intercompany AR,RAMP,,2002,,,,24,111001 Intercompany AR - RAMP,
Assets,Current Assets,Accounts Receivable,Intercompany AR,RAMP,,2002,,,,25,111001 Intercompany AR - RAMP,
Assets,Current Assets,Accounts Receivable,Intercompany AR,RAMP,,2002,,,,26,111001 Intercompany AR - RAMP,
Assets,Current Assets,Accounts Receivable,Intercompany AR,RAMP,,2002,,,,28,111001 Intercompany AR - RAMP,
Assets,Current Assets,Accounts Receivable,Intercompany AR,RAMP,,2002,,,,29,111001 Intercompany AR - RAMP,
Assets,Current Assets,Accounts Receivable,Intercompany AR,RAMP,,2002,,,,31,111001 Intercompany AR - RAMP,
Assets,Current Assets,Accounts Receivable,Intercompany AR,RAMP,,2002,,,,32,111001 Intercompany AR - RAMP,
Assets,Current Assets,Accounts Receivable,Intercompany AR,RAMP,,2002,,,,33,111001 Intercompany AR - RAMP,
Assets,Current Assets,Accounts Receivable,Intercompany AR,RAMP,,2002,,,,35,111001 Intercompany AR - RAMP,
Assets,Current Assets,Accounts Receivable,Intercompany AR,RAMP,,2002,,,,36,111001 Intercompany AR - RAMP,
Assets,Current Assets,Accounts Receivable,Intercompany AR,RAMP,,2002,,,,37,111001 Intercompany AR - RAMP,
Assets,Current Assets,Accounts Receivable,Intercompany AR,RAMP,,2002,,,,39,111001 Intercompany AR - RAMP,
Assets,Current Assets,Accounts Receivable,Intercompany AR,RAMP,,2002,,,,41,111001 Intercompany AR - RAMP,
Assets,Current Assets,Accounts Receivable,Intercompany AR,RAMP,,2002,,,,42,111001 Intercompany AR - RAMP,
Assets,Current Assets,Accounts Receivable,Intercompany AR,RAMP,,2002,,,,43,111001 Intercompany AR - RAMP,
Assets,Current Assets,Accounts Receivable,Intercompany AR,RAMP,,2002,,,,44,111001 Intercompany AR - RAMP,
Assets,Current Assets,Accounts Receivable,Intercompany AR,RAMP,,2002,,,,45,111001 Intercompany AR - RAMP,
Liabilities,Current Liabilities,Accounts Payable,Intercompany AP,RAMP,,2003,,,,1,200501 Intercompany AP - RAMP,
Liabilities,Current Liabilities,Accounts Payable,Intercompany AP,RAMP,,2003,,,,2,200501 Intercompany AP - RAMP,
Liabilities,Current Liabilities,Accounts Payable,Intercompany AP,RAMP,,2003,,,,3,200501 Intercompany AP - RAMP,
Liabilities,Current Liabilities,Accounts Payable,Intercompany AP,RAMP,,2003,,,,4,200501 Intercompany AP - RAMP,
Liabilities,Current Liabilities,Accounts Payable,Intercompany AP,RAMP,,2003,,,,5,200501 Intercompany AP - RAMP,
Liabilities,Current Liabilities,Accounts Payable,Intercompany AP,RAMP,,2003,,,,6,200501 Intercompany AP - RAMP,
Liabilities,Current Liabilities,Accounts Payable,Intercompany AP,RAMP,,2003,,,,11,200501 Intercompany AP - RAMP,
Liabilities,Current Liabilities,Accounts Payable,Intercompany AP,RAMP,,2003,,,,16,200501 Intercompany AP - RAMP,
Liabilities,Current Liabilities,Accounts Payable,Intercompany AP,RAMP,,2003,,,,19,200501 Intercompany AP - RAMP,
Liabilities,Current Liabilities,Accounts Payable,Intercompany AP,RAMP,,2003,,,,20,200501 Intercompany AP - RAMP,
Liabilities,Current Liabilities,Accounts Payable,Intercompany AP,RAMP,,2003,,,,21,200501 Intercompany AP - RAMP,
Liabilities,Current Liabilities,Accounts Payable,Intercompany AP,RAMP,,2003,,,,22,200501 Intercompany AP - RAMP,
Liabilities,Current Liabilities,Accounts Payable,Intercompany AP,RAMP,,2003,,,,23,200501 Intercompany AP - RAMP,
Liabilities,Current Liabilities,Accounts Payable,Intercompany AP,RAMP,,2003,,,,24,200501 Intercompany AP - RAMP,
Liabilities,Current Liabilities,Accounts Payable,Intercompany AP,RAMP,,2003,,,,25,200501 Intercompany AP - RAMP,
Liabilities,Current Liabilities,Accounts Payable,Intercompany AP,RAMP,,2003,,,,26,200501 Intercompany AP - RAMP,
Liabilities,Current Liabilities,Accounts Payable,Intercompany AP,RAMP,,2003,,,,28,200501 Intercompany AP - RAMP,
Liabilities,Current Liabilities,Accounts Payable,Intercompany AP,RAMP,,2003,,,,29,200501 Intercompany AP - RAMP,
Liabilities,Current Liabilities,Accounts Payable,Intercompany AP,RAMP,,2003,,,,31,200501 Intercompany AP - RAMP,
Liabilities,Current Liabilities,Accounts Payable,Intercompany AP,RAMP,,2003,,,,32,200501 Intercompany AP - RAMP,
Liabilities,Current Liabilities,Accounts Payable,Intercompany AP,RAMP,,2003,,,,33,200501 Intercompany AP - RAMP,
Liabilities,Current Liabilities,Accounts Payable,Intercompany AP,RAMP,,2003,,,,35,200501 Intercompany AP - RAMP,
Liabilities,Current Liabilities,Accounts Payable,Intercompany AP,RAMP,,2003,,,,36,200501 Intercompany AP - RAMP,
Liabilities,Current Liabilities,Accounts Payable,Intercompany AP,RAMP,,2003,,,,37,200501 Intercompany AP - RAMP,
Liabilities,Current Liabilities,Accounts Payable,Intercompany AP,RAMP,,2003,,,,39,200501 Intercompany AP - RAMP,
Liabilities,Current Liabilities,Accounts Payable,Intercompany AP,RAMP,,2003,,,,41,200501 Intercompany AP - RAMP,
Liabilities,Current Liabilities,Accounts Payable,Intercompany AP,RAMP,,2003,,,,42,200501 Intercompany AP - RAMP,
Liabilities,Current Liabilities,Accounts Payable,Intercompany AP,RAMP,,2003,,,,43,200501 Intercompany AP - RAMP,
Liabilities,Current Liabilities,Accounts Payable,Intercompany AP,RAMP,,2003,,,,44,200501 Intercompany AP - RAMP,
Liabilities,Current Liabilities,Accounts Payable,Intercompany AP,RAMP,,2003,,,,45,200501 Intercompany AP - RAMP,
Assets,Current Assets,Cash,Collections,PPC 1332 S Michigan LLC,S Michigan Clearing Account,2004,,,,20,100501.1 Cash : Collections : PPC 1332 S Michigan LLC : S Michigan Clearing Account,
Assets,Current Assets,Cash,Collections,PPC 1624 W Division Street LLC,W Division Street Clearing Account,2005,,,,21,100502.1 Cash : Collections : PPC 1624 W Division Street LLC : W Division Street Clearing Account,
Assets,Current Assets,Cash,Collections,PPC 2811 N Lincoln LLC,N Lincoln Clearing Account,2006,,,,22,100503.1 Cash : Collections : PPC 2811 N Lincoln LLC : N Lincoln Clearing Account,
Assets,Current Assets,Cash,Collections,PPC 316 W Illinois Street LLC,W Illinois St Clearing Account,2007,,,,23,100504.1 Cash : Collections : PPC 316 W Illinois Street LLC : W Illinois St Clearing Account,
Assets,Current Assets,Cash,Collections,PPC 468 N New Street LLC,N New Street Clearing Account,2008,,,,24,100505.1 Cash : Collections : PPC 468 N New Street LLC : N New Street Clearing Account,
Assets,Current Assets,Cash,Collections,PPC 850 N State Street LLC,N State Street Clearing Account,2009,,,,25,100506.1 Cash : Collections : PPC 850 N State Street LLC : N State Street Clearing Account,
Assets,Current Assets,Cash,Collections,PPC 87 Kent Avenue LLC,87 Kent Avenue Clearing Account,2010,,,,26,100507.1 Cash : Collections : PPC 87 Kent Avenue LLC : 87 Kent Avenue Clearing Account,
Assets,Current Assets,Cash,Collections,PPC 302 Livingston Street LLC,302 Livingston Street Clearing Account,2011,,,,29,100508.1 Cash : Collections : PPC 302 Livingston Street LLC : 302 Livingston Street Clearing Account,
Assets,Current Assets,Cash,Collections,PPC 211 N Harbor Drive LLC,211 N Harbor Drive Clearing Account,2012,,,,28,100509.1 Cash : Collections : PPC 211 N Harbor Drive LLC : 211 N Harbor Drive Clearing Account,
Assets,Current Assets,Cash,Collections,Pawville Citrus,Pawville Citrus Clearing Account,2014,,,,31,100601.1 Cash : Collections : Pawville Citrus : Pawville Citrus Clearing Account,
Assets,Current Assets,Cash,Collections,Pawville Winder,Pawville Winder Clearing Account,2015,,,,32,100602.1 Cash : Collections : Pawville Winder : Pawville Winder Clearing Account,
Assets,Current Assets,Cash,Collections,Pawville Pawley's,Pawville Pawley's Clearing Account,2016,,,,33,100603.1 Cash : Collections : Pawville Pawley's : Pawville Pawley's Clearing Account,
Assets,Current Assets,Cash,Collections,Pawville North Carolina Clearing Account,,2022,,,,35,100703 Cash : Collections : Pawville North Carolina Clearing Account,
Assets,Current Assets,Cash,Collections,Pawville Vet Services Clearing Account,,2023,,,,37,100704 Cash : Collections : Pawville Vet Services Clearing Account,
,,,,,,2024,,,,1,672500 Employee Training and Development,
,,,,,,2024,,,,2,672500 Employee Training and Development,
,,,,,,2024,,,,3,672500 Employee Training and Development,
,,,,,,2024,,,,4,672500 Employee Training and Development,
,,,,,,2024,,,,5,672500 Employee Training and Development,
,,,,,,2024,,,,6,672500 Employee Training and Development,
,,,,,,2024,,,,11,672500 Employee Training and Development,
,,,,,,2024,,,,16,672500 Employee Training and Development,
,,,,,,2024,,,,19,672500 Employee Training and Development,
,,,,,,2024,,,,20,672500 Employee Training and Development,
,,,,,,2024,,,,21,672500 Employee Training and Development,
,,,,,,2024,,,,22,672500 Employee Training and Development,
,,,,,,2024,,,,23,672500 Employee Training and Development,
,,,,,,2024,,,,24,672500 Employee Training and Development,
,,,,,,2024,,,,25,672500 Employee Training and Development,
,,,,,,2024,,,,26,672500 Employee Training and Development,
,,,,,,2024,,,,28,672500 Employee Training and Development,
,,,,,,2024,,,,29,672500 Employee Training and Development,
,,,,,,2024,,,,31,672500 Employee Training and Development,
,,,,,,2024,,,,32,672500 Employee Training and Development,
,,,,,,2024,,,,33,672500 Employee Training and Development,
,,,,,,2024,,,,35,672500 Employee Training and Development,
,,,,,,2024,,,,36,672500 Employee Training and Development,
,,,,,,2024,,,,37,672500 Employee Training and Development,
,,,,,,2024,,,,39,672500 Employee Training and Development,
,,,,,,2024,,,,41,672500 Employee Training and Development,
,,,,,,2024,,,,42,672500 Employee Training and Development,
,,,,,,2024,,,,43,672500 Employee Training and Development,
,,,,,,2024,,,,44,672500 Employee Training and Development,
,,,,,,2024,,,,45,672500 Employee Training and Development,
Expenses,Operations Expense,General and Admin,Other G&A Expenses,Managment Fees,,2025,,,,1,784000 General and Admin : Other G&A Expenses : Managment Fees,
Expenses,Operations Expense,General and Admin,Other G&A Expenses,Managment Fees,,2025,,,,2,784000 General and Admin : Other G&A Expenses : Managment Fees,
Field Corporate Expenses,Pawville Intermediate Holdings,General and Admin,Other G&A Expenses,Managment Fees,,2025,,,,3,784000 General and Admin : Other G&A Expenses : Managment Fees,
Corporate Expenses,General and Admin,Other G&A Expenses,Managment Fees,,,2025,,,,4,784000 General and Admin : Other G&A Expenses : Managment Fees,
Expenses,Operations Expense,General and Admin,Other G&A Expenses,Managment Fees,,2025,,,,5,784000 General and Admin : Other G&A Expenses : Managment Fees,
Field Corporate Expenses,PUPS Intermediate Holdings,General and Admin,Other G&A Expenses,Managment Fees,,2025,,,,6,784000 General and Admin : Other G&A Expenses : Managment Fees,
Expenses,Operations Expense,General and Admin,Other G&A Expenses,Managment Fees,,2025,,,,11,784000 General and Admin : Other G&A Expenses : Managment Fees,
Expenses,Operations Expense,General and Admin,Other G&A Expenses,Managment Fees,,2025,,,,16,784000 General and Admin : Other G&A Expenses : Managment Fees,
Expenses,Operations Expense,General and Admin,Other G&A Expenses,Managment Fees,,2025,,,,19,784000 General and Admin : Other G&A Expenses : Managment Fees,
Expenses,Operations Expense,General and Admin,Other G&A Expenses,Managment Fees,,2025,,,,20,784000 General and Admin : Other G&A Expenses : Managment Fees,
Expenses,Operations Expense,General and Admin,Other G&A Expenses,Managment Fees,,2025,,,,21,784000 General and Admin : Other G&A Expenses : Managment Fees,
Expenses,Operations Expense,General and Admin,Other G&A Expenses,Managment Fees,,2025,,,,22,784000 General and Admin : Other G&A Expenses : Managment Fees,
Expenses,Operations Expense,General and Admin,Other G&A Expenses,Managment Fees,,2025,,,,23,784000 General and Admin : Other G&A Expenses : Managment Fees,
Expenses,Operations Expense,General and Admin,Other G&A Expenses,Managment Fees,,2025,,,,24,784000 General and Admin : Other G&A Expenses : Managment Fees,
Expenses,Operations Expense,General and Admin,Other G&A Expenses,Managment Fees,,2025,,,,25,784000 General and Admin : Other G&A Expenses : Managment Fees,
Expenses,Operations Expense,General and Admin,Other G&A Expenses,Managment Fees,,2025,,,,26,784000 General and Admin : Other G&A Expenses : Managment Fees,
Expenses,Operations Expense,General and Admin,Other G&A Expenses,Managment Fees,,2025,,,,28,784000 General and Admin : Other G&A Expenses : Managment Fees,
Expenses,Operations Expense,General and Admin,Other G&A Expenses,Managment Fees,,2025,,,,29,784000 General and Admin : Other G&A Expenses : Managment Fees,
Expenses,Operations Expense,General and Admin,Other G&A Expenses,Managment Fees,,2025,,,,31,784000 General and Admin : Other G&A Expenses : Managment Fees,
Expenses,Operations Expense,General and Admin,Other G&A Expenses,Managment Fees,,2025,,,,32,784000 General and Admin : Other G&A Expenses : Managment Fees,
Expenses,Operations Expense,General and Admin,Other G&A Expenses,Managment Fees,,2025,,,,33,784000 General and Admin : Other G&A Expenses : Managment Fees,
Expenses,Operations Expense,General and Admin,Other G&A Expenses,Managment Fees,,2025,,,,35,784000 General and Admin : Other G&A Expenses : Managment Fees,
Expenses,Operations Expense,General and Admin,Other G&A Expenses,Managment Fees,,2025,,,,36,784000 General and Admin : Other G&A Expenses : Managment Fees,
Expenses,Operations Expense,General and Admin,Other G&A Expenses,Managment Fees,,2025,,,,37,784000 General and Admin : Other G&A Expenses : Managment Fees,
Expenses,Operations Expense,General and Admin,Other G&A Expenses,Managment Fees,,2025,,,,39,784000 General and Admin : Other G&A Expenses : Managment Fees,
Expenses,Operations Expense,General and Admin,Other G&A Expenses,Managment Fees,,2025,,,,41,784000 General and Admin : Other G&A Expenses : Managment Fees,
Expenses,Operations Expense,General and Admin,Other G&A Expenses,Managment Fees,,2025,,,,42,784000 General and Admin : Other G&A Expenses : Managment Fees,
Expenses,Operations Expense,General and Admin,Other G&A Expenses,Managment Fees,,2025,,,,43,784000 General and Admin : Other G&A Expenses : Managment Fees,
Expenses,Operations Expense,General and Admin,Other G&A Expenses,Managment Fees,,2025,,,,44,784000 General and Admin : Other G&A Expenses : Managment Fees,
Expenses,Operations Expense,General and Admin,Other G&A Expenses,Managment Fees,,2025,,,,45,784000 General and Admin : Other G&A Expenses : Managment Fees,
