ACCOUNT_ID,ACCOUNT_NAME,ACCOUNT_NUMBER,CLASS_ID,DEPARTMENT_ID,LOCATION_ID,SUBSIDIARY_ID,METRIC_L1,METRIC_L2,METRIC_L3,METRIC_L4,METRIC_L5,METRIC_L6
439,12030 HTS Wired Comm. AR (1393),12030,,,,10,Current Assets,Accounts Receivable,HTS wired comm.,12030 - HTS Wired Comm. AR (1393),,
224,12500 Allowance for Doubtful Accounts,12500,,,,12,Current Assets,Accounts Receivable,Allowance for doubtful accounts,12500 - Allowance for Doubtful Accounts,,
224,12500 Allowance for Doubtful Accounts,12500,,,,6,Current Assets,Accounts Receivable,Allowance for doubtful accounts,12500 - Allowance for Doubtful Accounts,,
417,12020 HTS Unwired Comm. AR (1391),12020,,,,5,Current Assets,Accounts Receivable,HTS unwired comm.,12020 - HTS Unwired Comm. AR (1391),,
521,12005 UW Agency Accounts Receivable,12005,,,,7,Current Assets,Accounts Receivable,UW agency accounts receivable,12005 - UW Agency Accounts Receivable,,
417,12020 HTS Unwired Comm. AR (1391),12020,,,,3,Current Assets,Accounts Receivable,HTS unwired comm.,12020 - HTS Unwired Comm. AR (1391),,
224,12500 Allowance for Doubtful Accounts,12500,,,,3,Current Assets,Accounts Receivable,Allowance for doubtful accounts,12500 - Allowance for Doubtful Accounts,,
494,12010 HTS Admin Fee AR,12010,,,,3,Current Assets,Accounts Receivable,HTS admin fee,12010 - HTS Admin Fee AR,,
417,12020 HTS Unwired Comm. AR (1391),12020,,,,7,Current Assets,Accounts Receivable,HTS unwired comm.,12020 - HTS Unwired Comm. AR (1391),,
494,12010 HTS Admin Fee AR,12010,,,,12,Current Assets,Accounts Receivable,HTS admin fee,12010 - HTS Admin Fee AR,,
450,12850 Intercompany Receivable,12850,,,,5,Current Assets,Accounts Receivable,Intercompany receivable,12850 - Intercompany Receivable,,
494,12010 HTS Admin Fee AR,12010,,,,10,Current Assets,Accounts Receivable,HTS admin fee,12010 - HTS Admin Fee AR,,
512,12040 Ticket Comm. AR,12040,,,,10,Current Assets,Accounts Receivable,Ticket comm.,12040 - Ticket Comm. AR,,
512,12040 Ticket Comm. AR,12040,,,,1,Current Assets,Accounts Receivable,Ticket comm.,12040 - Ticket Comm. AR,,
521,12005 UW Agency Accounts Receivable,12005,,,,1,Current Assets,Accounts Receivable,UW agency accounts receivable,12005 - UW Agency Accounts Receivable,,
521,12005 UW Agency Accounts Receivable,12005,,,,6,Current Assets,Accounts Receivable,UW agency accounts receivable,12005 - UW Agency Accounts Receivable,,
494,12010 HTS Admin Fee AR,12010,,,,5,Current Assets,Accounts Receivable,HTS admin fee,12010 - HTS Admin Fee AR,,
521,12005 UW Agency Accounts Receivable,12005,,,,5,Current Assets,Accounts Receivable,UW agency accounts receivable,12005 - UW Agency Accounts Receivable,,
512,12040 Ticket Comm. AR,12040,,,,6,Current Assets,Accounts Receivable,Ticket comm.,12040 - Ticket Comm. AR,,
417,12020 HTS Unwired Comm. AR (1391),12020,,,,10,Current Assets,Accounts Receivable,HTS unwired comm.,12020 - HTS Unwired Comm. AR (1391),,
119,12000 Accounts Receivable,12000,,,,6,Current Assets,Accounts Receivable,Trade receivable,12000 - Accounts Receivable,,
464,12090 Trade AR,12090,,,,10,Current Assets,Accounts Receivable,Trade receivable,12090 - Trade AR,,
521,12005 UW Agency Accounts Receivable,12005,,,,10,Current Assets,Accounts Receivable,UW agency accounts receivable,12005 - UW Agency Accounts Receivable,,
465,12099 Suspense (OLD),12099,,,,6,Current Assets,Accounts Receivable,Suspense,12099 - Suspense (OLD),,
439,12030 HTS Wired Comm. AR (1393),12030,,,,9,Current Assets,Accounts Receivable,HTS wired comm.,12030 - HTS Wired Comm. AR (1393),,
465,12099 Suspense (OLD),12099,,,,5,Current Assets,Accounts Receivable,Suspense,12099 - Suspense (OLD),,
439,12030 HTS Wired Comm. AR (1393),12030,,,,6,Current Assets,Accounts Receivable,HTS wired comm.,12030 - HTS Wired Comm. AR (1393),,
494,12010 HTS Admin Fee AR,12010,,,,9,Current Assets,Accounts Receivable,HTS admin fee,12010 - HTS Admin Fee AR,,
465,12099 Suspense (OLD),12099,,,,12,Current Assets,Accounts Receivable,Suspense,12099 - Suspense (OLD),,
224,12500 Allowance for Doubtful Accounts,12500,,,,1,Current Assets,Accounts Receivable,Allowance for doubtful accounts,12500 - Allowance for Doubtful Accounts,,
450,12850 Intercompany Receivable,12850,,,,1,Current Assets,Accounts Receivable,Intercompany receivable,12850 - Intercompany Receivable,,
464,12090 Trade AR,12090,,,,12,Current Assets,Accounts Receivable,Trade receivable,12090 - Trade AR,,
512,12040 Ticket Comm. AR,12040,,,,9,Current Assets,Accounts Receivable,Ticket comm.,12040 - Ticket Comm. AR,,
465,12099 Suspense (OLD),12099,,,,9,Current Assets,Accounts Receivable,Suspense,12099 - Suspense (OLD),,
224,12500 Allowance for Doubtful Accounts,12500,,,,5,Current Assets,Accounts Receivable,Allowance for doubtful accounts,12500 - Allowance for Doubtful Accounts,,
119,12000 Accounts Receivable,12000,,,,12,Current Assets,Accounts Receivable,Trade receivable,12000 - Accounts Receivable,,
465,12099 Suspense (OLD),12099,,,,3,Current Assets,Accounts Receivable,Suspense,12099 - Suspense (OLD),,
494,12010 HTS Admin Fee AR,12010,,,,1,Current Assets,Accounts Receivable,HTS admin fee,12010 - HTS Admin Fee AR,,
119,12000 Accounts Receivable,12000,,,,7,Current Assets,Accounts Receivable,Trade receivable,12000 - Accounts Receivable,,
450,12850 Intercompany Receivable,12850,,,,12,Current Assets,Accounts Receivable,Intercompany receivable,12850 - Intercompany Receivable,,
494,12010 HTS Admin Fee AR,12010,,,,6,Current Assets,Accounts Receivable,HTS admin fee,12010 - HTS Admin Fee AR,,
224,12500 Allowance for Doubtful Accounts,12500,,,,7,Current Assets,Accounts Receivable,Allowance for doubtful accounts,12500 - Allowance for Doubtful Accounts,,
439,12030 HTS Wired Comm. AR (1393),12030,,,,1,Current Assets,Accounts Receivable,HTS wired comm.,12030 - HTS Wired Comm. AR (1393),,
512,12040 Ticket Comm. AR,12040,,,,3,Current Assets,Accounts Receivable,Ticket comm.,12040 - Ticket Comm. AR,,
464,12090 Trade AR,12090,,,,6,Current Assets,Accounts Receivable,Trade receivable,12090 - Trade AR,,
464,12090 Trade AR,12090,,,,3,Current Assets,Accounts Receivable,Trade receivable,12090 - Trade AR,,
417,12020 HTS Unwired Comm. AR (1391),12020,,,,6,Current Assets,Accounts Receivable,HTS unwired comm.,12020 - HTS Unwired Comm. AR (1391),,
512,12040 Ticket Comm. AR,12040,,,,5,Current Assets,Accounts Receivable,Ticket comm.,12040 - Ticket Comm. AR,,
119,12000 Accounts Receivable,12000,,,,1,Current Assets,Accounts Receivable,Trade receivable,12000 - Accounts Receivable,,
521,12005 UW Agency Accounts Receivable,12005,,,,3,Current Assets,Accounts Receivable,UW agency accounts receivable,12005 - UW Agency Accounts Receivable,,
417,12020 HTS Unwired Comm. AR (1391),12020,,,,1,Current Assets,Accounts Receivable,HTS unwired comm.,12020 - HTS Unwired Comm. AR (1391),,
465,12099 Suspense (OLD),12099,,,,10,Current Assets,Accounts Receivable,Suspense,12099 - Suspense (OLD),,
512,12040 Ticket Comm. AR,12040,,,,12,Current Assets,Accounts Receivable,Ticket comm.,12040 - Ticket Comm. AR,,
464,12090 Trade AR,12090,,,,7,Current Assets,Accounts Receivable,Trade receivable,12090 - Trade AR,,
464,12090 Trade AR,12090,,,,1,Current Assets,Accounts Receivable,Trade receivable,12090 - Trade AR,,
439,12030 HTS Wired Comm. AR (1393),12030,,,,7,Current Assets,Accounts Receivable,HTS wired comm.,12030 - HTS Wired Comm. AR (1393),,
417,12020 HTS Unwired Comm. AR (1391),12020,,,,12,Current Assets,Accounts Receivable,HTS unwired comm.,12020 - HTS Unwired Comm. AR (1391),,
439,12030 HTS Wired Comm. AR (1393),12030,,,,3,Current Assets,Accounts Receivable,HTS wired comm.,12030 - HTS Wired Comm. AR (1393),,
512,12040 Ticket Comm. AR,12040,,,,7,Current Assets,Accounts Receivable,Ticket comm.,12040 - Ticket Comm. AR,,
521,12005 UW Agency Accounts Receivable,12005,,,,12,Current Assets,Accounts Receivable,UW agency accounts receivable,12005 - UW Agency Accounts Receivable,,
439,12030 HTS Wired Comm. AR (1393),12030,,,,5,Current Assets,Accounts Receivable,HTS wired comm.,12030 - HTS Wired Comm. AR (1393),,
224,12500 Allowance for Doubtful Accounts,12500,,,,10,Current Assets,Accounts Receivable,Allowance for doubtful accounts,12500 - Allowance for Doubtful Accounts,,
465,12099 Suspense (OLD),12099,,,,1,Current Assets,Accounts Receivable,Suspense,12099 - Suspense (OLD),,
439,12030 HTS Wired Comm. AR (1393),12030,,,,12,Current Assets,Accounts Receivable,HTS wired comm.,12030 - HTS Wired Comm. AR (1393),,
494,12010 HTS Admin Fee AR,12010,,,,7,Current Assets,Accounts Receivable,HTS admin fee,12010 - HTS Admin Fee AR,,
464,12090 Trade AR,12090,,,,9,Current Assets,Accounts Receivable,Trade receivable,12090 - Trade AR,,
465,12099 Suspense (OLD),12099,,,,7,Current Assets,Accounts Receivable,Suspense,12099 - Suspense (OLD),,
464,12090 Trade AR,12090,,,,5,Current Assets,Accounts Receivable,Trade receivable,12090 - Trade AR,,
417,12020 HTS Unwired Comm. AR (1391),12020,,,,9,Current Assets,Accounts Receivable,HTS unwired comm.,12020 - HTS Unwired Comm. AR (1391),,
475,12002 Contra A/R,12002,,,,10,Current Assets,Accounts Receivable,Contra A/R,12002 - Contra A/R,,
570,12021 HTS Unwired Commission AR - Invoice Item,12021,,,,10,Current Assets,Accounts Receivable,HTS unwired comm.,12021 - HTS Unwired Commission AR - Invoice Item,,
569,12011 HTS Unwired Admin Fee AR - Invoice Item,12011,,,,6,Current Assets,Accounts Receivable,HTS admin fee,12011 - HTS Unwired Admin Fee AR - Invoice Item,,
569,12011 HTS Unwired Admin Fee AR - Invoice Item,12011,,,,12,Current Assets,Accounts Receivable,HTS admin fee,12011 - HTS Unwired Admin Fee AR - Invoice Item,,
475,12002 Contra A/R,12002,,,,5,Current Assets,Accounts Receivable,Contra A/R,12002 - Contra A/R,,
569,12011 HTS Unwired Admin Fee AR - Invoice Item,12011,,,,10,Current Assets,Accounts Receivable,HTS admin fee,12011 - HTS Unwired Admin Fee AR - Invoice Item,,
475,12002 Contra A/R,12002,,,,7,Current Assets,Accounts Receivable,Contra A/R,12002 - Contra A/R,,
570,12021 HTS Unwired Commission AR - Invoice Item,12021,,,,12,Current Assets,Accounts Receivable,HTS unwired comm.,12021 - HTS Unwired Commission AR - Invoice Item,,
570,12021 HTS Unwired Commission AR - Invoice Item,12021,,,,5,Current Assets,Accounts Receivable,HTS unwired comm.,12021 - HTS Unwired Commission AR - Invoice Item,,
570,12021 HTS Unwired Commission AR - Invoice Item,12021,,,,1,Current Assets,Accounts Receivable,HTS unwired comm.,12021 - HTS Unwired Commission AR - Invoice Item,,
570,12021 HTS Unwired Commission AR - Invoice Item,12021,,,,6,Current Assets,Accounts Receivable,HTS unwired comm.,12021 - HTS Unwired Commission AR - Invoice Item,,
475,12002 Contra A/R,12002,,,,9,Current Assets,Accounts Receivable,Contra A/R,12002 - Contra A/R,,
569,12011 HTS Unwired Admin Fee AR - Invoice Item,12011,,,,1,Current Assets,Accounts Receivable,HTS admin fee,12011 - HTS Unwired Admin Fee AR - Invoice Item,,
570,12021 HTS Unwired Commission AR - Invoice Item,12021,,,,9,Current Assets,Accounts Receivable,HTS unwired comm.,12021 - HTS Unwired Commission AR - Invoice Item,,
475,12002 Contra A/R,12002,,,,3,Current Assets,Accounts Receivable,Contra A/R,12002 - Contra A/R,,
475,12002 Contra A/R,12002,,,,12,Current Assets,Accounts Receivable,Contra A/R,12002 - Contra A/R,,
569,12011 HTS Unwired Admin Fee AR - Invoice Item,12011,,,,7,Current Assets,Accounts Receivable,HTS admin fee,12011 - HTS Unwired Admin Fee AR - Invoice Item,,
569,12011 HTS Unwired Admin Fee AR - Invoice Item,12011,,,,5,Current Assets,Accounts Receivable,HTS admin fee,12011 - HTS Unwired Admin Fee AR - Invoice Item,,
475,12002 Contra A/R,12002,,,,1,Current Assets,Accounts Receivable,Contra A/R,12002 - Contra A/R,,
569,12011 HTS Unwired Admin Fee AR - Invoice Item,12011,,,,9,Current Assets,Accounts Receivable,HTS admin fee,12011 - HTS Unwired Admin Fee AR - Invoice Item,,
570,12021 HTS Unwired Commission AR - Invoice Item,12021,,,,3,Current Assets,Accounts Receivable,HTS unwired comm.,12021 - HTS Unwired Commission AR - Invoice Item,,
570,12021 HTS Unwired Commission AR - Invoice Item,12021,,,,7,Current Assets,Accounts Receivable,HTS unwired comm.,12021 - HTS Unwired Commission AR - Invoice Item,,
569,12011 HTS Unwired Admin Fee AR - Invoice Item,12011,,,,3,Current Assets,Accounts Receivable,HTS admin fee,12011 - HTS Unwired Admin Fee AR - Invoice Item,,
475,12002 Contra A/R,12002,,,,6,Current Assets,Accounts Receivable,Contra A/R,12002 - Contra A/R,,
510,12150 Unbilled Ticket Receivable,12150,,,,5,Current Assets,Accounts Receivable,Unbilled ticket receivable,12150 - Unbilled Ticket Receivable,,
510,12150 Unbilled Ticket Receivable,12150,,,,12,Current Assets,Accounts Receivable,Unbilled ticket receivable,12150 - Unbilled Ticket Receivable,,
223,12100 Unbilled & Other Receivables,12100,,,,3,Current Assets,Accounts Receivable,Unbilled & other receivables,12100 - Unbilled & Other Receivables,,
510,12150 Unbilled Ticket Receivable,12150,,,,1,Current Assets,Accounts Receivable,Unbilled ticket receivable,12150 - Unbilled Ticket Receivable,,
510,12150 Unbilled Ticket Receivable,12150,,,,10,Current Assets,Accounts Receivable,Unbilled ticket receivable,12150 - Unbilled Ticket Receivable,,
510,12150 Unbilled Ticket Receivable,12150,,,,6,Current Assets,Accounts Receivable,Unbilled ticket receivable,12150 - Unbilled Ticket Receivable,,
223,12100 Unbilled & Other Receivables,12100,,,,5,Current Assets,Accounts Receivable,Unbilled & other receivables,12100 - Unbilled & Other Receivables,,
510,12150 Unbilled Ticket Receivable,12150,,,,7,Current Assets,Accounts Receivable,Unbilled ticket receivable,12150 - Unbilled Ticket Receivable,,
223,12100 Unbilled & Other Receivables,12100,,,,6,Current Assets,Accounts Receivable,Unbilled & other receivables,12100 - Unbilled & Other Receivables,,
223,12100 Unbilled & Other Receivables,12100,,,,12,Current Assets,Accounts Receivable,Unbilled & other receivables,12100 - Unbilled & Other Receivables,,
223,12100 Unbilled & Other Receivables,12100,,,,7,Current Assets,Accounts Receivable,Unbilled & other receivables,12100 - Unbilled & Other Receivables,,
510,12150 Unbilled Ticket Receivable,12150,,,,3,Current Assets,Accounts Receivable,Unbilled ticket receivable,12150 - Unbilled Ticket Receivable,,
223,12100 Unbilled & Other Receivables,12100,,,,1,Current Assets,Accounts Receivable,Unbilled & other receivables,12100 - Unbilled & Other Receivables,,
566,12006 Contingent Surplus,12006,,,,6,Current Assets,Other Current Assets,Contingent surplus,12006 - Contingent Surplus,,
235,14000 Other Current Assets,14000,,,,1,Current Assets,Other Current Assets,Other current assets,14000 - Other Current Assets,,
234,13500 Prepaid Insurance,13500,,,,7,Current Assets,Other Current Assets,Prepaid insurance,13500 - Prepaid Insurance,,
572,12004 Beginning Balance Contingent Funds,12004,,,,1,Current Assets,Other Current Assets,Beginning balance contingent funds,12004 - Beginning Balance Contingent Funds,,
568,12008 Contra-Contingent Funds (Prod. Costs),12008,,,,12,Current Assets,Other Current Assets,Contra-contingent funds,12008 - Contra-Contingent Funds (Prod. Costs),,
233,13300 Prepaid Tickets,13300,,,,12,Current Assets,Other Current Assets,Prepaid tickets,13300 - Prepaid Tickets,,
233,13300 Prepaid Tickets,13300,,,,5,Current Assets,Other Current Assets,Prepaid tickets,13300 - Prepaid Tickets,,
235,14000 Other Current Assets,14000,,,,7,Current Assets,Other Current Assets,Other current assets,14000 - Other Current Assets,,
232,13200 Prepaid Reimbursed Expenses,13200,,,,12,Current Assets,Other Current Assets,Prepaid reimbursed expenses,13200 - Prepaid Reimbursed Expenses,,
568,12008 Contra-Contingent Funds (Prod. Costs),12008,,,,5,Current Assets,Other Current Assets,Contra-contingent funds,12008 - Contra-Contingent Funds (Prod. Costs),,
572,12004 Beginning Balance Contingent Funds,12004,,,,9,Current Assets,Other Current Assets,Beginning balance contingent funds,12004 - Beginning Balance Contingent Funds,,
566,12006 Contingent Surplus,12006,,,,9,Current Assets,Other Current Assets,Contingent surplus,12006 - Contingent Surplus,,
235,14000 Other Current Assets,14000,,,,12,Current Assets,Other Current Assets,Other current assets,14000 - Other Current Assets,,
231,13100 Prepaid Rights Fees,13100,,,,3,Current Assets,Other Current Assets,Prepaid rights fees,13100 - Prepaid Rights Fees,,
566,12006 Contingent Surplus,12006,,,,12,Current Assets,Other Current Assets,Contingent surplus,12006 - Contingent Surplus,,
230,13000 Prepaid Expenses,13000,,,,7,Current Assets,Other Current Assets,Prepaid expenses,13000 - Prepaid Expenses,,
232,13200 Prepaid Reimbursed Expenses,13200,,,,1,Current Assets,Other Current Assets,Prepaid reimbursed expenses,13200 - Prepaid Reimbursed Expenses,,
232,13200 Prepaid Reimbursed Expenses,13200,,,,6,Current Assets,Other Current Assets,Prepaid reimbursed expenses,13200 - Prepaid Reimbursed Expenses,,
566,12006 Contingent Surplus,12006,,,,3,Current Assets,Other Current Assets,Contingent surplus,12006 - Contingent Surplus,,
230,13000 Prepaid Expenses,13000,,,,6,Current Assets,Other Current Assets,Prepaid expenses,13000 - Prepaid Expenses,,
232,13200 Prepaid Reimbursed Expenses,13200,,,,5,Current Assets,Other Current Assets,Prepaid reimbursed expenses,13200 - Prepaid Reimbursed Expenses,,
231,13100 Prepaid Rights Fees,13100,,,,10,Current Assets,Other Current Assets,Prepaid rights fees,13100 - Prepaid Rights Fees,,
567,12007 Contingent Deficit,12007,,,,6,Current Assets,Other Current Assets,Contingent deficit,12007 - Contingent Deficit,,
567,12007 Contingent Deficit,12007,,,,5,Current Assets,Other Current Assets,Contingent deficit,12007 - Contingent Deficit,,
231,13100 Prepaid Rights Fees,13100,,,,5,Current Assets,Other Current Assets,Prepaid rights fees,13100 - Prepaid Rights Fees,,
233,13300 Prepaid Tickets,13300,,,,9,Current Assets,Other Current Assets,Prepaid tickets,13300 - Prepaid Tickets,,
568,12008 Contra-Contingent Funds (Prod. Costs),12008,,,,3,Current Assets,Other Current Assets,Contra-contingent funds,12008 - Contra-Contingent Funds (Prod. Costs),,
231,13100 Prepaid Rights Fees,13100,,,,12,Current Assets,Other Current Assets,Prepaid rights fees,13100 - Prepaid Rights Fees,,
572,12004 Beginning Balance Contingent Funds,12004,,,,10,Current Assets,Other Current Assets,Beginning balance contingent funds,12004 - Beginning Balance Contingent Funds,,
234,13500 Prepaid Insurance,13500,,,,1,Current Assets,Other Current Assets,Prepaid insurance,13500 - Prepaid Insurance,,
566,12006 Contingent Surplus,12006,,,,5,Current Assets,Other Current Assets,Contingent surplus,12006 - Contingent Surplus,,
566,12006 Contingent Surplus,12006,,,,7,Current Assets,Other Current Assets,Contingent surplus,12006 - Contingent Surplus,,
568,12008 Contra-Contingent Funds (Prod. Costs),12008,,,,6,Current Assets,Other Current Assets,Contra-contingent funds,12008 - Contra-Contingent Funds (Prod. Costs),,
122,12999 Undeposited Funds,12999,,,,12,Current Assets,Other Current Assets,Undeposited funds,12999 - Undeposited Funds,,
233,13300 Prepaid Tickets,13300,,,,1,Current Assets,Other Current Assets,Prepaid tickets,13300 - Prepaid Tickets,,
231,13100 Prepaid Rights Fees,13100,,,,1,Current Assets,Other Current Assets,Prepaid rights fees,13100 - Prepaid Rights Fees,,
567,12007 Contingent Deficit,12007,,,,7,Current Assets,Other Current Assets,Contingent deficit,12007 - Contingent Deficit,,
566,12006 Contingent Surplus,12006,,,,10,Current Assets,Other Current Assets,Contingent surplus,12006 - Contingent Surplus,,
122,12999 Undeposited Funds,12999,,,,6,Current Assets,Other Current Assets,Undeposited funds,12999 - Undeposited Funds,,
572,12004 Beginning Balance Contingent Funds,12004,,,,12,Current Assets,Other Current Assets,Beginning balance contingent funds,12004 - Beginning Balance Contingent Funds,,
568,12008 Contra-Contingent Funds (Prod. Costs),12008,,,,10,Current Assets,Other Current Assets,Contra-contingent funds,12008 - Contra-Contingent Funds (Prod. Costs),,
572,12004 Beginning Balance Contingent Funds,12004,,,,7,Current Assets,Other Current Assets,Beginning balance contingent funds,12004 - Beginning Balance Contingent Funds,,
566,12006 Contingent Surplus,12006,,,,1,Current Assets,Other Current Assets,Contingent surplus,12006 - Contingent Surplus,,
234,13500 Prepaid Insurance,13500,,,,10,Current Assets,Other Current Assets,Prepaid insurance,13500 - Prepaid Insurance,,
234,13500 Prepaid Insurance,13500,,,,12,Current Assets,Other Current Assets,Prepaid insurance,13500 - Prepaid Insurance,,
233,13300 Prepaid Tickets,13300,,,,10,Current Assets,Other Current Assets,Prepaid tickets,13300 - Prepaid Tickets,,
567,12007 Contingent Deficit,12007,,,,12,Current Assets,Other Current Assets,Contingent deficit,12007 - Contingent Deficit,,
572,12004 Beginning Balance Contingent Funds,12004,,,,6,Current Assets,Other Current Assets,Beginning balance contingent funds,12004 - Beginning Balance Contingent Funds,,
230,13000 Prepaid Expenses,13000,,,,5,Current Assets,Other Current Assets,Prepaid expenses,13000 - Prepaid Expenses,,
568,12008 Contra-Contingent Funds (Prod. Costs),12008,,,,9,Current Assets,Other Current Assets,Contra-contingent funds,12008 - Contra-Contingent Funds (Prod. Costs),,
567,12007 Contingent Deficit,12007,,,,9,Current Assets,Other Current Assets,Contingent deficit,12007 - Contingent Deficit,,
235,14000 Other Current Assets,14000,,,,5,Current Assets,Other Current Assets,Other current assets,14000 - Other Current Assets,,
233,13300 Prepaid Tickets,13300,,,,6,Current Assets,Other Current Assets,Prepaid tickets,13300 - Prepaid Tickets,,
235,14000 Other Current Assets,14000,,,,6,Current Assets,Other Current Assets,Other current assets,14000 - Other Current Assets,,
567,12007 Contingent Deficit,12007,,,,1,Current Assets,Other Current Assets,Contingent deficit,12007 - Contingent Deficit,,
568,12008 Contra-Contingent Funds (Prod. Costs),12008,,,,1,Current Assets,Other Current Assets,Contra-contingent funds,12008 - Contra-Contingent Funds (Prod. Costs),,
230,13000 Prepaid Expenses,13000,,,,10,Current Assets,Other Current Assets,Prepaid expenses,13000 - Prepaid Expenses,,
122,12999 Undeposited Funds,12999,,,,1,Current Assets,Other Current Assets,Undeposited funds,12999 - Undeposited Funds,,
122,12999 Undeposited Funds,12999,,,,5,Current Assets,Other Current Assets,Undeposited funds,12999 - Undeposited Funds,,
572,12004 Beginning Balance Contingent Funds,12004,,,,3,Current Assets,Other Current Assets,Beginning balance contingent funds,12004 - Beginning Balance Contingent Funds,,
567,12007 Contingent Deficit,12007,,,,3,Current Assets,Other Current Assets,Contingent deficit,12007 - Contingent Deficit,,
235,14000 Other Current Assets,14000,,,,3,Current Assets,Other Current Assets,Other current assets,14000 - Other Current Assets,,
235,14000 Other Current Assets,14000,,,,10,Current Assets,Other Current Assets,Other current assets,14000 - Other Current Assets,,
234,13500 Prepaid Insurance,13500,,,,6,Current Assets,Other Current Assets,Prepaid insurance,13500 - Prepaid Insurance,,
234,13500 Prepaid Insurance,13500,,,,5,Current Assets,Other Current Assets,Prepaid insurance,13500 - Prepaid Insurance,,
231,13100 Prepaid Rights Fees,13100,,,,7,Current Assets,Other Current Assets,Prepaid rights fees,13100 - Prepaid Rights Fees,,
572,12004 Beginning Balance Contingent Funds,12004,,,,5,Current Assets,Other Current Assets,Beginning balance contingent funds,12004 - Beginning Balance Contingent Funds,,
232,13200 Prepaid Reimbursed Expenses,13200,,,,10,Current Assets,Other Current Assets,Prepaid reimbursed expenses,13200 - Prepaid Reimbursed Expenses,,
230,13000 Prepaid Expenses,13000,,,,12,Current Assets,Other Current Assets,Prepaid expenses,13000 - Prepaid Expenses,,
122,12999 Undeposited Funds,12999,,,,10,Current Assets,Other Current Assets,Undeposited funds,12999 - Undeposited Funds,,
567,12007 Contingent Deficit,12007,,,,10,Current Assets,Other Current Assets,Contingent deficit,12007 - Contingent Deficit,,
231,13100 Prepaid Rights Fees,13100,,,,9,Current Assets,Other Current Assets,Prepaid rights fees,13100 - Prepaid Rights Fees,,
233,13300 Prepaid Tickets,13300,,,,7,Current Assets,Other Current Assets,Prepaid tickets,13300 - Prepaid Tickets,,
568,12008 Contra-Contingent Funds (Prod. Costs),12008,,,,7,Current Assets,Other Current Assets,Contra-contingent funds,12008 - Contra-Contingent Funds (Prod. Costs),,
119,12000 Accounts Receivable,12000,,,,3,Current Assets,Accounts Receivable,Trade receivable,12000 - Accounts Receivable,,
450,12850 Intercompany Receivable,12850,,,,2,Current Assets,Accounts Receivable,Intercompany receivable,12850 - Intercompany Receivable,,
450,12850 Intercompany Receivable,12850,,,,10,Current Assets,Accounts Receivable,Intercompany receivable,12850 - Intercompany Receivable,,
119,12000 Accounts Receivable,12000,,,,10,Current Assets,Accounts Receivable,Trade receivable,12000 - Accounts Receivable,,
439,12030 HTS Wired Comm. AR (1393),12030,,,,2,Current Assets,Accounts Receivable,HTS wired comm.,12030 - HTS Wired Comm. AR (1393),,
450,12850 Intercompany Receivable,12850,,,,3,Current Assets,Accounts Receivable,Intercompany receivable,12850 - Intercompany Receivable,,
224,12500 Allowance for Doubtful Accounts,12500,,,,2,Current Assets,Accounts Receivable,Allowance for doubtful accounts,12500 - Allowance for Doubtful Accounts,,
521,12005 UW Agency Accounts Receivable,12005,,,,2,Current Assets,Accounts Receivable,UW agency accounts receivable,12005 - UW Agency Accounts Receivable,,
119,12000 Accounts Receivable,12000,,,,5,Current Assets,Accounts Receivable,Trade receivable,12000 - Accounts Receivable,,
450,12850 Intercompany Receivable,12850,,,,7,Current Assets,Accounts Receivable,Intercompany receivable,12850 - Intercompany Receivable,,
119,12000 Accounts Receivable,12000,,,,9,Current Assets,Accounts Receivable,Trade receivable,12000 - Accounts Receivable,,
119,12000 Accounts Receivable,12000,,,,2,Current Assets,Accounts Receivable,Trade receivable,12000 - Accounts Receivable,,
465,12099 Suspense (OLD),12099,,,,2,Current Assets,Accounts Receivable,Suspense,12099 - Suspense (OLD),,
417,12020 HTS Unwired Comm. AR (1391),12020,,,,2,Current Assets,Accounts Receivable,HTS unwired comm.,12020 - HTS Unwired Comm. AR (1391),,
450,12850 Intercompany Receivable,12850,,,,9,Current Assets,Accounts Receivable,Intercompany receivable,12850 - Intercompany Receivable,,
512,12040 Ticket Comm. AR,12040,,,,2,Current Assets,Accounts Receivable,Ticket comm.,12040 - Ticket Comm. AR,,
464,12090 Trade AR,12090,,,,2,Current Assets,Accounts Receivable,Trade receivable,12090 - Trade AR,,
450,12850 Intercompany Receivable,12850,,,,6,Current Assets,Accounts Receivable,Intercompany receivable,12850 - Intercompany Receivable,,
494,12010 HTS Admin Fee AR,12010,,,,2,Current Assets,Accounts Receivable,HTS admin fee,12010 - HTS Admin Fee AR,,
521,12005 UW Agency Accounts Receivable,12005,,,,9,Current Assets,Accounts Receivable,UW agency accounts receivable,12005 - UW Agency Accounts Receivable,,
224,12500 Allowance for Doubtful Accounts,12500,,,,9,Current Assets,Accounts Receivable,Allowance for doubtful accounts,12500 - Allowance for Doubtful Accounts,,
475,12002 Contra A/R,12002,,,,2,Current Assets,Accounts Receivable,Contra A/R,12002 - Contra A/R,,
569,12011 HTS Unwired Admin Fee AR - Invoice Item,12011,,,,2,Current Assets,Accounts Receivable,HTS admin fee,12011 - HTS Unwired Admin Fee AR - Invoice Item,,
570,12021 HTS Unwired Commission AR - Invoice Item,12021,,,,2,Current Assets,Accounts Receivable,HTS unwired comm.,12021 - HTS Unwired Commission AR - Invoice Item,,
223,12100 Unbilled & Other Receivables,12100,,,,2,Current Assets,Accounts Receivable,Unbilled & other receivables,12100 - Unbilled & Other Receivables,,
510,12150 Unbilled Ticket Receivable,12150,,,,2,Current Assets,Accounts Receivable,Unbilled ticket receivable,12150 - Unbilled Ticket Receivable,,
223,12100 Unbilled & Other Receivables,12100,,,,9,Current Assets,Accounts Receivable,Unbilled & other receivables,12100 - Unbilled & Other Receivables,,
223,12100 Unbilled & Other Receivables,12100,,,,10,Current Assets,Accounts Receivable,Unbilled & other receivables,12100 - Unbilled & Other Receivables,,
510,12150 Unbilled Ticket Receivable,12150,,,,9,Current Assets,Accounts Receivable,Unbilled ticket receivable,12150 - Unbilled Ticket Receivable,,
484,10230 BTH Bank,10230,,,,2,Current Assets,Cash and cash equivalents,Bth bank,10230 - BTH Bank,,
503,10051 BoA Event Dynamic Clearing,10051,,,,2,Current Assets,Cash and cash equivalents,BoA event dynamic clearing,10051 - BoA Event Dynamic Clearing,,
552,10420 Chase Platinum Business Checking (New),10420,,,,9,Current Assets,Cash and cash equivalents,Chase platinum business checking,10420 - Chase Platinum Business Checking (New),,
504,10060 BoA Premier Partnerships,10060,,,,2,Current Assets,Cash and cash equivalents,BoA premier partnerships,10060 - BoA Premier Partnerships,,
468,10040 BoA SS Media,10040,,,,2,Current Assets,Cash and cash equivalents,BoA ss media,10040 - BoA SS Media,,
220,10210 Comm Bank of Texas Clearing Checking,10210,,,,2,Current Assets,Cash and cash equivalents,Comm bank of texas clearing checking,10210 - Comm Bank of Texas Clearing Checking,,
466,10310 Univest Bank Capex Reserve,10310,,,,3,Current Assets,Cash and cash equivalents,Univest bank capex reserve,10310 - Univest Bank Capex Reserve,,
218,10100 Key Bank Interest Reserve,10100,,,,2,Current Assets,Cash and cash equivalents,Key bank interest reserve,10100 - Key Bank Interest Reserve,,
580,10080 BoA Evolution Sports Rights Ltd,10080,,,,2,Current Assets,Cash and cash equivalents,BoA evolution sports rights LTD,10080 - BoA Evolution Sports Rights Ltd,,
485,10240 BTH Bank Clearing,10240,,,,2,Current Assets,Cash and cash equivalents,Bth bank clearing,10240 - BTH Bank Clearing,,
457,10030 BoA RSN Payables Account,10030,,,,2,Current Assets,Cash and cash equivalents,BoA rsn payables account,10030 - BoA RSN Payables Account,,
215,10000 BoA Corporate Operating Account,10000,,,,2,Current Assets,Cash and cash equivalents,BoA corporate operating account,10000 - BoA Corporate Operating Account,,
507,10510 1st Century Bank (USC),10510,,,,2,Current Assets,Cash and cash equivalents,1st century bank,10510 - 1st Century Bank (USC),,
219,10200 Comm Bank of Texas Oper Checking,10200,,,,2,Current Assets,Cash and cash equivalents,Comm bank of texas oper checking,10200 - Comm Bank of Texas Oper Checking,,
476,10400 Chase Platinum Business Checking,10400,,,,5,Current Assets,Cash and cash equivalents,Chase platinum business checking,10400 - Chase Platinum Business Checking,,
216,10010 BoA Field Operating Account,10010,,,,2,Current Assets,Cash and cash equivalents,BoA field operating account,10010 - BoA Field Operating Account,,
486,10250 BTH Bank MM,10250,,,,2,Current Assets,Cash and cash equivalents,Bth bank mm,10250 - BTH Bank MM,,
550,10610 First Horizon Money Market,10610,,,,2,Current Assets,Cash and cash equivalents,First horizon money market,10610 - First Horizon Money Market,,
517,10070 BoA Vision Sports Properties,10070,,,,2,Current Assets,Cash and cash equivalents,BoA vision sports properties,10070 - BoA Vision Sports Properties,,
514,10410 Chase Platinum Business Checking WMT,10410,,,,2,Current Assets,Cash and cash equivalents,Chase platinum business checking wmt,10410 - Chase Platinum Business Checking WMT,,
502,10050 BoA Event Dynamic Operating,10050,,,,2,Current Assets,Cash and cash equivalents,BoA event dynamic operating,10050 - BoA Event Dynamic Operating,,
505,10500 1st Century Bank,10500,,,,2,Current Assets,Cash and cash equivalents,1st century bank,10500 - 1st Century Bank,,
458,10300 Univest Bank Loan & Deposits,10300,,,,3,Current Assets,Cash and cash equivalents,Univest bank loan & deposits,10300 - Univest Bank Loan & Deposits,,
217,10020 BoA Receipts Account,10020,,,,2,Current Assets,Cash and cash equivalents,BoA receipts account,10020 - BoA Receipts Account,,
549,10600 First Horizon Checking,10600,,,,2,Current Assets,Cash and cash equivalents,First horizon checking,10600 - First Horizon Checking,,
582,10090 BoA SOH Canada Limited,10090,,,,10,Current Assets,Cash and cash equivalents,Boa soh canada limited,10090 - BoA SOH Canada Limited,,
483,10220 Comm Bank of Texas Clearing Savings,10220,,,,2,Current Assets,Cash and cash equivalents,Comm bank of texas clearing savings,10220 - Comm Bank of Texas Clearing Savings,,
467,10320 Univest Bank Principal & Interest,10320,,,,3,Current Assets,Cash and cash equivalents,Univest bank principal & interest,10320 - Univest Bank Principal & Interest,,
231,13100 Prepaid Rights Fees,13100,,,,2,Current Assets,Other Current Assets,Prepaid rights fees,13100 - Prepaid Rights Fees,,
122,12999 Undeposited Funds,12999,,,,3,Current Assets,Other Current Assets,Undeposited funds,12999 - Undeposited Funds,,
235,14000 Other Current Assets,14000,,,,9,Current Assets,Other Current Assets,Other current assets,14000 - Other Current Assets,,
572,12004 Beginning Balance Contingent Funds,12004,,,,2,Current Assets,Other Current Assets,Beginning balance contingent funds,12004 - Contingent Funds : Beginning Balance Contingent Funds,,
234,13500 Prepaid Insurance,13500,,,,3,Current Assets,Other Current Assets,Prepaid insurance,13500 - Prepaid Insurance,,
233,13300 Prepaid Tickets,13300,,,,2,Current Assets,Other Current Assets,Prepaid tickets,13300 - Prepaid Tickets,,
567,12007 Contingent Deficit,12007,,,,2,Current Assets,Other Current Assets,Contingent deficit,12007 - Contingent Funds : Contingent Deficit,,
122,12999 Undeposited Funds,12999,,,,9,Current Assets,Other Current Assets,Undeposited funds,12999 - Undeposited Funds,,
122,12999 Undeposited Funds,12999,,,,2,Current Assets,Other Current Assets,Undeposited funds,12999 - Undeposited Funds,,
234,13500 Prepaid Insurance,13500,,,,2,Current Assets,Other Current Assets,Prepaid insurance,13500 - Prepaid Insurance,,
232,13200 Prepaid Reimbursed Expenses,13200,,,,3,Current Assets,Other Current Assets,Prepaid reimbursed expenses,13200 - Prepaid Reimbursed Expenses,,
235,14000 Other Current Assets,14000,,,,2,Current Assets,Other Current Assets,Other current assets,14000 - Other Current Assets,,
230,13000 Prepaid Expenses,13000,,,,9,Current Assets,Other Current Assets,Prepaid expenses,13000 - Prepaid Expenses,,
234,13500 Prepaid Insurance,13500,,,,9,Current Assets,Other Current Assets,Prepaid insurance,13500 - Prepaid Insurance,,
230,13000 Prepaid Expenses,13000,,,,3,Current Assets,Other Current Assets,Prepaid expenses,13000 - Prepaid Expenses,,
232,13200 Prepaid Reimbursed Expenses,13200,,,,2,Current Assets,Other Current Assets,Prepaid reimbursed expenses,13200 - Prepaid Reimbursed Expenses,,
566,12006 Contingent Surplus,12006,,,,2,Current Assets,Other Current Assets,Contingent surplus,12006 - Contingent Funds : Contingent Surplus,,
568,12008 Contra-Contingent Funds (Prod. Costs),12008,,,,2,Current Assets,Other Current Assets,Contra-contingent funds,12008 - Contingent Funds : Contra-Contingent Funds (Prod. Costs),,
232,13200 Prepaid Reimbursed Expenses,13200,,,,9,Current Assets,Other Current Assets,Prepaid reimbursed expenses,13200 - Prepaid Reimbursed Expenses,,
231,13100 Prepaid Rights Fees,13100,,,,6,Current Assets,Other Current Assets,Prepaid rights fees,13100 - Prepaid Rights Fees,,
122,12999 Undeposited Funds,12999,,,,7,Current Assets,Other Current Assets,Undeposited funds,12999 - Undeposited Funds,,
230,13000 Prepaid Expenses,13000,,,,1,Current Assets,Other Current Assets,Prepaid expenses,13000 - Prepaid Expenses,,
233,13300 Prepaid Tickets,13300,,,,3,Current Assets,Other Current Assets,Prepaid tickets,13300 - Prepaid Tickets,,
232,13200 Prepaid Reimbursed Expenses,13200,,,,7,Current Assets,Other Current Assets,Prepaid reimbursed expenses,13200 - Prepaid Reimbursed Expenses,,
247,16900 Lease Assets,16900,,,,6,Non-Current Assets,Other Assets,Other Long Term Assets,Lease assets,16900 - Lease Assets,
251,18000 Accumulated Amortization-Goodwill,18000,,,,7,Non-Current Assets,Other Assets,Other Long Term Assets,Accumulated depreciation,18000 - Accumulated Amortization-Goodwill,
252,18100 Accumulated Amortization-Contract Acquisition Costs,18100,,,,5,Non-Current Assets,Other Assets,Other Long Term Assets,Accumulated depreciation,18100 - Accumulated Amortization-Contract Acquisition Costs,
228,"12820 Intercompany - PF/22 Cassatt, LLC",12820,,,,1,Non-Current Assets,Other Assets,Other Long Term Assets,Intercompany,"12820 - Intercompany - PF/22 Cassatt, LLC",
254,19100 Other Non-Current Assets,19100,,,,1,Non-Current Assets,Other Assets,Other Long Term Assets,Other non-current assets,19100 - Other Non-Current Assets,
480,19001 Accumulated Amortization-Upfront Rights Fees,19001,,,,6,Non-Current Assets,Other Assets,Other Long Term Assets,Accumulated depreciation,19001 - Accumulated Amortization-Upfront Rights Fees,
489,17200 Other Intangible Assets,17200,,,,12,Non-Current Assets,Other Assets,Other Long Term Assets,Other intangible assets,17200 - Other Intangible Assets,
249,17000 Goodwill,17000,,,,3,Non-Current Assets,Other Assets,Other Long Term Assets,Goodwill,17000 - Goodwill,
472,17001 Trade Name,17001,,,,7,Non-Current Assets,Other Assets,Other Long Term Assets,Trade name,17001 - Trade Name,
252,18100 Accumulated Amortization-Contract Acquisition Costs,18100,,,,3,Non-Current Assets,Other Assets,Other Long Term Assets,Accumulated depreciation,18100 - Accumulated Amortization-Contract Acquisition Costs,
229,12830 Intercompany - FOX,12830,,,,6,Non-Current Assets,Other Assets,Other Long Term Assets,Intercompany,12830 - Intercompany - FOX,
250,17100 Contract Acquisition Costs,17100,,,,9,Non-Current Assets,Other Assets,Other Long Term Assets,Contract acquisition costs,17100 - Contract Acquisition Costs,
254,19100 Other Non-Current Assets,19100,,,,3,Non-Current Assets,Other Assets,Other Long Term Assets,Other non-current assets,19100 - Other Non-Current Assets,
489,17200 Other Intangible Assets,17200,,,,7,Non-Current Assets,Other Assets,Other Long Term Assets,Other intangible assets,17200 - Other Intangible Assets,
226,12801 Intercompany - Outfront,12801,,,,1,Non-Current Assets,Other Assets,Other Long Term Assets,Intercompany,12801 - Intercompany - Outfront,
247,16900 Lease Assets,16900,,,,12,Non-Current Assets,Other Assets,Other Long Term Assets,Lease assets,16900 - Lease Assets,
226,12801 Intercompany - Outfront,12801,,,,9,Non-Current Assets,Other Assets,Other Long Term Assets,Intercompany,12801 - Intercompany - Outfront,
252,18100 Accumulated Amortization-Contract Acquisition Costs,18100,,,,12,Non-Current Assets,Other Assets,Other Long Term Assets,Accumulated depreciation,18100 - Accumulated Amortization-Contract Acquisition Costs,
247,16900 Lease Assets,16900,,,,9,Non-Current Assets,Other Assets,Other Long Term Assets,Lease assets,16900 - Lease Assets,
248,16910 Accumulated Amortization-Lease Assets,16910,,,,1,Non-Current Assets,Other Assets,Other Long Term Assets,Accumulated depreciation,16910 - Accumulated Amortization-Lease Assets,
255,19800 Investment in Subsidiary,19800,,,,10,Non-Current Assets,Other Assets,Other Long Term Assets,Investment in subsidiary,19800 - Investment in Subsidiary,
490,18200 Accumulated Amortization-Other Intangible Assets,18200,,,,6,Non-Current Assets,Other Assets,Other Long Term Assets,Accumulated depreciation,18200 - Accumulated Amortization-Other Intangible Assets,
472,17001 Trade Name,17001,,,,10,Non-Current Assets,Other Assets,Other Long Term Assets,Trade name,17001 - Trade Name,
515,12840 Intercompany - PF/WMT,12840,,,,7,Non-Current Assets,Other Assets,Other Long Term Assets,Intercompany,12840 - Intercompany - PF/WMT,
473,18001 Accumulated Amortization-Trade Name,18001,,,,3,Non-Current Assets,Other Assets,Other Long Term Assets,Accumulated depreciation,18001 - Accumulated Amortization-Trade Name,
477,17002 Customer Relationships,17002,,,,6,Non-Current Assets,Other Assets,Other Long Term Assets,Customer relationships,17002 - Customer Relationships,
530,12199 Suspense,12199,,,,12,Non-Current Assets,Other Assets,Other Long Term Assets,Suspense,12199 - Suspense,
250,17100 Contract Acquisition Costs,17100,,,,1,Non-Current Assets,Other Assets,Other Long Term Assets,Contract acquisition costs,17100 - Contract Acquisition Costs,
473,18001 Accumulated Amortization-Trade Name,18001,,,,10,Non-Current Assets,Other Assets,Other Long Term Assets,Accumulated depreciation,18001 - Accumulated Amortization-Trade Name,
248,16910 Accumulated Amortization-Lease Assets,16910,,,,9,Non-Current Assets,Other Assets,Other Long Term Assets,Accumulated depreciation,16910 - Accumulated Amortization-Lease Assets,
530,12199 Suspense,12199,,,,6,Non-Current Assets,Other Assets,Other Long Term Assets,Suspense,12199 - Suspense,
478,18002 Accumulated Amortization-Customer Relationships,18002,,,,7,Non-Current Assets,Other Assets,Other Long Term Assets,Accumulated depreciation,18002 - Accumulated Amortization-Customer Relationships,
253,19000 Prepaid Rights Fees - Long Term,19000,,,,1,Non-Current Assets,Other Assets,Other Long Term Assets,Prepaid rights fees - long term,19000 - Prepaid Rights Fees - Long Term,
254,19100 Other Non-Current Assets,19100,,,,10,Non-Current Assets,Other Assets,Other Long Term Assets,Other non-current assets,19100 - Other Non-Current Assets,
254,19100 Other Non-Current Assets,19100,,,,5,Non-Current Assets,Other Assets,Other Long Term Assets,Other non-current assets,19100 - Other Non-Current Assets,
255,19800 Investment in Subsidiary,19800,,,,1,Non-Current Assets,Other Assets,Other Long Term Assets,Investment in subsidiary,19800 - Investment in Subsidiary,
255,19800 Investment in Subsidiary,19800,,,,5,Non-Current Assets,Other Assets,Other Long Term Assets,Investment in subsidiary,19800 - Investment in Subsidiary,
489,17200 Other Intangible Assets,17200,,,,10,Non-Current Assets,Other Assets,Other Long Term Assets,Other intangible assets,17200 - Other Intangible Assets,
251,18000 Accumulated Amortization-Goodwill,18000,,,,5,Non-Current Assets,Other Assets,Other Long Term Assets,Accumulated depreciation,18000 - Accumulated Amortization-Goodwill,
250,17100 Contract Acquisition Costs,17100,,,,7,Non-Current Assets,Other Assets,Other Long Term Assets,Contract acquisition costs,17100 - Contract Acquisition Costs,
228,"12820 Intercompany - PF/22 Cassatt, LLC",12820,,,,10,Non-Current Assets,Other Assets,Other Long Term Assets,Intercompany,"12820 - Intercompany - PF/22 Cassatt, LLC",
249,17000 Goodwill,17000,,,,10,Non-Current Assets,Other Assets,Other Long Term Assets,Goodwill,17000 - Goodwill,
490,18200 Accumulated Amortization-Other Intangible Assets,18200,,,,1,Non-Current Assets,Other Assets,Other Long Term Assets,Accumulated depreciation,18200 - Accumulated Amortization-Other Intangible Assets,
490,18200 Accumulated Amortization-Other Intangible Assets,18200,,,,10,Non-Current Assets,Other Assets,Other Long Term Assets,Accumulated depreciation,18200 - Accumulated Amortization-Other Intangible Assets,
248,16910 Accumulated Amortization-Lease Assets,16910,,,,7,Non-Current Assets,Other Assets,Other Long Term Assets,Accumulated depreciation,16910 - Accumulated Amortization-Lease Assets,
253,19000 Prepaid Rights Fees - Long Term,19000,,,,3,Non-Current Assets,Other Assets,Other Long Term Assets,Prepaid rights fees - long term,19000 - Prepaid Rights Fees - Long Term,
229,12830 Intercompany - FOX,12830,,,,5,Non-Current Assets,Other Assets,Other Long Term Assets,Intercompany,12830 - Intercompany - FOX,
226,12801 Intercompany - Outfront,12801,,,,5,Non-Current Assets,Other Assets,Other Long Term Assets,Intercompany,12801 - Intercompany - Outfront,
250,17100 Contract Acquisition Costs,17100,,,,12,Non-Current Assets,Other Assets,Other Long Term Assets,Contract acquisition costs,17100 - Contract Acquisition Costs,
252,18100 Accumulated Amortization-Contract Acquisition Costs,18100,,,,10,Non-Current Assets,Other Assets,Other Long Term Assets,Accumulated depreciation,18100 - Accumulated Amortization-Contract Acquisition Costs,
253,19000 Prepaid Rights Fees - Long Term,19000,,,,6,Non-Current Assets,Other Assets,Other Long Term Assets,Prepaid rights fees - long term,19000 - Prepaid Rights Fees - Long Term,
480,19001 Accumulated Amortization-Upfront Rights Fees,19001,,,,3,Non-Current Assets,Other Assets,Other Long Term Assets,Accumulated depreciation,19001 - Accumulated Amortization-Upfront Rights Fees,
478,18002 Accumulated Amortization-Customer Relationships,18002,,,,6,Non-Current Assets,Other Assets,Other Long Term Assets,Accumulated depreciation,18002 - Accumulated Amortization-Customer Relationships,
472,17001 Trade Name,17001,,,,6,Non-Current Assets,Other Assets,Other Long Term Assets,Trade name,17001 - Trade Name,
229,12830 Intercompany - FOX,12830,,,,12,Non-Current Assets,Other Assets,Other Long Term Assets,Intercompany,12830 - Intercompany - FOX,
478,18002 Accumulated Amortization-Customer Relationships,18002,,,,1,Non-Current Assets,Other Assets,Other Long Term Assets,Accumulated depreciation,18002 - Accumulated Amortization-Customer Relationships,
229,12830 Intercompany - FOX,12830,,,,10,Non-Current Assets,Other Assets,Other Long Term Assets,Intercompany,12830 - Intercompany - FOX,
477,17002 Customer Relationships,17002,,,,3,Non-Current Assets,Other Assets,Other Long Term Assets,Customer relationships,17002 - Customer Relationships,
253,19000 Prepaid Rights Fees - Long Term,19000,,,,7,Non-Current Assets,Other Assets,Other Long Term Assets,Prepaid rights fees - long term,19000 - Prepaid Rights Fees - Long Term,
253,19000 Prepaid Rights Fees - Long Term,19000,,,,9,Non-Current Assets,Other Assets,Other Long Term Assets,Prepaid rights fees - long term,19000 - Prepaid Rights Fees - Long Term,
472,17001 Trade Name,17001,,,,9,Non-Current Assets,Other Assets,Other Long Term Assets,Trade name,17001 - Trade Name,
247,16900 Lease Assets,16900,,,,3,Non-Current Assets,Other Assets,Other Long Term Assets,Lease assets,16900 - Lease Assets,
253,19000 Prepaid Rights Fees - Long Term,19000,,,,5,Non-Current Assets,Other Assets,Other Long Term Assets,Prepaid rights fees - long term,19000 - Prepaid Rights Fees - Long Term,
248,16910 Accumulated Amortization-Lease Assets,16910,,,,6,Non-Current Assets,Other Assets,Other Long Term Assets,Accumulated depreciation,16910 - Accumulated Amortization-Lease Assets,
248,16910 Accumulated Amortization-Lease Assets,16910,,,,3,Non-Current Assets,Other Assets,Other Long Term Assets,Accumulated depreciation,16910 - Accumulated Amortization-Lease Assets,
249,17000 Goodwill,17000,,,,7,Non-Current Assets,Other Assets,Other Long Term Assets,Goodwill,17000 - Goodwill,
228,"12820 Intercompany - PF/22 Cassatt, LLC",12820,,,,12,Non-Current Assets,Other Assets,Other Long Term Assets,Intercompany,"12820 - Intercompany - PF/22 Cassatt, LLC",
489,17200 Other Intangible Assets,17200,,,,1,Non-Current Assets,Other Assets,Other Long Term Assets,Other intangible assets,17200 - Other Intangible Assets,
477,17002 Customer Relationships,17002,,,,9,Non-Current Assets,Other Assets,Other Long Term Assets,Customer relationships,17002 - Customer Relationships,
252,18100 Accumulated Amortization-Contract Acquisition Costs,18100,,,,1,Non-Current Assets,Other Assets,Other Long Term Assets,Accumulated depreciation,18100 - Accumulated Amortization-Contract Acquisition Costs,
228,"12820 Intercompany - PF/22 Cassatt, LLC",12820,,,,9,Non-Current Assets,Other Assets,Other Long Term Assets,Intercompany,"12820 - Intercompany - PF/22 Cassatt, LLC",
248,16910 Accumulated Amortization-Lease Assets,16910,,,,10,Non-Current Assets,Other Assets,Other Long Term Assets,Accumulated depreciation,16910 - Accumulated Amortization-Lease Assets,
477,17002 Customer Relationships,17002,,,,7,Non-Current Assets,Other Assets,Other Long Term Assets,Customer relationships,17002 - Customer Relationships,
478,18002 Accumulated Amortization-Customer Relationships,18002,,,,10,Non-Current Assets,Other Assets,Other Long Term Assets,Accumulated depreciation,18002 - Accumulated Amortization-Customer Relationships,
472,17001 Trade Name,17001,,,,12,Non-Current Assets,Other Assets,Other Long Term Assets,Trade name,17001 - Trade Name,
255,19800 Investment in Subsidiary,19800,,,,6,Non-Current Assets,Other Assets,Other Long Term Assets,Investment in subsidiary,19800 - Investment in Subsidiary,
515,12840 Intercompany - PF/WMT,12840,,,,1,Non-Current Assets,Other Assets,Other Long Term Assets,Intercompany,12840 - Intercompany - PF/WMT,
247,16900 Lease Assets,16900,,,,1,Non-Current Assets,Other Assets,Other Long Term Assets,Lease assets,16900 - Lease Assets,
473,18001 Accumulated Amortization-Trade Name,18001,,,,6,Non-Current Assets,Other Assets,Other Long Term Assets,Accumulated depreciation,18001 - Accumulated Amortization-Trade Name,
490,18200 Accumulated Amortization-Other Intangible Assets,18200,,,,7,Non-Current Assets,Other Assets,Other Long Term Assets,Accumulated depreciation,18200 - Accumulated Amortization-Other Intangible Assets,
490,18200 Accumulated Amortization-Other Intangible Assets,18200,,,,12,Non-Current Assets,Other Assets,Other Long Term Assets,Accumulated depreciation,18200 - Accumulated Amortization-Other Intangible Assets,
489,17200 Other Intangible Assets,17200,,,,3,Non-Current Assets,Other Assets,Other Long Term Assets,Other intangible assets,17200 - Other Intangible Assets,
489,17200 Other Intangible Assets,17200,,,,6,Non-Current Assets,Other Assets,Other Long Term Assets,Other intangible assets,17200 - Other Intangible Assets,
255,19800 Investment in Subsidiary,19800,,,,3,Non-Current Assets,Other Assets,Other Long Term Assets,Investment in subsidiary,19800 - Investment in Subsidiary,
252,18100 Accumulated Amortization-Contract Acquisition Costs,18100,,,,6,Non-Current Assets,Other Assets,Other Long Term Assets,Accumulated depreciation,18100 - Accumulated Amortization-Contract Acquisition Costs,
228,"12820 Intercompany - PF/22 Cassatt, LLC",12820,,,,7,Non-Current Assets,Other Assets,Other Long Term Assets,Intercompany,"12820 - Intercompany - PF/22 Cassatt, LLC",
515,12840 Intercompany - PF/WMT,12840,,,,12,Non-Current Assets,Other Assets,Other Long Term Assets,Intercompany,12840 - Intercompany - PF/WMT,
480,19001 Accumulated Amortization-Upfront Rights Fees,19001,,,,9,Non-Current Assets,Other Assets,Other Long Term Assets,Accumulated depreciation,19001 - Accumulated Amortization-Upfront Rights Fees,
254,19100 Other Non-Current Assets,19100,,,,12,Non-Current Assets,Other Assets,Other Long Term Assets,Other non-current assets,19100 - Other Non-Current Assets,
477,17002 Customer Relationships,17002,,,,1,Non-Current Assets,Other Assets,Other Long Term Assets,Customer relationships,17002 - Customer Relationships,
228,"12820 Intercompany - PF/22 Cassatt, LLC",12820,,,,5,Non-Current Assets,Other Assets,Other Long Term Assets,Intercompany,"12820 - Intercompany - PF/22 Cassatt, LLC",
515,12840 Intercompany - PF/WMT,12840,,,,3,Non-Current Assets,Other Assets,Other Long Term Assets,Intercompany,12840 - Intercompany - PF/WMT,
478,18002 Accumulated Amortization-Customer Relationships,18002,,,,3,Non-Current Assets,Other Assets,Other Long Term Assets,Accumulated depreciation,18002 - Accumulated Amortization-Customer Relationships,
247,16900 Lease Assets,16900,,,,7,Non-Current Assets,Other Assets,Other Long Term Assets,Lease assets,16900 - Lease Assets,
252,18100 Accumulated Amortization-Contract Acquisition Costs,18100,,,,9,Non-Current Assets,Other Assets,Other Long Term Assets,Accumulated depreciation,18100 - Accumulated Amortization-Contract Acquisition Costs,
490,18200 Accumulated Amortization-Other Intangible Assets,18200,,,,3,Non-Current Assets,Other Assets,Other Long Term Assets,Accumulated depreciation,18200 - Accumulated Amortization-Other Intangible Assets,
255,19800 Investment in Subsidiary,19800,,,,7,Non-Current Assets,Other Assets,Other Long Term Assets,Investment in subsidiary,19800 - Investment in Subsidiary,
226,12801 Intercompany - Outfront,12801,,,,6,Non-Current Assets,Other Assets,Other Long Term Assets,Intercompany,12801 - Intercompany - Outfront,
530,12199 Suspense,12199,,,,5,Non-Current Assets,Other Assets,Other Long Term Assets,Suspense,12199 - Suspense,
530,12199 Suspense,12199,,,,1,Non-Current Assets,Other Assets,Other Long Term Assets,Suspense,12199 - Suspense,
249,17000 Goodwill,17000,,,,6,Non-Current Assets,Other Assets,Other Long Term Assets,Goodwill,17000 - Goodwill,
473,18001 Accumulated Amortization-Trade Name,18001,,,,12,Non-Current Assets,Other Assets,Other Long Term Assets,Accumulated depreciation,18001 - Accumulated Amortization-Trade Name,
251,18000 Accumulated Amortization-Goodwill,18000,,,,3,Non-Current Assets,Other Assets,Other Long Term Assets,Accumulated depreciation,18000 - Accumulated Amortization-Goodwill,
515,12840 Intercompany - PF/WMT,12840,,,,10,Non-Current Assets,Other Assets,Other Long Term Assets,Intercompany,12840 - Intercompany - PF/WMT,
226,12801 Intercompany - Outfront,12801,,,,7,Non-Current Assets,Other Assets,Other Long Term Assets,Intercompany,12801 - Intercompany - Outfront,
229,12830 Intercompany - FOX,12830,,,,3,Non-Current Assets,Other Assets,Other Long Term Assets,Intercompany,12830 - Intercompany - FOX,
247,16900 Lease Assets,16900,,,,10,Non-Current Assets,Other Assets,Other Long Term Assets,Lease assets,16900 - Lease Assets,
477,17002 Customer Relationships,17002,,,,10,Non-Current Assets,Other Assets,Other Long Term Assets,Customer relationships,17002 - Customer Relationships,
473,18001 Accumulated Amortization-Trade Name,18001,,,,5,Non-Current Assets,Other Assets,Other Long Term Assets,Accumulated depreciation,18001 - Accumulated Amortization-Trade Name,
226,12801 Intercompany - Outfront,12801,,,,10,Non-Current Assets,Other Assets,Other Long Term Assets,Intercompany,12801 - Intercompany - Outfront,
229,12830 Intercompany - FOX,12830,,,,1,Non-Current Assets,Other Assets,Other Long Term Assets,Intercompany,12830 - Intercompany - FOX,
250,17100 Contract Acquisition Costs,17100,,,,3,Non-Current Assets,Other Assets,Other Long Term Assets,Contract acquisition costs,17100 - Contract Acquisition Costs,
480,19001 Accumulated Amortization-Upfront Rights Fees,19001,,,,12,Non-Current Assets,Other Assets,Other Long Term Assets,Accumulated depreciation,19001 - Accumulated Amortization-Upfront Rights Fees,
250,17100 Contract Acquisition Costs,17100,,,,5,Non-Current Assets,Other Assets,Other Long Term Assets,Contract acquisition costs,17100 - Contract Acquisition Costs,
255,19800 Investment in Subsidiary,19800,,,,12,Non-Current Assets,Other Assets,Other Long Term Assets,Investment in subsidiary,19800 - Investment in Subsidiary,
248,16910 Accumulated Amortization-Lease Assets,16910,,,,12,Non-Current Assets,Other Assets,Other Long Term Assets,Accumulated depreciation,16910 - Accumulated Amortization-Lease Assets,
254,19100 Other Non-Current Assets,19100,,,,6,Non-Current Assets,Other Assets,Other Long Term Assets,Other non-current assets,19100 - Other Non-Current Assets,
249,17000 Goodwill,17000,,,,1,Non-Current Assets,Other Assets,Other Long Term Assets,Goodwill,17000 - Goodwill,
480,19001 Accumulated Amortization-Upfront Rights Fees,19001,,,,7,Non-Current Assets,Other Assets,Other Long Term Assets,Accumulated depreciation,19001 - Accumulated Amortization-Upfront Rights Fees,
478,18002 Accumulated Amortization-Customer Relationships,18002,,,,9,Non-Current Assets,Other Assets,Other Long Term Assets,Accumulated depreciation,18002 - Accumulated Amortization-Customer Relationships,
473,18001 Accumulated Amortization-Trade Name,18001,,,,7,Non-Current Assets,Other Assets,Other Long Term Assets,Accumulated depreciation,18001 - Accumulated Amortization-Trade Name,
228,"12820 Intercompany - PF/22 Cassatt, LLC",12820,,,,6,Non-Current Assets,Other Assets,Other Long Term Assets,Intercompany,"12820 - Intercompany - PF/22 Cassatt, LLC",
229,12830 Intercompany - FOX,12830,,,,9,Non-Current Assets,Other Assets,Other Long Term Assets,Intercompany,12830 - Intercompany - FOX,
478,18002 Accumulated Amortization-Customer Relationships,18002,,,,12,Non-Current Assets,Other Assets,Other Long Term Assets,Accumulated depreciation,18002 - Accumulated Amortization-Customer Relationships,
229,12830 Intercompany - FOX,12830,,,,7,Non-Current Assets,Other Assets,Other Long Term Assets,Intercompany,12830 - Intercompany - FOX,
480,19001 Accumulated Amortization-Upfront Rights Fees,19001,,,,5,Non-Current Assets,Other Assets,Other Long Term Assets,Accumulated depreciation,19001 - Accumulated Amortization-Upfront Rights Fees,
478,18002 Accumulated Amortization-Customer Relationships,18002,,,,5,Non-Current Assets,Other Assets,Other Long Term Assets,Accumulated depreciation,18002 - Accumulated Amortization-Customer Relationships,
250,17100 Contract Acquisition Costs,17100,,,,10,Non-Current Assets,Other Assets,Other Long Term Assets,Contract acquisition costs,17100 - Contract Acquisition Costs,
254,19100 Other Non-Current Assets,19100,,,,7,Non-Current Assets,Other Assets,Other Long Term Assets,Other non-current assets,19100 - Other Non-Current Assets,
472,17001 Trade Name,17001,,,,3,Non-Current Assets,Other Assets,Other Long Term Assets,Trade name,17001 - Trade Name,
515,12840 Intercompany - PF/WMT,12840,,,,6,Non-Current Assets,Other Assets,Other Long Term Assets,Intercompany,12840 - Intercompany - PF/WMT,
530,12199 Suspense,12199,,,,7,Non-Current Assets,Other Assets,Other Long Term Assets,Suspense,12199 - Suspense,
477,17002 Customer Relationships,17002,,,,5,Non-Current Assets,Other Assets,Other Long Term Assets,Customer relationships,17002 - Customer Relationships,
473,18001 Accumulated Amortization-Trade Name,18001,,,,9,Non-Current Assets,Other Assets,Other Long Term Assets,Accumulated depreciation,18001 - Accumulated Amortization-Trade Name,
251,18000 Accumulated Amortization-Goodwill,18000,,,,6,Non-Current Assets,Other Assets,Other Long Term Assets,Accumulated depreciation,18000 - Accumulated Amortization-Goodwill,
253,19000 Prepaid Rights Fees - Long Term,19000,,,,12,Non-Current Assets,Other Assets,Other Long Term Assets,Prepaid rights fees - long term,19000 - Prepaid Rights Fees - Long Term,
251,18000 Accumulated Amortization-Goodwill,18000,,,,10,Non-Current Assets,Other Assets,Other Long Term Assets,Accumulated depreciation,18000 - Accumulated Amortization-Goodwill,
248,16910 Accumulated Amortization-Lease Assets,16910,,,,5,Non-Current Assets,Other Assets,Other Long Term Assets,Accumulated depreciation,16910 - Accumulated Amortization-Lease Assets,
252,18100 Accumulated Amortization-Contract Acquisition Costs,18100,,,,7,Non-Current Assets,Other Assets,Other Long Term Assets,Accumulated depreciation,18100 - Accumulated Amortization-Contract Acquisition Costs,
472,17001 Trade Name,17001,,,,5,Non-Current Assets,Other Assets,Other Long Term Assets,Trade name,17001 - Trade Name,
250,17100 Contract Acquisition Costs,17100,,,,6,Non-Current Assets,Other Assets,Other Long Term Assets,Contract acquisition costs,17100 - Contract Acquisition Costs,
251,18000 Accumulated Amortization-Goodwill,18000,,,,12,Non-Current Assets,Other Assets,Other Long Term Assets,Accumulated depreciation,18000 - Accumulated Amortization-Goodwill,
477,17002 Customer Relationships,17002,,,,12,Non-Current Assets,Other Assets,Other Long Term Assets,Customer relationships,17002 - Customer Relationships,
530,12199 Suspense,12199,,,,3,Non-Current Assets,Other Assets,Other Long Term Assets,Suspense,12199 - Suspense,
247,16900 Lease Assets,16900,,,,5,Non-Current Assets,Other Assets,Other Long Term Assets,Lease assets,16900 - Lease Assets,
226,12801 Intercompany - Outfront,12801,,,,12,Non-Current Assets,Other Assets,Other Long Term Assets,Intercompany,12801 - Intercompany - Outfront,
249,17000 Goodwill,17000,,,,12,Non-Current Assets,Other Assets,Other Long Term Assets,Goodwill,17000 - Goodwill,
473,18001 Accumulated Amortization-Trade Name,18001,,,,1,Non-Current Assets,Other Assets,Other Long Term Assets,Accumulated depreciation,18001 - Accumulated Amortization-Trade Name,
480,19001 Accumulated Amortization-Upfront Rights Fees,19001,,,,1,Non-Current Assets,Other Assets,Other Long Term Assets,Accumulated depreciation,19001 - Accumulated Amortization-Upfront Rights Fees,
226,12801 Intercompany - Outfront,12801,,,,3,Non-Current Assets,Other Assets,Other Long Term Assets,Intercompany,12801 - Intercompany - Outfront,
251,18000 Accumulated Amortization-Goodwill,18000,,,,1,Non-Current Assets,Other Assets,Other Long Term Assets,Accumulated depreciation,18000 - Accumulated Amortization-Goodwill,
472,17001 Trade Name,17001,,,,1,Non-Current Assets,Other Assets,Other Long Term Assets,Trade name,17001 - Trade Name,
305,53200 Custom Research,53200,,,,12,COGS,Custom research,53200 - Custom Research,,,
305,53200 Custom Research,53200,,,,1,COGS,Custom research,53200 - Custom Research,,,
305,53200 Custom Research,53200,,,,6,COGS,Custom research,53200 - Custom Research,,,
305,53200 Custom Research,53200,,,,7,COGS,Custom research,53200 - Custom Research,,,
305,53200 Custom Research,53200,,,,10,COGS,Custom research,53200 - Custom Research,,,
305,53200 Custom Research,53200,,,,3,COGS,Custom research,53200 - Custom Research,,,
305,53200 Custom Research,53200,,,,5,COGS,Custom research,53200 - Custom Research,,,
520,52105 Equipment,52105,,,,1,COGS,Equipment,52105 - Equipment,,,
520,52105 Equipment,52105,,,,5,COGS,Equipment,52105 - Equipment,,,
520,52105 Equipment,52105,,,,3,COGS,Equipment,52105 - Equipment,,,
520,52105 Equipment,52105,,,,6,COGS,Equipment,52105 - Equipment,,,
520,52105 Equipment,52105,,,,7,COGS,Equipment,52105 - Equipment,,,
520,52105 Equipment,52105,,,,9,COGS,Equipment,52105 - Equipment,,,
520,52105 Equipment,52105,,,,12,COGS,Equipment,52105 - Equipment,,,
520,52105 Equipment,52105,,,,10,COGS,Equipment,52105 - Equipment,,,
306,54000 Independent Contractors / Talent,54000,,,,5,COGS,Independent contractors / talent,54000 - Independent Contractors / Talent,,,
306,54000 Independent Contractors / Talent,54000,,,,6,COGS,Independent contractors / talent,54000 - Independent Contractors / Talent,,,
306,54000 Independent Contractors / Talent,54000,,,,3,COGS,Independent contractors / talent,54000 - Independent Contractors / Talent,,,
306,54000 Independent Contractors / Talent,54000,,,,10,COGS,Independent contractors / talent,54000 - Independent Contractors / Talent,,,
306,54000 Independent Contractors / Talent,54000,,,,7,COGS,Independent contractors / talent,54000 - Independent Contractors / Talent,,,
306,54000 Independent Contractors / Talent,54000,,,,1,COGS,Independent contractors / talent,54000 - Independent Contractors / Talent,,,
306,54000 Independent Contractors / Talent,54000,,,,12,COGS,Independent contractors / talent,54000 - Independent Contractors / Talent,,,
433,52400 League Costs,52400,,,,12,COGS,League costs,52400 - League Costs,,,
433,52400 League Costs,52400,,,,6,COGS,League costs,52400 - League Costs,,,
433,52400 League Costs,52400,,,,5,COGS,League costs,52400 - League Costs,,,
433,52400 League Costs,52400,,,,7,COGS,League costs,52400 - League Costs,,,
433,52400 League Costs,52400,,,,1,COGS,League costs,52400 - League Costs,,,
433,52400 League Costs,52400,,,,3,COGS,League costs,52400 - League Costs,,,
433,52400 League Costs,52400,,,,9,COGS,League costs,52400 - League Costs,,,
304,53100 Nielsen Research,53100,,,,1,COGS,Nielsen research,53100 - Nielsen Research,,,
304,53100 Nielsen Research,53100,,,,7,COGS,Nielsen research,53100 - Nielsen Research,,,
304,53100 Nielsen Research,53100,,,,5,COGS,Nielsen research,53100 - Nielsen Research,,,
304,53100 Nielsen Research,53100,,,,3,COGS,Nielsen research,53100 - Nielsen Research,,,
304,53100 Nielsen Research,53100,,,,12,COGS,Nielsen research,53100 - Nielsen Research,,,
304,53100 Nielsen Research,53100,,,,9,COGS,Nielsen research,53100 - Nielsen Research,,,
304,53100 Nielsen Research,53100,,,,6,COGS,Nielsen research,53100 - Nielsen Research,,,
304,53100 Nielsen Research,53100,,,,10,COGS,Nielsen research,53100 - Nielsen Research,,,
445,52160 Other Contract Fulfillment,52160,,,,5,COGS,Other contract fulfillment,52160 - Other Contract Fulfillment,,,
445,52160 Other Contract Fulfillment,52160,,,,3,COGS,Other contract fulfillment,52160 - Other Contract Fulfillment,,,
445,52160 Other Contract Fulfillment,52160,,,,7,COGS,Other contract fulfillment,52160 - Other Contract Fulfillment,,,
445,52160 Other Contract Fulfillment,52160,,,,9,COGS,Other contract fulfillment,52160 - Other Contract Fulfillment,,,
445,52160 Other Contract Fulfillment,52160,,,,1,COGS,Other contract fulfillment,52160 - Other Contract Fulfillment,,,
445,52160 Other Contract Fulfillment,52160,,,,6,COGS,Other contract fulfillment,52160 - Other Contract Fulfillment,,,
445,52160 Other Contract Fulfillment,52160,,,,12,COGS,Other contract fulfillment,52160 - Other Contract Fulfillment,,,
309,59000 Other Direct Costs,59000,,,,1,COGS,Other direct costs,59000 - Other Direct Costs,,,
309,59000 Other Direct Costs,59000,,,,12,COGS,Other direct costs,59000 - Other Direct Costs,,,
309,59000 Other Direct Costs,59000,,,,3,COGS,Other direct costs,59000 - Other Direct Costs,,,
309,59000 Other Direct Costs,59000,,,,7,COGS,Other direct costs,59000 - Other Direct Costs,,,
449,52240 Other Hospitality,52240,,,,6,COGS,Other hospitality,52240 - Other Hospitality,,,
449,52240 Other Hospitality,52240,,,,12,COGS,Other hospitality,52240 - Other Hospitality,,,
449,52240 Other Hospitality,52240,,,,3,COGS,Other hospitality,52240 - Other Hospitality,,,
449,52240 Other Hospitality,52240,,,,10,COGS,Other hospitality,52240 - Other Hospitality,,,
449,52240 Other Hospitality,52240,,,,5,COGS,Other hospitality,52240 - Other Hospitality,,,
449,52240 Other Hospitality,52240,,,,9,COGS,Other hospitality,52240 - Other Hospitality,,,
449,52240 Other Hospitality,52240,,,,1,COGS,Other hospitality,52240 - Other Hospitality,,,
449,52240 Other Hospitality,52240,,,,7,COGS,Other hospitality,52240 - Other Hospitality,,,
447,52220 Post Season,52220,,,,3,COGS,Post season,52220 - Post Season,,,
447,52220 Post Season,52220,,,,5,COGS,Post season,52220 - Post Season,,,
447,52220 Post Season,52220,,,,12,COGS,Post season,52220 - Post Season,,,
447,52220 Post Season,52220,,,,6,COGS,Post season,52220 - Post Season,,,
447,52220 Post Season,52220,,,,9,COGS,Post season,52220 - Post Season,,,
447,52220 Post Season,52220,,,,10,COGS,Post season,52220 - Post Season,,,
447,52220 Post Season,52220,,,,7,COGS,Post season,52220 - Post Season,,,
447,52220 Post Season,52220,,,,1,COGS,Post season,52220 - Post Season,,,
442,52130 Print,52130,,,,10,COGS,Print,52130 - Print,,,
442,52130 Print,52130,,,,7,COGS,Print,52130 - Print,,,
442,52130 Print,52130,,,,12,COGS,Print,52130 - Print,,,
442,52130 Print,52130,,,,9,COGS,Print,52130 - Print,,,
442,52130 Print,52130,,,,1,COGS,Print,52130 - Print,,,
442,52130 Print,52130,,,,5,COGS,Print,52130 - Print,,,
442,52130 Print,52130,,,,3,COGS,Print,52130 - Print,,,
442,52130 Print,52130,,,,6,COGS,Print,52130 - Print,,,
441,52120 Radio,52120,,,,5,COGS,Radio,52120 - Radio,,,
441,52120 Radio,52120,,,,9,COGS,Radio,52120 - Radio,,,
441,52120 Radio,52120,,,,10,COGS,Radio,52120 - Radio,,,
441,52120 Radio,52120,,,,7,COGS,Radio,52120 - Radio,,,
441,52120 Radio,52120,,,,12,COGS,Radio,52120 - Radio,,,
441,52120 Radio,52120,,,,3,COGS,Radio,52120 - Radio,,,
441,52120 Radio,52120,,,,6,COGS,Radio,52120 - Radio,,,
441,52120 Radio,52120,,,,1,COGS,Radio,52120 - Radio,,,
446,52210 Regular Season,52210,,,,6,COGS,Regular season,52210 - Regular Season,,,
446,52210 Regular Season,52210,,,,10,COGS,Regular season,52210 - Regular Season,,,
446,52210 Regular Season,52210,,,,12,COGS,Regular season,52210 - Regular Season,,,
446,52210 Regular Season,52210,,,,5,COGS,Regular season,52210 - Regular Season,,,
446,52210 Regular Season,52210,,,,1,COGS,Regular season,52210 - Regular Season,,,
446,52210 Regular Season,52210,,,,7,COGS,Regular season,52210 - Regular Season,,,
446,52210 Regular Season,52210,,,,9,COGS,Regular season,52210 - Regular Season,,,
446,52210 Regular Season,52210,,,,3,COGS,Regular season,52210 - Regular Season,,,
299,50000 Rights Fees Expense,50000,,,,9,COGS,Rights fees expense,50000 - Rights Fees Expense,,,
299,50000 Rights Fees Expense,50000,,,,3,COGS,Rights fees expense,50000 - Rights Fees Expense,,,
299,50000 Rights Fees Expense,50000,,,,12,COGS,Rights fees expense,50000 - Rights Fees Expense,,,
299,50000 Rights Fees Expense,50000,,,,6,COGS,Rights fees expense,50000 - Rights Fees Expense,,,
299,50000 Rights Fees Expense,50000,,,,7,COGS,Rights fees expense,50000 - Rights Fees Expense,,,
299,50000 Rights Fees Expense,50000,,,,1,COGS,Rights fees expense,50000 - Rights Fees Expense,,,
299,50000 Rights Fees Expense,50000,,,,5,COGS,Rights fees expense,50000 - Rights Fees Expense,,,
443,52140 Signage,52140,,,,6,COGS,Signage,52140 - Signage,,,
443,52140 Signage,52140,,,,12,COGS,Signage,52140 - Signage,,,
443,52140 Signage,52140,,,,3,COGS,Signage,52140 - Signage,,,
443,52140 Signage,52140,,,,1,COGS,Signage,52140 - Signage,,,
443,52140 Signage,52140,,,,5,COGS,Signage,52140 - Signage,,,
443,52140 Signage,52140,,,,7,COGS,Signage,52140 - Signage,,,
448,52230 Special Events,52230,,,,7,COGS,Special events,52230 - Special Events,,,
448,52230 Special Events,52230,,,,3,COGS,Special events,52230 - Special Events,,,
448,52230 Special Events,52230,,,,12,COGS,Special events,52230 - Special Events,,,
448,52230 Special Events,52230,,,,9,COGS,Special events,52230 - Special Events,,,
448,52230 Special Events,52230,,,,6,COGS,Special events,52230 - Special Events,,,
448,52230 Special Events,52230,,,,5,COGS,Special events,52230 - Special Events,,,
448,52230 Special Events,52230,,,,1,COGS,Special events,52230 - Special Events,,,
307,54100 Talent Travel,54100,,,,7,COGS,Talent travel,54100 - Talent Travel,,,
307,54100 Talent Travel,54100,,,,12,COGS,Talent travel,54100 - Talent Travel,,,
307,54100 Talent Travel,54100,,,,5,COGS,Talent travel,54100 - Talent Travel,,,
307,54100 Talent Travel,54100,,,,1,COGS,Talent travel,54100 - Talent Travel,,,
307,54100 Talent Travel,54100,,,,3,COGS,Talent travel,54100 - Talent Travel,,,
307,54100 Talent Travel,54100,,,,6,COGS,Talent travel,54100 - Talent Travel,,,
308,55000 Third-Party Commission,55000,,,,6,COGS,Third-party commission,55000 - Third-Party Commission,,,
308,55000 Third-Party Commission,55000,,,,3,COGS,Third-party commission,55000 - Third-Party Commission,,,
308,55000 Third-Party Commission,55000,,,,12,COGS,Third-party commission,55000 - Third-Party Commission,,,
308,55000 Third-Party Commission,55000,,,,5,COGS,Third-party commission,55000 - Third-Party Commission,,,
308,55000 Third-Party Commission,55000,,,,10,COGS,Third-party commission,55000 - Third-Party Commission,,,
308,55000 Third-Party Commission,55000,,,,7,COGS,Third-party commission,55000 - Third-Party Commission,,,
308,55000 Third-Party Commission,55000,,,,1,COGS,Third-party commission,55000 - Third-Party Commission,,,
308,55000 Third-Party Commission,55000,,,,9,COGS,Third-party commission,55000 - Third-Party Commission,,,
303,52300 Ticket Fulfillment,52300,,,,7,COGS,Ticket fulfillment,52300 - Ticket Fulfillment,,,
303,52300 Ticket Fulfillment,52300,,,,6,COGS,Ticket fulfillment,52300 - Ticket Fulfillment,,,
303,52300 Ticket Fulfillment,52300,,,,12,COGS,Ticket fulfillment,52300 - Ticket Fulfillment,,,
303,52300 Ticket Fulfillment,52300,,,,1,COGS,Ticket fulfillment,52300 - Ticket Fulfillment,,,
303,52300 Ticket Fulfillment,52300,,,,5,COGS,Ticket fulfillment,52300 - Ticket Fulfillment,,,
303,52300 Ticket Fulfillment,52300,,,,3,COGS,Ticket fulfillment,52300 - Ticket Fulfillment,,,
303,52300 Ticket Fulfillment,52300,,,,10,COGS,Ticket fulfillment,52300 - Ticket Fulfillment,,,
300,51000 Trade Expense,51000,,,,1,COGS,Trade expense,51000 - Trade Expense,,,
300,51000 Trade Expense,51000,,,,9,COGS,Trade expense,51000 - Trade Expense,,,
300,51000 Trade Expense,51000,,,,7,COGS,Trade expense,51000 - Trade Expense,,,
300,51000 Trade Expense,51000,,,,3,COGS,Trade expense,51000 - Trade Expense,,,
300,51000 Trade Expense,51000,,,,6,COGS,Trade expense,51000 - Trade Expense,,,
300,51000 Trade Expense,51000,,,,12,COGS,Trade expense,51000 - Trade Expense,,,
440,52110 TV,52110,,,,10,COGS,Tv,52110 - TV,,,
440,52110 TV,52110,,,,1,COGS,Tv,52110 - TV,,,
440,52110 TV,52110,,,,9,COGS,Tv,52110 - TV,,,
440,52110 TV,52110,,,,12,COGS,Tv,52110 - TV,,,
440,52110 TV,52110,,,,3,COGS,Tv,52110 - TV,,,
440,52110 TV,52110,,,,6,COGS,Tv,52110 - TV,,,
440,52110 TV,52110,,,,7,COGS,Tv,52110 - TV,,,
440,52110 TV,52110,,,,5,COGS,Tv,52110 - TV,,,
444,52150 Web/Digital,52150,,,,3,COGS,Web/digital,52150 - Web/Digital,,,
444,52150 Web/Digital,52150,,,,7,COGS,Web/digital,52150 - Web/Digital,,,
444,52150 Web/Digital,52150,,,,1,COGS,Web/digital,52150 - Web/Digital,,,
293,42000 Consulting,42000,,,,7,COGS,Web/digital,42000 - Consulting,,,
293,42000 Consulting,42000,,,,12,COGS,Web/digital,42000 - Consulting,,,
444,52150 Web/Digital,52150,,,,12,COGS,Web/digital,52150 - Web/Digital,,,
293,42000 Consulting,42000,,,,1,COGS,Web/digital,42000 - Consulting,,,
293,42000 Consulting,42000,,,,3,COGS,Web/digital,42000 - Consulting,,,
444,52150 Web/Digital,52150,,,,10,COGS,Web/digital,52150 - Web/Digital,,,
293,42000 Consulting,42000,,,,10,COGS,Web/digital,42000 - Consulting,,,
522,36000 Minorty Interest,36000,,,,3,Equity,Shareholders' equity,Minorty interest,36000 - Minorty Interest,,
286,30000 Common Stock,30000,,,,1,Equity,Shareholders' equity,Common stock,30000 - Common Stock,,
522,36000 Minorty Interest,36000,,,,7,Equity,Shareholders' equity,Minorty interest,36000 - Minorty Interest,,
532,33100 Distributions,33100,,,,1,Equity,Shareholders' equity,Distributions,33100 - Distributions,,
522,36000 Minorty Interest,36000,,,,12,Equity,Shareholders' equity,Minorty interest,36000 - Minorty Interest,,
286,30000 Common Stock,30000,,,,9,Equity,Shareholders' equity,Common stock,30000 - Common Stock,,
532,33100 Distributions,33100,,,,12,Equity,Shareholders' equity,Distributions,33100 - Distributions,,
109,99980 Cumulative Translation Adjustment,99980,,,,9,Equity,Shareholders' equity,Cumulative translation adjustment,99980 - Cumulative Translation Adjustment,,
52,35000 Retained Earnings,35000,,,,12,Equity,Shareholders' equity,Retained earnings,35000 - Retained Earnings,,
52,35000 Retained Earnings,35000,,,,10,Equity,Shareholders' equity,Retained earnings,35000 - Retained Earnings,,
522,36000 Minorty Interest,36000,,,,10,Equity,Shareholders' equity,Minorty interest,36000 - Minorty Interest,,
109,99980 Cumulative Translation Adjustment,99980,,,,10,Equity,Shareholders' equity,Cumulative translation adjustment,99980 - Cumulative Translation Adjustment,,
522,36000 Minorty Interest,36000,,,,5,Equity,Shareholders' equity,Minorty interest,36000 - Minorty Interest,,
429,39000 Cumulative Translation Adjustment-Elimination,39000,,,,5,Equity,Shareholders' equity,Cumulative translation adjustment-elimination,39000 - Cumulative Translation Adjustment-Elimination,,
53,39999 Opening Balance,39999,,,,5,Equity,Shareholders' equity,Opening balance,39999 - Opening Balance,,
286,30000 Common Stock,30000,,,,12,Equity,Shareholders' equity,Common stock,30000 - Common Stock,,
522,36000 Minorty Interest,36000,,,,6,Equity,Shareholders' equity,Minorty interest,36000 - Minorty Interest,,
53,39999 Opening Balance,39999,,,,6,Equity,Shareholders' equity,Opening balance,39999 - Opening Balance,,
532,33100 Distributions,33100,,,,3,Equity,Shareholders' equity,Distributions,33100 - Distributions,,
429,39000 Cumulative Translation Adjustment-Elimination,39000,,,,7,Equity,Shareholders' equity,Cumulative translation adjustment-elimination,39000 - Cumulative Translation Adjustment-Elimination,,
429,39000 Cumulative Translation Adjustment-Elimination,39000,,,,3,Equity,Shareholders' equity,Cumulative translation adjustment-elimination,39000 - Cumulative Translation Adjustment-Elimination,,
522,36000 Minorty Interest,36000,,,,9,Equity,Shareholders' equity,Minorty interest,36000 - Minorty Interest,,
532,33100 Distributions,33100,,,,7,Equity,Shareholders' equity,Distributions,33100 - Distributions,,
289,33000 Additional paid in capital,33000,,,,3,Equity,Shareholders' equity,Additional paid in capital,33000 - Additional paid in capital,,
109,99980 Cumulative Translation Adjustment,99980,,,,12,Equity,Shareholders' equity,Cumulative translation adjustment,99980 - Cumulative Translation Adjustment,,
109,99980 Cumulative Translation Adjustment,99980,,,,6,Equity,Shareholders' equity,Cumulative translation adjustment,99980 - Cumulative Translation Adjustment,,
289,33000 Additional paid in capital,33000,,,,6,Equity,Shareholders' equity,Additional paid in capital,33000 - Additional paid in capital,,
286,30000 Common Stock,30000,,,,7,Equity,Shareholders' equity,Common stock,30000 - Common Stock,,
52,35000 Retained Earnings,35000,,,,1,Equity,Shareholders' equity,Retained earnings,35000 - Retained Earnings,,
286,30000 Common Stock,30000,,,,6,Equity,Shareholders' equity,Common stock,30000 - Common Stock,,
289,33000 Additional paid in capital,33000,,,,9,Equity,Shareholders' equity,Additional paid in capital,33000 - Additional paid in capital,,
532,33100 Distributions,33100,,,,9,Equity,Shareholders' equity,Distributions,33100 - Distributions,,
522,36000 Minorty Interest,36000,,,,1,Equity,Shareholders' equity,Minorty interest,36000 - Minorty Interest,,
429,39000 Cumulative Translation Adjustment-Elimination,39000,,,,1,Equity,Shareholders' equity,Cumulative translation adjustment-elimination,39000 - Cumulative Translation Adjustment-Elimination,,
429,39000 Cumulative Translation Adjustment-Elimination,39000,,,,2,Equity,Shareholders' equity,Cumulative translation adjustment-elimination,39000 - Cumulative Translation Adjustment-Elimination,,
109,99980 Cumulative Translation Adjustment,99980,,,,7,Equity,Shareholders' equity,Cumulative translation adjustment,99980 - Cumulative Translation Adjustment,,
53,39999 Opening Balance,39999,,,,1,Equity,Shareholders' equity,Opening balance,39999 - Opening Balance,,
53,39999 Opening Balance,39999,,,,10,Equity,Shareholders' equity,Opening balance,39999 - Opening Balance,,
109,99980 Cumulative Translation Adjustment,99980,,,,1,Equity,Shareholders' equity,Cumulative translation adjustment,99980 - Cumulative Translation Adjustment,,
429,39000 Cumulative Translation Adjustment-Elimination,39000,,,,12,Equity,Shareholders' equity,Cumulative translation adjustment-elimination,39000 - Cumulative Translation Adjustment-Elimination,,
289,33000 Additional paid in capital,33000,,,,7,Equity,Shareholders' equity,Additional paid in capital,33000 - Additional paid in capital,,
53,39999 Opening Balance,39999,,,,7,Equity,Shareholders' equity,Opening balance,39999 - Opening Balance,,
532,33100 Distributions,33100,,,,10,Equity,Shareholders' equity,Distributions,33100 - Distributions,,
286,30000 Common Stock,30000,,,,10,Equity,Shareholders' equity,Common stock,30000 - Common Stock,,
109,99980 Cumulative Translation Adjustment,99980,,,,3,Equity,Shareholders' equity,Cumulative translation adjustment,99980 - Cumulative Translation Adjustment,,
53,39999 Opening Balance,39999,,,,3,Equity,Shareholders' equity,Opening balance,39999 - Opening Balance,,
289,33000 Additional paid in capital,33000,,,,12,Equity,Shareholders' equity,Additional paid in capital,33000 - Additional paid in capital,,
289,33000 Additional paid in capital,33000,,,,10,Equity,Shareholders' equity,Additional paid in capital,33000 - Additional paid in capital,,
109,99980 Cumulative Translation Adjustment,99980,,,,5,Equity,Shareholders' equity,Cumulative translation adjustment,99980 - Cumulative Translation Adjustment,,
429,39000 Cumulative Translation Adjustment-Elimination,39000,,,,9,Equity,Shareholders' equity,Cumulative translation adjustment-elimination,39000 - Cumulative Translation Adjustment-Elimination,,
109,99980 Cumulative Translation Adjustment,99980,,,,2,Equity,Shareholders' equity,Cumulative translation adjustment,99980 - Cumulative Translation Adjustment,,
53,39999 Opening Balance,39999,,,,12,Equity,Shareholders' equity,Opening balance,39999 - Opening Balance,,
286,30000 Common Stock,30000,,,,5,Equity,Shareholders' equity,Common stock,30000 - Common Stock,,
52,35000 Retained Earnings,35000,,,,6,Equity,Shareholders' equity,Retained earnings,35000 - Retained Earnings,,
289,33000 Additional paid in capital,33000,,,,1,Equity,Shareholders' equity,Additional paid in capital,33000 - Additional paid in capital,,
532,33100 Distributions,33100,,,,5,Equity,Shareholders' equity,Distributions,33100 - Distributions,,
429,39000 Cumulative Translation Adjustment-Elimination,39000,,,,10,Equity,Shareholders' equity,Cumulative translation adjustment-elimination,39000 - Cumulative Translation Adjustment-Elimination,,
286,30000 Common Stock,30000,,,,3,Equity,Shareholders' equity,Common stock,30000 - Common Stock,,
532,33100 Distributions,33100,,,,6,Equity,Shareholders' equity,Distributions,33100 - Distributions,,
432,63450 Transaction Costs,63450,,,,10,Operating Expenses,Transaction costs,63450 - Transaction Costs,,,
344,63400 Professional Fees - Other,63400,,,,12,Operating Expenses,Professional fees,Other,63400 - Professional Fees - Other,,
343,63300 Legal Fees,63300,,,,12,Operating Expenses,Professional fees,Legal fees,63300 - Legal Fees,,
361,66100 Conferences/Seminars,66100,,,,10,Operating Expenses,Conferences/seminars,66100 - Conferences/Seminars,,,
338,62400 Postage,62400,,,,12,Operating Expenses,Postage,62400 - Postage,,,
354,65020 Car Rental & Ground Transportation,65020,,,,3,Operating Expenses,"Travel, meals and entertainment",Car rental & ground transportation,65020 - Car Rental & Ground Transportation,,
325,60500 Recruiting,60500,,,,3,Operating Expenses,Recruiting,60500 - Recruiting,,,
351,64500 Miscellaneous Expense,64500,,,,12,Operating Expenses,Miscellaneous expense,64500 - Miscellaneous Expense,,,
354,65020 Car Rental & Ground Transportation,65020,,,,12,Operating Expenses,"Travel, meals and entertainment",Car rental & ground transportation,65020 - Car Rental & Ground Transportation,,
516,60700 Other Employee Related Costs,60700,,,,7,Operating Expenses,Payroll related expense,Other employee related costs,60700 - Other Employee Related Costs,,
337,62350 Internet/Data,62350,,,,6,Operating Expenses,Internet/data,62350 - Internet/Data,,,
311,60010 Salaries & Wages - Overtime,60010,,,,1,Operating Expenses,Payroll related expense,Overtime,60010 - Salaries & Wages - Overtime,,
358,65300 Tickets,65300,,,,5,Operating Expenses,"Travel, meals and entertainment",Tickets,65300 - Tickets,,
322,60430 401k ER Match,60430,,,,7,Operating Expenses,Payroll related expense,401k ER match,60430 - 401k ER Match,,
330,61200 Repair & Maintenance - Building,61200,,,,10,Operating Expenses,Repair & maintenance,Building,61200 - Repair & Maintenance - Building,,
332,62000 Office Supplies & Equipment,62000,,,,1,Operating Expenses,Office supplies & equipment,62000 - Office Supplies & Equipment,,,
337,62350 Internet/Data,62350,,,,12,Operating Expenses,Internet/data,62350 - Internet/Data,,,
328,"61010 Building Service Fees, shared",61010,,,,5,Operating Expenses,"Building service fees, shared","61010 - Building Service Fees, shared",,,
345,63500 Business Licenses & Permits,63500,,,,1,Operating Expenses,Business licenses & permits,63500 - Business Licenses & Permits,,,
350,64400 Charitable Contributions,64400,,,,10,Operating Expenses,Charitable contributions,64400 - Charitable Contributions,,,
358,65300 Tickets,65300,,,,7,Operating Expenses,"Travel, meals and entertainment",Tickets,65300 - Tickets,,
353,65010 Hotel & Lodging,65010,,,,1,Operating Expenses,"Travel, meals and entertainment",Hotel & lodging,65010 - Hotel & Lodging,,
343,63300 Legal Fees,63300,,,,1,Operating Expenses,Professional fees,Legal fees,63300 - Legal Fees,,
350,64400 Charitable Contributions,64400,,,,9,Operating Expenses,Charitable contributions,64400 - Charitable Contributions,,,
362,66200 Special Events,66200,,,,7,Operating Expenses,Special events,66200 - Special Events,,,
349,64300 Bad Debt Expense,64300,,,,10,Operating Expenses,Bad debt expense,64300 - Bad Debt Expense,,,
355,65030 Mileage & Fuel,65030,,,,3,Operating Expenses,"Travel, meals and entertainment",Mileage & fuel,65030 - Mileage & Fuel,,
333,62050 Repair & Maintenance - Equipment,62050,,,,10,Operating Expenses,Repair & maintenance,Equipment,62050 - Repair & Maintenance - Equipment,,
354,65020 Car Rental & Ground Transportation,65020,,,,6,Operating Expenses,"Travel, meals and entertainment",Car rental & ground transportation,65020 - Car Rental & Ground Transportation,,
346,64000 Sales & Other Business Tax,64000,,,,3,Operating Expenses,Sales & other business tax,64000 - Sales & Other Business Tax,,,
230,13000 Prepaid Expenses,13000,,,,2,Current Assets,Other Current Assets,Prepaid expenses,13000 - Prepaid Expenses,,
254,19100 Other Non-Current Assets,19100,,,,9,Non-Current Assets,Other Assets,Other Long Term Assets,Other non-current assets,19100 - Other Non-Current Assets,
252,18100 Accumulated Amortization-Contract Acquisition Costs,18100,,,,2,Non-Current Assets,Other Assets,Other Long Term Assets,Accumulated depreciation,18100 - Accumulated Amortization-Contract Acquisition Costs,
472,17001 Trade Name,17001,,,,2,Non-Current Assets,Other Assets,Other Long Term Assets,Trade name,17001 - Trade Name,
490,18200 Accumulated Amortization-Other Intangible Assets,18200,,,,5,Non-Current Assets,Other Assets,Other Long Term Assets,Accumulated depreciation,18200 - Accumulated Amortization-Other Intangible Assets,
228,"12820 Intercompany - PF/22 Cassatt, LLC",12820,,,,3,Non-Current Assets,Other Assets,Other Long Term Assets,Intercompany,"12820 - Intercompany - PF/22 Cassatt, LLC",
229,12830 Intercompany - FOX,12830,,,,2,Non-Current Assets,Other Assets,Other Long Term Assets,Intercompany,12830 - Intercompany - FOX,
480,19001 Accumulated Amortization-Upfront Rights Fees,19001,,,,10,Non-Current Assets,Other Assets,Other Long Term Assets,Accumulated depreciation,19001 - Accumulated Amortization-Upfront Rights Fees,
249,17000 Goodwill,17000,,,,9,Non-Current Assets,Other Assets,Other Long Term Assets,Goodwill,17000 - Goodwill,
478,18002 Accumulated Amortization-Customer Relationships,18002,,,,2,Non-Current Assets,Other Assets,Other Long Term Assets,Accumulated depreciation,18002 - Accumulated Amortization-Customer Relationships,
480,19001 Accumulated Amortization-Upfront Rights Fees,19001,,,,2,Non-Current Assets,Other Assets,Other Long Term Assets,Accumulated depreciation,19001 - Accumulated Amortization-Upfront Rights Fees,
255,19800 Investment in Subsidiary,19800,,,,9,Non-Current Assets,Other Assets,Other Long Term Assets,Investment in subsidiary,19800 - Investment in Subsidiary,
490,18200 Accumulated Amortization-Other Intangible Assets,18200,,,,2,Non-Current Assets,Other Assets,Other Long Term Assets,Accumulated depreciation,18200 - Accumulated Amortization-Other Intangible Assets,
489,17200 Other Intangible Assets,17200,,,,9,Non-Current Assets,Other Assets,Other Long Term Assets,Other intangible assets,17200 - Other Intangible Assets,
490,18200 Accumulated Amortization-Other Intangible Assets,18200,,,,9,Non-Current Assets,Other Assets,Other Long Term Assets,Accumulated depreciation,18200 - Accumulated Amortization-Other Intangible Assets,
253,19000 Prepaid Rights Fees - Long Term,19000,,,,2,Non-Current Assets,Other Assets,Other Long Term Assets,Prepaid rights fees - long term,19000 - Prepaid Rights Fees - Long Term,
255,19800 Investment in Subsidiary,19800,,,,2,Non-Current Assets,Other Assets,Other Long Term Assets,Investment in subsidiary,19800 - Investment in Subsidiary,
249,17000 Goodwill,17000,,,,5,Non-Current Assets,Other Assets,Other Long Term Assets,Goodwill,17000 - Goodwill,
530,12199 Suspense,12199,,,,10,Non-Current Assets,Other Assets,Other Long Term Assets,Suspense,12199 - Suspense,
228,"12820 Intercompany - PF/22 Cassatt, LLC",12820,,,,2,Non-Current Assets,Other Assets,Other Long Term Assets,Intercompany,"12820 - Intercompany - PF/22 Cassatt, LLC",
477,17002 Customer Relationships,17002,,,,2,Non-Current Assets,Other Assets,Other Long Term Assets,Customer relationships,17002 - Customer Relationships,
248,16910 Accumulated Amortization-Lease Assets,16910,,,,2,Non-Current Assets,Other Assets,Other Long Term Assets,Accumulated depreciation,16910 - Accumulated Amortization-Lease Assets,
489,17200 Other Intangible Assets,17200,,,,5,Non-Current Assets,Other Assets,Other Long Term Assets,Other intangible assets,17200 - Other Intangible Assets,
473,18001 Accumulated Amortization-Trade Name,18001,,,,2,Non-Current Assets,Other Assets,Other Long Term Assets,Accumulated depreciation,18001 - Accumulated Amortization-Trade Name,
515,12840 Intercompany - PF/WMT,12840,,,,5,Non-Current Assets,Other Assets,Other Long Term Assets,Intercompany,12840 - Intercompany - PF/WMT,
254,19100 Other Non-Current Assets,19100,,,,2,Non-Current Assets,Other Assets,Other Long Term Assets,Other non-current assets,19100 - Other Non-Current Assets,
515,12840 Intercompany - PF/WMT,12840,,,,9,Non-Current Assets,Other Assets,Other Long Term Assets,Intercompany,12840 - Intercompany - PF/WMT,
530,12199 Suspense,12199,,,,9,Non-Current Assets,Other Assets,Other Long Term Assets,Suspense,12199 - Suspense,
249,17000 Goodwill,17000,,,,2,Non-Current Assets,Other Assets,Other Long Term Assets,Goodwill,17000 - Goodwill,
530,12199 Suspense,12199,,,,2,Non-Current Assets,Other Assets,Other Long Term Assets,Suspense,12199 - Suspense,
515,12840 Intercompany - PF/WMT,12840,,,,2,Non-Current Assets,Other Assets,Other Long Term Assets,Intercompany,12840 - Intercompany - PF/WMT,
253,19000 Prepaid Rights Fees - Long Term,19000,,,,10,Non-Current Assets,Other Assets,Other Long Term Assets,Prepaid rights fees - long term,19000 - Prepaid Rights Fees - Long Term,
251,18000 Accumulated Amortization-Goodwill,18000,,,,2,Non-Current Assets,Other Assets,Other Long Term Assets,Accumulated depreciation,18000 - Accumulated Amortization-Goodwill,
489,17200 Other Intangible Assets,17200,,,,2,Non-Current Assets,Other Assets,Other Long Term Assets,Other intangible assets,17200 - Other Intangible Assets,
250,17100 Contract Acquisition Costs,17100,,,,2,Non-Current Assets,Other Assets,Other Long Term Assets,Contract acquisition costs,17100 - Contract Acquisition Costs,
247,16900 Lease Assets,16900,,,,2,Non-Current Assets,Other Assets,Other Long Term Assets,Lease assets,16900 - Lease Assets,
226,12801 Intercompany - Outfront,12801,,,,2,Non-Current Assets,Other Assets,Other Long Term Assets,Intercompany,12801 - Intercompany - Outfront,
251,18000 Accumulated Amortization-Goodwill,18000,,,,9,Non-Current Assets,Other Assets,Other Long Term Assets,Accumulated depreciation,18000 - Accumulated Amortization-Goodwill,
305,53200 Custom Research,53200,,,,2,COGS,Custom research,53200 - Custom Research,,,
305,53200 Custom Research,53200,,,,9,COGS,Custom research,53200 - Custom Research,,,
520,52105 Equipment,52105,,,,2,COGS,Equipment,52105 - Production : Equipment,,,
306,54000 Independent Contractors / Talent,54000,,,,9,COGS,Independent contractors / talent,54000 - Independent Contractors / Talent,,,
306,54000 Independent Contractors / Talent,54000,,,,2,COGS,Independent contractors / talent,54000 - Independent Contractors / Talent,,,
433,52400 League Costs,52400,,,,10,COGS,League costs,52400 - League Costs,,,
433,52400 League Costs,52400,,,,2,COGS,League costs,52400 - League Costs,,,
304,53100 Nielsen Research,53100,,,,2,COGS,Nielsen research,53100 - Nielsen Research,,,
445,52160 Other Contract Fulfillment,52160,,,,2,COGS,Other contract fulfillment,52160 - Production : Other Contract Fulfillment,,,
445,52160 Other Contract Fulfillment,52160,,,,10,COGS,Other contract fulfillment,52160 - Production : Other Contract Fulfillment,,,
309,59000 Other Direct Costs,59000,,,,6,COGS,Other direct costs,59000 - Other Direct Costs,,,
309,59000 Other Direct Costs,59000,,,,9,COGS,Other direct costs,59000 - Other Direct Costs,,,
309,59000 Other Direct Costs,59000,,,,10,COGS,Other direct costs,59000 - Other Direct Costs,,,
309,59000 Other Direct Costs,59000,,,,2,COGS,Other direct costs,59000 - Other Direct Costs,,,
309,59000 Other Direct Costs,59000,,,,5,COGS,Other direct costs,59000 - Other Direct Costs,,,
449,52240 Other Hospitality,52240,,,,2,COGS,Other hospitality,52240 - Hospitality : Other Hospitality,,,
447,52220 Post Season,52220,,,,2,COGS,Post season,52220 - Hospitality : Post Season,,,
442,52130 Print,52130,,,,2,COGS,Print,52130 - Production : Print,,,
441,52120 Radio,52120,,,,2,COGS,Radio,52120 - Production : Radio,,,
446,52210 Regular Season,52210,,,,2,COGS,Regular season,52210 - Hospitality : Regular Season,,,
299,50000 Rights Fees Expense,50000,,,,10,COGS,Rights fees expense,50000 - Rights Fees Expense,,,
299,50000 Rights Fees Expense,50000,,,,2,COGS,Rights fees expense,50000 - Rights Fees Expense,,,
443,52140 Signage,52140,,,,9,COGS,Signage,52140 - Production : Signage,,,
443,52140 Signage,52140,,,,2,COGS,Signage,52140 - Production : Signage,,,
443,52140 Signage,52140,,,,10,COGS,Signage,52140 - Production : Signage,,,
448,52230 Special Events,52230,,,,10,COGS,Special events,52230 - Hospitality : Special Events,,,
448,52230 Special Events,52230,,,,2,COGS,Special events,52230 - Hospitality : Special Events,,,
307,54100 Talent Travel,54100,,,,10,COGS,Talent travel,54100 - Talent Travel,,,
307,54100 Talent Travel,54100,,,,2,COGS,Talent travel,54100 - Talent Travel,,,
307,54100 Talent Travel,54100,,,,9,COGS,Talent travel,54100 - Talent Travel,,,
308,55000 Third-Party Commission,55000,,,,2,COGS,Third-party commission,55000 - Third-Party Commission,,,
303,52300 Ticket Fulfillment,52300,,,,9,COGS,Ticket fulfillment,52300 - Ticket Fulfillment,,,
303,52300 Ticket Fulfillment,52300,,,,2,COGS,Ticket fulfillment,52300 - Ticket Fulfillment,,,
300,51000 Trade Expense,51000,,,,10,COGS,Trade expense,51000 - Trade Expense,,,
300,51000 Trade Expense,51000,,,,2,COGS,Trade expense,51000 - Trade Expense,,,
300,51000 Trade Expense,51000,,,,5,COGS,Trade expense,51000 - Trade Expense,,,
440,52110 TV,52110,,,,2,COGS,Tv,52110 - Production : TV,,,
444,52150 Web/Digital,52150,,,,6,COGS,Web/digital,52150 - Production : Web/Digital,,,
293,42000 Consulting,42000,,,,2,COGS,Web/digital,42000 - Consulting,,,
444,52150 Web/Digital,52150,,,,2,COGS,Web/digital,52150 - Production : Web/Digital,,,
444,52150 Web/Digital,52150,,,,9,COGS,Web/digital,52150 - Production : Web/Digital,,,
293,42000 Consulting,42000,,,,5,COGS,Web/digital,42000 - Consulting,,,
293,42000 Consulting,42000,,,,6,COGS,Web/digital,42000 - Consulting,,,
444,52150 Web/Digital,52150,,,,5,COGS,Web/digital,52150 - Production : Web/Digital,,,
293,42000 Consulting,42000,,,,9,COGS,Web/digital,42000 - Consulting,,,
52,35000 Retained Earnings,35000,,,,5,Equity,Shareholders' equity,Retained earnings,35000 - Retained Earnings,,
52,35000 Retained Earnings,35000,,,,2,Equity,Shareholders' equity,Retained earnings,35000 - Retained Earnings,,
286,30000 Common Stock,30000,,,,2,Equity,Shareholders' equity,Common stock,30000 - Common Stock,,
532,33100 Distributions,33100,,,,2,Equity,Shareholders' equity,Distributions,33100 - Distributions,,
289,33000 Additional paid in capital,33000,,,,5,Equity,Shareholders' equity,Additional paid in capital,33000 - Additional paid in capital,,
53,39999 Opening Balance,39999,,,,9,Equity,Shareholders' equity,Opening balance,39999 - Opening Balance,,
53,39999 Opening Balance,39999,,,,2,Equity,Shareholders' equity,Opening balance,39999 - Opening Balance,,
52,35000 Retained Earnings,35000,,,,9,Equity,Shareholders' equity,Retained earnings,35000 - Retained Earnings,,
52,35000 Retained Earnings,35000,,,,3,Equity,Shareholders' equity,Retained earnings,35000 - Retained Earnings,,
522,36000 Minorty Interest,36000,,,,2,Equity,Shareholders' equity,Minorty interest,36000 - Minorty Interest,,
52,35000 Retained Earnings,35000,,,,7,Equity,Shareholders' equity,Retained earnings,35000 - Retained Earnings,,
429,39000 Cumulative Translation Adjustment-Elimination,39000,,,,6,Equity,Shareholders' equity,Cumulative translation adjustment-elimination,39000 - Cumulative Translation Adjustment-Elimination,,
289,33000 Additional paid in capital,33000,,,,2,Equity,Shareholders' equity,Additional paid in capital,33000 - Additional paid in capital,,
329,61100 Utilities,61100,,,,2,Operating Expenses,Utilities,61100 - Utilities,,,
334,62100 Computer Software & Licenses,62100,,,,9,Operating Expenses,Computer software & licenses,62100 - Computer Software & Licenses,,,
352,65000 Airfare,65000,,,,5,Operating Expenses,"Travel, meals and entertainment",Airfare,65000 - Airfare,,
337,62350 Internet/Data,62350,,,,5,Operating Expenses,Internet/data,62350 - Internet/Data,,,
316,60100 Bonus,60100,,,,9,Operating Expenses,Payroll related expense,Bonus,60100 - Bonus,,
348,64200 Payroll Processing Fees,64200,,,,10,Operating Expenses,Payroll processing fees,64200 - Payroll Processing Fees,,,
338,62400 Postage,62400,,,,9,Operating Expenses,Postage,62400 - Postage,,,
310,60000 Salaries & Wages,60000,,,,10,Operating Expenses,Payroll related expense,Salaries and wages,60000 - Salaries & Wages,,
340,63000 HR Support Fees,63000,,,,9,Operating Expenses,Professional fees,HR support fees,63000 - HR Support Fees,,
333,62050 Repair & Maintenance - Equipment,62050,,,,3,Operating Expenses,Repair & maintenance,Equipment,62050 - Repair & Maintenance - Equipment,,
350,64400 Charitable Contributions,64400,,,,2,Operating Expenses,Charitable contributions,64400 - Charitable Contributions,,,
333,62050 Repair & Maintenance - Equipment,62050,,,,5,Operating Expenses,Repair & maintenance,Equipment,62050 - Repair & Maintenance - Equipment,,
516,60700 Other Employee Related Costs,60700,,,,10,Operating Expenses,Payroll related expense,Other employee related costs,60700 - Other Employee Related Costs,,
310,60000 Salaries & Wages,60000,,,,9,Operating Expenses,Payroll related expense,Salaries and wages,60000 - Salaries & Wages,,
325,60500 Recruiting,60500,,,,9,Operating Expenses,Recruiting,60500 - Recruiting,,,
336,62300 Telephone,62300,,,,9,Operating Expenses,Telephone,62300 - Telephone,,,
352,65000 Airfare,65000,,,,9,Operating Expenses,"Travel, meals and entertainment",Airfare,65000 - Airfare,,
355,65030 Mileage & Fuel,65030,,,,6,Operating Expenses,"Travel, meals and entertainment",Mileage & fuel,65030 - Mileage & Fuel,,
362,66200 Special Events,66200,,,,6,Operating Expenses,Special events,66200 - Special Events,,,
346,64000 Sales & Other Business Tax,64000,,,,6,Operating Expenses,Sales & other business tax,64000 - Sales & Other Business Tax,,,
432,63450 Transaction Costs,63450,,,,9,Operating Expenses,Transaction costs,63450 - Transaction Costs,,,
320,60410 Dental/Vision,60410,,,,3,Operating Expenses,Payroll related expense,Dental vision,60410 - Dental/Vision,,
311,60010 Salaries & Wages - Overtime,60010,,,,6,Operating Expenses,Payroll related expense,Overtime,60010 - Salaries & Wages - Overtime,,
356,"65100 Meals, Travel",65100,,,,3,Operating Expenses,"Travel, meals and entertainment","Meals, travel","65100 - Meals, Travel",,
516,60700 Other Employee Related Costs,60700,,,,3,Operating Expenses,Payroll related expense,Other employee related costs,60700 - Other Employee Related Costs,,
340,63000 HR Support Fees,63000,,,,7,Operating Expenses,Professional fees,HR support fees,63000 - HR Support Fees,,
324,60450 Employee Benefits - Other,60450,,,,1,Operating Expenses,Payroll related expense,Employee benefits,60450 - Employee Benefits - Other,,
454,62110 Computer Supplies,62110,,,,6,Operating Expenses,Computer supplies,62110 - Computer Supplies,,,
317,60200 Commission,60200,,,,6,Operating Expenses,Payroll related expense,Commission,60200 - Commission,,
350,64400 Charitable Contributions,64400,,,,12,Operating Expenses,Charitable contributions,64400 - Charitable Contributions,,,
330,61200 Repair & Maintenance - Building,61200,,,,6,Operating Expenses,Repair & maintenance,Building,61200 - Repair & Maintenance - Building,,
343,63300 Legal Fees,63300,,,,10,Operating Expenses,Professional fees,Legal fees,63300 - Legal Fees,,
454,62110 Computer Supplies,62110,,,,10,Operating Expenses,Computer supplies,62110 - Computer Supplies,,,
328,"61010 Building Service Fees, shared",61010,,,,6,Operating Expenses,"Building service fees, shared","61010 - Building Service Fees, shared",,,
313,60030 Temporary Labor,60030,,,,3,Operating Expenses,Payroll related expense,Temporary labor,60030 - Temporary Labor,,
320,60410 Dental/Vision,60410,,,,7,Operating Expenses,Payroll related expense,Dental vision,60410 - Dental/Vision,,
316,60100 Bonus,60100,,,,3,Operating Expenses,Payroll related expense,Bonus,60100 - Bonus,,
324,60450 Employee Benefits - Other,60450,,,,10,Operating Expenses,Payroll related expense,Employee benefits,60450 - Employee Benefits - Other,,
312,60020 Severance,60020,,,,3,Operating Expenses,Payroll related expense,Severance,60020 - Severance,,
337,62350 Internet/Data,62350,,,,1,Operating Expenses,Internet/data,62350 - Internet/Data,,,
348,64200 Payroll Processing Fees,64200,,,,3,Operating Expenses,Payroll processing fees,64200 - Payroll Processing Fees,,,
346,64000 Sales & Other Business Tax,64000,,,,9,Operating Expenses,Sales & other business tax,64000 - Sales & Other Business Tax,,,
361,66100 Conferences/Seminars,66100,,,,1,Operating Expenses,Conferences/seminars,66100 - Conferences/Seminars,,,
516,60700 Other Employee Related Costs,60700,,,,12,Operating Expenses,Payroll related expense,Other employee related costs,60700 - Other Employee Related Costs,,
315,60060 Relocation,60060,,,,5,Operating Expenses,Payroll related expense,Relocation,60060 - Relocation,,
327,61000 Building Rent,61000,,,,1,Operating Expenses,Building rent,61000 - Building Rent,,,
320,60410 Dental/Vision,60410,,,,1,Operating Expenses,Payroll related expense,Dental vision,60410 - Dental/Vision,,
346,64000 Sales & Other Business Tax,64000,,,,12,Operating Expenses,Sales & other business tax,64000 - Sales & Other Business Tax,,,
333,62050 Repair & Maintenance - Equipment,62050,,,,12,Operating Expenses,Repair & maintenance,Equipment,62050 - Repair & Maintenance - Equipment,,
352,65000 Airfare,65000,,,,1,Operating Expenses,"Travel, meals and entertainment",Airfare,65000 - Airfare,,
311,60010 Salaries & Wages - Overtime,60010,,,,3,Operating Expenses,Payroll related expense,Overtime,60010 - Salaries & Wages - Overtime,,
335,62200 Office & Equipment Leases,62200,,,,6,Operating Expenses,Office & equipment leases,62200 - Office & Equipment Leases,,,
354,65020 Car Rental & Ground Transportation,65020,,,,1,Operating Expenses,"Travel, meals and entertainment",Car rental & ground transportation,65020 - Car Rental & Ground Transportation,,
335,62200 Office & Equipment Leases,62200,,,,12,Operating Expenses,Office & equipment leases,62200 - Office & Equipment Leases,,,
454,62110 Computer Supplies,62110,,,,7,Operating Expenses,Computer supplies,62110 - Computer Supplies,,,
346,64000 Sales & Other Business Tax,64000,,,,10,Operating Expenses,Sales & other business tax,64000 - Sales & Other Business Tax,,,
336,62300 Telephone,62300,,,,7,Operating Expenses,Telephone,62300 - Telephone,,,
357,65200 Client Meals & Entertainment,65200,,,,1,Operating Expenses,"Travel, meals and entertainment",Client meals & entertainment,65200 - Client Meals & Entertainment,,
328,"61010 Building Service Fees, shared",61010,,,,10,Operating Expenses,"Building service fees, shared","61010 - Building Service Fees, shared",,,
320,60410 Dental/Vision,60410,,,,10,Operating Expenses,Payroll related expense,Dental vision,60410 - Dental/Vision,,
330,61200 Repair & Maintenance - Building,61200,,,,12,Operating Expenses,Repair & maintenance,Building,61200 - Repair & Maintenance - Building,,
356,"65100 Meals, Travel",65100,,,,12,Operating Expenses,"Travel, meals and entertainment","Meals, travel","65100 - Meals, Travel",,
336,62300 Telephone,62300,,,,10,Operating Expenses,Telephone,62300 - Telephone,,,
434,66010 Sales Aids & Presentation Materials,66010,,,,10,Operating Expenses,Sales aids & presentation materials,66010 - Sales Aids & Presentation Materials,,,
329,61100 Utilities,61100,,,,6,Operating Expenses,Utilities,61100 - Utilities,,,
351,64500 Miscellaneous Expense,64500,,,,7,Operating Expenses,Miscellaneous expense,64500 - Miscellaneous Expense,,,
336,62300 Telephone,62300,,,,1,Operating Expenses,Telephone,62300 - Telephone,,,
323,60440 Workers' Compensation,60440,,,,6,Operating Expenses,Payroll related expense,Workers' compensation,60440 - Workers' Compensation,,
349,64300 Bad Debt Expense,64300,,,,3,Operating Expenses,Bad debt expense,64300 - Bad Debt Expense,,,
333,62050 Repair & Maintenance - Equipment,62050,,,,1,Operating Expenses,Repair & maintenance,Equipment,62050 - Repair & Maintenance - Equipment,,
453,63350 Consulting Fees,63350,,,,7,Operating Expenses,Professional fees,Consulting fees,63350 - Consulting Fees,,
348,64200 Payroll Processing Fees,64200,,,,6,Operating Expenses,Payroll processing fees,64200 - Payroll Processing Fees,,,
345,63500 Business Licenses & Permits,63500,,,,12,Operating Expenses,Business licenses & permits,63500 - Business Licenses & Permits,,,
453,63350 Consulting Fees,63350,,,,5,Operating Expenses,Professional fees,Consulting fees,63350 - Consulting Fees,,
355,65030 Mileage & Fuel,65030,,,,12,Operating Expenses,"Travel, meals and entertainment",Mileage & fuel,65030 - Mileage & Fuel,,
349,64300 Bad Debt Expense,64300,,,,12,Operating Expenses,Bad debt expense,64300 - Bad Debt Expense,,,
348,64200 Payroll Processing Fees,64200,,,,7,Operating Expenses,Payroll processing fees,64200 - Payroll Processing Fees,,,
355,65030 Mileage & Fuel,65030,,,,1,Operating Expenses,"Travel, meals and entertainment",Mileage & fuel,65030 - Mileage & Fuel,,
323,60440 Workers' Compensation,60440,,,,3,Operating Expenses,Payroll related expense,Workers' compensation,60440 - Workers' Compensation,,
331,61300 Property Taxes,61300,,,,12,Operating Expenses,Property taxes,61300 - Property Taxes,,,
313,60030 Temporary Labor,60030,,,,9,Operating Expenses,Payroll related expense,Temporary labor,60030 - Temporary Labor,,
362,66200 Special Events,66200,,,,3,Operating Expenses,Special events,66200 - Special Events,,,
329,61100 Utilities,61100,,,,7,Operating Expenses,Utilities,61100 - Utilities,,,
359,65250 Client Gifts,65250,,,,6,Operating Expenses,"Travel, meals and entertainment",Client gifts,65250 - Client Gifts,,
415,62500 Insurance,62500,,,,12,Operating Expenses,Insurance,62500 - Insurance,,,
319,60400 Medical,60400,,,,1,Operating Expenses,Payroll related expense,Medical,60400 - Medical,,
328,"61010 Building Service Fees, shared",61010,,,,1,Operating Expenses,"Building service fees, shared","61010 - Building Service Fees, shared",,,
329,61100 Utilities,61100,,,,10,Operating Expenses,Utilities,61100 - Utilities,,,
359,65250 Client Gifts,65250,,,,1,Operating Expenses,"Travel, meals and entertainment",Client gifts,65250 - Client Gifts,,
339,"62600 Dues, Subscriptions & Prof Licenses",62600,,,,1,Operating Expenses,"Dues, subscriptions & professional licenses","62600 - Dues, Subscriptions & Prof Licenses",,,
316,60100 Bonus,60100,,,,7,Operating Expenses,Payroll related expense,Bonus,60100 - Bonus,,
362,66200 Special Events,66200,,,,12,Operating Expenses,Special events,66200 - Special Events,,,
330,61200 Repair & Maintenance - Building,61200,,,,1,Operating Expenses,Repair & maintenance,Building,61200 - Repair & Maintenance - Building,,
312,60020 Severance,60020,,,,6,Operating Expenses,Payroll related expense,Severance,60020 - Severance,,
454,62110 Computer Supplies,62110,,,,5,Operating Expenses,Computer supplies,62110 - Computer Supplies,,,
316,60100 Bonus,60100,,,,12,Operating Expenses,Payroll related expense,Bonus,60100 - Bonus,,
356,"65100 Meals, Travel",65100,,,,6,Operating Expenses,"Travel, meals and entertainment","Meals, travel","65100 - Meals, Travel",,
434,66010 Sales Aids & Presentation Materials,66010,,,,6,Operating Expenses,Sales aids & presentation materials,66010 - Sales Aids & Presentation Materials,,,
434,66010 Sales Aids & Presentation Materials,66010,,,,7,Operating Expenses,Sales aids & presentation materials,66010 - Sales Aids & Presentation Materials,,,
326,60600 Employee Training/Development,60600,,,,12,Operating Expenses,Employee Training/Development,60600 - Employee Training/Development,,,
321,60420 Life/Disability,60420,,,,1,Operating Expenses,Payroll related expense,Life disability,60420 - Life/Disability,,
321,60420 Life/Disability,60420,,,,3,Operating Expenses,Payroll related expense,Life disability,60420 - Life/Disability,,
345,63500 Business Licenses & Permits,63500,,,,5,Operating Expenses,Business licenses & permits,63500 - Business Licenses & Permits,,,
346,64000 Sales & Other Business Tax,64000,,,,1,Operating Expenses,Sales & other business tax,64000 - Sales & Other Business Tax,,,
341,63100 IT Support Fees,63100,,,,12,Operating Expenses,Professional fees,IT support fees,63100 - IT Support Fees,,
334,62100 Computer Software & Licenses,62100,,,,10,Operating Expenses,Computer software & licenses,62100 - Computer Software & Licenses,,,
313,60030 Temporary Labor,60030,,,,7,Operating Expenses,Payroll related expense,Temporary labor,60030 - Temporary Labor,,
317,60200 Commission,60200,,,,3,Operating Expenses,Payroll related expense,Commission,60200 - Commission,,
331,61300 Property Taxes,61300,,,,5,Operating Expenses,Property taxes,61300 - Property Taxes,,,
350,64400 Charitable Contributions,64400,,,,3,Operating Expenses,Charitable contributions,64400 - Charitable Contributions,,,
337,62350 Internet/Data,62350,,,,3,Operating Expenses,Internet/data,62350 - Internet/Data,,,
333,62050 Repair & Maintenance - Equipment,62050,,,,6,Operating Expenses,Repair & maintenance,Equipment,62050 - Repair & Maintenance - Equipment,,
314,60050 Independent Contractors,60050,,,,10,Operating Expenses,Payroll related expense,Independent contractors,60050 - Independent Contractors,,
333,62050 Repair & Maintenance - Equipment,62050,,,,9,Operating Expenses,Repair & maintenance,Equipment,62050 - Repair & Maintenance - Equipment,,
432,63450 Transaction Costs,63450,,,,7,Operating Expenses,Transaction costs,63450 - Transaction Costs,,,
432,63450 Transaction Costs,63450,,,,1,Operating Expenses,Transaction costs,63450 - Transaction Costs,,,
322,60430 401k ER Match,60430,,,,3,Operating Expenses,Payroll related expense,401k ER match,60430 - 401k ER Match,,
347,64100 Bank Fees/Finance Charges,64100,,,,12,Operating Expenses,Bank fees/finance charges,64100 - Bank Fees/Finance Charges,,,
358,65300 Tickets,65300,,,,12,Operating Expenses,"Travel, meals and entertainment",Tickets,65300 - Tickets,,
357,65200 Client Meals & Entertainment,65200,,,,7,Operating Expenses,"Travel, meals and entertainment",Client meals & entertainment,65200 - Client Meals & Entertainment,,
330,61200 Repair & Maintenance - Building,61200,,,,7,Operating Expenses,Repair & maintenance,Building,61200 - Repair & Maintenance - Building,,
352,65000 Airfare,65000,,,,3,Operating Expenses,"Travel, meals and entertainment",Airfare,65000 - Airfare,,
323,60440 Workers' Compensation,60440,,,,12,Operating Expenses,Payroll related expense,Workers' compensation,60440 - Workers' Compensation,,
310,60000 Salaries & Wages,60000,,,,3,Operating Expenses,Payroll related expense,Salaries and wages,60000 - Salaries & Wages,,
347,64100 Bank Fees/Finance Charges,64100,,,,7,Operating Expenses,Bank fees/finance charges,64100 - Bank Fees/Finance Charges,,,
332,62000 Office Supplies & Equipment,62000,,,,12,Operating Expenses,Office supplies & equipment,62000 - Office Supplies & Equipment,,,
453,63350 Consulting Fees,63350,,,,3,Operating Expenses,Professional fees,Consulting fees,63350 - Consulting Fees,,
328,"61010 Building Service Fees, shared",61010,,,,7,Operating Expenses,"Building service fees, shared","61010 - Building Service Fees, shared",,,
332,62000 Office Supplies & Equipment,62000,,,,3,Operating Expenses,Office supplies & equipment,62000 - Office Supplies & Equipment,,,
343,63300 Legal Fees,63300,,,,7,Operating Expenses,Professional fees,Legal fees,63300 - Legal Fees,,
338,62400 Postage,62400,,,,6,Operating Expenses,Postage,62400 - Postage,,,
434,66010 Sales Aids & Presentation Materials,66010,,,,12,Operating Expenses,Sales aids & presentation materials,66010 - Sales Aids & Presentation Materials,,,
310,60000 Salaries & Wages,60000,,,,12,Operating Expenses,Payroll related expense,Salaries and wages,60000 - Salaries & Wages,,
351,64500 Miscellaneous Expense,64500,,,,1,Operating Expenses,Miscellaneous expense,64500 - Miscellaneous Expense,,,
317,60200 Commission,60200,,,,12,Operating Expenses,Payroll related expense,Commission,60200 - Commission,,
454,62110 Computer Supplies,62110,,,,1,Operating Expenses,Computer supplies,62110 - Computer Supplies,,,
332,62000 Office Supplies & Equipment,62000,,,,7,Operating Expenses,Office supplies & equipment,62000 - Office Supplies & Equipment,,,
432,63450 Transaction Costs,63450,,,,6,Operating Expenses,Transaction costs,63450 - Transaction Costs,,,
326,60600 Employee Training/Development,60600,,,,10,Operating Expenses,Employee Training/Development,60600 - Employee Training/Development,,,
315,60060 Relocation,60060,,,,10,Operating Expenses,Payroll related expense,Relocation,60060 - Relocation,,
311,60010 Salaries & Wages - Overtime,60010,,,,7,Operating Expenses,Payroll related expense,Overtime,60010 - Salaries & Wages - Overtime,,
360,66000 Advertising & Marketing Expense,66000,,,,3,Operating Expenses,Advertising & marketing expense,66000 - Advertising & Marketing Expense,,,
315,60060 Relocation,60060,,,,7,Operating Expenses,Payroll related expense,Relocation,60060 - Relocation,,
326,60600 Employee Training/Development,60600,,,,6,Operating Expenses,Employee Training/Development,60600 - Employee Training/Development,,,
328,"61010 Building Service Fees, shared",61010,,,,12,Operating Expenses,"Building service fees, shared","61010 - Building Service Fees, shared",,,
345,63500 Business Licenses & Permits,63500,,,,10,Operating Expenses,Business licenses & permits,63500 - Business Licenses & Permits,,,
340,63000 HR Support Fees,63000,,,,1,Operating Expenses,Professional fees,HR support fees,63000 - HR Support Fees,,
415,62500 Insurance,62500,,,,6,Operating Expenses,Insurance,62500 - Insurance,,,
327,61000 Building Rent,61000,,,,10,Operating Expenses,Building rent,61000 - Building Rent,,,
362,66200 Special Events,66200,,,,5,Operating Expenses,Special events,66200 - Special Events,,,
321,60420 Life/Disability,60420,,,,6,Operating Expenses,Payroll related expense,Life disability,60420 - Life/Disability,,
361,66100 Conferences/Seminars,66100,,,,3,Operating Expenses,Conferences/seminars,66100 - Conferences/Seminars,,,
311,60010 Salaries & Wages - Overtime,60010,,,,10,Operating Expenses,Payroll related expense,Overtime,60010 - Salaries & Wages - Overtime,,
434,66010 Sales Aids & Presentation Materials,66010,,,,3,Operating Expenses,Sales aids & presentation materials,66010 - Sales Aids & Presentation Materials,,,
361,66100 Conferences/Seminars,66100,,,,7,Operating Expenses,Conferences/seminars,66100 - Conferences/Seminars,,,
358,65300 Tickets,65300,,,,6,Operating Expenses,"Travel, meals and entertainment",Tickets,65300 - Tickets,,
321,60420 Life/Disability,60420,,,,7,Operating Expenses,Payroll related expense,Life disability,60420 - Life/Disability,,
340,63000 HR Support Fees,63000,,,,12,Operating Expenses,Professional fees,HR support fees,63000 - HR Support Fees,,
341,63100 IT Support Fees,63100,,,,10,Operating Expenses,Professional fees,IT support fees,63100 - IT Support Fees,,
334,62100 Computer Software & Licenses,62100,,,,1,Operating Expenses,Computer software & licenses,62100 - Computer Software & Licenses,,,
344,63400 Professional Fees - Other,63400,,,,10,Operating Expenses,Professional fees,Other,63400 - Professional Fees - Other,,
310,60000 Salaries & Wages,60000,,,,7,Operating Expenses,Payroll related expense,Salaries and wages,60000 - Salaries & Wages,,
353,65010 Hotel & Lodging,65010,,,,3,Operating Expenses,"Travel, meals and entertainment",Hotel & lodging,65010 - Hotel & Lodging,,
312,60020 Severance,60020,,,,5,Operating Expenses,Payroll related expense,Severance,60020 - Severance,,
316,60100 Bonus,60100,,,,1,Operating Expenses,Payroll related expense,Bonus,60100 - Bonus,,
326,60600 Employee Training/Development,60600,,,,5,Operating Expenses,Employee Training/Development,60600 - Employee Training/Development,,,
319,60400 Medical,60400,,,,12,Operating Expenses,Payroll related expense,Medical,60400 - Medical,,
338,62400 Postage,62400,,,,7,Operating Expenses,Postage,62400 - Postage,,,
341,63100 IT Support Fees,63100,,,,6,Operating Expenses,Professional fees,IT support fees,63100 - IT Support Fees,,
324,60450 Employee Benefits - Other,60450,,,,6,Operating Expenses,Payroll related expense,Employee benefits,60450 - Employee Benefits - Other,,
358,65300 Tickets,65300,,,,3,Operating Expenses,"Travel, meals and entertainment",Tickets,65300 - Tickets,,
342,63200 Audit & Tax Fees,63200,,,,12,Operating Expenses,Professional fees,Audit & tax fees,63200 - Audit & Tax Fees,,
342,63200 Audit & Tax Fees,63200,,,,6,Operating Expenses,Professional fees,Audit & tax fees,63200 - Audit & Tax Fees,,
311,60010 Salaries & Wages - Overtime,60010,,,,12,Operating Expenses,Payroll related expense,Overtime,60010 - Salaries & Wages - Overtime,,
359,65250 Client Gifts,65250,,,,7,Operating Expenses,"Travel, meals and entertainment",Client gifts,65250 - Client Gifts,,
339,"62600 Dues, Subscriptions & Prof Licenses",62600,,,,7,Operating Expenses,"Dues, subscriptions & professional licenses","62600 - Dues, Subscriptions & Prof Licenses",,,
432,63450 Transaction Costs,63450,,,,12,Operating Expenses,Transaction costs,63450 - Transaction Costs,,,
356,"65100 Meals, Travel",65100,,,,1,Operating Expenses,"Travel, meals and entertainment","Meals, travel","65100 - Meals, Travel",,
334,62100 Computer Software & Licenses,62100,,,,7,Operating Expenses,Computer software & licenses,62100 - Computer Software & Licenses,,,
340,63000 HR Support Fees,63000,,,,5,Operating Expenses,Professional fees,HR support fees,63000 - HR Support Fees,,
316,60100 Bonus,60100,,,,6,Operating Expenses,Payroll related expense,Bonus,60100 - Bonus,,
312,60020 Severance,60020,,,,1,Operating Expenses,Payroll related expense,Severance,60020 - Severance,,
327,61000 Building Rent,61000,,,,12,Operating Expenses,Building rent,61000 - Building Rent,,,
348,64200 Payroll Processing Fees,64200,,,,1,Operating Expenses,Payroll processing fees,64200 - Payroll Processing Fees,,,
329,61100 Utilities,61100,,,,1,Operating Expenses,Utilities,61100 - Utilities,,,
453,63350 Consulting Fees,63350,,,,10,Operating Expenses,Professional fees,Consulting fees,63350 - Consulting Fees,,
339,"62600 Dues, Subscriptions & Prof Licenses",62600,,,,12,Operating Expenses,"Dues, subscriptions & professional licenses","62600 - Dues, Subscriptions & Prof Licenses",,,
319,60400 Medical,60400,,,,7,Operating Expenses,Payroll related expense,Medical,60400 - Medical,,
340,63000 HR Support Fees,63000,,,,3,Operating Expenses,Professional fees,HR support fees,63000 - HR Support Fees,,
360,66000 Advertising & Marketing Expense,66000,,,,1,Operating Expenses,Advertising & marketing expense,66000 - Advertising & Marketing Expense,,,
335,62200 Office & Equipment Leases,62200,,,,3,Operating Expenses,Office & equipment leases,62200 - Office & Equipment Leases,,,
453,63350 Consulting Fees,63350,,,,6,Operating Expenses,Professional fees,Consulting fees,63350 - Consulting Fees,,
349,64300 Bad Debt Expense,64300,,,,6,Operating Expenses,Bad debt expense,64300 - Bad Debt Expense,,,
312,60020 Severance,60020,,,,12,Operating Expenses,Payroll related expense,Severance,60020 - Severance,,
432,63450 Transaction Costs,63450,,,,3,Operating Expenses,Transaction costs,63450 - Transaction Costs,,,
324,60450 Employee Benefits - Other,60450,,,,3,Operating Expenses,Payroll related expense,Employee benefits,60450 - Employee Benefits - Other,,
322,60430 401k ER Match,60430,,,,5,Operating Expenses,Payroll related expense,401k ER match,60430 - 401k ER Match,,
318,60300 Payroll Taxes,60300,,,,7,Operating Expenses,Payroll related expense,Payroll taxes,60300 - Payroll Taxes,,
358,65300 Tickets,65300,,,,1,Operating Expenses,"Travel, meals and entertainment",Tickets,65300 - Tickets,,
312,60020 Severance,60020,,,,10,Operating Expenses,Payroll related expense,Severance,60020 - Severance,,
357,65200 Client Meals & Entertainment,65200,,,,3,Operating Expenses,"Travel, meals and entertainment",Client meals & entertainment,65200 - Client Meals & Entertainment,,
362,66200 Special Events,66200,,,,1,Operating Expenses,Special events,66200 - Special Events,,,
318,60300 Payroll Taxes,60300,,,,3,Operating Expenses,Payroll related expense,Payroll taxes,60300 - Payroll Taxes,,
338,62400 Postage,62400,,,,3,Operating Expenses,Postage,62400 - Postage,,,
344,63400 Professional Fees - Other,63400,,,,7,Operating Expenses,Professional fees,Other,63400 - Professional Fees - Other,,
331,61300 Property Taxes,61300,,,,7,Operating Expenses,Property taxes,61300 - Property Taxes,,,
316,60100 Bonus,60100,,,,10,Operating Expenses,Payroll related expense,Bonus,60100 - Bonus,,
324,60450 Employee Benefits - Other,60450,,,,12,Operating Expenses,Payroll related expense,Employee benefits,60450 - Employee Benefits - Other,,
350,64400 Charitable Contributions,64400,,,,1,Operating Expenses,Charitable contributions,64400 - Charitable Contributions,,,
312,60020 Severance,60020,,,,7,Operating Expenses,Payroll related expense,Severance,60020 - Severance,,
322,60430 401k ER Match,60430,,,,12,Operating Expenses,Payroll related expense,401k ER match,60430 - 401k ER Match,,
329,61100 Utilities,61100,,,,12,Operating Expenses,Utilities,61100 - Utilities,,,
318,60300 Payroll Taxes,60300,,,,6,Operating Expenses,Payroll related expense,Payroll taxes,60300 - Payroll Taxes,,
315,60060 Relocation,60060,,,,3,Operating Expenses,Payroll related expense,Relocation,60060 - Relocation,,
323,60440 Workers' Compensation,60440,,,,5,Operating Expenses,Payroll related expense,Workers' compensation,60440 - Workers' Compensation,,
311,60010 Salaries & Wages - Overtime,60010,,,,5,Operating Expenses,Payroll related expense,Overtime,60010 - Salaries & Wages - Overtime,,
333,62050 Repair & Maintenance - Equipment,62050,,,,7,Operating Expenses,Repair & maintenance,Equipment,62050 - Repair & Maintenance - Equipment,,
313,60030 Temporary Labor,60030,,,,10,Operating Expenses,Payroll related expense,Temporary labor,60030 - Temporary Labor,,
320,60410 Dental/Vision,60410,,,,6,Operating Expenses,Payroll related expense,Dental vision,60410 - Dental/Vision,,
314,60050 Independent Contractors,60050,,,,3,Operating Expenses,Payroll related expense,Independent contractors,60050 - Independent Contractors,,
342,63200 Audit & Tax Fees,63200,,,,10,Operating Expenses,Professional fees,Audit & tax fees,63200 - Audit & Tax Fees,,
321,60420 Life/Disability,60420,,,,12,Operating Expenses,Payroll related expense,Life disability,60420 - Life/Disability,,
339,"62600 Dues, Subscriptions & Prof Licenses",62600,,,,3,Operating Expenses,"Dues, subscriptions & professional licenses","62600 - Dues, Subscriptions & Prof Licenses",,,
313,60030 Temporary Labor,60030,,,,5,Operating Expenses,Payroll related expense,Temporary labor,60030 - Temporary Labor,,
340,63000 HR Support Fees,63000,,,,6,Operating Expenses,Professional fees,HR support fees,63000 - HR Support Fees,,
315,60060 Relocation,60060,,,,12,Operating Expenses,Payroll related expense,Relocation,60060 - Relocation,,
346,64000 Sales & Other Business Tax,64000,,,,5,Operating Expenses,Sales & other business tax,64000 - Sales & Other Business Tax,,,
516,60700 Other Employee Related Costs,60700,,,,1,Operating Expenses,Payroll related expense,Other employee related costs,60700 - Other Employee Related Costs,,
453,63350 Consulting Fees,63350,,,,12,Operating Expenses,Professional fees,Consulting fees,63350 - Consulting Fees,,
454,62110 Computer Supplies,62110,,,,3,Operating Expenses,Computer supplies,62110 - Computer Supplies,,,
335,62200 Office & Equipment Leases,62200,,,,10,Operating Expenses,Office & equipment leases,62200 - Office & Equipment Leases,,,
344,63400 Professional Fees - Other,63400,,,,1,Operating Expenses,Professional fees,Other,63400 - Professional Fees - Other,,
516,60700 Other Employee Related Costs,60700,,,,5,Operating Expenses,Payroll related expense,Other employee related costs,60700 - Other Employee Related Costs,,
516,60700 Other Employee Related Costs,60700,,,,6,Operating Expenses,Payroll related expense,Other employee related costs,60700 - Other Employee Related Costs,,
343,63300 Legal Fees,63300,,,,6,Operating Expenses,Professional fees,Legal fees,63300 - Legal Fees,,
323,60440 Workers' Compensation,60440,,,,1,Operating Expenses,Payroll related expense,Workers' compensation,60440 - Workers' Compensation,,
310,60000 Salaries & Wages,60000,,,,1,Operating Expenses,Payroll related expense,Salaries and wages,60000 - Salaries & Wages,,
432,63450 Transaction Costs,63450,,,,5,Operating Expenses,Transaction costs,63450 - Transaction Costs,,,
326,60600 Employee Training/Development,60600,,,,1,Operating Expenses,Employee Training/Development,60600 - Employee Training/Development,,,
342,63200 Audit & Tax Fees,63200,,,,3,Operating Expenses,Professional fees,Audit & tax fees,63200 - Audit & Tax Fees,,
348,64200 Payroll Processing Fees,64200,,,,12,Operating Expenses,Payroll processing fees,64200 - Payroll Processing Fees,,,
317,60200 Commission,60200,,,,1,Operating Expenses,Payroll related expense,Commission,60200 - Commission,,
355,65030 Mileage & Fuel,65030,,,,7,Operating Expenses,"Travel, meals and entertainment",Mileage & fuel,65030 - Mileage & Fuel,,
315,60060 Relocation,60060,,,,9,Operating Expenses,Payroll related expense,Relocation,60060 - Relocation,,
319,60400 Medical,60400,,,,6,Operating Expenses,Payroll related expense,Medical,60400 - Medical,,
327,61000 Building Rent,61000,,,,6,Operating Expenses,Building rent,61000 - Building Rent,,,
454,62110 Computer Supplies,62110,,,,12,Operating Expenses,Computer supplies,62110 - Computer Supplies,,,
310,60000 Salaries & Wages,60000,,,,6,Operating Expenses,Payroll related expense,Salaries and wages,60000 - Salaries & Wages,,
314,60050 Independent Contractors,60050,,,,7,Operating Expenses,Payroll related expense,Independent contractors,60050 - Independent Contractors,,
326,60600 Employee Training/Development,60600,,,,7,Operating Expenses,Employee Training/Development,60600 - Employee Training/Development,,,
339,"62600 Dues, Subscriptions & Prof Licenses",62600,,,,6,Operating Expenses,"Dues, subscriptions & professional licenses","62600 - Dues, Subscriptions & Prof Licenses",,,
415,62500 Insurance,62500,,,,1,Operating Expenses,Insurance,62500 - Insurance,,,
434,66010 Sales Aids & Presentation Materials,66010,,,,1,Operating Expenses,Sales aids & presentation materials,66010 - Sales Aids & Presentation Materials,,,
322,60430 401k ER Match,60430,,,,6,Operating Expenses,Payroll related expense,401k ER match,60430 - 401k ER Match,,
362,66200 Special Events,66200,,,,10,Operating Expenses,Special events,66200 - Special Events,,,
415,62500 Insurance,62500,,,,10,Operating Expenses,Insurance,62500 - Insurance,,,
347,64100 Bank Fees/Finance Charges,64100,,,,6,Operating Expenses,Bank fees/finance charges,64100 - Bank Fees/Finance Charges,,,
319,60400 Medical,60400,,,,3,Operating Expenses,Payroll related expense,Medical,60400 - Medical,,
350,64400 Charitable Contributions,64400,,,,7,Operating Expenses,Charitable contributions,64400 - Charitable Contributions,,,
352,65000 Airfare,65000,,,,7,Operating Expenses,"Travel, meals and entertainment",Airfare,65000 - Airfare,,
349,64300 Bad Debt Expense,64300,,,,5,Operating Expenses,Bad debt expense,64300 - Bad Debt Expense,,,
325,60500 Recruiting,60500,,,,6,Operating Expenses,Recruiting,60500 - Recruiting,,,
361,66100 Conferences/Seminars,66100,,,,6,Operating Expenses,Conferences/seminars,66100 - Conferences/Seminars,,,
322,60430 401k ER Match,60430,,,,1,Operating Expenses,Payroll related expense,401k ER match,60430 - 401k ER Match,,
336,62300 Telephone,62300,,,,12,Operating Expenses,Telephone,62300 - Telephone,,,
345,63500 Business Licenses & Permits,63500,,,,7,Operating Expenses,Business licenses & permits,63500 - Business Licenses & Permits,,,
349,64300 Bad Debt Expense,64300,,,,1,Operating Expenses,Bad debt expense,64300 - Bad Debt Expense,,,
334,62100 Computer Software & Licenses,62100,,,,3,Operating Expenses,Computer software & licenses,62100 - Computer Software & Licenses,,,
356,"65100 Meals, Travel",65100,,,,7,Operating Expenses,"Travel, meals and entertainment","Meals, travel","65100 - Meals, Travel",,
341,63100 IT Support Fees,63100,,,,1,Operating Expenses,Professional fees,IT support fees,63100 - IT Support Fees,,
313,60030 Temporary Labor,60030,,,,6,Operating Expenses,Payroll related expense,Temporary labor,60030 - Temporary Labor,,
325,60500 Recruiting,60500,,,,12,Operating Expenses,Recruiting,60500 - Recruiting,,,
350,64400 Charitable Contributions,64400,,,,6,Operating Expenses,Charitable contributions,64400 - Charitable Contributions,,,
453,63350 Consulting Fees,63350,,,,1,Operating Expenses,Professional fees,Consulting fees,63350 - Consulting Fees,,
331,61300 Property Taxes,61300,,,,6,Operating Expenses,Property taxes,61300 - Property Taxes,,,
354,65020 Car Rental & Ground Transportation,65020,,,,7,Operating Expenses,"Travel, meals and entertainment",Car rental & ground transportation,65020 - Car Rental & Ground Transportation,,
314,60050 Independent Contractors,60050,,,,1,Operating Expenses,Payroll related expense,Independent contractors,60050 - Independent Contractors,,
352,65000 Airfare,65000,,,,6,Operating Expenses,"Travel, meals and entertainment",Airfare,65000 - Airfare,,
340,63000 HR Support Fees,63000,,,,10,Operating Expenses,Professional fees,HR support fees,63000 - HR Support Fees,,
434,66010 Sales Aids & Presentation Materials,66010,,,,5,Operating Expenses,Sales aids & presentation materials,66010 - Sales Aids & Presentation Materials,,,
335,62200 Office & Equipment Leases,62200,,,,7,Operating Expenses,Office & equipment leases,62200 - Office & Equipment Leases,,,
360,66000 Advertising & Marketing Expense,66000,,,,7,Operating Expenses,Advertising & marketing expense,66000 - Advertising & Marketing Expense,,,
314,60050 Independent Contractors,60050,,,,12,Operating Expenses,Payroll related expense,Independent contractors,60050 - Independent Contractors,,
325,60500 Recruiting,60500,,,,1,Operating Expenses,Recruiting,60500 - Recruiting,,,
317,60200 Commission,60200,,,,7,Operating Expenses,Payroll related expense,Commission,60200 - Commission,,
346,64000 Sales & Other Business Tax,64000,,,,7,Operating Expenses,Sales & other business tax,64000 - Sales & Other Business Tax,,,
359,65250 Client Gifts,65250,,,,5,Operating Expenses,"Travel, meals and entertainment",Client gifts,65250 - Client Gifts,,
358,65300 Tickets,65300,,,,10,Operating Expenses,"Travel, meals and entertainment",Tickets,65300 - Tickets,,
331,61300 Property Taxes,61300,,,,1,Operating Expenses,Property taxes,61300 - Property Taxes,,,
342,63200 Audit & Tax Fees,63200,,,,7,Operating Expenses,Professional fees,Audit & tax fees,63200 - Audit & Tax Fees,,
334,62100 Computer Software & Licenses,62100,,,,12,Operating Expenses,Computer software & licenses,62100 - Computer Software & Licenses,,,
325,60500 Recruiting,60500,,,,7,Operating Expenses,Recruiting,60500 - Recruiting,,,
337,62350 Internet/Data,62350,,,,10,Operating Expenses,Internet/data,62350 - Internet/Data,,,
315,60060 Relocation,60060,,,,1,Operating Expenses,Payroll related expense,Relocation,60060 - Relocation,,
338,62400 Postage,62400,,,,1,Operating Expenses,Postage,62400 - Postage,,,
337,62350 Internet/Data,62350,,,,7,Operating Expenses,Internet/data,62350 - Internet/Data,,,
335,62200 Office & Equipment Leases,62200,,,,5,Operating Expenses,Office & equipment leases,62200 - Office & Equipment Leases,,,
360,66000 Advertising & Marketing Expense,66000,,,,12,Operating Expenses,Advertising & marketing expense,66000 - Advertising & Marketing Expense,,,
335,62200 Office & Equipment Leases,62200,,,,1,Operating Expenses,Office & equipment leases,62200 - Office & Equipment Leases,,,
336,62300 Telephone,62300,,,,6,Operating Expenses,Telephone,62300 - Telephone,,,
326,60600 Employee Training/Development,60600,,,,3,Operating Expenses,Employee Training/Development,60600 - Employee Training/Development,,,
415,62500 Insurance,62500,,,,7,Operating Expenses,Insurance,62500 - Insurance,,,
347,64100 Bank Fees/Finance Charges,64100,,,,1,Operating Expenses,Bank fees/finance charges,64100 - Bank Fees/Finance Charges,,,
320,60410 Dental/Vision,60410,,,,12,Operating Expenses,Payroll related expense,Dental vision,60410 - Dental/Vision,,
350,64400 Charitable Contributions,64400,,,,5,Operating Expenses,Charitable contributions,64400 - Charitable Contributions,,,
361,66100 Conferences/Seminars,66100,,,,12,Operating Expenses,Conferences/seminars,66100 - Conferences/Seminars,,,
351,64500 Miscellaneous Expense,64500,,,,3,Operating Expenses,Miscellaneous expense,64500 - Miscellaneous Expense,,,
342,63200 Audit & Tax Fees,63200,,,,1,Operating Expenses,Professional fees,Audit & tax fees,63200 - Audit & Tax Fees,,
332,62000 Office Supplies & Equipment,62000,,,,6,Operating Expenses,Office supplies & equipment,62000 - Office Supplies & Equipment,,,
359,65250 Client Gifts,65250,,,,3,Operating Expenses,"Travel, meals and entertainment",Client gifts,65250 - Client Gifts,,
323,60440 Workers' Compensation,60440,,,,7,Operating Expenses,Payroll related expense,Workers' compensation,60440 - Workers' Compensation,,
318,60300 Payroll Taxes,60300,,,,1,Operating Expenses,Payroll related expense,Payroll taxes,60300 - Payroll Taxes,,
359,65250 Client Gifts,65250,,,,12,Operating Expenses,"Travel, meals and entertainment",Client gifts,65250 - Client Gifts,,
352,65000 Airfare,65000,,,,12,Operating Expenses,"Travel, meals and entertainment",Airfare,65000 - Airfare,,
353,65010 Hotel & Lodging,65010,,,,7,Operating Expenses,"Travel, meals and entertainment",Hotel & lodging,65010 - Hotel & Lodging,,
313,60030 Temporary Labor,60030,,,,12,Operating Expenses,Payroll related expense,Temporary labor,60030 - Temporary Labor,,
325,60500 Recruiting,60500,,,,10,Operating Expenses,Recruiting,60500 - Recruiting,,,
324,60450 Employee Benefits - Other,60450,,,,7,Operating Expenses,Payroll related expense,Employee benefits,60450 - Employee Benefits - Other,,
313,60030 Temporary Labor,60030,,,,1,Operating Expenses,Payroll related expense,Temporary labor,60030 - Temporary Labor,,
339,"62600 Dues, Subscriptions & Prof Licenses",62600,,,,10,Operating Expenses,"Dues, subscriptions & professional licenses","62600 - Dues, Subscriptions & Prof Licenses",,,
345,63500 Business Licenses & Permits,63500,,,,6,Operating Expenses,Business licenses & permits,63500 - Business Licenses & Permits,,,
353,65010 Hotel & Lodging,65010,,,,6,Operating Expenses,"Travel, meals and entertainment",Hotel & lodging,65010 - Hotel & Lodging,,
331,61300 Property Taxes,61300,,,,10,Operating Expenses,Property taxes,61300 - Property Taxes,,,
349,64300 Bad Debt Expense,64300,,,,7,Operating Expenses,Bad debt expense,64300 - Bad Debt Expense,,,
315,60060 Relocation,60060,,,,6,Operating Expenses,Payroll related expense,Relocation,60060 - Relocation,,
357,65200 Client Meals & Entertainment,65200,,,,12,Operating Expenses,"Travel, meals and entertainment",Client meals & entertainment,65200 - Client Meals & Entertainment,,
341,63100 IT Support Fees,63100,,,,7,Operating Expenses,Professional fees,IT support fees,63100 - IT Support Fees,,
353,65010 Hotel & Lodging,65010,,,,12,Operating Expenses,"Travel, meals and entertainment",Hotel & lodging,65010 - Hotel & Lodging,,
318,60300 Payroll Taxes,60300,,,,12,Operating Expenses,Payroll related expense,Payroll taxes,60300 - Payroll Taxes,,
239,15300 Equipment,15300,,,,9,Non-Current Assets,Fixed Assets,"Property, plant and equipment",Equipment,15300 - Equipment,
242,16000 Accumulated Depreciation-Building,16000,,,,6,Non-Current Assets,Fixed Assets,"Property, plant and equipment",Accumulated depreciation,16000 - Accumulated Depreciation-Building,
242,16000 Accumulated Depreciation-Building,16000,,,,10,Non-Current Assets,Fixed Assets,"Property, plant and equipment",Accumulated depreciation,16000 - Accumulated Depreciation-Building,
237,15100 Leasehold Improvements,15100,,,,12,Non-Current Assets,Fixed Assets,"Property, plant and equipment",Leasehold improvements,15100 - Leasehold Improvements,
243,16100 Accumulated Depreciation-Leasehold Improvements,16100,,,,9,Non-Current Assets,Fixed Assets,"Property, plant and equipment",Accumulated depreciation,16100 - Accumulated Depreciation-Leasehold Improvements,
238,15200 Furniture & Fixtures,15200,,,,9,Non-Current Assets,Fixed Assets,"Property, plant and equipment",Furniture & fixtures,15200 - Furniture & Fixtures,
438,16500 Accumulated Depreciation-Computer Hardware,16500,,,,5,Non-Current Assets,Fixed Assets,"Property, plant and equipment",Accumulated depreciation,16500 - Accumulated Depreciation-Computer Hardware,
243,16100 Accumulated Depreciation-Leasehold Improvements,16100,,,,5,Non-Current Assets,Fixed Assets,"Property, plant and equipment",Accumulated depreciation,16100 - Accumulated Depreciation-Leasehold Improvements,
438,16500 Accumulated Depreciation-Computer Hardware,16500,,,,1,Non-Current Assets,Fixed Assets,"Property, plant and equipment",Accumulated depreciation,16500 - Accumulated Depreciation-Computer Hardware,
246,16400 Accumulated Depreciation-Computer Software,16400,,,,3,Non-Current Assets,Fixed Assets,"Property, plant and equipment",Accumulated depreciation,16400 - Accumulated Depreciation-Computer Software,
239,15300 Equipment,15300,,,,7,Non-Current Assets,Fixed Assets,"Property, plant and equipment",Equipment,15300 - Equipment,
239,15300 Equipment,15300,,,,10,Non-Current Assets,Fixed Assets,"Property, plant and equipment",Equipment,15300 - Equipment,
246,16400 Accumulated Depreciation-Computer Software,16400,,,,1,Non-Current Assets,Fixed Assets,"Property, plant and equipment",Accumulated depreciation,16400 - Accumulated Depreciation-Computer Software,
437,15500 Computer Hardware,15500,,,,6,Non-Current Assets,Fixed Assets,"Property, plant and equipment",Computer hardware,15500 - Computer Hardware,
238,15200 Furniture & Fixtures,15200,,,,10,Non-Current Assets,Fixed Assets,"Property, plant and equipment",Furniture & fixtures,15200 - Furniture & Fixtures,
244,16200 Accumulated Depreciation-Furniture & Fixtures,16200,,,,12,Non-Current Assets,Fixed Assets,"Property, plant and equipment",Accumulated depreciation,16200 - Accumulated Depreciation-Furniture & Fixtures,
243,16100 Accumulated Depreciation-Leasehold Improvements,16100,,,,7,Non-Current Assets,Fixed Assets,"Property, plant and equipment",Accumulated depreciation,16100 - Accumulated Depreciation-Leasehold Improvements,
238,15200 Furniture & Fixtures,15200,,,,7,Non-Current Assets,Fixed Assets,"Property, plant and equipment",Furniture & fixtures,15200 - Furniture & Fixtures,
241,15900 Fixed Assets In Progress,15900,,,,10,Non-Current Assets,Fixed Assets,"Property, plant and equipment",Fixed assets in progress,15900 - Fixed Assets In Progress,
238,15200 Furniture & Fixtures,15200,,,,12,Non-Current Assets,Fixed Assets,"Property, plant and equipment",Furniture & fixtures,15200 - Furniture & Fixtures,
236,15000 Building,15000,,,,9,Non-Current Assets,Fixed Assets,"Property, plant and equipment",Building,15000 - Building,
245,16300 Accumulated Depreciation-Equipment,16300,,,,9,Non-Current Assets,Fixed Assets,"Property, plant and equipment",Accumulated depreciation,16300 - Accumulated Depreciation-Equipment,
237,15100 Leasehold Improvements,15100,,,,9,Non-Current Assets,Fixed Assets,"Property, plant and equipment",Leasehold improvements,15100 - Leasehold Improvements,
246,16400 Accumulated Depreciation-Computer Software,16400,,,,12,Non-Current Assets,Fixed Assets,"Property, plant and equipment",Accumulated depreciation,16400 - Accumulated Depreciation-Computer Software,
244,16200 Accumulated Depreciation-Furniture & Fixtures,16200,,,,7,Non-Current Assets,Fixed Assets,"Property, plant and equipment",Accumulated depreciation,16200 - Accumulated Depreciation-Furniture & Fixtures,
245,16300 Accumulated Depreciation-Equipment,16300,,,,6,Non-Current Assets,Fixed Assets,"Property, plant and equipment",Accumulated depreciation,16300 - Accumulated Depreciation-Equipment,
236,15000 Building,15000,,,,6,Non-Current Assets,Fixed Assets,"Property, plant and equipment",Building,15000 - Building,
438,16500 Accumulated Depreciation-Computer Hardware,16500,,,,7,Non-Current Assets,Fixed Assets,"Property, plant and equipment",Accumulated depreciation,16500 - Accumulated Depreciation-Computer Hardware,
245,16300 Accumulated Depreciation-Equipment,16300,,,,12,Non-Current Assets,Fixed Assets,"Property, plant and equipment",Accumulated depreciation,16300 - Accumulated Depreciation-Equipment,
239,15300 Equipment,15300,,,,5,Non-Current Assets,Fixed Assets,"Property, plant and equipment",Equipment,15300 - Equipment,
241,15900 Fixed Assets In Progress,15900,,,,6,Non-Current Assets,Fixed Assets,"Property, plant and equipment",Fixed assets in progress,15900 - Fixed Assets In Progress,
243,16100 Accumulated Depreciation-Leasehold Improvements,16100,,,,10,Non-Current Assets,Fixed Assets,"Property, plant and equipment",Accumulated depreciation,16100 - Accumulated Depreciation-Leasehold Improvements,
245,16300 Accumulated Depreciation-Equipment,16300,,,,5,Non-Current Assets,Fixed Assets,"Property, plant and equipment",Accumulated depreciation,16300 - Accumulated Depreciation-Equipment,
240,15400 Computer Software,15400,,,,3,Non-Current Assets,Fixed Assets,"Property, plant and equipment",Computer software,15400 - Computer Software,
437,15500 Computer Hardware,15500,,,,10,Non-Current Assets,Fixed Assets,"Property, plant and equipment",Computer hardware,15500 - Computer Hardware,
437,15500 Computer Hardware,15500,,,,5,Non-Current Assets,Fixed Assets,"Property, plant and equipment",Computer hardware,15500 - Computer Hardware,
438,16500 Accumulated Depreciation-Computer Hardware,16500,,,,6,Non-Current Assets,Fixed Assets,"Property, plant and equipment",Accumulated depreciation,16500 - Accumulated Depreciation-Computer Hardware,
437,15500 Computer Hardware,15500,,,,3,Non-Current Assets,Fixed Assets,"Property, plant and equipment",Computer hardware,15500 - Computer Hardware,
236,15000 Building,15000,,,,7,Non-Current Assets,Fixed Assets,"Property, plant and equipment",Building,15000 - Building,
575,15600 Vehicles,15600,,,,3,Non-Current Assets,Fixed Assets,"Property, plant and equipment",Vehicles,15600 - Vehicles,
576,16600 Accumulated Depreciation-Vehicles,16600,,,,6,Non-Current Assets,Fixed Assets,"Property, plant and equipment",Accumulated depreciation,16600 - Accumulated Depreciation-Vehicles,
240,15400 Computer Software,15400,,,,1,Non-Current Assets,Fixed Assets,"Property, plant and equipment",Computer software,15400 - Computer Software,
236,15000 Building,15000,,,,1,Non-Current Assets,Fixed Assets,"Property, plant and equipment",Building,15000 - Building,
576,16600 Accumulated Depreciation-Vehicles,16600,,,,7,Non-Current Assets,Fixed Assets,"Property, plant and equipment",Accumulated depreciation,16600 - Accumulated Depreciation-Vehicles,
575,15600 Vehicles,15600,,,,7,Non-Current Assets,Fixed Assets,"Property, plant and equipment",Vehicles,15600 - Vehicles,
576,16600 Accumulated Depreciation-Vehicles,16600,,,,3,Non-Current Assets,Fixed Assets,"Property, plant and equipment",Accumulated depreciation,16600 - Accumulated Depreciation-Vehicles,
241,15900 Fixed Assets In Progress,15900,,,,7,Non-Current Assets,Fixed Assets,"Property, plant and equipment",Fixed assets in progress,15900 - Fixed Assets In Progress,
575,15600 Vehicles,15600,,,,1,Non-Current Assets,Fixed Assets,"Property, plant and equipment",Vehicles,15600 - Vehicles,
238,15200 Furniture & Fixtures,15200,,,,5,Non-Current Assets,Fixed Assets,"Property, plant and equipment",Furniture & fixtures,15200 - Furniture & Fixtures,
240,15400 Computer Software,15400,,,,12,Non-Current Assets,Fixed Assets,"Property, plant and equipment",Computer software,15400 - Computer Software,
437,15500 Computer Hardware,15500,,,,12,Non-Current Assets,Fixed Assets,"Property, plant and equipment",Computer hardware,15500 - Computer Hardware,
576,16600 Accumulated Depreciation-Vehicles,16600,,,,10,Non-Current Assets,Fixed Assets,"Property, plant and equipment",Accumulated depreciation,16600 - Accumulated Depreciation-Vehicles,
244,16200 Accumulated Depreciation-Furniture & Fixtures,16200,,,,1,Non-Current Assets,Fixed Assets,"Property, plant and equipment",Accumulated depreciation,16200 - Accumulated Depreciation-Furniture & Fixtures,
575,15600 Vehicles,15600,,,,10,Non-Current Assets,Fixed Assets,"Property, plant and equipment",Vehicles,15600 - Vehicles,
575,15600 Vehicles,15600,,,,6,Non-Current Assets,Fixed Assets,"Property, plant and equipment",Vehicles,15600 - Vehicles,
242,16000 Accumulated Depreciation-Building,16000,,,,7,Non-Current Assets,Fixed Assets,"Property, plant and equipment",Accumulated depreciation,16000 - Accumulated Depreciation-Building,
246,16400 Accumulated Depreciation-Computer Software,16400,,,,10,Non-Current Assets,Fixed Assets,"Property, plant and equipment",Accumulated depreciation,16400 - Accumulated Depreciation-Computer Software,
244,16200 Accumulated Depreciation-Furniture & Fixtures,16200,,,,10,Non-Current Assets,Fixed Assets,"Property, plant and equipment",Accumulated depreciation,16200 - Accumulated Depreciation-Furniture & Fixtures,
237,15100 Leasehold Improvements,15100,,,,6,Non-Current Assets,Fixed Assets,"Property, plant and equipment",Leasehold improvements,15100 - Leasehold Improvements,
239,15300 Equipment,15300,,,,6,Non-Current Assets,Fixed Assets,"Property, plant and equipment",Equipment,15300 - Equipment,
238,15200 Furniture & Fixtures,15200,,,,1,Non-Current Assets,Fixed Assets,"Property, plant and equipment",Furniture & fixtures,15200 - Furniture & Fixtures,
244,16200 Accumulated Depreciation-Furniture & Fixtures,16200,,,,3,Non-Current Assets,Fixed Assets,"Property, plant and equipment",Accumulated depreciation,16200 - Accumulated Depreciation-Furniture & Fixtures,
243,16100 Accumulated Depreciation-Leasehold Improvements,16100,,,,6,Non-Current Assets,Fixed Assets,"Property, plant and equipment",Accumulated depreciation,16100 - Accumulated Depreciation-Leasehold Improvements,
245,16300 Accumulated Depreciation-Equipment,16300,,,,1,Non-Current Assets,Fixed Assets,"Property, plant and equipment",Accumulated depreciation,16300 - Accumulated Depreciation-Equipment,
244,16200 Accumulated Depreciation-Furniture & Fixtures,16200,,,,6,Non-Current Assets,Fixed Assets,"Property, plant and equipment",Accumulated depreciation,16200 - Accumulated Depreciation-Furniture & Fixtures,
240,15400 Computer Software,15400,,,,10,Non-Current Assets,Fixed Assets,"Property, plant and equipment",Computer software,15400 - Computer Software,
237,15100 Leasehold Improvements,15100,,,,1,Non-Current Assets,Fixed Assets,"Property, plant and equipment",Leasehold improvements,15100 - Leasehold Improvements,
246,16400 Accumulated Depreciation-Computer Software,16400,,,,6,Non-Current Assets,Fixed Assets,"Property, plant and equipment",Accumulated depreciation,16400 - Accumulated Depreciation-Computer Software,
243,16100 Accumulated Depreciation-Leasehold Improvements,16100,,,,12,Non-Current Assets,Fixed Assets,"Property, plant and equipment",Accumulated depreciation,16100 - Accumulated Depreciation-Leasehold Improvements,
242,16000 Accumulated Depreciation-Building,16000,,,,12,Non-Current Assets,Fixed Assets,"Property, plant and equipment",Accumulated depreciation,16000 - Accumulated Depreciation-Building,
576,16600 Accumulated Depreciation-Vehicles,16600,,,,1,Non-Current Assets,Fixed Assets,"Property, plant and equipment",Accumulated depreciation,16600 - Accumulated Depreciation-Vehicles,
576,16600 Accumulated Depreciation-Vehicles,16600,,,,12,Non-Current Assets,Fixed Assets,"Property, plant and equipment",Accumulated depreciation,16600 - Accumulated Depreciation-Vehicles,
241,15900 Fixed Assets In Progress,15900,,,,5,Non-Current Assets,Fixed Assets,"Property, plant and equipment",Fixed assets in progress,15900 - Fixed Assets In Progress,
438,16500 Accumulated Depreciation-Computer Hardware,16500,,,,12,Non-Current Assets,Fixed Assets,"Property, plant and equipment",Accumulated depreciation,16500 - Accumulated Depreciation-Computer Hardware,
242,16000 Accumulated Depreciation-Building,16000,,,,5,Non-Current Assets,Fixed Assets,"Property, plant and equipment",Accumulated depreciation,16000 - Accumulated Depreciation-Building,
238,15200 Furniture & Fixtures,15200,,,,6,Non-Current Assets,Fixed Assets,"Property, plant and equipment",Furniture & fixtures,15200 - Furniture & Fixtures,
242,16000 Accumulated Depreciation-Building,16000,,,,9,Non-Current Assets,Fixed Assets,"Property, plant and equipment",Accumulated depreciation,16000 - Accumulated Depreciation-Building,
243,16100 Accumulated Depreciation-Leasehold Improvements,16100,,,,1,Non-Current Assets,Fixed Assets,"Property, plant and equipment",Accumulated depreciation,16100 - Accumulated Depreciation-Leasehold Improvements,
240,15400 Computer Software,15400,,,,6,Non-Current Assets,Fixed Assets,"Property, plant and equipment",Computer software,15400 - Computer Software,
241,15900 Fixed Assets In Progress,15900,,,,1,Non-Current Assets,Fixed Assets,"Property, plant and equipment",Fixed assets in progress,15900 - Fixed Assets In Progress,
437,15500 Computer Hardware,15500,,,,7,Non-Current Assets,Fixed Assets,"Property, plant and equipment",Computer hardware,15500 - Computer Hardware,
242,16000 Accumulated Depreciation-Building,16000,,,,2,Non-Current Assets,Fixed Assets,"Property, plant and equipment",Accumulated depreciation,16000 - Accumulated Depreciation-Building,
244,16200 Accumulated Depreciation-Furniture & Fixtures,16200,,,,5,Non-Current Assets,Fixed Assets,"Property, plant and equipment",Accumulated depreciation,16200 - Accumulated Depreciation-Furniture & Fixtures,
438,16500 Accumulated Depreciation-Computer Hardware,16500,,,,3,Non-Current Assets,Fixed Assets,"Property, plant and equipment",Accumulated depreciation,16500 - Accumulated Depreciation-Computer Hardware,
437,15500 Computer Hardware,15500,,,,1,Non-Current Assets,Fixed Assets,"Property, plant and equipment",Computer hardware,15500 - Computer Hardware,
575,15600 Vehicles,15600,,,,9,Non-Current Assets,Fixed Assets,"Property, plant and equipment",Vehicles,15600 - Vehicles,
246,16400 Accumulated Depreciation-Computer Software,16400,,,,7,Non-Current Assets,Fixed Assets,"Property, plant and equipment",Accumulated depreciation,16400 - Accumulated Depreciation-Computer Software,
575,15600 Vehicles,15600,,,,5,Non-Current Assets,Fixed Assets,"Property, plant and equipment",Vehicles,15600 - Vehicles,
239,15300 Equipment,15300,,,,12,Non-Current Assets,Fixed Assets,"Property, plant and equipment",Equipment,15300 - Equipment,
237,15100 Leasehold Improvements,15100,,,,5,Non-Current Assets,Fixed Assets,"Property, plant and equipment",Leasehold improvements,15100 - Leasehold Improvements,
244,16200 Accumulated Depreciation-Furniture & Fixtures,16200,,,,9,Non-Current Assets,Fixed Assets,"Property, plant and equipment",Accumulated depreciation,16200 - Accumulated Depreciation-Furniture & Fixtures,
576,16600 Accumulated Depreciation-Vehicles,16600,,,,9,Non-Current Assets,Fixed Assets,"Property, plant and equipment",Accumulated depreciation,16600 - Accumulated Depreciation-Vehicles,
237,15100 Leasehold Improvements,15100,,,,7,Non-Current Assets,Fixed Assets,"Property, plant and equipment",Leasehold improvements,15100 - Leasehold Improvements,
242,16000 Accumulated Depreciation-Building,16000,,,,1,Non-Current Assets,Fixed Assets,"Property, plant and equipment",Accumulated depreciation,16000 - Accumulated Depreciation-Building,
243,16100 Accumulated Depreciation-Leasehold Improvements,16100,,,,3,Non-Current Assets,Fixed Assets,"Property, plant and equipment",Accumulated depreciation,16100 - Accumulated Depreciation-Leasehold Improvements,
575,15600 Vehicles,15600,,,,12,Non-Current Assets,Fixed Assets,"Property, plant and equipment",Vehicles,15600 - Vehicles,
576,16600 Accumulated Depreciation-Vehicles,16600,,,,5,Non-Current Assets,Fixed Assets,"Property, plant and equipment",Accumulated depreciation,16600 - Accumulated Depreciation-Vehicles,
245,16300 Accumulated Depreciation-Equipment,16300,,,,10,Non-Current Assets,Fixed Assets,"Property, plant and equipment",Accumulated depreciation,16300 - Accumulated Depreciation-Equipment,
240,15400 Computer Software,15400,,,,7,Non-Current Assets,Fixed Assets,"Property, plant and equipment",Computer software,15400 - Computer Software,
438,16500 Accumulated Depreciation-Computer Hardware,16500,,,,10,Non-Current Assets,Fixed Assets,"Property, plant and equipment",Accumulated depreciation,16500 - Accumulated Depreciation-Computer Hardware,
236,15000 Building,15000,,,,12,Non-Current Assets,Fixed Assets,"Property, plant and equipment",Building,15000 - Building,
241,15900 Fixed Assets In Progress,15900,,,,12,Non-Current Assets,Fixed Assets,"Property, plant and equipment",Fixed assets in progress,15900 - Fixed Assets In Progress,
245,16300 Accumulated Depreciation-Equipment,16300,,,,7,Non-Current Assets,Fixed Assets,"Property, plant and equipment",Accumulated depreciation,16300 - Accumulated Depreciation-Equipment,
236,15000 Building,15000,,,,10,Non-Current Assets,Fixed Assets,"Property, plant and equipment",Building,15000 - Building,
236,15000 Building,15000,,,,5,Non-Current Assets,Fixed Assets,"Property, plant and equipment",Building,15000 - Building,
237,15100 Leasehold Improvements,15100,,,,10,Non-Current Assets,Fixed Assets,"Property, plant and equipment",Leasehold improvements,15100 - Leasehold Improvements,
246,16400 Accumulated Depreciation-Computer Software,16400,,,,5,Non-Current Assets,Fixed Assets,"Property, plant and equipment",Accumulated depreciation,16400 - Accumulated Depreciation-Computer Software,
239,15300 Equipment,15300,,,,1,Non-Current Assets,Fixed Assets,"Property, plant and equipment",Equipment,15300 - Equipment,
257,20100 Employee Expense Payable,20100,,,,6,Liabilities,Current Liabilities,Accounts payable,Employee expense payable,20100 - Employee Expense Payable,
111,20000 Accounts Payable,20000,,,,12,Liabilities,Current Liabilities,Accounts payable,Trade payable,20000 - Accounts Payable,
262,22100 Ad Sales Liability,22100,,,,12,Liabilities,Current Liabilities,Accounts payable,Ad sales liability,22100 - Ad Sales Liability,
257,20100 Employee Expense Payable,20100,,,,1,Liabilities,Current Liabilities,Accounts payable,Employee expense payable,20100 - Employee Expense Payable,
111,20000 Accounts Payable,20000,,,,3,Liabilities,Current Liabilities,Accounts payable,Trade payable,20000 - Accounts Payable,
262,22100 Ad Sales Liability,22100,,,,7,Liabilities,Current Liabilities,Accounts payable,Ad sales liability,22100 - Ad Sales Liability,
111,20000 Accounts Payable,20000,,,,5,Liabilities,Current Liabilities,Accounts payable,Trade payable,20000 - Accounts Payable,
257,20100 Employee Expense Payable,20100,,,,3,Liabilities,Current Liabilities,Accounts payable,Employee expense payable,20100 - Employee Expense Payable,
262,22100 Ad Sales Liability,22100,,,,5,Liabilities,Current Liabilities,Accounts payable,Ad sales liability,22100 - Ad Sales Liability,
451,22850 Intercompany Payable,22850,,,,12,Liabilities,Current Liabilities,Accounts payable,Intercompany payable,22850 - Intercompany Payable,
111,20000 Accounts Payable,20000,,,,7,Liabilities,Current Liabilities,Accounts payable,Trade payable,20000 - Accounts Payable,
262,22100 Ad Sales Liability,22100,,,,3,Liabilities,Current Liabilities,Accounts payable,Ad sales liability,22100 - Ad Sales Liability,
451,22850 Intercompany Payable,22850,,,,1,Liabilities,Current Liabilities,Accounts payable,Intercompany payable,22850 - Intercompany Payable,
262,22100 Ad Sales Liability,22100,,,,9,Liabilities,Current Liabilities,Accounts payable,Ad sales liability,22100 - Ad Sales Liability,
257,20100 Employee Expense Payable,20100,,,,5,Liabilities,Current Liabilities,Accounts payable,Employee expense payable,20100 - Employee Expense Payable,
257,20100 Employee Expense Payable,20100,,,,9,Liabilities,Current Liabilities,Accounts payable,Employee expense payable,20100 - Employee Expense Payable,
257,20100 Employee Expense Payable,20100,,,,10,Liabilities,Current Liabilities,Accounts payable,Employee expense payable,20100 - Employee Expense Payable,
257,20100 Employee Expense Payable,20100,,,,7,Liabilities,Current Liabilities,Accounts payable,Employee expense payable,20100 - Employee Expense Payable,
111,20000 Accounts Payable,20000,,,,6,Liabilities,Current Liabilities,Accounts payable,Trade payable,20000 - Accounts Payable,
262,22100 Ad Sales Liability,22100,,,,6,Liabilities,Current Liabilities,Accounts payable,Ad sales liability,22100 - Ad Sales Liability,
111,20000 Accounts Payable,20000,,,,1,Liabilities,Current Liabilities,Accounts payable,Trade payable,20000 - Accounts Payable,
451,22850 Intercompany Payable,22850,,,,5,Liabilities,Current Liabilities,Accounts payable,Intercompany payable,22850 - Intercompany Payable,
257,20100 Employee Expense Payable,20100,,,,12,Liabilities,Current Liabilities,Accounts payable,Employee expense payable,20100 - Employee Expense Payable,
262,22100 Ad Sales Liability,22100,,,,1,Liabilities,Current Liabilities,Accounts payable,Ad sales liability,22100 - Ad Sales Liability,
262,22100 Ad Sales Liability,22100,,,,10,Liabilities,Current Liabilities,Accounts payable,Ad sales liability,22100 - Ad Sales Liability,
282,28000 Other Long Term Liabilities,28000,,,,1,Liabilities,Long Term Liabilities,Long Term Debt,Other long term liabilities,28000 - Other Long Term Liabilities,
282,28000 Other Long Term Liabilities,28000,,,,6,Liabilities,Long Term Liabilities,Long Term Debt,Other long term liabilities,28000 - Other Long Term Liabilities,
282,28000 Other Long Term Liabilities,28000,,,,10,Liabilities,Long Term Liabilities,Long Term Debt,Other long term liabilities,28000 - Other Long Term Liabilities,
282,28000 Other Long Term Liabilities,28000,,,,5,Liabilities,Long Term Liabilities,Long Term Debt,Other long term liabilities,28000 - Other Long Term Liabilities,
282,28000 Other Long Term Liabilities,28000,,,,7,Liabilities,Long Term Liabilities,Long Term Debt,Other long term liabilities,28000 - Other Long Term Liabilities,
282,28000 Other Long Term Liabilities,28000,,,,12,Liabilities,Long Term Liabilities,Long Term Debt,Other long term liabilities,28000 - Other Long Term Liabilities,
283,"29000 Long Term Debt, net of current portion",29000,,,,3,Liabilities,Long Term Liabilities,Long Term Debt,"Long term debt, net of current portion","29000 - Long Term Debt, net of current portion",
283,"29000 Long Term Debt, net of current portion",29000,,,,10,Liabilities,Long Term Liabilities,Long Term Debt,"Long term debt, net of current portion","29000 - Long Term Debt, net of current portion",
283,"29000 Long Term Debt, net of current portion",29000,,,,7,Liabilities,Long Term Liabilities,Long Term Debt,"Long term debt, net of current portion","29000 - Long Term Debt, net of current portion",
283,"29000 Long Term Debt, net of current portion",29000,,,,1,Liabilities,Long Term Liabilities,Long Term Debt,"Long term debt, net of current portion","29000 - Long Term Debt, net of current portion",
283,"29000 Long Term Debt, net of current portion",29000,,,,12,Liabilities,Long Term Liabilities,Long Term Debt,"Long term debt, net of current portion","29000 - Long Term Debt, net of current portion",
283,"29000 Long Term Debt, net of current portion",29000,,,,6,Liabilities,Long Term Liabilities,Long Term Debt,"Long term debt, net of current portion","29000 - Long Term Debt, net of current portion",
283,"29000 Long Term Debt, net of current portion",29000,,,,5,Liabilities,Long Term Liabilities,Long Term Debt,"Long term debt, net of current portion","29000 - Long Term Debt, net of current portion",
283,"29000 Long Term Debt, net of current portion",29000,,,,9,Liabilities,Long Term Liabilities,Long Term Debt,"Long term debt, net of current portion","29000 - Long Term Debt, net of current portion",
284,"29001 Debt Issuance Costs, net of current portion",29001,,,,5,Liabilities,Long Term Liabilities,Long Term Debt,"Debt issuance costs, net of current portion","29001 - Debt Issuance Costs, net of current portion",
284,"29001 Debt Issuance Costs, net of current portion",29001,,,,7,Liabilities,Long Term Liabilities,Long Term Debt,"Debt issuance costs, net of current portion","29001 - Debt Issuance Costs, net of current portion",
284,"29001 Debt Issuance Costs, net of current portion",29001,,,,12,Liabilities,Long Term Liabilities,Long Term Debt,"Debt issuance costs, net of current portion","29001 - Debt Issuance Costs, net of current portion",
284,"29001 Debt Issuance Costs, net of current portion",29001,,,,1,Liabilities,Long Term Liabilities,Long Term Debt,"Debt issuance costs, net of current portion","29001 - Debt Issuance Costs, net of current portion",
284,"29001 Debt Issuance Costs, net of current portion",29001,,,,6,Liabilities,Long Term Liabilities,Long Term Debt,"Debt issuance costs, net of current portion","29001 - Debt Issuance Costs, net of current portion",
284,"29001 Debt Issuance Costs, net of current portion",29001,,,,9,Liabilities,Long Term Liabilities,Long Term Debt,"Debt issuance costs, net of current portion","29001 - Debt Issuance Costs, net of current portion",
284,"29001 Debt Issuance Costs, net of current portion",29001,,,,10,Liabilities,Long Term Liabilities,Long Term Debt,"Debt issuance costs, net of current portion","29001 - Debt Issuance Costs, net of current portion",
491,"29002 Accumulated Amortization-Debt Issuance Costs, net of current",29002,,,,12,Liabilities,Long Term Liabilities,Long Term Debt,Accumulated depreciation,"29002 - Accumulated Amortization-Debt Issuance Costs, net of current",
491,"29002 Accumulated Amortization-Debt Issuance Costs, net of current",29002,,,,9,Liabilities,Long Term Liabilities,Long Term Debt,Accumulated depreciation,"29002 - Accumulated Amortization-Debt Issuance Costs, net of current",
491,"29002 Accumulated Amortization-Debt Issuance Costs, net of current",29002,,,,7,Liabilities,Long Term Liabilities,Long Term Debt,Accumulated depreciation,"29002 - Accumulated Amortization-Debt Issuance Costs, net of current",
491,"29002 Accumulated Amortization-Debt Issuance Costs, net of current",29002,,,,10,Liabilities,Long Term Liabilities,Long Term Debt,Accumulated depreciation,"29002 - Accumulated Amortization-Debt Issuance Costs, net of current",
491,"29002 Accumulated Amortization-Debt Issuance Costs, net of current",29002,,,,1,Liabilities,Long Term Liabilities,Long Term Debt,Accumulated depreciation,"29002 - Accumulated Amortization-Debt Issuance Costs, net of current",
491,"29002 Accumulated Amortization-Debt Issuance Costs, net of current",29002,,,,6,Liabilities,Long Term Liabilities,Long Term Debt,Accumulated depreciation,"29002 - Accumulated Amortization-Debt Issuance Costs, net of current",
491,"29002 Accumulated Amortization-Debt Issuance Costs, net of current",29002,,,,5,Liabilities,Long Term Liabilities,Long Term Debt,Accumulated depreciation,"29002 - Accumulated Amortization-Debt Issuance Costs, net of current",
285,"29100 Lease Obligation, net of current portion",29100,,,,6,Liabilities,Long Term Liabilities,Long Term Debt,"Lease obligation, net of current portion","29100 - Lease Obligation, net of current portion",
285,"29100 Lease Obligation, net of current portion",29100,,,,9,Liabilities,Long Term Liabilities,Long Term Debt,"Lease obligation, net of current portion","29100 - Lease Obligation, net of current portion",
285,"29100 Lease Obligation, net of current portion",29100,,,,10,Liabilities,Long Term Liabilities,Long Term Debt,"Lease obligation, net of current portion","29100 - Lease Obligation, net of current portion",
285,"29100 Lease Obligation, net of current portion",29100,,,,12,Liabilities,Long Term Liabilities,Long Term Debt,"Lease obligation, net of current portion","29100 - Lease Obligation, net of current portion",
285,"29100 Lease Obligation, net of current portion",29100,,,,5,Liabilities,Long Term Liabilities,Long Term Debt,"Lease obligation, net of current portion","29100 - Lease Obligation, net of current portion",
285,"29100 Lease Obligation, net of current portion",29100,,,,1,Liabilities,Long Term Liabilities,Long Term Debt,"Lease obligation, net of current portion","29100 - Lease Obligation, net of current portion",
285,"29100 Lease Obligation, net of current portion",29100,,,,7,Liabilities,Long Term Liabilities,Long Term Debt,"Lease obligation, net of current portion","29100 - Lease Obligation, net of current portion",
285,"29100 Lease Obligation, net of current portion",29100,,,,3,Liabilities,Long Term Liabilities,Long Term Debt,"Lease obligation, net of current portion","29100 - Lease Obligation, net of current portion",
463,"29200 Mortgage Loan Payable, net of current portion",29200,,,,12,Liabilities,Long Term Liabilities,Long Term Debt,"Mortgage loan payable, net of current portion","29200 - Mortgage Loan Payable, net of current portion",
463,"29200 Mortgage Loan Payable, net of current portion",29200,,,,9,Liabilities,Long Term Liabilities,Long Term Debt,"Mortgage loan payable, net of current portion","29200 - Mortgage Loan Payable, net of current portion",
463,"29200 Mortgage Loan Payable, net of current portion",29200,,,,1,Liabilities,Long Term Liabilities,Long Term Debt,"Mortgage loan payable, net of current portion","29200 - Mortgage Loan Payable, net of current portion",
463,"29200 Mortgage Loan Payable, net of current portion",29200,,,,2,Liabilities,Long Term Liabilities,Long Term Debt,"Mortgage loan payable, net of current portion","29200 - Mortgage Loan Payable, net of current portion",
463,"29200 Mortgage Loan Payable, net of current portion",29200,,,,10,Liabilities,Long Term Liabilities,Long Term Debt,"Mortgage loan payable, net of current portion","29200 - Mortgage Loan Payable, net of current portion",
463,"29200 Mortgage Loan Payable, net of current portion",29200,,,,6,Liabilities,Long Term Liabilities,Long Term Debt,"Mortgage loan payable, net of current portion","29200 - Mortgage Loan Payable, net of current portion",
463,"29200 Mortgage Loan Payable, net of current portion",29200,,,,5,Liabilities,Long Term Liabilities,Long Term Debt,"Mortgage loan payable, net of current portion","29200 - Mortgage Loan Payable, net of current portion",
463,"29200 Mortgage Loan Payable, net of current portion",29200,,,,7,Liabilities,Long Term Liabilities,Long Term Debt,"Mortgage loan payable, net of current portion","29200 - Mortgage Loan Payable, net of current portion",
527,"29500 Contingent Consideration, net of current portion",29500,,,,10,Liabilities,Long Term Liabilities,Long Term Debt,"Contingent consideration, net of current portion","29500 - Contingent Consideration, net of current portion",
527,"29500 Contingent Consideration, net of current portion",29500,,,,12,Liabilities,Long Term Liabilities,Long Term Debt,"Contingent consideration, net of current portion","29500 - Contingent Consideration, net of current portion",
527,"29500 Contingent Consideration, net of current portion",29500,,,,9,Liabilities,Long Term Liabilities,Long Term Debt,"Contingent consideration, net of current portion","29500 - Contingent Consideration, net of current portion",
527,"29500 Contingent Consideration, net of current portion",29500,,,,6,Liabilities,Long Term Liabilities,Long Term Debt,"Contingent consideration, net of current portion","29500 - Contingent Consideration, net of current portion",
527,"29500 Contingent Consideration, net of current portion",29500,,,,1,Liabilities,Long Term Liabilities,Long Term Debt,"Contingent consideration, net of current portion","29500 - Contingent Consideration, net of current portion",
527,"29500 Contingent Consideration, net of current portion",29500,,,,5,Liabilities,Long Term Liabilities,Long Term Debt,"Contingent consideration, net of current portion","29500 - Contingent Consideration, net of current portion",
527,"29500 Contingent Consideration, net of current portion",29500,,,,7,Liabilities,Long Term Liabilities,Long Term Debt,"Contingent consideration, net of current portion","29500 - Contingent Consideration, net of current portion",
527,"29500 Contingent Consideration, net of current portion",29500,,,,3,Liabilities,Long Term Liabilities,Long Term Debt,"Contingent consideration, net of current portion","29500 - Contingent Consideration, net of current portion",
267,24000 Accrued Payroll,24000,,,,12,Liabilities,Other Liabilities,Accrued expenses,Accrued payroll,24000 - Accrued Payroll,
498,24222 Accrued DCA 2022,24222,,,,1,Liabilities,Other Liabilities,Accrued expenses,Accrued DCA,24222 - Accrued DCA 2022,
277,24400 Accrued Commission,24400,,,,6,Liabilities,Other Liabilities,Accrued expenses,Accrued commission,24400 - Accrued Commission,
456,24020 Accrued PTO,24020,,,,7,Liabilities,Other Liabilities,Accrued expenses,Accrued PTO,24020 - Accrued PTO,
270,24102 Accrued NJ PP Disability,24102,,,,1,Liabilities,Other Liabilities,Accrued expenses,Accrued NJ PP disability,24102 - Accrued NJ PP Disability,
501,24242 Accrued PKG 2022,24242,,,,3,Liabilities,Other Liabilities,Accrued expenses,Accrued PKG,24242 - Accrued PKG 2022,
264,23100 Accrued Professional Fees,23100,,,,9,Liabilities,Other Liabilities,Accrued expenses,Accrued professional fees,23100 - Accrued Professional Fees,
561,24214 Accrued FSA 2024,24214,,,,12,Liabilities,Other Liabilities,Accrued expenses,Accrued FSA,24214 - Accrued FSA 2024,
542,24223 Accrued DCA 2023,24223,,,,6,Liabilities,Other Liabilities,Accrued expenses,Accrued DCA,24223 - Accrued DCA 2023,
501,24242 Accrued PKG 2022,24242,,,,6,Liabilities,Other Liabilities,Accrued expenses,Accrued PKG,24242 - Accrued PKG 2022,
501,24242 Accrued PKG 2022,24242,,,,1,Liabilities,Other Liabilities,Accrued expenses,Accrued PKG,24242 - Accrued PKG 2022,
562,24224 Accrued DCA 2024,24224,,,,10,Liabilities,Other Liabilities,Accrued expenses,Accrued DCA,24224 - Accrued DCA 2024,
275,24250 Accrued 401K,24250,,,,12,Liabilities,Other Liabilities,Accrued expenses,Accrued 401K,24250 - Accrued 401K,
498,24222 Accrued DCA 2022,24222,,,,7,Liabilities,Other Liabilities,Accrued expenses,Accrued DCA,24222 - Accrued DCA 2022,
589,24235 Accrued TRA 2025,24235,,,,7,Liabilities,Other Liabilities,Accrued expenses,Accrued TRA,24235 - Accrued TRA 2025,
268,24100 Accrued Payroll Taxes,24100,,,,12,Liabilities,Other Liabilities,Accrued expenses,Accrued payroll taxes,24100 - Accrued Payroll Taxes,
436,24010 Accrued Severance,24010,,,,12,Liabilities,Other Liabilities,Accrued expenses,Accrued severance,24010 - Accrued Severance,
588,24225 Accrued DCA 2025,24225,,,,7,Liabilities,Other Liabilities,Accrued expenses,Accrued DCA,24225 - Accrued DCA 2025,
264,23100 Accrued Professional Fees,23100,,,,7,Liabilities,Other Liabilities,Accrued expenses,Accrued professional fees,23100 - Accrued Professional Fees,
267,24000 Accrued Payroll,24000,,,,7,Liabilities,Other Liabilities,Accrued expenses,Accrued payroll,24000 - Accrued Payroll,
273,24221 Accrued DCA 2021,24221,,,,5,Liabilities,Other Liabilities,Accrued expenses,Accrued DCA,24221 - Accrued DCA 2021,
264,23100 Accrued Professional Fees,23100,,,,12,Liabilities,Other Liabilities,Accrued expenses,Accrued professional fees,23100 - Accrued Professional Fees,
561,24214 Accrued FSA 2024,24214,,,,1,Liabilities,Other Liabilities,Accrued expenses,Accrued FSA,24214 - Accrued FSA 2024,
276,24300 Accrued Bonus,24300,,,,1,Liabilities,Other Liabilities,Accrued expenses,Accrued bonus,24300 - Accrued Bonus,
265,23200 Accrued Rights Fees,23200,,,,3,Liabilities,Other Liabilities,Accrued expenses,Accrued rights fees,23200 - Accrued Rights Fees,
499,24232 Accrued TRA 2022,24232,,,,10,Liabilities,Other Liabilities,Accrued expenses,Accrued TRA,24232 - Accrued TRA 2022,
544,24243 Accrued PKG 2023,24243,,,,5,Liabilities,Other Liabilities,Accrued expenses,Accrued PKG,24243 - Accrued PKG 2023,
564,24244 Accrued PKG 2024,24244,,,,6,Liabilities,Other Liabilities,Accrued expenses,Accrued PKG,24244 - Accrued PKG 2024,
436,24010 Accrued Severance,24010,,,,1,Liabilities,Other Liabilities,Accrued expenses,Accrued severance,24010 - Accrued Severance,
590,24245 Accrued PKG 2025,24245,,,,6,Liabilities,Other Liabilities,Accrued expenses,Accrued PKG,24245 - Accrued PKG 2025,
430,25000 Accrued Interest,25000,,,,12,Liabilities,Other Liabilities,Accrued expenses,Accrued interest,25000 - Accrued Interest,
275,24250 Accrued 401K,24250,,,,7,Liabilities,Other Liabilities,Accrued expenses,Accrued 401K,24250 - Accrued 401K,
590,24245 Accrued PKG 2025,24245,,,,1,Liabilities,Other Liabilities,Accrued expenses,Accrued PKG,24245 - Accrued PKG 2025,
456,24020 Accrued PTO,24020,,,,6,Liabilities,Other Liabilities,Accrued expenses,Accrued PTO,24020 - Accrued PTO,
501,24242 Accrued PKG 2022,24242,,,,7,Liabilities,Other Liabilities,Accrued expenses,Accrued PKG,24242 - Accrued PKG 2022,
456,24020 Accrued PTO,24020,,,,5,Liabilities,Other Liabilities,Accrued expenses,Accrued PTO,24020 - Accrued PTO,
564,24244 Accrued PKG 2024,24244,,,,7,Liabilities,Other Liabilities,Accrued expenses,Accrued PKG,24244 - Accrued PKG 2024,
276,24300 Accrued Bonus,24300,,,,7,Liabilities,Other Liabilities,Accrued expenses,Accrued bonus,24300 - Accrued Bonus,
430,25000 Accrued Interest,25000,,,,6,Liabilities,Other Liabilities,Accrued expenses,Accrued interest,25000 - Accrued Interest,
496,24212 Accrued FSA 2022,24212,,,,5,Liabilities,Other Liabilities,Accrued expenses,Accrued FSA,24212 - Accrued FSA 2022,
563,24234 Accrued TRA 2024,24234,,,,3,Liabilities,Other Liabilities,Accrued expenses,Accrued TRA,24234 - Accrued TRA 2024,
267,24000 Accrued Payroll,24000,,,,3,Liabilities,Other Liabilities,Accrued expenses,Accrued payroll,24000 - Accrued Payroll,
501,24242 Accrued PKG 2022,24242,,,,10,Liabilities,Other Liabilities,Accrued expenses,Accrued PKG,24242 - Accrued PKG 2022,
270,24102 Accrued NJ PP Disability,24102,,,,3,Liabilities,Other Liabilities,Accrued expenses,Accrued NJ PP disability,24102 - Accrued NJ PP Disability,
436,24010 Accrued Severance,24010,,,,3,Liabilities,Other Liabilities,Accrued expenses,Accrued severance,24010 - Accrued Severance,
263,23000 Accrued Expenses,23000,,,,7,Liabilities,Other Liabilities,Accrued expenses,Accrued expenses,23000 - Accrued Expenses,
274,24230 Accrued TRA,24230,,,,12,Liabilities,Other Liabilities,Accrued expenses,Accrued TRA,24230 - Accrued TRA,
501,24242 Accrued PKG 2022,24242,,,,12,Liabilities,Other Liabilities,Accrued expenses,Accrued PKG,24242 - Accrued PKG 2022,
589,24235 Accrued TRA 2025,24235,,,,5,Liabilities,Other Liabilities,Accrued expenses,Accrued TRA,24235 - Accrued TRA 2025,
430,25000 Accrued Interest,25000,,,,5,Liabilities,Other Liabilities,Accrued expenses,Accrued interest,25000 - Accrued Interest,
501,24242 Accrued PKG 2022,24242,,,,5,Liabilities,Other Liabilities,Accrued expenses,Accrued PKG,24242 - Accrued PKG 2022,
277,24400 Accrued Commission,24400,,,,7,Liabilities,Other Liabilities,Accrued expenses,Accrued commission,24400 - Accrued Commission,
589,24235 Accrued TRA 2025,24235,,,,3,Liabilities,Other Liabilities,Accrued expenses,Accrued TRA,24235 - Accrued TRA 2025,
544,24243 Accrued PKG 2023,24243,,,,1,Liabilities,Other Liabilities,Accrued expenses,Accrued PKG,24243 - Accrued PKG 2023,
543,24233 Accrued TRA 2023,24233,,,,12,Liabilities,Other Liabilities,Accrued expenses,Accrued TRA,24233 - Accrued TRA 2023,
496,24212 Accrued FSA 2022,24212,,,,9,Liabilities,Other Liabilities,Accrued expenses,Accrued FSA,24212 - Accrued FSA 2022,
563,24234 Accrued TRA 2024,24234,,,,10,Liabilities,Other Liabilities,Accrued expenses,Accrued TRA,24234 - Accrued TRA 2024,
273,24221 Accrued DCA 2021,24221,,,,6,Liabilities,Other Liabilities,Accrued expenses,Accrued DCA,24221 - Accrued DCA 2021,
587,24215 Accrued FSA 2025,24215,,,,6,Liabilities,Other Liabilities,Accrued expenses,Accrued FSA,24215 - Accrued FSA 2025,
272,24211 Accrued FSA 2021,24211,,,,6,Liabilities,Other Liabilities,Accrued expenses,Accrued FSA,24211 - Accrued FSA 2021,
276,24300 Accrued Bonus,24300,,,,10,Liabilities,Other Liabilities,Accrued expenses,Accrued bonus,24300 - Accrued Bonus,
563,24234 Accrued TRA 2024,24234,,,,6,Liabilities,Other Liabilities,Accrued expenses,Accrued TRA,24234 - Accrued TRA 2024,
271,24200 Accrued Benefits,24200,,,,7,Liabilities,Other Liabilities,Accrued expenses,Accrued benefits,24200 - Accrued Benefits,
270,24102 Accrued NJ PP Disability,24102,,,,5,Liabilities,Other Liabilities,Accrued expenses,Accrued NJ PP disability,24102 - Accrued NJ PP Disability,
265,23200 Accrued Rights Fees,23200,,,,12,Liabilities,Other Liabilities,Accrued expenses,Accrued rights fees,23200 - Accrued Rights Fees,
265,23200 Accrued Rights Fees,23200,,,,1,Liabilities,Other Liabilities,Accrued expenses,Accrued rights fees,23200 - Accrued Rights Fees,
542,24223 Accrued DCA 2023,24223,,,,5,Liabilities,Other Liabilities,Accrued expenses,Accrued DCA,24223 - Accrued DCA 2023,
544,24243 Accrued PKG 2023,24243,,,,12,Liabilities,Other Liabilities,Accrued expenses,Accrued PKG,24243 - Accrued PKG 2023,
542,24223 Accrued DCA 2023,24223,,,,12,Liabilities,Other Liabilities,Accrued expenses,Accrued DCA,24223 - Accrued DCA 2023,
499,24232 Accrued TRA 2022,24232,,,,12,Liabilities,Other Liabilities,Accrued expenses,Accrued TRA,24232 - Accrued TRA 2022,
496,24212 Accrued FSA 2022,24212,,,,6,Liabilities,Other Liabilities,Accrued expenses,Accrued FSA,24212 - Accrued FSA 2022,
272,24211 Accrued FSA 2021,24211,,,,10,Liabilities,Other Liabilities,Accrued expenses,Accrued FSA,24211 - Accrued FSA 2021,
563,24234 Accrued TRA 2024,24234,,,,12,Liabilities,Other Liabilities,Accrued expenses,Accrued TRA,24234 - Accrued TRA 2024,
276,24300 Accrued Bonus,24300,,,,3,Liabilities,Other Liabilities,Accrued expenses,Accrued bonus,24300 - Accrued Bonus,
590,24245 Accrued PKG 2025,24245,,,,3,Liabilities,Other Liabilities,Accrued expenses,Accrued PKG,24245 - Accrued PKG 2025,
436,24010 Accrued Severance,24010,,,,5,Liabilities,Other Liabilities,Accrued expenses,Accrued severance,24010 - Accrued Severance,
543,24233 Accrued TRA 2023,24233,,,,3,Liabilities,Other Liabilities,Accrued expenses,Accrued TRA,24233 - Accrued TRA 2023,
562,24224 Accrued DCA 2024,24224,,,,6,Liabilities,Other Liabilities,Accrued expenses,Accrued DCA,24224 - Accrued DCA 2024,
498,24222 Accrued DCA 2022,24222,,,,12,Liabilities,Other Liabilities,Accrued expenses,Accrued DCA,24222 - Accrued DCA 2022,
275,24250 Accrued 401K,24250,,,,5,Liabilities,Other Liabilities,Accrued expenses,Accrued 401K,24250 - Accrued 401K,
590,24245 Accrued PKG 2025,24245,,,,5,Liabilities,Other Liabilities,Accrued expenses,Accrued PKG,24245 - Accrued PKG 2025,
587,24215 Accrued FSA 2025,24215,,,,5,Liabilities,Other Liabilities,Accrued expenses,Accrued FSA,24215 - Accrued FSA 2025,
542,24223 Accrued DCA 2023,24223,,,,1,Liabilities,Other Liabilities,Accrued expenses,Accrued DCA,24223 - Accrued DCA 2023,
264,23100 Accrued Professional Fees,23100,,,,3,Liabilities,Other Liabilities,Accrued expenses,Accrued professional fees,23100 - Accrued Professional Fees,
589,24235 Accrued TRA 2025,24235,,,,1,Liabilities,Other Liabilities,Accrued expenses,Accrued TRA,24235 - Accrued TRA 2025,
563,24234 Accrued TRA 2024,24234,,,,7,Liabilities,Other Liabilities,Accrued expenses,Accrued TRA,24234 - Accrued TRA 2024,
275,24250 Accrued 401K,24250,,,,1,Liabilities,Other Liabilities,Accrued expenses,Accrued 401K,24250 - Accrued 401K,
543,24233 Accrued TRA 2023,24233,,,,1,Liabilities,Other Liabilities,Accrued expenses,Accrued TRA,24233 - Accrued TRA 2023,
499,24232 Accrued TRA 2022,24232,,,,5,Liabilities,Other Liabilities,Accrued expenses,Accrued TRA,24232 - Accrued TRA 2022,
589,24235 Accrued TRA 2025,24235,,,,12,Liabilities,Other Liabilities,Accrued expenses,Accrued TRA,24235 - Accrued TRA 2025,
269,24101 Accrued NY Paid Family Leave,24101,,,,10,Liabilities,Other Liabilities,Accrued expenses,Accrued NY paid family leave,24101 - Accrued NY Paid Family Leave,
498,24222 Accrued DCA 2022,24222,,,,3,Liabilities,Other Liabilities,Accrued expenses,Accrued DCA,24222 - Accrued DCA 2022,
543,24233 Accrued TRA 2023,24233,,,,6,Liabilities,Other Liabilities,Accrued expenses,Accrued TRA,24233 - Accrued TRA 2023,
271,24200 Accrued Benefits,24200,,,,5,Liabilities,Other Liabilities,Accrued expenses,Accrued benefits,24200 - Accrued Benefits,
564,24244 Accrued PKG 2024,24244,,,,1,Liabilities,Other Liabilities,Accrued expenses,Accrued PKG,24244 - Accrued PKG 2024,
588,24225 Accrued DCA 2025,24225,,,,3,Liabilities,Other Liabilities,Accrued expenses,Accrued DCA,24225 - Accrued DCA 2025,
562,24224 Accrued DCA 2024,24224,,,,12,Liabilities,Other Liabilities,Accrued expenses,Accrued DCA,24224 - Accrued DCA 2024,
264,23100 Accrued Professional Fees,23100,,,,1,Liabilities,Other Liabilities,Accrued expenses,Accrued professional fees,23100 - Accrued Professional Fees,
430,25000 Accrued Interest,25000,,,,10,Liabilities,Other Liabilities,Accrued expenses,Accrued interest,25000 - Accrued Interest,
269,24101 Accrued NY Paid Family Leave,24101,,,,7,Liabilities,Other Liabilities,Accrued expenses,Accrued NY paid family leave,24101 - Accrued NY Paid Family Leave,
264,23100 Accrued Professional Fees,23100,,,,5,Liabilities,Other Liabilities,Accrued expenses,Accrued professional fees,23100 - Accrued Professional Fees,
271,24200 Accrued Benefits,24200,,,,10,Liabilities,Other Liabilities,Accrued expenses,Accrued benefits,24200 - Accrued Benefits,
496,24212 Accrued FSA 2022,24212,,,,3,Liabilities,Other Liabilities,Accrued expenses,Accrued FSA,24212 - Accrued FSA 2022,
499,24232 Accrued TRA 2022,24232,,,,9,Liabilities,Other Liabilities,Accrued expenses,Accrued TRA,24232 - Accrued TRA 2022,
274,24230 Accrued TRA,24230,,,,5,Liabilities,Other Liabilities,Accrued expenses,Accrued TRA,24230 - Accrued TRA,
272,24211 Accrued FSA 2021,24211,,,,3,Liabilities,Other Liabilities,Accrued expenses,Accrued FSA,24211 - Accrued FSA 2021,
544,24243 Accrued PKG 2023,24243,,,,10,Liabilities,Other Liabilities,Accrued expenses,Accrued PKG,24243 - Accrued PKG 2023,
271,24200 Accrued Benefits,24200,,,,6,Liabilities,Other Liabilities,Accrued expenses,Accrued benefits,24200 - Accrued Benefits,
275,24250 Accrued 401K,24250,,,,3,Liabilities,Other Liabilities,Accrued expenses,Accrued 401K,24250 - Accrued 401K,
587,24215 Accrued FSA 2025,24215,,,,7,Liabilities,Other Liabilities,Accrued expenses,Accrued FSA,24215 - Accrued FSA 2025,
499,24232 Accrued TRA 2022,24232,,,,1,Liabilities,Other Liabilities,Accrued expenses,Accrued TRA,24232 - Accrued TRA 2022,
501,24242 Accrued PKG 2022,24242,,,,9,Liabilities,Other Liabilities,Accrued expenses,Accrued PKG,24242 - Accrued PKG 2022,
274,24230 Accrued TRA,24230,,,,10,Liabilities,Other Liabilities,Accrued expenses,Accrued TRA,24230 - Accrued TRA,
564,24244 Accrued PKG 2024,24244,,,,9,Liabilities,Other Liabilities,Accrued expenses,Accrued PKG,24244 - Accrued PKG 2024,
544,24243 Accrued PKG 2023,24243,,,,7,Liabilities,Other Liabilities,Accrued expenses,Accrued PKG,24243 - Accrued PKG 2023,
263,23000 Accrued Expenses,23000,,,,12,Liabilities,Other Liabilities,Accrued expenses,Accrued expenses,23000 - Accrued Expenses,
273,24221 Accrued DCA 2021,24221,,,,7,Liabilities,Other Liabilities,Accrued expenses,Accrued DCA,24221 - Accrued DCA 2021,
274,24230 Accrued TRA,24230,,,,1,Liabilities,Other Liabilities,Accrued expenses,Accrued TRA,24230 - Accrued TRA,
270,24102 Accrued NJ PP Disability,24102,,,,9,Liabilities,Other Liabilities,Accrued expenses,Accrued NJ PP disability,24102 - Accrued NJ PP Disability,
273,24221 Accrued DCA 2021,24221,,,,9,Liabilities,Other Liabilities,Accrued expenses,Accrued DCA,24221 - Accrued DCA 2021,
542,24223 Accrued DCA 2023,24223,,,,3,Liabilities,Other Liabilities,Accrued expenses,Accrued DCA,24223 - Accrued DCA 2023,
273,24221 Accrued DCA 2021,24221,,,,3,Liabilities,Other Liabilities,Accrued expenses,Accrued DCA,24221 - Accrued DCA 2021,
265,23200 Accrued Rights Fees,23200,,,,7,Liabilities,Other Liabilities,Accrued expenses,Accrued rights fees,23200 - Accrued Rights Fees,
498,24222 Accrued DCA 2022,24222,,,,6,Liabilities,Other Liabilities,Accrued expenses,Accrued DCA,24222 - Accrued DCA 2022,
456,24020 Accrued PTO,24020,,,,3,Liabilities,Other Liabilities,Accrued expenses,Accrued PTO,24020 - Accrued PTO,
561,24214 Accrued FSA 2024,24214,,,,7,Liabilities,Other Liabilities,Accrued expenses,Accrued FSA,24214 - Accrued FSA 2024,
271,24200 Accrued Benefits,24200,,,,3,Liabilities,Other Liabilities,Accrued expenses,Accrued benefits,24200 - Accrued Benefits,
562,24224 Accrued DCA 2024,24224,,,,5,Liabilities,Other Liabilities,Accrued expenses,Accrued DCA,24224 - Accrued DCA 2024,
543,24233 Accrued TRA 2023,24233,,,,9,Liabilities,Other Liabilities,Accrued expenses,Accrued TRA,24233 - Accrued TRA 2023,
499,24232 Accrued TRA 2022,24232,,,,3,Liabilities,Other Liabilities,Accrued expenses,Accrued TRA,24232 - Accrued TRA 2022,
543,24233 Accrued TRA 2023,24233,,,,10,Liabilities,Other Liabilities,Accrued expenses,Accrued TRA,24233 - Accrued TRA 2023,
564,24244 Accrued PKG 2024,24244,,,,5,Liabilities,Other Liabilities,Accrued expenses,Accrued PKG,24244 - Accrued PKG 2024,
271,24200 Accrued Benefits,24200,,,,12,Liabilities,Other Liabilities,Accrued expenses,Accrued benefits,24200 - Accrued Benefits,
541,24213 Accrued FSA 2023,24213,,,,10,Liabilities,Other Liabilities,Accrued expenses,Accrued FSA,24213 - Accrued FSA 2023,
587,24215 Accrued FSA 2025,24215,,,,10,Liabilities,Other Liabilities,Accrued expenses,Accrued FSA,24215 - Accrued FSA 2025,
588,24225 Accrued DCA 2025,24225,,,,6,Liabilities,Other Liabilities,Accrued expenses,Accrued DCA,24225 - Accrued DCA 2025,
544,24243 Accrued PKG 2023,24243,,,,3,Liabilities,Other Liabilities,Accrued expenses,Accrued PKG,24243 - Accrued PKG 2023,
456,24020 Accrued PTO,24020,,,,9,Liabilities,Other Liabilities,Accrued expenses,Accrued PTO,24020 - Accrued PTO,
563,24234 Accrued TRA 2024,24234,,,,1,Liabilities,Other Liabilities,Accrued expenses,Accrued TRA,24234 - Accrued TRA 2024,
541,24213 Accrued FSA 2023,24213,,,,1,Liabilities,Other Liabilities,Accrued expenses,Accrued FSA,24213 - Accrued FSA 2023,
496,24212 Accrued FSA 2022,24212,,,,12,Liabilities,Other Liabilities,Accrued expenses,Accrued FSA,24212 - Accrued FSA 2022,
272,24211 Accrued FSA 2021,24211,,,,7,Liabilities,Other Liabilities,Accrued expenses,Accrued FSA,24211 - Accrued FSA 2021,
542,24223 Accrued DCA 2023,24223,,,,10,Liabilities,Other Liabilities,Accrued expenses,Accrued DCA,24223 - Accrued DCA 2023,
590,24245 Accrued PKG 2025,24245,,,,10,Liabilities,Other Liabilities,Accrued expenses,Accrued PKG,24245 - Accrued PKG 2025,
430,25000 Accrued Interest,25000,,,,1,Liabilities,Other Liabilities,Accrued expenses,Accrued interest,25000 - Accrued Interest,
589,24235 Accrued TRA 2025,24235,,,,10,Liabilities,Other Liabilities,Accrued expenses,Accrued TRA,24235 - Accrued TRA 2025,
276,24300 Accrued Bonus,24300,,,,6,Liabilities,Other Liabilities,Accrued expenses,Accrued bonus,24300 - Accrued Bonus,
564,24244 Accrued PKG 2024,24244,,,,3,Liabilities,Other Liabilities,Accrued expenses,Accrued PKG,24244 - Accrued PKG 2024,
499,24232 Accrued TRA 2022,24232,,,,6,Liabilities,Other Liabilities,Accrued expenses,Accrued TRA,24232 - Accrued TRA 2022,
496,24212 Accrued FSA 2022,24212,,,,10,Liabilities,Other Liabilities,Accrued expenses,Accrued FSA,24212 - Accrued FSA 2022,
561,24214 Accrued FSA 2024,24214,,,,10,Liabilities,Other Liabilities,Accrued expenses,Accrued FSA,24214 - Accrued FSA 2024,
272,24211 Accrued FSA 2021,24211,,,,12,Liabilities,Other Liabilities,Accrued expenses,Accrued FSA,24211 - Accrued FSA 2021,
562,24224 Accrued DCA 2024,24224,,,,7,Liabilities,Other Liabilities,Accrued expenses,Accrued DCA,24224 - Accrued DCA 2024,
270,24102 Accrued NJ PP Disability,24102,,,,7,Liabilities,Other Liabilities,Accrued expenses,Accrued NJ PP disability,24102 - Accrued NJ PP Disability,
436,24010 Accrued Severance,24010,,,,10,Liabilities,Other Liabilities,Accrued expenses,Accrued severance,24010 - Accrued Severance,
562,24224 Accrued DCA 2024,24224,,,,1,Liabilities,Other Liabilities,Accrued expenses,Accrued DCA,24224 - Accrued DCA 2024,
274,24230 Accrued TRA,24230,,,,7,Liabilities,Other Liabilities,Accrued expenses,Accrued TRA,24230 - Accrued TRA,
561,24214 Accrued FSA 2024,24214,,,,5,Liabilities,Other Liabilities,Accrued expenses,Accrued FSA,24214 - Accrued FSA 2024,
273,24221 Accrued DCA 2021,24221,,,,10,Liabilities,Other Liabilities,Accrued expenses,Accrued DCA,24221 - Accrued DCA 2021,
541,24213 Accrued FSA 2023,24213,,,,12,Liabilities,Other Liabilities,Accrued expenses,Accrued FSA,24213 - Accrued FSA 2023,
544,24243 Accrued PKG 2023,24243,,,,6,Liabilities,Other Liabilities,Accrued expenses,Accrued PKG,24243 - Accrued PKG 2023,
456,24020 Accrued PTO,24020,,,,12,Liabilities,Other Liabilities,Accrued expenses,Accrued PTO,24020 - Accrued PTO,
263,23000 Accrued Expenses,23000,,,,6,Liabilities,Other Liabilities,Accrued expenses,Accrued expenses,23000 - Accrued Expenses,
268,24100 Accrued Payroll Taxes,24100,,,,1,Liabilities,Other Liabilities,Accrued expenses,Accrued payroll taxes,24100 - Accrued Payroll Taxes,
496,24212 Accrued FSA 2022,24212,,,,1,Liabilities,Other Liabilities,Accrued expenses,Accrued FSA,24212 - Accrued FSA 2022,
273,24221 Accrued DCA 2021,24221,,,,1,Liabilities,Other Liabilities,Accrued expenses,Accrued DCA,24221 - Accrued DCA 2021,
430,25000 Accrued Interest,25000,,,,9,Liabilities,Other Liabilities,Accrued expenses,Accrued interest,25000 - Accrued Interest,
588,24225 Accrued DCA 2025,24225,,,,12,Liabilities,Other Liabilities,Accrued expenses,Accrued DCA,24225 - Accrued DCA 2025,
588,24225 Accrued DCA 2025,24225,,,,1,Liabilities,Other Liabilities,Accrued expenses,Accrued DCA,24225 - Accrued DCA 2025,
590,24245 Accrued PKG 2025,24245,,,,9,Liabilities,Other Liabilities,Accrued expenses,Accrued PKG,24245 - Accrued PKG 2025,
590,24245 Accrued PKG 2025,24245,,,,7,Liabilities,Other Liabilities,Accrued expenses,Accrued PKG,24245 - Accrued PKG 2025,
269,24101 Accrued NY Paid Family Leave,24101,,,,1,Liabilities,Other Liabilities,Accrued expenses,Accrued NY paid family leave,24101 - Accrued NY Paid Family Leave,
267,24000 Accrued Payroll,24000,,,,10,Liabilities,Other Liabilities,Accrued expenses,Accrued payroll,24000 - Accrued Payroll,
562,24224 Accrued DCA 2024,24224,,,,3,Liabilities,Other Liabilities,Accrued expenses,Accrued DCA,24224 - Accrued DCA 2024,
498,24222 Accrued DCA 2022,24222,,,,9,Liabilities,Other Liabilities,Accrued expenses,Accrued DCA,24222 - Accrued DCA 2022,
561,24214 Accrued FSA 2024,24214,,,,3,Liabilities,Other Liabilities,Accrued expenses,Accrued FSA,24214 - Accrued FSA 2024,
277,24400 Accrued Commission,24400,,,,12,Liabilities,Other Liabilities,Accrued expenses,Accrued commission,24400 - Accrued Commission,
456,24020 Accrued PTO,24020,,,,10,Liabilities,Other Liabilities,Accrued expenses,Accrued PTO,24020 - Accrued PTO,
272,24211 Accrued FSA 2021,24211,,,,1,Liabilities,Other Liabilities,Accrued expenses,Accrued FSA,24211 - Accrued FSA 2021,
272,24211 Accrued FSA 2021,24211,,,,5,Liabilities,Other Liabilities,Accrued expenses,Accrued FSA,24211 - Accrued FSA 2021,
563,24234 Accrued TRA 2024,24234,,,,5,Liabilities,Other Liabilities,Accrued expenses,Accrued TRA,24234 - Accrued TRA 2024,
269,24101 Accrued NY Paid Family Leave,24101,,,,5,Liabilities,Other Liabilities,Accrued expenses,Accrued NY paid family leave,24101 - Accrued NY Paid Family Leave,
590,24245 Accrued PKG 2025,24245,,,,12,Liabilities,Other Liabilities,Accrued expenses,Accrued PKG,24245 - Accrued PKG 2025,
274,24230 Accrued TRA,24230,,,,3,Liabilities,Other Liabilities,Accrued expenses,Accrued TRA,24230 - Accrued TRA,
541,24213 Accrued FSA 2023,24213,,,,3,Liabilities,Other Liabilities,Accrued expenses,Accrued FSA,24213 - Accrued FSA 2023,
263,23000 Accrued Expenses,23000,,,,1,Liabilities,Other Liabilities,Accrued expenses,Accrued expenses,23000 - Accrued Expenses,
544,24243 Accrued PKG 2023,24243,,,,9,Liabilities,Other Liabilities,Accrued expenses,Accrued PKG,24243 - Accrued PKG 2023,
587,24215 Accrued FSA 2025,24215,,,,1,Liabilities,Other Liabilities,Accrued expenses,Accrued FSA,24215 - Accrued FSA 2025,
496,24212 Accrued FSA 2022,24212,,,,7,Liabilities,Other Liabilities,Accrued expenses,Accrued FSA,24212 - Accrued FSA 2022,
541,24213 Accrued FSA 2023,24213,,,,5,Liabilities,Other Liabilities,Accrued expenses,Accrued FSA,24213 - Accrued FSA 2023,
273,24221 Accrued DCA 2021,24221,,,,12,Liabilities,Other Liabilities,Accrued expenses,Accrued DCA,24221 - Accrued DCA 2021,
274,24230 Accrued TRA,24230,,,,9,Liabilities,Other Liabilities,Accrued expenses,Accrued TRA,24230 - Accrued TRA,
541,24213 Accrued FSA 2023,24213,,,,7,Liabilities,Other Liabilities,Accrued expenses,Accrued FSA,24213 - Accrued FSA 2023,
587,24215 Accrued FSA 2025,24215,,,,3,Liabilities,Other Liabilities,Accrued expenses,Accrued FSA,24215 - Accrued FSA 2025,
499,24232 Accrued TRA 2022,24232,,,,7,Liabilities,Other Liabilities,Accrued expenses,Accrued TRA,24232 - Accrued TRA 2022,
275,24250 Accrued 401K,24250,,,,6,Liabilities,Other Liabilities,Accrued expenses,Accrued 401K,24250 - Accrued 401K,
272,24211 Accrued FSA 2021,24211,,,,9,Liabilities,Other Liabilities,Accrued expenses,Accrued FSA,24211 - Accrued FSA 2021,
541,24213 Accrued FSA 2023,24213,,,,6,Liabilities,Other Liabilities,Accrued expenses,Accrued FSA,24213 - Accrued FSA 2023,
270,24102 Accrued NJ PP Disability,24102,,,,6,Liabilities,Other Liabilities,Accrued expenses,Accrued NJ PP disability,24102 - Accrued NJ PP Disability,
270,24102 Accrued NJ PP Disability,24102,,,,12,Liabilities,Other Liabilities,Accrued expenses,Accrued NJ PP disability,24102 - Accrued NJ PP Disability,
430,25000 Accrued Interest,25000,,,,7,Liabilities,Other Liabilities,Accrued expenses,Accrued interest,25000 - Accrued Interest,
564,24244 Accrued PKG 2024,24244,,,,12,Liabilities,Other Liabilities,Accrued expenses,Accrued PKG,24244 - Accrued PKG 2024,
265,23200 Accrued Rights Fees,23200,,,,6,Liabilities,Other Liabilities,Accrued expenses,Accrued rights fees,23200 - Accrued Rights Fees,
543,24233 Accrued TRA 2023,24233,,,,7,Liabilities,Other Liabilities,Accrued expenses,Accrued TRA,24233 - Accrued TRA 2023,
277,24400 Accrued Commission,24400,,,,3,Liabilities,Other Liabilities,Accrued expenses,Accrued commission,24400 - Accrued Commission,
498,24222 Accrued DCA 2022,24222,,,,5,Liabilities,Other Liabilities,Accrued expenses,Accrued DCA,24222 - Accrued DCA 2022,
274,24230 Accrued TRA,24230,,,,6,Liabilities,Other Liabilities,Accrued expenses,Accrued TRA,24230 - Accrued TRA,
436,24010 Accrued Severance,24010,,,,7,Liabilities,Other Liabilities,Accrued expenses,Accrued severance,24010 - Accrued Severance,
589,24235 Accrued TRA 2025,24235,,,,6,Liabilities,Other Liabilities,Accrued expenses,Accrued TRA,24235 - Accrued TRA 2025,
267,24000 Accrued Payroll,24000,,,,6,Liabilities,Other Liabilities,Accrued expenses,Accrued payroll,24000 - Accrued Payroll,
270,24102 Accrued NJ PP Disability,24102,,,,10,Liabilities,Other Liabilities,Accrued expenses,Accrued NJ PP disability,24102 - Accrued NJ PP Disability,
268,24100 Accrued Payroll Taxes,24100,,,,7,Liabilities,Other Liabilities,Accrued expenses,Accrued payroll taxes,24100 - Accrued Payroll Taxes,
564,24244 Accrued PKG 2024,24244,,,,10,Liabilities,Other Liabilities,Accrued expenses,Accrued PKG,24244 - Accrued PKG 2024,
265,23200 Accrued Rights Fees,23200,,,,9,Liabilities,Other Liabilities,Accrued expenses,Accrued rights fees,23200 - Accrued Rights Fees,
542,24223 Accrued DCA 2023,24223,,,,7,Liabilities,Other Liabilities,Accrued expenses,Accrued DCA,24223 - Accrued DCA 2023,
436,24010 Accrued Severance,24010,,,,6,Liabilities,Other Liabilities,Accrued expenses,Accrued severance,24010 - Accrued Severance,
269,24101 Accrued NY Paid Family Leave,24101,,,,6,Liabilities,Other Liabilities,Accrued expenses,Accrued NY paid family leave,24101 - Accrued NY Paid Family Leave,
268,24100 Accrued Payroll Taxes,24100,,,,6,Liabilities,Other Liabilities,Accrued expenses,Accrued payroll taxes,24100 - Accrued Payroll Taxes,
269,24101 Accrued NY Paid Family Leave,24101,,,,12,Liabilities,Other Liabilities,Accrued expenses,Accrued NY paid family leave,24101 - Accrued NY Paid Family Leave,
265,23200 Accrued Rights Fees,23200,,,,5,Liabilities,Other Liabilities,Accrued expenses,Accrued rights fees,23200 - Accrued Rights Fees,
264,23100 Accrued Professional Fees,23100,,,,10,Liabilities,Other Liabilities,Accrued expenses,Accrued professional fees,23100 - Accrued Professional Fees,
561,24214 Accrued FSA 2024,24214,,,,6,Liabilities,Other Liabilities,Accrued expenses,Accrued FSA,24214 - Accrued FSA 2024,
588,24225 Accrued DCA 2025,24225,,,,5,Liabilities,Other Liabilities,Accrued expenses,Accrued DCA,24225 - Accrued DCA 2025,
587,24215 Accrued FSA 2025,24215,,,,12,Liabilities,Other Liabilities,Accrued expenses,Accrued FSA,24215 - Accrued FSA 2025,
498,24222 Accrued DCA 2022,24222,,,,10,Liabilities,Other Liabilities,Accrued expenses,Accrued DCA,24222 - Accrued DCA 2022,
271,24200 Accrued Benefits,24200,,,,1,Liabilities,Other Liabilities,Accrued expenses,Accrued benefits,24200 - Accrued Benefits,
277,24400 Accrued Commission,24400,,,,1,Liabilities,Other Liabilities,Accrued expenses,Accrued commission,24400 - Accrued Commission,
264,23100 Accrued Professional Fees,23100,,,,6,Liabilities,Other Liabilities,Accrued expenses,Accrued professional fees,23100 - Accrued Professional Fees,
276,24300 Accrued Bonus,24300,,,,12,Liabilities,Other Liabilities,Accrued expenses,Accrued bonus,24300 - Accrued Bonus,
543,24233 Accrued TRA 2023,24233,,,,5,Liabilities,Other Liabilities,Accrued expenses,Accrued TRA,24233 - Accrued TRA 2023,
456,24020 Accrued PTO,24020,,,,1,Liabilities,Other Liabilities,Accrued expenses,Accrued PTO,24020 - Accrued PTO,
268,24100 Accrued Payroll Taxes,24100,,,,3,Liabilities,Other Liabilities,Accrued expenses,Accrued payroll taxes,24100 - Accrued Payroll Taxes,
267,24000 Accrued Payroll,24000,,,,1,Liabilities,Other Liabilities,Accrued expenses,Accrued payroll,24000 - Accrued Payroll,
588,24225 Accrued DCA 2025,24225,,,,10,Liabilities,Other Liabilities,Accrued expenses,Accrued DCA,24225 - Accrued DCA 2025,
269,24101 Accrued NY Paid Family Leave,24101,,,,3,Liabilities,Other Liabilities,Accrued expenses,Accrued NY paid family leave,24101 - Accrued NY Paid Family Leave,
261,22000 Deferred Revenue,22000,,,,6,Liabilities,Other Liabilities,Deferred revenue,22000 - Deferred Revenue,,
261,22000 Deferred Revenue,22000,,,,1,Liabilities,Other Liabilities,Deferred revenue,22000 - Deferred Revenue,,
261,22000 Deferred Revenue,22000,,,,12,Liabilities,Other Liabilities,Deferred revenue,22000 - Deferred Revenue,,
261,22000 Deferred Revenue,22000,,,,7,Liabilities,Other Liabilities,Deferred revenue,22000 - Deferred Revenue,,
328,"61010 Building Service Fees, shared",61010,,,,9,Operating Expenses,"Building service fees, shared","61010 - Building Service Fees, shared",,,
357,65200 Client Meals & Entertainment,65200,,,,10,Operating Expenses,"Travel, meals and entertainment",Client meals & entertainment,65200 - Client Meals & Entertainment,,
327,61000 Building Rent,61000,,,,9,Operating Expenses,Building rent,61000 - Building Rent,,,
341,63100 IT Support Fees,63100,,,,2,Operating Expenses,Professional fees,IT support fees,63100 - IT Support Fees,,
321,60420 Life/Disability,60420,,,,10,Operating Expenses,Payroll related expense,Life disability,60420 - Life/Disability,,
359,65250 Client Gifts,65250,,,,10,Operating Expenses,"Travel, meals and entertainment",Client gifts,65250 - Client Gifts,,
341,63100 IT Support Fees,63100,,,,9,Operating Expenses,Professional fees,IT support fees,63100 - IT Support Fees,,
343,63300 Legal Fees,63300,,,,2,Operating Expenses,Professional fees,Legal fees,63300 - Legal Fees,,
339,"62600 Dues, Subscriptions & Prof Licenses",62600,,,,2,Operating Expenses,"Dues, subscriptions & professional licenses","62600 - Dues, Subscriptions & Prof Licenses",,,
310,60000 Salaries & Wages,60000,,,,5,Operating Expenses,Payroll related expense,Salaries and wages,60000 - Salaries & Wages,,
319,60400 Medical,60400,,,,2,Operating Expenses,Payroll related expense,Medical,60400 - Medical,,
324,60450 Employee Benefits - Other,60450,,,,2,Operating Expenses,Payroll related expense,Employee benefits,60450 - Employee Benefits - Other,,
357,65200 Client Meals & Entertainment,65200,,,,6,Operating Expenses,"Travel, meals and entertainment",Client meals & entertainment,65200 - Client Meals & Entertainment,,
355,65030 Mileage & Fuel,65030,,,,9,Operating Expenses,"Travel, meals and entertainment",Mileage & fuel,65030 - Mileage & Fuel,,
344,63400 Professional Fees - Other,63400,,,,5,Operating Expenses,Professional fees,Other,63400 - Professional Fees - Other,,
322,60430 401k ER Match,60430,,,,2,Operating Expenses,Payroll related expense,401k ER match,60430 - 401k ER Match,,
347,64100 Bank Fees/Finance Charges,64100,,,,10,Operating Expenses,Bank fees/finance charges,64100 - Bank Fees/Finance Charges,,,
434,66010 Sales Aids & Presentation Materials,66010,,,,2,Operating Expenses,Sales aids & presentation materials,66010 - Sales Aids & Presentation Materials,,,
360,66000 Advertising & Marketing Expense,66000,,,,9,Operating Expenses,Advertising & marketing expense,66000 - Advertising & Marketing Expense,,,
326,60600 Employee Training/Development,60600,,,,2,Operating Expenses,Employee Training/Development,60600 - Employee Training/Development,,,
334,62100 Computer Software & Licenses,62100,,,,5,Operating Expenses,Computer software & licenses,62100 - Computer Software & Licenses,,,
318,60300 Payroll Taxes,60300,,,,2,Operating Expenses,Payroll related expense,Payroll taxes,60300 - Payroll Taxes,,
344,63400 Professional Fees - Other,63400,,,,6,Operating Expenses,Professional fees,Other,63400 - Professional Fees - Other,,
323,60440 Workers' Compensation,60440,,,,2,Operating Expenses,Payroll related expense,Workers' compensation,60440 - Workers' Compensation,,
342,63200 Audit & Tax Fees,63200,,,,5,Operating Expenses,Professional fees,Audit & tax fees,63200 - Audit & Tax Fees,,
318,60300 Payroll Taxes,60300,,,,5,Operating Expenses,Payroll related expense,Payroll taxes,60300 - Payroll Taxes,,
325,60500 Recruiting,60500,,,,5,Operating Expenses,Recruiting,60500 - Recruiting,,,
311,60010 Salaries & Wages - Overtime,60010,,,,2,Operating Expenses,Payroll related expense,Overtime,60010 - Salaries & Wages - Overtime,,
360,66000 Advertising & Marketing Expense,66000,,,,6,Operating Expenses,Advertising & marketing expense,66000 - Advertising & Marketing Expense,,,
327,61000 Building Rent,61000,,,,7,Operating Expenses,Building rent,61000 - Building Rent,,,
351,64500 Miscellaneous Expense,64500,,,,6,Operating Expenses,Miscellaneous expense,64500 - Miscellaneous Expense,,,
361,66100 Conferences/Seminars,66100,,,,9,Operating Expenses,Conferences/seminars,66100 - Conferences/Seminars,,,
358,65300 Tickets,65300,,,,2,Operating Expenses,"Travel, meals and entertainment",Tickets,65300 - Tickets,,
434,66010 Sales Aids & Presentation Materials,66010,,,,9,Operating Expenses,Sales aids & presentation materials,66010 - Sales Aids & Presentation Materials,,,
352,65000 Airfare,65000,,,,10,Operating Expenses,"Travel, meals and entertainment",Airfare,65000 - Airfare,,
311,60010 Salaries & Wages - Overtime,60010,,,,9,Operating Expenses,Payroll related expense,Overtime,60010 - Salaries & Wages - Overtime,,
330,61200 Repair & Maintenance - Building,61200,,,,9,Operating Expenses,Repair & maintenance,Building,61200 - Repair & Maintenance - Building,,
359,65250 Client Gifts,65250,,,,2,Operating Expenses,"Travel, meals and entertainment",Client gifts,65250 - Client Gifts,,
453,63350 Consulting Fees,63350,,,,2,Operating Expenses,Professional fees,Consulting fees,63350 - Consulting Fees,,
360,66000 Advertising & Marketing Expense,66000,,,,5,Operating Expenses,Advertising & marketing expense,66000 - Advertising & Marketing Expense,,,
355,65030 Mileage & Fuel,65030,,,,2,Operating Expenses,"Travel, meals and entertainment",Mileage & fuel,65030 - Mileage & Fuel,,
357,65200 Client Meals & Entertainment,65200,,,,2,Operating Expenses,"Travel, meals and entertainment",Client meals & entertainment,65200 - Client Meals & Entertainment,,
354,65020 Car Rental & Ground Transportation,65020,,,,9,Operating Expenses,"Travel, meals and entertainment",Car rental & ground transportation,65020 - Car Rental & Ground Transportation,,
361,66100 Conferences/Seminars,66100,,,,2,Operating Expenses,Conferences/seminars,66100 - Conferences/Seminars,,,
344,63400 Professional Fees - Other,63400,,,,3,Operating Expenses,Professional fees,Other,63400 - Professional Fees - Other,,
354,65020 Car Rental & Ground Transportation,65020,,,,2,Operating Expenses,"Travel, meals and entertainment",Car rental & ground transportation,65020 - Car Rental & Ground Transportation,,
354,65020 Car Rental & Ground Transportation,65020,,,,10,Operating Expenses,"Travel, meals and entertainment",Car rental & ground transportation,65020 - Car Rental & Ground Transportation,,
356,"65100 Meals, Travel",65100,,,,5,Operating Expenses,"Travel, meals and entertainment","Meals, travel","65100 - Meals, Travel",,
318,60300 Payroll Taxes,60300,,,,9,Operating Expenses,Payroll related expense,Payroll taxes,60300 - Payroll Taxes,,
516,60700 Other Employee Related Costs,60700,,,,2,Operating Expenses,Payroll related expense,Other employee related costs,60700 - Other Employee Related Costs,,
345,63500 Business Licenses & Permits,63500,,,,2,Operating Expenses,Business licenses & permits,63500 - Business Licenses & Permits,,,
349,64300 Bad Debt Expense,64300,,,,2,Operating Expenses,Bad debt expense,64300 - Bad Debt Expense,,,
356,"65100 Meals, Travel",65100,,,,10,Operating Expenses,"Travel, meals and entertainment","Meals, travel","65100 - Meals, Travel",,
320,60410 Dental/Vision,60410,,,,9,Operating Expenses,Payroll related expense,Dental vision,60410 - Dental/Vision,,
342,63200 Audit & Tax Fees,63200,,,,9,Operating Expenses,Professional fees,Audit & tax fees,63200 - Audit & Tax Fees,,
322,60430 401k ER Match,60430,,,,10,Operating Expenses,Payroll related expense,401k ER match,60430 - 401k ER Match,,
334,62100 Computer Software & Licenses,62100,,,,6,Operating Expenses,Computer software & licenses,62100 - Computer Software & Licenses,,,
330,61200 Repair & Maintenance - Building,61200,,,,5,Operating Expenses,Repair & maintenance,Building,61200 - Repair & Maintenance - Building,,
330,61200 Repair & Maintenance - Building,61200,,,,3,Operating Expenses,Repair & maintenance,Building,61200 - Repair & Maintenance - Building,,
357,65200 Client Meals & Entertainment,65200,,,,5,Operating Expenses,"Travel, meals and entertainment",Client meals & entertainment,65200 - Client Meals & Entertainment,,
334,62100 Computer Software & Licenses,62100,,,,2,Operating Expenses,Computer software & licenses,62100 - Computer Software & Licenses,,,
341,63100 IT Support Fees,63100,,,,3,Operating Expenses,Professional fees,IT support fees,63100 - IT Support Fees,,
348,64200 Payroll Processing Fees,64200,,,,2,Operating Expenses,Payroll processing fees,64200 - Payroll Processing Fees,,,
324,60450 Employee Benefits - Other,60450,,,,5,Operating Expenses,Payroll related expense,Employee benefits,60450 - Employee Benefits - Other,,
320,60410 Dental/Vision,60410,,,,5,Operating Expenses,Payroll related expense,Dental vision,60410 - Dental/Vision,,
330,61200 Repair & Maintenance - Building,61200,,,,2,Operating Expenses,Repair & maintenance,Building,61200 - Repair & Maintenance - Building,,
314,60050 Independent Contractors,60050,,,,2,Operating Expenses,Payroll related expense,Independent contractors,60050 - Independent Contractors,,
359,65250 Client Gifts,65250,,,,9,Operating Expenses,"Travel, meals and entertainment",Client gifts,65250 - Client Gifts,,
312,60020 Severance,60020,,,,9,Operating Expenses,Payroll related expense,Severance,60020 - Severance,,
317,60200 Commission,60200,,,,5,Operating Expenses,Payroll related expense,Commission,60200 - Commission,,
332,62000 Office Supplies & Equipment,62000,,,,2,Operating Expenses,Office supplies & equipment,62000 - Office Supplies & Equipment,,,
320,60410 Dental/Vision,60410,,,,2,Operating Expenses,Payroll related expense,Dental vision,60410 - Dental/Vision,,
321,60420 Life/Disability,60420,,,,9,Operating Expenses,Payroll related expense,Life disability,60420 - Life/Disability,,
329,61100 Utilities,61100,,,,5,Operating Expenses,Utilities,61100 - Utilities,,,
310,60000 Salaries & Wages,60000,,,,2,Operating Expenses,Payroll related expense,Salaries and wages,60000 - Salaries & Wages,,
348,64200 Payroll Processing Fees,64200,,,,9,Operating Expenses,Payroll processing fees,64200 - Payroll Processing Fees,,,
349,64300 Bad Debt Expense,64300,,,,9,Operating Expenses,Bad debt expense,64300 - Bad Debt Expense,,,
332,62000 Office Supplies & Equipment,62000,,,,10,Operating Expenses,Office supplies & equipment,62000 - Office Supplies & Equipment,,,
319,60400 Medical,60400,,,,10,Operating Expenses,Payroll related expense,Medical,60400 - Medical,,
336,62300 Telephone,62300,,,,5,Operating Expenses,Telephone,62300 - Telephone,,,
316,60100 Bonus,60100,,,,2,Operating Expenses,Payroll related expense,Bonus,60100 - Bonus,,
328,"61010 Building Service Fees, shared",61010,,,,3,Operating Expenses,"Building service fees, shared","61010 - Building Service Fees, shared",,,
327,61000 Building Rent,61000,,,,5,Operating Expenses,Building rent,61000 - Building Rent,,,
317,60200 Commission,60200,,,,2,Operating Expenses,Payroll related expense,Commission,60200 - Commission,,
317,60200 Commission,60200,,,,10,Operating Expenses,Payroll related expense,Commission,60200 - Commission,,
353,65010 Hotel & Lodging,65010,,,,2,Operating Expenses,"Travel, meals and entertainment",Hotel & lodging,65010 - Hotel & Lodging,,
315,60060 Relocation,60060,,,,2,Operating Expenses,Payroll related expense,Relocation,60060 - Relocation,,
327,61000 Building Rent,61000,,,,2,Operating Expenses,Building rent,61000 - Building Rent,,,
344,63400 Professional Fees - Other,63400,,,,2,Operating Expenses,Professional fees,Other,63400 - Professional Fees - Other,,
344,63400 Professional Fees - Other,63400,,,,9,Operating Expenses,Professional fees,Other,63400 - Professional Fees - Other,,
338,62400 Postage,62400,,,,5,Operating Expenses,Postage,62400 - Postage,,,
360,66000 Advertising & Marketing Expense,66000,,,,2,Operating Expenses,Advertising & marketing expense,66000 - Advertising & Marketing Expense,,,
319,60400 Medical,60400,,,,5,Operating Expenses,Payroll related expense,Medical,60400 - Medical,,
331,61300 Property Taxes,61300,,,,9,Operating Expenses,Property taxes,61300 - Property Taxes,,,
362,66200 Special Events,66200,,,,9,Operating Expenses,Special events,66200 - Special Events,,,
331,61300 Property Taxes,61300,,,,2,Operating Expenses,Property taxes,61300 - Property Taxes,,,
357,65200 Client Meals & Entertainment,65200,,,,9,Operating Expenses,"Travel, meals and entertainment",Client meals & entertainment,65200 - Client Meals & Entertainment,,
345,63500 Business Licenses & Permits,63500,,,,9,Operating Expenses,Business licenses & permits,63500 - Business Licenses & Permits,,,
318,60300 Payroll Taxes,60300,,,,10,Operating Expenses,Payroll related expense,Payroll taxes,60300 - Payroll Taxes,,
353,65010 Hotel & Lodging,65010,,,,5,Operating Expenses,"Travel, meals and entertainment",Hotel & lodging,65010 - Hotel & Lodging,,
325,60500 Recruiting,60500,,,,2,Operating Expenses,Recruiting,60500 - Recruiting,,,
353,65010 Hotel & Lodging,65010,,,,9,Operating Expenses,"Travel, meals and entertainment",Hotel & lodging,65010 - Hotel & Lodging,,
353,65010 Hotel & Lodging,65010,,,,10,Operating Expenses,"Travel, meals and entertainment",Hotel & lodging,65010 - Hotel & Lodging,,
339,"62600 Dues, Subscriptions & Prof Licenses",62600,,,,5,Operating Expenses,"Dues, subscriptions & professional licenses","62600 - Dues, Subscriptions & Prof Licenses",,,
454,62110 Computer Supplies,62110,,,,2,Operating Expenses,Computer supplies,62110 - Computer Supplies,,,
351,64500 Miscellaneous Expense,64500,,,,9,Operating Expenses,Miscellaneous expense,64500 - Miscellaneous Expense,,,
346,64000 Sales & Other Business Tax,64000,,,,2,Operating Expenses,Sales & other business tax,64000 - Sales & Other Business Tax,,,
314,60050 Independent Contractors,60050,,,,9,Operating Expenses,Payroll related expense,Independent contractors,60050 - Independent Contractors,,
360,66000 Advertising & Marketing Expense,66000,,,,10,Operating Expenses,Advertising & marketing expense,66000 - Advertising & Marketing Expense,,,
361,66100 Conferences/Seminars,66100,,,,5,Operating Expenses,Conferences/seminars,66100 - Conferences/Seminars,,,
354,65020 Car Rental & Ground Transportation,65020,,,,5,Operating Expenses,"Travel, meals and entertainment",Car rental & ground transportation,65020 - Car Rental & Ground Transportation,,
351,64500 Miscellaneous Expense,64500,,,,5,Operating Expenses,Miscellaneous expense,64500 - Miscellaneous Expense,,,
343,63300 Legal Fees,63300,,,,5,Operating Expenses,Professional fees,Legal fees,63300 - Legal Fees,,
333,62050 Repair & Maintenance - Equipment,62050,,,,2,Operating Expenses,Repair & maintenance,Equipment,62050 - Repair & Maintenance - Equipment,,
415,62500 Insurance,62500,,,,5,Operating Expenses,Insurance,62500 - Insurance,,,
358,65300 Tickets,65300,,,,9,Operating Expenses,"Travel, meals and entertainment",Tickets,65300 - Tickets,,
327,61000 Building Rent,61000,,,,3,Operating Expenses,Building rent,61000 - Building Rent,,,
454,62110 Computer Supplies,62110,,,,9,Operating Expenses,Computer supplies,62110 - Computer Supplies,,,
326,60600 Employee Training/Development,60600,,,,9,Operating Expenses,Employee Training/Development,60600 - Employee Training/Development,,,
356,"65100 Meals, Travel",65100,,,,2,Operating Expenses,"Travel, meals and entertainment","Meals, travel","65100 - Meals, Travel",,
328,"61010 Building Service Fees, shared",61010,,,,2,Operating Expenses,"Building service fees, shared","61010 - Building Service Fees, shared",,,
516,60700 Other Employee Related Costs,60700,,,,9,Operating Expenses,Payroll related expense,Other employee related costs,60700 - Other Employee Related Costs,,
321,60420 Life/Disability,60420,,,,5,Operating Expenses,Payroll related expense,Life disability,60420 - Life/Disability,,
332,62000 Office Supplies & Equipment,62000,,,,9,Operating Expenses,Office supplies & equipment,62000 - Office Supplies & Equipment,,,
335,62200 Office & Equipment Leases,62200,,,,9,Operating Expenses,Office & equipment leases,62200 - Office & Equipment Leases,,,
356,"65100 Meals, Travel",65100,,,,9,Operating Expenses,"Travel, meals and entertainment","Meals, travel","65100 - Meals, Travel",,
317,60200 Commission,60200,,,,9,Operating Expenses,Payroll related expense,Commission,60200 - Commission,,
336,62300 Telephone,62300,,,,2,Operating Expenses,Telephone,62300 - Telephone,,,
337,62350 Internet/Data,62350,,,,9,Operating Expenses,Internet/data,62350 - Internet/Data,,,
314,60050 Independent Contractors,60050,,,,5,Operating Expenses,Payroll related expense,Independent contractors,60050 - Independent Contractors,,
355,65030 Mileage & Fuel,65030,,,,5,Operating Expenses,"Travel, meals and entertainment",Mileage & fuel,65030 - Mileage & Fuel,,
338,62400 Postage,62400,,,,10,Operating Expenses,Postage,62400 - Postage,,,
347,64100 Bank Fees/Finance Charges,64100,,,,9,Operating Expenses,Bank fees/finance charges,64100 - Bank Fees/Finance Charges,,,
312,60020 Severance,60020,,,,2,Operating Expenses,Payroll related expense,Severance,60020 - Severance,,
335,62200 Office & Equipment Leases,62200,,,,2,Operating Expenses,Office & equipment leases,62200 - Office & Equipment Leases,,,
336,62300 Telephone,62300,,,,3,Operating Expenses,Telephone,62300 - Telephone,,,
323,60440 Workers' Compensation,60440,,,,10,Operating Expenses,Payroll related expense,Workers' compensation,60440 - Workers' Compensation,,
329,61100 Utilities,61100,,,,3,Operating Expenses,Utilities,61100 - Utilities,,,
347,64100 Bank Fees/Finance Charges,64100,,,,3,Operating Expenses,Bank fees/finance charges,64100 - Bank Fees/Finance Charges,,,
347,64100 Bank Fees/Finance Charges,64100,,,,2,Operating Expenses,Bank fees/finance charges,64100 - Bank Fees/Finance Charges,,,
337,62350 Internet/Data,62350,,,,2,Operating Expenses,Internet/data,62350 - Internet/Data,,,
341,63100 IT Support Fees,63100,,,,5,Operating Expenses,Professional fees,IT support fees,63100 - IT Support Fees,,
314,60050 Independent Contractors,60050,,,,6,Operating Expenses,Payroll related expense,Independent contractors,60050 - Independent Contractors,,
348,64200 Payroll Processing Fees,64200,,,,5,Operating Expenses,Payroll processing fees,64200 - Payroll Processing Fees,,,
343,63300 Legal Fees,63300,,,,9,Operating Expenses,Professional fees,Legal fees,63300 - Legal Fees,,
415,62500 Insurance,62500,,,,2,Operating Expenses,Insurance,62500 - Insurance,,,
329,61100 Utilities,61100,,,,9,Operating Expenses,Utilities,61100 - Utilities,,,
415,62500 Insurance,62500,,,,9,Operating Expenses,Insurance,62500 - Insurance,,,
339,"62600 Dues, Subscriptions & Prof Licenses",62600,,,,9,Operating Expenses,"Dues, subscriptions & professional licenses","62600 - Dues, Subscriptions & Prof Licenses",,,
352,65000 Airfare,65000,,,,2,Operating Expenses,"Travel, meals and entertainment",Airfare,65000 - Airfare,,
324,60450 Employee Benefits - Other,60450,,,,9,Operating Expenses,Payroll related expense,Employee benefits,60450 - Employee Benefits - Other,,
338,62400 Postage,62400,,,,2,Operating Expenses,Postage,62400 - Postage,,,
351,64500 Miscellaneous Expense,64500,,,,2,Operating Expenses,Miscellaneous expense,64500 - Miscellaneous Expense,,,
347,64100 Bank Fees/Finance Charges,64100,,,,5,Operating Expenses,Bank fees/finance charges,64100 - Bank Fees/Finance Charges,,,
432,63450 Transaction Costs,63450,,,,2,Operating Expenses,Transaction costs,63450 - Transaction Costs,,,
355,65030 Mileage & Fuel,65030,,,,10,Operating Expenses,"Travel, meals and entertainment",Mileage & fuel,65030 - Mileage & Fuel,,
342,63200 Audit & Tax Fees,63200,,,,2,Operating Expenses,Professional fees,Audit & tax fees,63200 - Audit & Tax Fees,,
343,63300 Legal Fees,63300,,,,3,Operating Expenses,Professional fees,Legal fees,63300 - Legal Fees,,
453,63350 Consulting Fees,63350,,,,9,Operating Expenses,Professional fees,Consulting fees,63350 - Consulting Fees,,
340,63000 HR Support Fees,63000,,,,2,Operating Expenses,Professional fees,HR support fees,63000 - HR Support Fees,,
331,61300 Property Taxes,61300,,,,3,Operating Expenses,Property taxes,61300 - Property Taxes,,,
332,62000 Office Supplies & Equipment,62000,,,,5,Operating Expenses,Office supplies & equipment,62000 - Office Supplies & Equipment,,,
319,60400 Medical,60400,,,,9,Operating Expenses,Payroll related expense,Medical,60400 - Medical,,
323,60440 Workers' Compensation,60440,,,,9,Operating Expenses,Payroll related expense,Workers' compensation,60440 - Workers' Compensation,,
351,64500 Miscellaneous Expense,64500,,,,10,Operating Expenses,Miscellaneous expense,64500 - Miscellaneous Expense,,,
313,60030 Temporary Labor,60030,,,,2,Operating Expenses,Payroll related expense,Temporary labor,60030 - Temporary Labor,,
322,60430 401k ER Match,60430,,,,9,Operating Expenses,Payroll related expense,401k ER match,60430 - 401k ER Match,,
345,63500 Business Licenses & Permits,63500,,,,3,Operating Expenses,Business licenses & permits,63500 - Business Licenses & Permits,,,
321,60420 Life/Disability,60420,,,,2,Operating Expenses,Payroll related expense,Life disability,60420 - Life/Disability,,
316,60100 Bonus,60100,,,,5,Operating Expenses,Payroll related expense,Bonus,60100 - Bonus,,
415,62500 Insurance,62500,,,,3,Operating Expenses,Insurance,62500 - Insurance,,,
362,66200 Special Events,66200,,,,2,Operating Expenses,Special events,66200 - Special Events,,,
240,15400 Computer Software,15400,,,,2,Non-Current Assets,Fixed Assets,"Property, plant and equipment",Computer software,15400 - Computer Software,
244,16200 Accumulated Depreciation-Furniture & Fixtures,16200,,,,2,Non-Current Assets,Fixed Assets,"Property, plant and equipment",Accumulated depreciation,16200 - Accumulated Depreciation-Furniture & Fixtures,
240,15400 Computer Software,15400,,,,9,Non-Current Assets,Fixed Assets,"Property, plant and equipment",Computer software,15400 - Computer Software,
237,15100 Leasehold Improvements,15100,,,,3,Non-Current Assets,Fixed Assets,"Property, plant and equipment",Leasehold improvements,15100 - Leasehold Improvements,
237,15100 Leasehold Improvements,15100,,,,2,Non-Current Assets,Fixed Assets,"Property, plant and equipment",Leasehold improvements,15100 - Leasehold Improvements,
519,16001 Accumulated Depreciation-Building Improvements,16001,,,,3,Non-Current Assets,Fixed Assets,"Property, plant and equipment",Accumulated depreciation,16001 - Accumulated Depreciation-Building Improvements,
245,16300 Accumulated Depreciation-Equipment,16300,,,,3,Non-Current Assets,Fixed Assets,"Property, plant and equipment",Accumulated depreciation,16300 - Accumulated Depreciation-Equipment,
438,16500 Accumulated Depreciation-Computer Hardware,16500,,,,2,Non-Current Assets,Fixed Assets,"Property, plant and equipment",Accumulated depreciation,16500 - Accumulated Depreciation-Computer Hardware,
241,15900 Fixed Assets In Progress,15900,,,,9,Non-Current Assets,Fixed Assets,"Property, plant and equipment",Fixed assets in progress,15900 - Fixed Assets In Progress,
576,16600 Accumulated Depreciation-Vehicles,16600,,,,2,Non-Current Assets,Fixed Assets,"Property, plant and equipment",Accumulated depreciation,16600 - Accumulated Depreciation-Vehicles,
238,15200 Furniture & Fixtures,15200,,,,3,Non-Current Assets,Fixed Assets,"Property, plant and equipment",Furniture & fixtures,15200 - Furniture & Fixtures,
239,15300 Equipment,15300,,,,3,Non-Current Assets,Fixed Assets,"Property, plant and equipment",Equipment,15300 - Equipment,
246,16400 Accumulated Depreciation-Computer Software,16400,,,,2,Non-Current Assets,Fixed Assets,"Property, plant and equipment",Accumulated depreciation,16400 - Accumulated Depreciation-Computer Software,
437,15500 Computer Hardware,15500,,,,2,Non-Current Assets,Fixed Assets,"Property, plant and equipment",Computer hardware,15500 - Computer Hardware,
236,15000 Building,15000,,,,3,Non-Current Assets,Fixed Assets,"Property, plant and equipment",Building,15000 - Building,
238,15200 Furniture & Fixtures,15200,,,,2,Non-Current Assets,Fixed Assets,"Property, plant and equipment",Furniture & fixtures,15200 - Furniture & Fixtures,
518,15001 Building Improvements,15001,,,,3,Non-Current Assets,Fixed Assets,"Property, plant and equipment",Building improvements,15001 - Building Improvements,
438,16500 Accumulated Depreciation-Computer Hardware,16500,,,,9,Non-Current Assets,Fixed Assets,"Property, plant and equipment",Accumulated depreciation,16500 - Accumulated Depreciation-Computer Hardware,
243,16100 Accumulated Depreciation-Leasehold Improvements,16100,,,,2,Non-Current Assets,Fixed Assets,"Property, plant and equipment",Accumulated depreciation,16100 - Accumulated Depreciation-Leasehold Improvements,
437,15500 Computer Hardware,15500,,,,9,Non-Current Assets,Fixed Assets,"Property, plant and equipment",Computer hardware,15500 - Computer Hardware,
236,15000 Building,15000,,,,2,Non-Current Assets,Fixed Assets,"Property, plant and equipment",Building,15000 - Building,
242,16000 Accumulated Depreciation-Building,16000,,,,3,Non-Current Assets,Fixed Assets,"Property, plant and equipment",Accumulated depreciation,16000 - Accumulated Depreciation-Building,
240,15400 Computer Software,15400,,,,5,Non-Current Assets,Fixed Assets,"Property, plant and equipment",Computer software,15400 - Computer Software,
241,15900 Fixed Assets In Progress,15900,,,,2,Non-Current Assets,Fixed Assets,"Property, plant and equipment",Fixed assets in progress,15900 - Fixed Assets In Progress,
575,15600 Vehicles,15600,,,,2,Non-Current Assets,Fixed Assets,"Property, plant and equipment",Vehicles,15600 - Vehicles,
239,15300 Equipment,15300,,,,2,Non-Current Assets,Fixed Assets,"Property, plant and equipment",Equipment,15300 - Equipment,
246,16400 Accumulated Depreciation-Computer Software,16400,,,,9,Non-Current Assets,Fixed Assets,"Property, plant and equipment",Accumulated depreciation,16400 - Accumulated Depreciation-Computer Software,
245,16300 Accumulated Depreciation-Equipment,16300,,,,2,Non-Current Assets,Fixed Assets,"Property, plant and equipment",Accumulated depreciation,16300 - Accumulated Depreciation-Equipment,
241,15900 Fixed Assets In Progress,15900,,,,3,Non-Current Assets,Fixed Assets,"Property, plant and equipment",Fixed assets in progress,15900 - Fixed Assets In Progress,
451,22850 Intercompany Payable,22850,,,,3,Liabilities,Current Liabilities,Accounts payable,Intercompany payable,22850 - Intercompany Payable,
111,20000 Accounts Payable,20000,,,,2,Liabilities,Current Liabilities,Accounts payable,Trade payable,20000 - Accounts Payable,
111,20000 Accounts Payable,20000,,,,9,Liabilities,Current Liabilities,Accounts payable,Trade payable,20000 - Accounts Payable,
451,22850 Intercompany Payable,22850,,,,10,Liabilities,Current Liabilities,Accounts payable,Intercompany payable,22850 - Intercompany Payable,
257,20100 Employee Expense Payable,20100,,,,2,Liabilities,Current Liabilities,Accounts payable,Employee expense payable,20100 - Employee Expense Payable,
451,22850 Intercompany Payable,22850,,,,7,Liabilities,Current Liabilities,Accounts payable,Intercompany payable,22850 - Intercompany Payable,
451,22850 Intercompany Payable,22850,,,,6,Liabilities,Current Liabilities,Accounts payable,Intercompany payable,22850 - Intercompany Payable,
451,22850 Intercompany Payable,22850,,,,9,Liabilities,Current Liabilities,Accounts payable,Intercompany payable,22850 - Intercompany Payable,
451,22850 Intercompany Payable,22850,,,,2,Liabilities,Current Liabilities,Accounts payable,Intercompany payable,22850 - Intercompany Payable,
111,20000 Accounts Payable,20000,,,,10,Liabilities,Current Liabilities,Accounts payable,Trade payable,20000 - Accounts Payable,
262,22100 Ad Sales Liability,22100,,,,2,Liabilities,Current Liabilities,Accounts payable,Ad sales liability,22100 - Ad Sales Liability,
282,28000 Other Long Term Liabilities,28000,,,,2,Liabilities,Long Term Liabilities,Long Term Debt,Other long term liabilities,28000 - Other Long Term Liabilities,
282,28000 Other Long Term Liabilities,28000,,,,3,Liabilities,Long Term Liabilities,Long Term Debt,Other long term liabilities,28000 - Other Long Term Liabilities,
282,28000 Other Long Term Liabilities,28000,,,,9,Liabilities,Long Term Liabilities,Long Term Debt,Other long term liabilities,28000 - Other Long Term Liabilities,
283,"29000 Long Term Debt, net of current portion",29000,,,,2,Liabilities,Long Term Liabilities,Long Term Debt,"Long term debt, net of current portion","29000 - Long Term Debt, net of current portion",
284,"29001 Debt Issuance Costs, net of current portion",29001,,,,3,Liabilities,Long Term Liabilities,Long Term Debt,"Debt issuance costs, net of current portion","29001 - Debt Issuance Costs, net of current portion",
284,"29001 Debt Issuance Costs, net of current portion",29001,,,,2,Liabilities,Long Term Liabilities,Long Term Debt,"Debt issuance costs, net of current portion","29001 - Debt Issuance Costs, net of current portion",
491,"29002 Accumulated Amortization-Debt Issuance Costs, net of current",29002,,,,3,Liabilities,Long Term Liabilities,Long Term Debt,Accumulated depreciation,"29002 - Accumulated Amortization-Debt Issuance Costs, net of current",
491,"29002 Accumulated Amortization-Debt Issuance Costs, net of current",29002,,,,2,Liabilities,Long Term Liabilities,Long Term Debt,Accumulated depreciation,"29002 - Accumulated Amortization-Debt Issuance Costs, net of current",
285,"29100 Lease Obligation, net of current portion",29100,,,,2,Liabilities,Long Term Liabilities,Long Term Debt,"Lease obligation, net of current portion","29100 - Lease Obligation, net of current portion",
463,"29200 Mortgage Loan Payable, net of current portion",29200,,,,3,Liabilities,Long Term Liabilities,Long Term Debt,"Mortgage loan payable, net of current portion","29200 - Mortgage Loan Payable, net of current portion",
527,"29500 Contingent Consideration, net of current portion",29500,,,,2,Liabilities,Long Term Liabilities,Long Term Debt,"Contingent consideration, net of current portion","29500 - Contingent Consideration, net of current portion",
542,24223 Accrued DCA 2023,24223,,,,9,Liabilities,Other Liabilities,Accrued expenses,Accrued DCA,24223 - Accrued DCA : Accrued DCA 2023,
498,24222 Accrued DCA 2022,24222,,,,2,Liabilities,Other Liabilities,Accrued expenses,Accrued DCA,24222 - Accrued DCA : Accrued DCA 2022,
563,24234 Accrued TRA 2024,24234,,,,9,Liabilities,Other Liabilities,Accrued expenses,Accrued TRA,24234 - Accrued TRA : Accrued TRA 2024,
263,23000 Accrued Expenses,23000,,,,9,Liabilities,Other Liabilities,Accrued expenses,Accrued expenses,23000 - Accrued Expenses,
263,23000 Accrued Expenses,23000,,,,5,Liabilities,Other Liabilities,Accrued expenses,Accrued expenses,23000 - Accrued Expenses,
263,23000 Accrued Expenses,23000,,,,2,Liabilities,Other Liabilities,Accrued expenses,Accrued expenses,23000 - Accrued Expenses,
267,24000 Accrued Payroll,24000,,,,5,Liabilities,Other Liabilities,Accrued expenses,Accrued payroll,24000 - Accrued Payroll,
277,24400 Accrued Commission,24400,,,,10,Liabilities,Other Liabilities,Accrued expenses,Accrued commission,24400 - Accrued Commission,
496,24212 Accrued FSA 2022,24212,,,,2,Liabilities,Other Liabilities,Accrued expenses,Accrued FSA,24212 - Accrued FSA : Accrued FSA 2022,
542,24223 Accrued DCA 2023,24223,,,,2,Liabilities,Other Liabilities,Accrued expenses,Accrued DCA,24223 - Accrued DCA : Accrued DCA 2023,
268,24100 Accrued Payroll Taxes,24100,,,,9,Liabilities,Other Liabilities,Accrued expenses,Accrued payroll taxes,24100 - Accrued Payroll Taxes,
273,24221 Accrued DCA 2021,24221,,,,2,Liabilities,Other Liabilities,Accrued expenses,Accrued DCA,24221 - Accrued DCA : Accrued DCA 2021,
264,23100 Accrued Professional Fees,23100,,,,2,Liabilities,Other Liabilities,Accrued expenses,Accrued professional fees,23100 - Accrued Professional Fees,
501,24242 Accrued PKG 2022,24242,,,,2,Liabilities,Other Liabilities,Accrued expenses,Accrued PKG,24242 - Accrued PKG : Accrued PKG 2022,
271,24200 Accrued Benefits,24200,,,,2,Liabilities,Other Liabilities,Accrued expenses,Accrued benefits,24200 - Accrued Benefits,
267,24000 Accrued Payroll,24000,,,,9,Liabilities,Other Liabilities,Accrued expenses,Accrued payroll,24000 - Accrued Payroll,
265,23200 Accrued Rights Fees,23200,,,,10,Liabilities,Other Liabilities,Accrued expenses,Accrued rights fees,23200 - Accrued Rights Fees,
436,24010 Accrued Severance,24010,,,,9,Liabilities,Other Liabilities,Accrued expenses,Accrued severance,24010 - Accrued Severance,
430,25000 Accrued Interest,25000,,,,3,Liabilities,Other Liabilities,Accrued expenses,Accrued interest,25000 - Accrued Interest,
588,24225 Accrued DCA 2025,24225,,,,2,Liabilities,Other Liabilities,Accrued expenses,Accrued DCA,24225 - Accrued DCA : Accrued DCA 2025,
588,24225 Accrued DCA 2025,24225,,,,9,Liabilities,Other Liabilities,Accrued expenses,Accrued DCA,24225 - Accrued DCA : Accrued DCA 2025,
268,24100 Accrued Payroll Taxes,24100,,,,2,Liabilities,Other Liabilities,Accrued expenses,Accrued payroll taxes,24100 - Accrued Payroll Taxes,
268,24100 Accrued Payroll Taxes,24100,,,,10,Liabilities,Other Liabilities,Accrued expenses,Accrued payroll taxes,24100 - Accrued Payroll Taxes,
265,23200 Accrued Rights Fees,23200,,,,2,Liabilities,Other Liabilities,Accrued expenses,Accrued rights fees,23200 - Accrued Rights Fees,
272,24211 Accrued FSA 2021,24211,,,,2,Liabilities,Other Liabilities,Accrued expenses,Accrued FSA,24211 - Accrued FSA : Accrued FSA 2021,
263,23000 Accrued Expenses,23000,,,,10,Liabilities,Other Liabilities,Accrued expenses,Accrued expenses,23000 - Accrued Expenses,
277,24400 Accrued Commission,24400,,,,5,Liabilities,Other Liabilities,Accrued expenses,Accrued commission,24400 - Accrued Commission,
456,24020 Accrued PTO,24020,,,,2,Liabilities,Other Liabilities,Accrued expenses,Accrued PTO,24020 - Accrued PTO,
543,24233 Accrued TRA 2023,24233,,,,2,Liabilities,Other Liabilities,Accrued expenses,Accrued TRA,24233 - Accrued TRA : Accrued TRA 2023,
277,24400 Accrued Commission,24400,,,,2,Liabilities,Other Liabilities,Accrued expenses,Accrued commission,24400 - Accrued Commission,
541,24213 Accrued FSA 2023,24213,,,,2,Liabilities,Other Liabilities,Accrued expenses,Accrued FSA,24213 - Accrued FSA : Accrued FSA 2023,
541,24213 Accrued FSA 2023,24213,,,,9,Liabilities,Other Liabilities,Accrued expenses,Accrued FSA,24213 - Accrued FSA : Accrued FSA 2023,
587,24215 Accrued FSA 2025,24215,,,,9,Liabilities,Other Liabilities,Accrued expenses,Accrued FSA,24215 - Accrued FSA : Accrued FSA 2025,
269,24101 Accrued NY Paid Family Leave,24101,,,,9,Liabilities,Other Liabilities,Accrued expenses,Accrued NY paid family leave,24101 - Accrued NY Paid Family Leave,
276,24300 Accrued Bonus,24300,,,,9,Liabilities,Other Liabilities,Accrued expenses,Accrued bonus,24300 - Accrued Bonus,
544,24243 Accrued PKG 2023,24243,,,,2,Liabilities,Other Liabilities,Accrued expenses,Accrued PKG,24243 - Accrued PKG : Accrued PKG 2023,
274,24230 Accrued TRA,24230,,,,2,Liabilities,Other Liabilities,Accrued expenses,Accrued TRA,24230 - Accrued TRA,
561,24214 Accrued FSA 2024,24214,,,,2,Liabilities,Other Liabilities,Accrued expenses,Accrued FSA,24214 - Accrued FSA : Accrued FSA 2024,
275,24250 Accrued 401K,24250,,,,10,Liabilities,Other Liabilities,Accrued expenses,Accrued 401K,24250 - Accrued 401K,
268,24100 Accrued Payroll Taxes,24100,,,,5,Liabilities,Other Liabilities,Accrued expenses,Accrued payroll taxes,24100 - Accrued Payroll Taxes,
276,24300 Accrued Bonus,24300,,,,2,Liabilities,Other Liabilities,Accrued expenses,Accrued bonus,24300 - Accrued Bonus,
271,24200 Accrued Benefits,24200,,,,9,Liabilities,Other Liabilities,Accrued expenses,Accrued benefits,24200 - Accrued Benefits,
561,24214 Accrued FSA 2024,24214,,,,9,Liabilities,Other Liabilities,Accrued expenses,Accrued FSA,24214 - Accrued FSA : Accrued FSA 2024,
275,24250 Accrued 401K,24250,,,,9,Liabilities,Other Liabilities,Accrued expenses,Accrued 401K,24250 - Accrued 401K,
562,24224 Accrued DCA 2024,24224,,,,9,Liabilities,Other Liabilities,Accrued expenses,Accrued DCA,24224 - Accrued DCA : Accrued DCA 2024,
436,24010 Accrued Severance,24010,,,,2,Liabilities,Other Liabilities,Accrued expenses,Accrued severance,24010 - Accrued Severance,
590,24245 Accrued PKG 2025,24245,,,,2,Liabilities,Other Liabilities,Accrued expenses,Accrued PKG,24245 - Accrued PKG : Accrued PKG 2025,
263,23000 Accrued Expenses,23000,,,,3,Liabilities,Other Liabilities,Accrued expenses,Accrued expenses,23000 - Accrued Expenses,
562,24224 Accrued DCA 2024,24224,,,,2,Liabilities,Other Liabilities,Accrued expenses,Accrued DCA,24224 - Accrued DCA : Accrued DCA 2024,
275,24250 Accrued 401K,24250,,,,2,Liabilities,Other Liabilities,Accrued expenses,Accrued 401K,24250 - Accrued 401K,
276,24300 Accrued Bonus,24300,,,,5,Liabilities,Other Liabilities,Accrued expenses,Accrued bonus,24300 - Accrued Bonus,
499,24232 Accrued TRA 2022,24232,,,,2,Liabilities,Other Liabilities,Accrued expenses,Accrued TRA,24232 - Accrued TRA : Accrued TRA 2022,
277,24400 Accrued Commission,24400,,,,9,Liabilities,Other Liabilities,Accrued expenses,Accrued commission,24400 - Accrued Commission,
269,24101 Accrued NY Paid Family Leave,24101,,,,2,Liabilities,Other Liabilities,Accrued expenses,Accrued NY paid family leave,24101 - Accrued NY Paid Family Leave,
587,24215 Accrued FSA 2025,24215,,,,2,Liabilities,Other Liabilities,Accrued expenses,Accrued FSA,24215 - Accrued FSA : Accrued FSA 2025,
589,24235 Accrued TRA 2025,24235,,,,2,Liabilities,Other Liabilities,Accrued expenses,Accrued TRA,24235 - Accrued TRA : Accrued TRA 2025,
270,24102 Accrued NJ PP Disability,24102,,,,2,Liabilities,Other Liabilities,Accrued expenses,Accrued NJ PP disability,24102 - Accrued NJ PP Disability,
564,24244 Accrued PKG 2024,24244,,,,2,Liabilities,Other Liabilities,Accrued expenses,Accrued PKG,24244 - Accrued PKG : Accrued PKG 2024,
430,25000 Accrued Interest,25000,,,,2,Liabilities,Other Liabilities,Accrued expenses,Accrued interest,25000 - Accrued Interest,
589,24235 Accrued TRA 2025,24235,,,,9,Liabilities,Other Liabilities,Accrued expenses,Accrued TRA,24235 - Accrued TRA : Accrued TRA 2025,
563,24234 Accrued TRA 2024,24234,,,,2,Liabilities,Other Liabilities,Accrued expenses,Accrued TRA,24234 - Accrued TRA : Accrued TRA 2024,
267,24000 Accrued Payroll,24000,,,,2,Liabilities,Other Liabilities,Accrued expenses,Accrued payroll,24000 - Accrued Payroll,
261,22000 Deferred Revenue,22000,,,,9,Liabilities,Other Liabilities,Deferred revenue,22000 - Deferred Revenue,,
261,22000 Deferred Revenue,22000,,,,10,Liabilities,Other Liabilities,Deferred revenue,22000 - Deferred Revenue,,
261,22000 Deferred Revenue,22000,,,,3,Liabilities,Other Liabilities,Deferred revenue,22000 - Deferred Revenue,,
537,22001 Deferred Revenue - PPP,22001,,,,5,Liabilities,Other Liabilities,Deferred revenue,22001 - Deferred Revenue - PPP,,
537,22001 Deferred Revenue - PPP,22001,,,,6,Liabilities,Other Liabilities,Deferred revenue,22001 - Deferred Revenue - PPP,,
537,22001 Deferred Revenue - PPP,22001,,,,7,Liabilities,Other Liabilities,Deferred revenue,22001 - Deferred Revenue - PPP,,
537,22001 Deferred Revenue - PPP,22001,,,,3,Liabilities,Other Liabilities,Deferred revenue,22001 - Deferred Revenue - PPP,,
537,22001 Deferred Revenue - PPP,22001,,,,12,Liabilities,Other Liabilities,Deferred revenue,22001 - Deferred Revenue - PPP,,
537,22001 Deferred Revenue - PPP,22001,,,,10,Liabilities,Other Liabilities,Deferred revenue,22001 - Deferred Revenue - PPP,,
537,22001 Deferred Revenue - PPP,22001,,,,1,Liabilities,Other Liabilities,Deferred revenue,22001 - Deferred Revenue - PPP,,
537,22001 Deferred Revenue - PPP,22001,,,,9,Liabilities,Other Liabilities,Deferred revenue,22001 - Deferred Revenue - PPP,,
538,22002 Deferred Revenue - Esports,22002,,,,10,Liabilities,Other Liabilities,Deferred revenue,22002 - Deferred Revenue - Esports,,
538,22002 Deferred Revenue - Esports,22002,,,,1,Liabilities,Other Liabilities,Deferred revenue,22002 - Deferred Revenue - Esports,,
538,22002 Deferred Revenue - Esports,22002,,,,9,Liabilities,Other Liabilities,Deferred revenue,22002 - Deferred Revenue - Esports,,
538,22002 Deferred Revenue - Esports,22002,,,,6,Liabilities,Other Liabilities,Deferred revenue,22002 - Deferred Revenue - Esports,,
538,22002 Deferred Revenue - Esports,22002,,,,5,Liabilities,Other Liabilities,Deferred revenue,22002 - Deferred Revenue - Esports,,
538,22002 Deferred Revenue - Esports,22002,,,,3,Liabilities,Other Liabilities,Deferred revenue,22002 - Deferred Revenue - Esports,,
538,22002 Deferred Revenue - Esports,22002,,,,12,Liabilities,Other Liabilities,Deferred revenue,22002 - Deferred Revenue - Esports,,
538,22002 Deferred Revenue - Esports,22002,,,,7,Liabilities,Other Liabilities,Deferred revenue,22002 - Deferred Revenue - Esports,,
539,22003 Deferred Revenue - S&S,22003,,,,12,Liabilities,Other Liabilities,Deferred revenue,22003 - Deferred Revenue - S&S,,
539,22003 Deferred Revenue - S&S,22003,,,,7,Liabilities,Other Liabilities,Deferred revenue,22003 - Deferred Revenue - S&S,,
539,22003 Deferred Revenue - S&S,22003,,,,6,Liabilities,Other Liabilities,Deferred revenue,22003 - Deferred Revenue - S&S,,
539,22003 Deferred Revenue - S&S,22003,,,,9,Liabilities,Other Liabilities,Deferred revenue,22003 - Deferred Revenue - S&S,,
539,22003 Deferred Revenue - S&S,22003,,,,5,Liabilities,Other Liabilities,Deferred revenue,22003 - Deferred Revenue - S&S,,
539,22003 Deferred Revenue - S&S,22003,,,,10,Liabilities,Other Liabilities,Deferred revenue,22003 - Deferred Revenue - S&S,,
539,22003 Deferred Revenue - S&S,22003,,,,3,Liabilities,Other Liabilities,Deferred revenue,22003 - Deferred Revenue - S&S,,
539,22003 Deferred Revenue - S&S,22003,,,,1,Liabilities,Other Liabilities,Deferred revenue,22003 - Deferred Revenue - S&S,,
540,22004 Deferred Revenue - WMT,22004,,,,3,Liabilities,Other Liabilities,Deferred revenue,22004 - Deferred Revenue - WMT,,
540,22004 Deferred Revenue - WMT,22004,,,,10,Liabilities,Other Liabilities,Deferred revenue,22004 - Deferred Revenue - WMT,,
540,22004 Deferred Revenue - WMT,22004,,,,6,Liabilities,Other Liabilities,Deferred revenue,22004 - Deferred Revenue - WMT,,
540,22004 Deferred Revenue - WMT,22004,,,,5,Liabilities,Other Liabilities,Deferred revenue,22004 - Deferred Revenue - WMT,,
540,22004 Deferred Revenue - WMT,22004,,,,7,Liabilities,Other Liabilities,Deferred revenue,22004 - Deferred Revenue - WMT,,
540,22004 Deferred Revenue - WMT,22004,,,,1,Liabilities,Other Liabilities,Deferred revenue,22004 - Deferred Revenue - WMT,,
540,22004 Deferred Revenue - WMT,22004,,,,12,Liabilities,Other Liabilities,Deferred revenue,22004 - Deferred Revenue - WMT,,
545,22005 Deferred Revenue - Vision,22005,,,,3,Liabilities,Other Liabilities,Deferred revenue,22005 - Deferred Revenue - Vision,,
545,22005 Deferred Revenue - Vision,22005,,,,10,Liabilities,Other Liabilities,Deferred revenue,22005 - Deferred Revenue - Vision,,
545,22005 Deferred Revenue - Vision,22005,,,,5,Liabilities,Other Liabilities,Deferred revenue,22005 - Deferred Revenue - Vision,,
545,22005 Deferred Revenue - Vision,22005,,,,12,Liabilities,Other Liabilities,Deferred revenue,22005 - Deferred Revenue - Vision,,
545,22005 Deferred Revenue - Vision,22005,,,,1,Liabilities,Other Liabilities,Deferred revenue,22005 - Deferred Revenue - Vision,,
545,22005 Deferred Revenue - Vision,22005,,,,7,Liabilities,Other Liabilities,Deferred revenue,22005 - Deferred Revenue - Vision,,
545,22005 Deferred Revenue - Vision,22005,,,,6,Liabilities,Other Liabilities,Deferred revenue,22005 - Deferred Revenue - Vision,,
546,22006 Deferred Revenue - PF Access,22006,,,,10,Liabilities,Other Liabilities,Deferred revenue,22006 - Deferred Revenue - PF Access,,
546,22006 Deferred Revenue - PF Access,22006,,,,6,Liabilities,Other Liabilities,Deferred revenue,22006 - Deferred Revenue - PF Access,,
546,22006 Deferred Revenue - PF Access,22006,,,,1,Liabilities,Other Liabilities,Deferred revenue,22006 - Deferred Revenue - PF Access,,
546,22006 Deferred Revenue - PF Access,22006,,,,9,Liabilities,Other Liabilities,Deferred revenue,22006 - Deferred Revenue - PF Access,,
546,22006 Deferred Revenue - PF Access,22006,,,,12,Liabilities,Other Liabilities,Deferred revenue,22006 - Deferred Revenue - PF Access,,
546,22006 Deferred Revenue - PF Access,22006,,,,5,Liabilities,Other Liabilities,Deferred revenue,22006 - Deferred Revenue - PF Access,,
546,22006 Deferred Revenue - PF Access,22006,,,,3,Liabilities,Other Liabilities,Deferred revenue,22006 - Deferred Revenue - PF Access,,
546,22006 Deferred Revenue - PF Access,22006,,,,7,Liabilities,Other Liabilities,Deferred revenue,22006 - Deferred Revenue - PF Access,,
559,22007 Deferred Revenue - Aspire,22007,,,,1,Liabilities,Other Liabilities,Deferred revenue,22007 - Deferred Revenue - Aspire,,
559,22007 Deferred Revenue - Aspire,22007,,,,6,Liabilities,Other Liabilities,Deferred revenue,22007 - Deferred Revenue - Aspire,,
559,22007 Deferred Revenue - Aspire,22007,,,,7,Liabilities,Other Liabilities,Deferred revenue,22007 - Deferred Revenue - Aspire,,
559,22007 Deferred Revenue - Aspire,22007,,,,12,Liabilities,Other Liabilities,Deferred revenue,22007 - Deferred Revenue - Aspire,,
559,22007 Deferred Revenue - Aspire,22007,,,,10,Liabilities,Other Liabilities,Deferred revenue,22007 - Deferred Revenue - Aspire,,
559,22007 Deferred Revenue - Aspire,22007,,,,3,Liabilities,Other Liabilities,Deferred revenue,22007 - Deferred Revenue - Aspire,,
559,22007 Deferred Revenue - Aspire,22007,,,,9,Liabilities,Other Liabilities,Deferred revenue,22007 - Deferred Revenue - Aspire,,
559,22007 Deferred Revenue - Aspire,22007,,,,5,Liabilities,Other Liabilities,Deferred revenue,22007 - Deferred Revenue - Aspire,,
571,22008 Deferred Revenue - PF Consulting,22008,,,,6,Liabilities,Other Liabilities,Deferred revenue,22008 - Deferred Revenue - PF Consulting,,
571,22008 Deferred Revenue - PF Consulting,22008,,,,3,Liabilities,Other Liabilities,Deferred revenue,22008 - Deferred Revenue - PF Consulting,,
571,22008 Deferred Revenue - PF Consulting,22008,,,,12,Liabilities,Other Liabilities,Deferred revenue,22008 - Deferred Revenue - PF Consulting,,
571,22008 Deferred Revenue - PF Consulting,22008,,,,10,Liabilities,Other Liabilities,Deferred revenue,22008 - Deferred Revenue - PF Consulting,,
571,22008 Deferred Revenue - PF Consulting,22008,,,,9,Liabilities,Other Liabilities,Deferred revenue,22008 - Deferred Revenue - PF Consulting,,
571,22008 Deferred Revenue - PF Consulting,22008,,,,7,Liabilities,Other Liabilities,Deferred revenue,22008 - Deferred Revenue - PF Consulting,,
571,22008 Deferred Revenue - PF Consulting,22008,,,,1,Liabilities,Other Liabilities,Deferred revenue,22008 - Deferred Revenue - PF Consulting,,
571,22008 Deferred Revenue - PF Consulting,22008,,,,5,Liabilities,Other Liabilities,Deferred revenue,22008 - Deferred Revenue - PF Consulting,,
574,22010 Deferred Revenue - Aloompa,22010,,,,12,Liabilities,Other Liabilities,Deferred revenue,22010 - Deferred Revenue - Aloompa,,
574,22010 Deferred Revenue - Aloompa,22010,,,,3,Liabilities,Other Liabilities,Deferred revenue,22010 - Deferred Revenue - Aloompa,,
574,22010 Deferred Revenue - Aloompa,22010,,,,2,Liabilities,Other Liabilities,Deferred revenue,22010 - Deferred Revenue - Aloompa,,
574,22010 Deferred Revenue - Aloompa,22010,,,,10,Liabilities,Other Liabilities,Deferred revenue,22010 - Deferred Revenue - Aloompa,,
574,22010 Deferred Revenue - Aloompa,22010,,,,1,Liabilities,Other Liabilities,Deferred revenue,22010 - Deferred Revenue - Aloompa,,
574,22010 Deferred Revenue - Aloompa,22010,,,,6,Liabilities,Other Liabilities,Deferred revenue,22010 - Deferred Revenue - Aloompa,,
574,22010 Deferred Revenue - Aloompa,22010,,,,7,Liabilities,Other Liabilities,Deferred revenue,22010 - Deferred Revenue - Aloompa,,
574,22010 Deferred Revenue - Aloompa,22010,,,,5,Liabilities,Other Liabilities,Deferred revenue,22010 - Deferred Revenue - Aloompa,,
435,23010 Due to Station,23010,,,,5,Liabilities,Other Liabilities,Other Current Liabilities,Due to station,23010 - Due to Station,
258,20200 Trade/Barter,20200,,,,3,Liabilities,Other Liabilities,Other Current Liabilities,Trade/barter,20200 - Trade/Barter,
536,26002 Accumulated Amortization-Debt Issuance Costs,26002,,,,5,Liabilities,Other Liabilities,Other Current Liabilities,Accumulated depreciation,26002 - Accumulated Amortization-Debt Issuance Costs,
531,25500 Other Current Liabilities,25500,,,,10,Liabilities,Other Liabilities,Other Current Liabilities,Other current liabilities,25500 - Other Current Liabilities,
531,25500 Other Current Liabilities,25500,,,,6,Liabilities,Other Liabilities,Other Current Liabilities,Other current liabilities,25500 - Other Current Liabilities,
281,"26200 Lease Obligation, current portion",26200,,,,6,Liabilities,Other Liabilities,Other Current Liabilities,"Lease obligation, current portion","26200 - Lease Obligation, current portion",
525,20400 Corporate AMEX Clearing,20400,,,,1,Liabilities,Other Liabilities,Other Current Liabilities,Corporate AMEX clearing,20400 - Corporate AMEX Clearing,
526,"26500 Contingent Consideration, current portion",26500,,,,5,Liabilities,Other Liabilities,Other Current Liabilities,"Contingent consideration, current portion","26500 - Contingent Consideration, current portion",
281,"26200 Lease Obligation, current portion",26200,,,,5,Liabilities,Other Liabilities,Other Current Liabilities,"Lease obligation, current portion","26200 - Lease Obligation, current portion",
279,26001 Current Portion - Debt Issuance Costs,26001,,,,6,Liabilities,Other Liabilities,Other Current Liabilities,Current portion - debt issuance costs,26001 - Current Portion - Debt Issuance Costs,
281,"26200 Lease Obligation, current portion",26200,,,,10,Liabilities,Other Liabilities,Other Current Liabilities,"Lease obligation, current portion","26200 - Lease Obligation, current portion",
279,26001 Current Portion - Debt Issuance Costs,26001,,,,1,Liabilities,Other Liabilities,Other Current Liabilities,Current portion - debt issuance costs,26001 - Current Portion - Debt Issuance Costs,
435,23010 Due to Station,23010,,,,1,Liabilities,Other Liabilities,Other Current Liabilities,Due to station,23010 - Due to Station,
531,25500 Other Current Liabilities,25500,,,,1,Liabilities,Other Liabilities,Other Current Liabilities,Other current liabilities,25500 - Other Current Liabilities,
260,21100 Other Business Taxes Payable,21100,,,,1,Liabilities,Other Liabilities,Other Current Liabilities,Other business taxes payable,21100 - Other Business Taxes Payable,
279,26001 Current Portion - Debt Issuance Costs,26001,,,,7,Liabilities,Other Liabilities,Other Current Liabilities,Current portion - debt issuance costs,26001 - Current Portion - Debt Issuance Costs,
536,26002 Accumulated Amortization-Debt Issuance Costs,26002,,,,12,Liabilities,Other Liabilities,Other Current Liabilities,Accumulated depreciation,26002 - Accumulated Amortization-Debt Issuance Costs,
547,24001 Payroll Clearing,24001,,,,7,Liabilities,Other Liabilities,Other Current Liabilities,Payroll clearing,24001 - Payroll Clearing,
260,21100 Other Business Taxes Payable,21100,,,,6,Liabilities,Other Liabilities,Other Current Liabilities,Other business taxes payable,21100 - Other Business Taxes Payable,
260,21100 Other Business Taxes Payable,21100,,,,5,Liabilities,Other Liabilities,Other Current Liabilities,Other business taxes payable,21100 - Other Business Taxes Payable,
525,20400 Corporate AMEX Clearing,20400,,,,5,Liabilities,Other Liabilities,Other Current Liabilities,Corporate AMEX clearing,20400 - Corporate AMEX Clearing,
266,23500 Deferred Rent,23500,,,,3,Liabilities,Other Liabilities,Other Current Liabilities,Deferred rent,23500 - Deferred Rent,
266,23500 Deferred Rent,23500,,,,1,Liabilities,Other Liabilities,Other Current Liabilities,Deferred rent,23500 - Deferred Rent,
266,23500 Deferred Rent,23500,,,,9,Liabilities,Other Liabilities,Other Current Liabilities,Deferred rent,23500 - Deferred Rent,
278,26000 Current Portion - Long Term Debt,26000,,,,5,Liabilities,Other Liabilities,Other Current Liabilities,Current portion - long term debt,26000 - Current Portion - Long Term Debt,
525,20400 Corporate AMEX Clearing,20400,,,,6,Liabilities,Other Liabilities,Other Current Liabilities,Corporate AMEX clearing,20400 - Corporate AMEX Clearing,
281,"26200 Lease Obligation, current portion",26200,,,,12,Liabilities,Other Liabilities,Other Current Liabilities,"Lease obligation, current portion","26200 - Lease Obligation, current portion",
525,20400 Corporate AMEX Clearing,20400,,,,9,Liabilities,Other Liabilities,Other Current Liabilities,Corporate AMEX clearing,20400 - Corporate AMEX Clearing,
455,23020 3rd Party Clearing Account,23020,,,,3,Liabilities,Other Liabilities,Other Current Liabilities,3rd party clearing account,23020 - 3rd Party Clearing Account,
258,20200 Trade/Barter,20200,,,,10,Liabilities,Other Liabilities,Other Current Liabilities,Trade/barter,20200 - Trade/Barter,
531,25500 Other Current Liabilities,25500,,,,12,Liabilities,Other Liabilities,Other Current Liabilities,Other current liabilities,25500 - Other Current Liabilities,
547,24001 Payroll Clearing,24001,,,,10,Liabilities,Other Liabilities,Other Current Liabilities,Payroll clearing,24001 - Payroll Clearing,
526,"26500 Contingent Consideration, current portion",26500,,,,3,Liabilities,Other Liabilities,Other Current Liabilities,"Contingent consideration, current portion","26500 - Contingent Consideration, current portion",
281,"26200 Lease Obligation, current portion",26200,,,,3,Liabilities,Other Liabilities,Other Current Liabilities,"Lease obligation, current portion","26200 - Lease Obligation, current portion",
455,23020 3rd Party Clearing Account,23020,,,,5,Liabilities,Other Liabilities,Other Current Liabilities,3rd party clearing account,23020 - 3rd Party Clearing Account,
525,20400 Corporate AMEX Clearing,20400,,,,12,Liabilities,Other Liabilities,Other Current Liabilities,Corporate AMEX clearing,20400 - Corporate AMEX Clearing,
536,26002 Accumulated Amortization-Debt Issuance Costs,26002,,,,7,Liabilities,Other Liabilities,Other Current Liabilities,Accumulated depreciation,26002 - Accumulated Amortization-Debt Issuance Costs,
547,24001 Payroll Clearing,24001,,,,12,Liabilities,Other Liabilities,Other Current Liabilities,Payroll clearing,24001 - Payroll Clearing,
258,20200 Trade/Barter,20200,,,,9,Liabilities,Other Liabilities,Other Current Liabilities,Trade/barter,20200 - Trade/Barter,
266,23500 Deferred Rent,23500,,,,5,Liabilities,Other Liabilities,Other Current Liabilities,Deferred rent,23500 - Deferred Rent,
279,26001 Current Portion - Debt Issuance Costs,26001,,,,12,Liabilities,Other Liabilities,Other Current Liabilities,Current portion - debt issuance costs,26001 - Current Portion - Debt Issuance Costs,
278,26000 Current Portion - Long Term Debt,26000,,,,6,Liabilities,Other Liabilities,Other Current Liabilities,Current portion - long term debt,26000 - Current Portion - Long Term Debt,
281,"26200 Lease Obligation, current portion",26200,,,,7,Liabilities,Other Liabilities,Other Current Liabilities,"Lease obligation, current portion","26200 - Lease Obligation, current portion",
278,26000 Current Portion - Long Term Debt,26000,,,,7,Liabilities,Other Liabilities,Other Current Liabilities,Current portion - long term debt,26000 - Current Portion - Long Term Debt,
278,26000 Current Portion - Long Term Debt,26000,,,,10,Liabilities,Other Liabilities,Other Current Liabilities,Current portion - long term debt,26000 - Current Portion - Long Term Debt,
526,"26500 Contingent Consideration, current portion",26500,,,,10,Liabilities,Other Liabilities,Other Current Liabilities,"Contingent consideration, current portion","26500 - Contingent Consideration, current portion",
547,24001 Payroll Clearing,24001,,,,6,Liabilities,Other Liabilities,Other Current Liabilities,Payroll clearing,24001 - Payroll Clearing,
258,20200 Trade/Barter,20200,,,,7,Liabilities,Other Liabilities,Other Current Liabilities,Trade/barter,20200 - Trade/Barter,
525,20400 Corporate AMEX Clearing,20400,,,,3,Liabilities,Other Liabilities,Other Current Liabilities,Corporate AMEX clearing,20400 - Corporate AMEX Clearing,
266,23500 Deferred Rent,23500,,,,7,Liabilities,Other Liabilities,Other Current Liabilities,Deferred rent,23500 - Deferred Rent,
455,23020 3rd Party Clearing Account,23020,,,,10,Liabilities,Other Liabilities,Other Current Liabilities,3rd party clearing account,23020 - 3rd Party Clearing Account,
435,23010 Due to Station,23010,,,,3,Liabilities,Other Liabilities,Other Current Liabilities,Due to station,23010 - Due to Station,
258,20200 Trade/Barter,20200,,,,6,Liabilities,Other Liabilities,Other Current Liabilities,Trade/barter,20200 - Trade/Barter,
525,20400 Corporate AMEX Clearing,20400,,,,10,Liabilities,Other Liabilities,Other Current Liabilities,Corporate AMEX clearing,20400 - Corporate AMEX Clearing,
455,23020 3rd Party Clearing Account,23020,,,,12,Liabilities,Other Liabilities,Other Current Liabilities,3rd party clearing account,23020 - 3rd Party Clearing Account,
455,23020 3rd Party Clearing Account,23020,,,,7,Liabilities,Other Liabilities,Other Current Liabilities,3rd party clearing account,23020 - 3rd Party Clearing Account,
435,23010 Due to Station,23010,,,,12,Liabilities,Other Liabilities,Other Current Liabilities,Due to station,23010 - Due to Station,
278,26000 Current Portion - Long Term Debt,26000,,,,12,Liabilities,Other Liabilities,Other Current Liabilities,Current portion - long term debt,26000 - Current Portion - Long Term Debt,
526,"26500 Contingent Consideration, current portion",26500,,,,6,Liabilities,Other Liabilities,Other Current Liabilities,"Contingent consideration, current portion","26500 - Contingent Consideration, current portion",
435,23010 Due to Station,23010,,,,7,Liabilities,Other Liabilities,Other Current Liabilities,Due to station,23010 - Due to Station,
258,20200 Trade/Barter,20200,,,,1,Liabilities,Other Liabilities,Other Current Liabilities,Trade/barter,20200 - Trade/Barter,
258,20200 Trade/Barter,20200,,,,5,Liabilities,Other Liabilities,Other Current Liabilities,Trade/barter,20200 - Trade/Barter,
266,23500 Deferred Rent,23500,,,,12,Liabilities,Other Liabilities,Other Current Liabilities,Deferred rent,23500 - Deferred Rent,
526,"26500 Contingent Consideration, current portion",26500,,,,1,Liabilities,Other Liabilities,Other Current Liabilities,"Contingent consideration, current portion","26500 - Contingent Consideration, current portion",
526,"26500 Contingent Consideration, current portion",26500,,,,7,Liabilities,Other Liabilities,Other Current Liabilities,"Contingent consideration, current portion","26500 - Contingent Consideration, current portion",
260,21100 Other Business Taxes Payable,21100,,,,7,Liabilities,Other Liabilities,Other Current Liabilities,Other business taxes payable,21100 - Other Business Taxes Payable,
281,"26200 Lease Obligation, current portion",26200,,,,1,Liabilities,Other Liabilities,Other Current Liabilities,"Lease obligation, current portion","26200 - Lease Obligation, current portion",
531,25500 Other Current Liabilities,25500,,,,5,Liabilities,Other Liabilities,Other Current Liabilities,Other current liabilities,25500 - Other Current Liabilities,
435,23010 Due to Station,23010,,,,9,Liabilities,Other Liabilities,Other Current Liabilities,Due to station,23010 - Due to Station,
536,26002 Accumulated Amortization-Debt Issuance Costs,26002,,,,3,Liabilities,Other Liabilities,Other Current Liabilities,Accumulated depreciation,26002 - Accumulated Amortization-Debt Issuance Costs,
547,24001 Payroll Clearing,24001,,,,5,Liabilities,Other Liabilities,Other Current Liabilities,Payroll clearing,24001 - Payroll Clearing,
260,21100 Other Business Taxes Payable,21100,,,,10,Liabilities,Other Liabilities,Other Current Liabilities,Other business taxes payable,21100 - Other Business Taxes Payable,
278,26000 Current Portion - Long Term Debt,26000,,,,9,Liabilities,Other Liabilities,Other Current Liabilities,Current portion - long term debt,26000 - Current Portion - Long Term Debt,
536,26002 Accumulated Amortization-Debt Issuance Costs,26002,,,,10,Liabilities,Other Liabilities,Other Current Liabilities,Accumulated depreciation,26002 - Accumulated Amortization-Debt Issuance Costs,
531,25500 Other Current Liabilities,25500,,,,3,Liabilities,Other Liabilities,Other Current Liabilities,Other current liabilities,25500 - Other Current Liabilities,
279,26001 Current Portion - Debt Issuance Costs,26001,,,,5,Liabilities,Other Liabilities,Other Current Liabilities,Current portion - debt issuance costs,26001 - Current Portion - Debt Issuance Costs,
279,26001 Current Portion - Debt Issuance Costs,26001,,,,9,Liabilities,Other Liabilities,Other Current Liabilities,Current portion - debt issuance costs,26001 - Current Portion - Debt Issuance Costs,
536,26002 Accumulated Amortization-Debt Issuance Costs,26002,,,,1,Liabilities,Other Liabilities,Other Current Liabilities,Accumulated depreciation,26002 - Accumulated Amortization-Debt Issuance Costs,
525,20400 Corporate AMEX Clearing,20400,,,,7,Liabilities,Other Liabilities,Other Current Liabilities,Corporate AMEX clearing,20400 - Corporate AMEX Clearing,
279,26001 Current Portion - Debt Issuance Costs,26001,,,,10,Liabilities,Other Liabilities,Other Current Liabilities,Current portion - debt issuance costs,26001 - Current Portion - Debt Issuance Costs,
547,24001 Payroll Clearing,24001,,,,1,Liabilities,Other Liabilities,Other Current Liabilities,Payroll clearing,24001 - Payroll Clearing,
536,26002 Accumulated Amortization-Debt Issuance Costs,26002,,,,6,Liabilities,Other Liabilities,Other Current Liabilities,Accumulated depreciation,26002 - Accumulated Amortization-Debt Issuance Costs,
260,21100 Other Business Taxes Payable,21100,,,,12,Liabilities,Other Liabilities,Other Current Liabilities,Other business taxes payable,21100 - Other Business Taxes Payable,
531,25500 Other Current Liabilities,25500,,,,7,Liabilities,Other Liabilities,Other Current Liabilities,Other current liabilities,25500 - Other Current Liabilities,
260,21100 Other Business Taxes Payable,21100,,,,3,Liabilities,Other Liabilities,Other Current Liabilities,Other business taxes payable,21100 - Other Business Taxes Payable,
266,23500 Deferred Rent,23500,,,,10,Liabilities,Other Liabilities,Other Current Liabilities,Deferred rent,23500 - Deferred Rent,
455,23020 3rd Party Clearing Account,23020,,,,1,Liabilities,Other Liabilities,Other Current Liabilities,3rd party clearing account,23020 - 3rd Party Clearing Account,
536,26002 Accumulated Amortization-Debt Issuance Costs,26002,,,,9,Liabilities,Other Liabilities,Other Current Liabilities,Accumulated depreciation,26002 - Accumulated Amortization-Debt Issuance Costs,
435,23010 Due to Station,23010,,,,6,Liabilities,Other Liabilities,Other Current Liabilities,Due to station,23010 - Due to Station,
281,"26200 Lease Obligation, current portion",26200,,,,9,Liabilities,Other Liabilities,Other Current Liabilities,"Lease obligation, current portion","26200 - Lease Obligation, current portion",
258,20200 Trade/Barter,20200,,,,12,Liabilities,Other Liabilities,Other Current Liabilities,Trade/barter,20200 - Trade/Barter,
260,21100 Other Business Taxes Payable,21100,,,,9,Liabilities,Other Liabilities,Other Current Liabilities,Other business taxes payable,21100 - Other Business Taxes Payable,
435,23010 Due to Station,23010,,,,10,Liabilities,Other Liabilities,Other Current Liabilities,Due to station,23010 - Due to Station,
278,26000 Current Portion - Long Term Debt,26000,,,,1,Liabilities,Other Liabilities,Other Current Liabilities,Current portion - long term debt,26000 - Current Portion - Long Term Debt,
547,24001 Payroll Clearing,24001,,,,3,Liabilities,Other Liabilities,Other Current Liabilities,Payroll clearing,24001 - Payroll Clearing,
455,23020 3rd Party Clearing Account,23020,,,,6,Liabilities,Other Liabilities,Other Current Liabilities,3rd party clearing account,23020 - 3rd Party Clearing Account,
266,23500 Deferred Rent,23500,,,,6,Liabilities,Other Liabilities,Other Current Liabilities,Deferred rent,23500 - Deferred Rent,
526,"26500 Contingent Consideration, current portion",26500,,,,12,Liabilities,Other Liabilities,Other Current Liabilities,"Contingent consideration, current portion","26500 - Contingent Consideration, current portion",
369,73000 Amortization,73000,,,,10,Other (Income) /  Expenses,Other Expenses,Depreciation and Amortization,73000 - Amortization,,
369,73000 Amortization,73000,,,,12,Other (Income) /  Expenses,Other Expenses,Depreciation and Amortization,73000 - Amortization,,
367,72000 Depreciation,72000,,,,10,Other (Income) /  Expenses,Other Expenses,Depreciation and Amortization,72000 - Depreciation,,
367,72000 Depreciation,72000,,,,6,Other (Income) /  Expenses,Other Expenses,Depreciation and Amortization,72000 - Depreciation,,
369,73000 Amortization,73000,,,,6,Other (Income) /  Expenses,Other Expenses,Depreciation and Amortization,73000 - Amortization,,
369,73000 Amortization,73000,,,,1,Other (Income) /  Expenses,Other Expenses,Depreciation and Amortization,73000 - Amortization,,
367,72000 Depreciation,72000,,,,1,Other (Income) /  Expenses,Other Expenses,Depreciation and Amortization,72000 - Depreciation,,
370,73100 Amortization Contract Acquisition Costs,73100,,,,1,Other (Income) /  Expenses,Other Expenses,Depreciation and Amortization,73100 - Amortization Contract Acquisition Costs,,
370,73100 Amortization Contract Acquisition Costs,73100,,,,5,Other (Income) /  Expenses,Other Expenses,Depreciation and Amortization,73100 - Amortization Contract Acquisition Costs,,
370,73100 Amortization Contract Acquisition Costs,73100,,,,6,Other (Income) /  Expenses,Other Expenses,Depreciation and Amortization,73100 - Amortization Contract Acquisition Costs,,
369,73000 Amortization,73000,,,,3,Other (Income) /  Expenses,Other Expenses,Depreciation and Amortization,73000 - Amortization,,
367,72000 Depreciation,72000,,,,5,Other (Income) /  Expenses,Other Expenses,Depreciation and Amortization,72000 - Depreciation,,
370,73100 Amortization Contract Acquisition Costs,73100,,,,3,Other (Income) /  Expenses,Other Expenses,Depreciation and Amortization,73100 - Amortization Contract Acquisition Costs,,
370,73100 Amortization Contract Acquisition Costs,73100,,,,12,Other (Income) /  Expenses,Other Expenses,Depreciation and Amortization,73100 - Amortization Contract Acquisition Costs,,
369,73000 Amortization,73000,,,,7,Other (Income) /  Expenses,Other Expenses,Depreciation and Amortization,73000 - Amortization,,
370,73100 Amortization Contract Acquisition Costs,73100,,,,7,Other (Income) /  Expenses,Other Expenses,Depreciation and Amortization,73100 - Amortization Contract Acquisition Costs,,
370,73100 Amortization Contract Acquisition Costs,73100,,,,9,Other (Income) /  Expenses,Other Expenses,Depreciation and Amortization,73100 - Amortization Contract Acquisition Costs,,
367,72000 Depreciation,72000,,,,12,Other (Income) /  Expenses,Other Expenses,Depreciation and Amortization,72000 - Depreciation,,
367,72000 Depreciation,72000,,,,7,Other (Income) /  Expenses,Other Expenses,Depreciation and Amortization,72000 - Depreciation,,
371,74000 Current Income Tax Expense,74000,,,,3,Other (Income) /  Expenses,Other Expenses,Current income tax expense,74000 - Current Income Tax Expense,,
371,74000 Current Income Tax Expense,74000,,,,5,Other (Income) /  Expenses,Other Expenses,Current income tax expense,74000 - Current Income Tax Expense,,
371,74000 Current Income Tax Expense,74000,,,,1,Other (Income) /  Expenses,Other Expenses,Current income tax expense,74000 - Current Income Tax Expense,,
371,74000 Current Income Tax Expense,74000,,,,9,Other (Income) /  Expenses,Other Expenses,Current income tax expense,74000 - Current Income Tax Expense,,
371,74000 Current Income Tax Expense,74000,,,,10,Other (Income) /  Expenses,Other Expenses,Current income tax expense,74000 - Current Income Tax Expense,,
371,74000 Current Income Tax Expense,74000,,,,7,Other (Income) /  Expenses,Other Expenses,Current income tax expense,74000 - Current Income Tax Expense,,
371,74000 Current Income Tax Expense,74000,,,,6,Other (Income) /  Expenses,Other Expenses,Current income tax expense,74000 - Current Income Tax Expense,,
371,74000 Current Income Tax Expense,74000,,,,12,Other (Income) /  Expenses,Other Expenses,Current income tax expense,74000 - Current Income Tax Expense,,
363,70000 Interest Expense,70000,,,,9,Other (Income) /  Expenses,Other Expenses,Interest expense,70000 - Interest Expense,,
363,70000 Interest Expense,70000,,,,10,Other (Income) /  Expenses,Other Expenses,Interest expense,70000 - Interest Expense,,
363,70000 Interest Expense,70000,,,,1,Other (Income) /  Expenses,Other Expenses,Interest expense,70000 - Interest Expense,,
363,70000 Interest Expense,70000,,,,12,Other (Income) /  Expenses,Other Expenses,Interest expense,70000 - Interest Expense,,
363,70000 Interest Expense,70000,,,,6,Other (Income) /  Expenses,Other Expenses,Interest expense,70000 - Interest Expense,,
363,70000 Interest Expense,70000,,,,5,Other (Income) /  Expenses,Other Expenses,Interest expense,70000 - Interest Expense,,
363,70000 Interest Expense,70000,,,,7,Other (Income) /  Expenses,Other Expenses,Interest expense,70000 - Interest Expense,,
425,99986 Rounding Gain/Loss,99986,,,,6,Other (Income) /  Expenses,Other Expenses,Rounding gain/loss,99986 - Rounding Gain/Loss,,
492,75000 Unrealized Gain/Loss,75000,,,,6,Other (Income) /  Expenses,Other Expenses,Unrealized gain/loss,75000 - Unrealized Gain/Loss,,
425,99986 Rounding Gain/Loss,99986,,,,9,Other (Income) /  Expenses,Other Expenses,Rounding gain/loss,99986 - Rounding Gain/Loss,,
581,76000 Loss on Impairment,76000,,,,7,Other (Income) /  Expenses,Other Expenses,Loss on impairment,76000 - Loss on Impairment,,
425,99986 Rounding Gain/Loss,99986,,,,5,Other (Income) /  Expenses,Other Expenses,Rounding gain/loss,99986 - Rounding Gain/Loss,,
492,75000 Unrealized Gain/Loss,75000,,,,3,Other (Income) /  Expenses,Other Expenses,Unrealized gain/loss,75000 - Unrealized Gain/Loss,,
492,75000 Unrealized Gain/Loss,75000,,,,1,Other (Income) /  Expenses,Other Expenses,Unrealized gain/loss,75000 - Unrealized Gain/Loss,,
548,75100 Realized Gain/Loss,75100,,,,7,Other (Income) /  Expenses,Other Expenses,Realized gain/loss,75100 - Realized Gain/Loss,,
492,75000 Unrealized Gain/Loss,75000,,,,12,Other (Income) /  Expenses,Other Expenses,Unrealized gain/loss,75000 - Unrealized Gain/Loss,,
425,99986 Rounding Gain/Loss,99986,,,,12,Other (Income) /  Expenses,Other Expenses,Rounding gain/loss,99986 - Rounding Gain/Loss,,
548,75100 Realized Gain/Loss,75100,,,,6,Other (Income) /  Expenses,Other Expenses,Realized gain/loss,75100 - Realized Gain/Loss,,
581,76000 Loss on Impairment,76000,,,,12,Other (Income) /  Expenses,Other Expenses,Loss on impairment,76000 - Loss on Impairment,,
492,75000 Unrealized Gain/Loss,75000,,,,5,Other (Income) /  Expenses,Other Expenses,Unrealized gain/loss,75000 - Unrealized Gain/Loss,,
425,99986 Rounding Gain/Loss,99986,,,,7,Other (Income) /  Expenses,Other Expenses,Rounding gain/loss,99986 - Rounding Gain/Loss,,
548,75100 Realized Gain/Loss,75100,,,,5,Other (Income) /  Expenses,Other Expenses,Realized gain/loss,75100 - Realized Gain/Loss,,
581,76000 Loss on Impairment,76000,,,,6,Other (Income) /  Expenses,Other Expenses,Loss on impairment,76000 - Loss on Impairment,,
581,76000 Loss on Impairment,76000,,,,9,Other (Income) /  Expenses,Other Expenses,Loss on impairment,76000 - Loss on Impairment,,
548,75100 Realized Gain/Loss,75100,,,,3,Other (Income) /  Expenses,Other Expenses,Realized gain/loss,75100 - Realized Gain/Loss,,
581,76000 Loss on Impairment,76000,,,,3,Other (Income) /  Expenses,Other Expenses,Loss on impairment,76000 - Loss on Impairment,,
548,75100 Realized Gain/Loss,75100,,,,1,Other (Income) /  Expenses,Other Expenses,Realized gain/loss,75100 - Realized Gain/Loss,,
581,76000 Loss on Impairment,76000,,,,5,Other (Income) /  Expenses,Other Expenses,Loss on impairment,76000 - Loss on Impairment,,
492,75000 Unrealized Gain/Loss,75000,,,,7,Other (Income) /  Expenses,Other Expenses,Unrealized gain/loss,75000 - Unrealized Gain/Loss,,
548,75100 Realized Gain/Loss,75100,,,,12,Other (Income) /  Expenses,Other Expenses,Realized gain/loss,75100 - Realized Gain/Loss,,
581,76000 Loss on Impairment,76000,,,,1,Other (Income) /  Expenses,Other Expenses,Loss on impairment,76000 - Loss on Impairment,,
425,99986 Rounding Gain/Loss,99986,,,,3,Other (Income) /  Expenses,Other Expenses,Rounding gain/loss,99986 - Rounding Gain/Loss,,
425,99986 Rounding Gain/Loss,99986,,,,1,Other (Income) /  Expenses,Other Expenses,Rounding gain/loss,99986 - Rounding Gain/Loss,,
581,76000 Loss on Impairment,76000,,,,10,Other (Income) /  Expenses,Other Expenses,Loss on impairment,76000 - Loss on Impairment,,
364,70500 Interest Income,70500,,,,12,Other (Income) /  Expenses,Other Income,Interest income,70500 - Interest Income,,
364,70500 Interest Income,70500,,,,1,Other (Income) /  Expenses,Other Income,Interest income,70500 - Interest Income,,
364,70500 Interest Income,70500,,,,6,Other (Income) /  Expenses,Other Income,Interest income,70500 - Interest Income,,
364,70500 Interest Income,70500,,,,7,Other (Income) /  Expenses,Other Income,Interest income,70500 - Interest Income,,
364,70500 Interest Income,70500,,,,10,Other (Income) /  Expenses,Other Income,Interest income,70500 - Interest Income,,
364,70500 Interest Income,70500,,,,5,Other (Income) /  Expenses,Other Income,Interest income,70500 - Interest Income,,
560,83000 Gain/Loss on Sale,83000,,,,12,Other (Income) /  Expenses,Other Income,Gain/loss on sale,83000 - Gain/Loss on Sale,,
560,83000 Gain/Loss on Sale,83000,,,,5,Other (Income) /  Expenses,Other Income,Gain/loss on sale,83000 - Gain/Loss on Sale,,
366,71500 Other Income,71500,,,,10,Other (Income) /  Expenses,Other Income,Other income,71500 - Other Income,,
560,83000 Gain/Loss on Sale,83000,,,,7,Other (Income) /  Expenses,Other Income,Gain/loss on sale,83000 - Gain/Loss on Sale,,
560,83000 Gain/Loss on Sale,83000,,,,10,Other (Income) /  Expenses,Other Income,Gain/loss on sale,83000 - Gain/Loss on Sale,,
479,80000 Earnings from JV,80000,,,,10,Other (Income) /  Expenses,Other Income,Earnings from JV,80000 - Earnings from JV,,
533,82000 Remeasurement Gain,82000,,,,1,Other (Income) /  Expenses,Other Income,Remeasurement gain,82000 - Remeasurement Gain,,
366,71500 Other Income,71500,,,,12,Other (Income) /  Expenses,Other Income,Other income,71500 - Other Income,,
533,82000 Remeasurement Gain,82000,,,,9,Other (Income) /  Expenses,Other Income,Remeasurement gain,82000 - Remeasurement Gain,,
479,80000 Earnings from JV,80000,,,,6,Other (Income) /  Expenses,Other Income,Earnings from JV,80000 - Earnings from JV,,
560,83000 Gain/Loss on Sale,83000,,,,1,Other (Income) /  Expenses,Other Income,Gain/loss on sale,83000 - Gain/Loss on Sale,,
533,82000 Remeasurement Gain,82000,,,,10,Other (Income) /  Expenses,Other Income,Remeasurement gain,82000 - Remeasurement Gain,,
366,71500 Other Income,71500,,,,6,Other (Income) /  Expenses,Other Income,Other income,71500 - Other Income,,
524,81000 Minority Income/Expense,81000,,,,3,Other (Income) /  Expenses,Other Income,Minority income/expense,81000 - Minority Income/Expense,,
524,81000 Minority Income/Expense,81000,,,,9,Other (Income) /  Expenses,Other Income,Minority income/expense,81000 - Minority Income/Expense,,
479,80000 Earnings from JV,80000,,,,1,Other (Income) /  Expenses,Other Income,Earnings from JV,80000 - Earnings from JV,,
524,81000 Minority Income/Expense,81000,,,,10,Other (Income) /  Expenses,Other Income,Minority income/expense,81000 - Minority Income/Expense,,
366,71500 Other Income,71500,,,,1,Other (Income) /  Expenses,Other Income,Other income,71500 - Other Income,,
533,82000 Remeasurement Gain,82000,,,,6,Other (Income) /  Expenses,Other Income,Remeasurement gain,82000 - Remeasurement Gain,,
479,80000 Earnings from JV,80000,,,,7,Other (Income) /  Expenses,Other Income,Earnings from JV,80000 - Earnings from JV,,
560,83000 Gain/Loss on Sale,83000,,,,6,Other (Income) /  Expenses,Other Income,Gain/loss on sale,83000 - Gain/Loss on Sale,,
533,82000 Remeasurement Gain,82000,,,,12,Other (Income) /  Expenses,Other Income,Remeasurement gain,82000 - Remeasurement Gain,,
479,80000 Earnings from JV,80000,,,,3,Other (Income) /  Expenses,Other Income,Earnings from JV,80000 - Earnings from JV,,
524,81000 Minority Income/Expense,81000,,,,6,Other (Income) /  Expenses,Other Income,Minority income/expense,81000 - Minority Income/Expense,,
524,81000 Minority Income/Expense,81000,,,,1,Other (Income) /  Expenses,Other Income,Minority income/expense,81000 - Minority Income/Expense,,
533,82000 Remeasurement Gain,82000,,,,3,Other (Income) /  Expenses,Other Income,Remeasurement gain,82000 - Remeasurement Gain,,
479,80000 Earnings from JV,80000,,,,5,Other (Income) /  Expenses,Other Income,Earnings from JV,80000 - Earnings from JV,,
479,80000 Earnings from JV,80000,,,,12,Other (Income) /  Expenses,Other Income,Earnings from JV,80000 - Earnings from JV,,
479,80000 Earnings from JV,80000,,,,9,Other (Income) /  Expenses,Other Income,Earnings from JV,80000 - Earnings from JV,,
366,71500 Other Income,71500,,,,5,Other (Income) /  Expenses,Other Income,Other income,71500 - Other Income,,
366,71500 Other Income,71500,,,,7,Other (Income) /  Expenses,Other Income,Other income,71500 - Other Income,,
533,82000 Remeasurement Gain,82000,,,,5,Other (Income) /  Expenses,Other Income,Remeasurement gain,82000 - Remeasurement Gain,,
560,83000 Gain/Loss on Sale,83000,,,,9,Other (Income) /  Expenses,Other Income,Gain/loss on sale,83000 - Gain/Loss on Sale,,
524,81000 Minority Income/Expense,81000,,,,7,Other (Income) /  Expenses,Other Income,Minority income/expense,81000 - Minority Income/Expense,,
524,81000 Minority Income/Expense,81000,,,,12,Other (Income) /  Expenses,Other Income,Minority income/expense,81000 - Minority Income/Expense,,
533,82000 Remeasurement Gain,82000,,,,7,Other (Income) /  Expenses,Other Income,Remeasurement gain,82000 - Remeasurement Gain,,
524,81000 Minority Income/Expense,81000,,,,5,Other (Income) /  Expenses,Other Income,Minority income/expense,81000 - Minority Income/Expense,,
366,71500 Other Income,71500,,,,3,Other (Income) /  Expenses,Other Income,Other income,71500 - Other Income,,
560,83000 Gain/Loss on Sale,83000,,,,3,Other (Income) /  Expenses,Other Income,Gain/loss on sale,83000 - Gain/Loss on Sale,,
294,43000 Commissionable Revenue,43000,,,,6,Revenue,Commissionable revenue,43000 - Commissionable Revenue,,,
294,43000 Commissionable Revenue,43000,,,,3,Revenue,Commissionable revenue,43000 - Commissionable Revenue,,,
294,43000 Commissionable Revenue,43000,,,,7,Revenue,Commissionable revenue,43000 - Commissionable Revenue,,,
294,43000 Commissionable Revenue,43000,,,,1,Revenue,Commissionable revenue,43000 - Commissionable Revenue,,,
294,43000 Commissionable Revenue,43000,,,,5,Revenue,Commissionable revenue,43000 - Commissionable Revenue,,,
294,43000 Commissionable Revenue,43000,,,,12,Revenue,Commissionable revenue,43000 - Commissionable Revenue,,,
294,43000 Commissionable Revenue,43000,,,,10,Revenue,Commissionable revenue,43000 - Commissionable Revenue,,,
427,12001 Contra A/R (1314) OLD,12001,,,,10,Revenue,Contra A/R,12001 - Contra A/R (1314) OLD,,,
427,12001 Contra A/R (1314) OLD,12001,,,,9,Revenue,Contra A/R,12001 - Contra A/R (1314) OLD,,,
427,12001 Contra A/R (1314) OLD,12001,,,,6,Revenue,Contra A/R,12001 - Contra A/R (1314) OLD,,,
427,12001 Contra A/R (1314) OLD,12001,,,,5,Revenue,Contra A/R,12001 - Contra A/R (1314) OLD,,,
427,12001 Contra A/R (1314) OLD,12001,,,,3,Revenue,Contra A/R,12001 - Contra A/R (1314) OLD,,,
427,12001 Contra A/R (1314) OLD,12001,,,,12,Revenue,Contra A/R,12001 - Contra A/R (1314) OLD,,,
427,12001 Contra A/R (1314) OLD,12001,,,,1,Revenue,Contra A/R,12001 - Contra A/R (1314) OLD,,,
427,12001 Contra A/R (1314) OLD,12001,,,,7,Revenue,Contra A/R,12001 - Contra A/R (1314) OLD,,,
295,43001 Contra Commissionable Revenue,43001,,,,7,Revenue,Contra commissionable revenue,43001 - Contra Commissionable Revenue,,,
295,43001 Contra Commissionable Revenue,43001,,,,6,Revenue,Contra commissionable revenue,43001 - Contra Commissionable Revenue,,,
295,43001 Contra Commissionable Revenue,43001,,,,5,Revenue,Contra commissionable revenue,43001 - Contra Commissionable Revenue,,,
295,43001 Contra Commissionable Revenue,43001,,,,3,Revenue,Contra commissionable revenue,43001 - Contra Commissionable Revenue,,,
295,43001 Contra Commissionable Revenue,43001,,,,10,Revenue,Contra commissionable revenue,43001 - Contra Commissionable Revenue,,,
295,43001 Contra Commissionable Revenue,43001,,,,12,Revenue,Contra commissionable revenue,43001 - Contra Commissionable Revenue,,,
295,43001 Contra Commissionable Revenue,43001,,,,1,Revenue,Contra commissionable revenue,43001 - Contra Commissionable Revenue,,,
295,43001 Contra Commissionable Revenue,43001,,,,9,Revenue,Contra commissionable revenue,43001 - Contra Commissionable Revenue,,,
296,44000 Network Unwired Admin Fee,44000,,,,9,Revenue,Network unwired admin fee,44000 - Network Unwired Admin Fee,,,
296,44000 Network Unwired Admin Fee,44000,,,,7,Revenue,Network unwired admin fee,44000 - Network Unwired Admin Fee,,,
296,44000 Network Unwired Admin Fee,44000,,,,12,Revenue,Network unwired admin fee,44000 - Network Unwired Admin Fee,,,
296,44000 Network Unwired Admin Fee,44000,,,,5,Revenue,Network unwired admin fee,44000 - Network Unwired Admin Fee,,,
296,44000 Network Unwired Admin Fee,44000,,,,3,Revenue,Network unwired admin fee,44000 - Network Unwired Admin Fee,,,
296,44000 Network Unwired Admin Fee,44000,,,,1,Revenue,Network unwired admin fee,44000 - Network Unwired Admin Fee,,,
296,44000 Network Unwired Admin Fee,44000,,,,6,Revenue,Network unwired admin fee,44000 - Network Unwired Admin Fee,,,
296,44000 Network Unwired Admin Fee,44000,,,,10,Revenue,Network unwired admin fee,44000 - Network Unwired Admin Fee,,,
462,49000 Other Operating Income,49000,,,,12,Revenue,Other operating income,49000 - Other Operating Income,,,
462,49000 Other Operating Income,49000,,,,3,Revenue,Other operating income,49000 - Other Operating Income,,,
462,49000 Other Operating Income,49000,,,,1,Revenue,Other operating income,49000 - Other Operating Income,,,
462,49000 Other Operating Income,49000,,,,10,Revenue,Other operating income,49000 - Other Operating Income,,,
462,49000 Other Operating Income,49000,,,,7,Revenue,Other operating income,49000 - Other Operating Income,,,
462,49000 Other Operating Income,49000,,,,6,Revenue,Other operating income,49000 - Other Operating Income,,,
460,45000 Rent Income,45000,,,,1,Revenue,Rent income,45000 - Rent Income,,,
460,45000 Rent Income,45000,,,,5,Revenue,Rent income,45000 - Rent Income,,,
460,45000 Rent Income,45000,,,,9,Revenue,Rent income,45000 - Rent Income,,,
460,45000 Rent Income,45000,,,,6,Revenue,Rent income,45000 - Rent Income,,,
460,45000 Rent Income,45000,,,,10,Revenue,Rent income,45000 - Rent Income,,,
460,45000 Rent Income,45000,,,,12,Revenue,Rent income,45000 - Rent Income,,,
508,42200 Sales Services,42200,,,,7,Revenue,Sales services,42200 - Sales Services,,,
508,42200 Sales Services,42200,,,,6,Revenue,Sales services,42200 - Sales Services,,,
508,42200 Sales Services,42200,,,,10,Revenue,Sales services,42200 - Sales Services,,,
508,42200 Sales Services,42200,,,,1,Revenue,Sales services,42200 - Sales Services,,,
508,42200 Sales Services,42200,,,,5,Revenue,Sales services,42200 - Sales Services,,,
508,42200 Sales Services,42200,,,,3,Revenue,Sales services,42200 - Sales Services,,,
508,42200 Sales Services,42200,,,,9,Revenue,Sales services,42200 - Sales Services,,,
508,42200 Sales Services,42200,,,,12,Revenue,Sales services,42200 - Sales Services,,,
291,40000 Sponsorship,40000,,,,12,Revenue,Sponsorship,40000 - Sponsorship,,,
291,40000 Sponsorship,40000,,,,6,Revenue,Sponsorship,40000 - Sponsorship,,,
291,40000 Sponsorship,40000,,,,3,Revenue,Sponsorship,40000 - Sponsorship,,,
291,40000 Sponsorship,40000,,,,9,Revenue,Sponsorship,40000 - Sponsorship,,,
291,40000 Sponsorship,40000,,,,7,Revenue,Sponsorship,40000 - Sponsorship,,,
291,40000 Sponsorship,40000,,,,1,Revenue,Sponsorship,40000 - Sponsorship,,,
291,40000 Sponsorship,40000,,,,5,Revenue,Sponsorship,40000 - Sponsorship,,,
470,40100 Subscription,40100,,,,5,Revenue,Subscription,40100 - Subscription,,,
470,40100 Subscription,40100,,,,7,Revenue,Subscription,40100 - Subscription,,,
470,40100 Subscription,40100,,,,3,Revenue,Subscription,40100 - Subscription,,,
470,40100 Subscription,40100,,,,6,Revenue,Subscription,40100 - Subscription,,,
470,40100 Subscription,40100,,,,12,Revenue,Subscription,40100 - Subscription,,,
470,40100 Subscription,40100,,,,10,Revenue,Subscription,40100 - Subscription,,,
470,40100 Subscription,40100,,,,1,Revenue,Subscription,40100 - Subscription,,,
292,41000 Trade,41000,,,,6,Revenue,Trade,41000 - Trade,,,
292,41000 Trade,41000,,,,3,Revenue,Trade,41000 - Trade,,,
292,41000 Trade,41000,,,,12,Revenue,Trade,41000 - Trade,,,
292,41000 Trade,41000,,,,1,Revenue,Trade,41000 - Trade,,,
292,41000 Trade,41000,,,,9,Revenue,Trade,41000 - Trade,,,
292,41000 Trade,41000,,,,7,Revenue,Trade,41000 - Trade,,,
292,41000 Trade,41000,,,,5,Revenue,Trade,41000 - Trade,,,
493,42100 Valuation Services,42100,,,,12,Revenue,Valuation services,42100 - Valuation Services,,,
493,42100 Valuation Services,42100,,,,1,Revenue,Valuation services,42100 - Valuation Services,,,
493,42100 Valuation Services,42100,,,,7,Revenue,Valuation services,42100 - Valuation Services,,,
493,42100 Valuation Services,42100,,,,5,Revenue,Valuation services,42100 - Valuation Services,,,
493,42100 Valuation Services,42100,,,,10,Revenue,Valuation services,42100 - Valuation Services,,,
493,42100 Valuation Services,42100,,,,6,Revenue,Valuation services,42100 - Valuation Services,,,
493,42100 Valuation Services,42100,,,,3,Revenue,Valuation services,42100 - Valuation Services,,,
452,89999 Opening Balances,89999,,,,1,89999 - Opening Balances,,,,,
431,60001 Payroll Allocation,60001,,,,2,60001 - Payroll Allocation,,,,,
120,99981 {#Vendor Return Authorizations#},99981,,,,12,99981 - {#Vendor Return Authorizations#},,,,,
368,72500 Gain/Loss on Disposal,72500,,,,1,72500 - Gain/Loss on Disposal,,,,,
368,72500 Gain/Loss on Disposal,72500,,,,12,72500 - Gain/Loss on Disposal,,,,,
287,31000 Preferred Stock,31000,,,,10,31000 - Preferred Stock,,,,,
553,GST/HST on Purchases,,,,,10, - on Purchases,,,,,
368,72500 Gain/Loss on Disposal,72500,,,,6,72500 - Gain/Loss on Disposal,,,,,
115,99990 Purchase Orders,99990,,,,1,99990 - Purchase Orders,,,,,
115,99990 Purchase Orders,99990,,,,3,99990 - Purchase Orders,,,,,
497,24220 Accrued DCA,24220,,,,9,24220 - Accrued DCA,,,,,
583,VAT on Sales,,,,,1, - on Sales,,,,,
114,99994 Estimates,99994,,,,12,99994 - Estimates,,,,,
423,99984 Transfer Orders,99984,,,,6,99984 - Transfer Orders,,,,,
372,74100 Deferred Income Tax Expense,74100,,,,7,74100 - Deferred Income Tax Expense,,,,,
452,89999 Opening Balances,89999,,,,6,89999 - Opening Balances,,,,,
586,10700 Metro Evolution Sports Rights Ltd,10700,,,,2,10700 - Metro Evolution Sports Rights Ltd,,,,,
553,GST/HST on Purchases,,,,,7, - on Purchases,,,,,
288,32000 Capital stock,32000,,,,6,32000 - Capital stock,,,,,
555,GST/HST Payable,,,,,2,Liabilities,Other Liabilities,Other Current Liabilities,GST/HST Payable, - Payable,
424,99992 Inventory In Transit,99992,,,,1,99992 - Inventory In Transit,,,,,
116,99985 Sales Orders,99985,,,,3,99985 - Sales Orders,,,,,
365,71000 Other Expense,71000,,,,7,71000 - Other Expense,,,,,
288,32000 Capital stock,32000,,,,10,32000 - Capital stock,,,,,
565,12003 Contingent Funds,12003,,,,1,12003 - Contingent Funds,,,,,
423,99984 Transfer Orders,99984,,,,3,99984 - Transfer Orders,,,,,
591,24103 Accrued HI Paid Family Leave,24103,,,,12,24103 - Accrued HI Paid Family Leave,,,,,
591,24103 Accrued HI Paid Family Leave,24103,,,,1,24103 - Accrued HI Paid Family Leave,,,,,
423,99984 Transfer Orders,99984,,,,5,99984 - Transfer Orders,,,,,
210,21000 Sales Taxes Payable PA,21000,,,,2,21000 - Sales Taxes Payable PA,,,,,
113,99987 Return Authorizations,99987,,,,9,99987 - Return Authorizations,,,,,
500,24240 Accrued PKG,24240,,,,5,24240 - Accrued PKG,,,,,
113,99987 Return Authorizations,99987,,,,2,99987 - Return Authorizations,,,,,
365,71000 Other Expense,71000,,,,9,71000 - Other Expense,,,,,
424,99992 Inventory In Transit,99992,,,,2,99992 - Inventory In Transit,,,,,
554,GST/HST Liability,,,,,1, - Liability,,,,,
554,GST/HST Liability,,,,,10, - Liability,,,,,
585,VAT Liability,,,,,6, - Liability,,,,,
584,VAT on Purchases,,,,,6, - on Purchases,,,,,
280,26100 Revolving Credit Facility,26100,,,,10,26100 - Revolving Credit Facility,,,,,
495,24210 Accrued FSA,24210,,,,1,24210 - Accrued FSA,,,,,
288,32000 Capital stock,32000,,,,7,32000 - Capital stock,,,,,
113,99987 Return Authorizations,99987,,,,3,99987 - Return Authorizations,,,,,
419,99995 Deferred Expense,99995,,,,9,99995 - Deferred Expense,,,,,
500,24240 Accrued PKG,24240,,,,1,24240 - Accrued PKG,,,,,
557,PST Expenses BC,,,,,10, - Expenses BC,,,,,
591,24103 Accrued HI Paid Family Leave,24103,,,,7,24103 - Accrued HI Paid Family Leave,,,,,
288,32000 Capital stock,32000,,,,12,32000 - Capital stock,,,,,
287,31000 Preferred Stock,31000,,,,5,31000 - Preferred Stock,,,,,
497,24220 Accrued DCA,24220,,,,1,24220 - Accrued DCA,,,,,
469,99977 Unrealized Matching Gain/Loss,99977,,,,5,99977 - Unrealized Matching Gain/Loss,,,,,
372,74100 Deferred Income Tax Expense,74100,,,,3,74100 - Deferred Income Tax Expense,,,,,
418,9999 Budgeted Game Count,9999,,,,2,9999 - Budgeted Game Count,,,,,
422,99996 Cost of Goods Sold,99996,,,,10,99996 - Cost of Goods Sold,,,,,
585,VAT Liability,,,,,10, - Liability,,,,,
421,99993 Inventory Asset,99993,,,,5,99993 - Inventory Asset,,,,,
227,"12810 Intercompany - Starleague, LLC",12810,,,,7,"12810 - Intercompany - Starleague, LLC",,,,,
372,74100 Deferred Income Tax Expense,74100,,,,6,74100 - Deferred Income Tax Expense,,,,,
115,99990 Purchase Orders,99990,,,,6,99990 - Purchase Orders,,,,,
302,52200 Hospitality,52200,,,,1,52200 - Hospitality,,,,,
113,99987 Return Authorizations,99987,,,,7,99987 - Return Authorizations,,,,,
123,99988 Refunds Payable,99988,,,,1,99988 - Refunds Payable,,,,,
123,99988 Refunds Payable,99988,,,,10,99988 - Refunds Payable,,,,,
423,99984 Transfer Orders,99984,,,,10,99984 - Transfer Orders,,,,,
116,99985 Sales Orders,99985,,,,9,99985 - Sales Orders,,,,,
469,99977 Unrealized Matching Gain/Loss,99977,,,,9,99977 - Unrealized Matching Gain/Loss,,,,,
556,PST Payable BC,,,,,3,Liabilities,Other Liabilities,Other Current Liabilities,PST Payable BC, - Payable BC,
452,89999 Opening Balances,89999,,,,5,89999 - Opening Balances,,,,,
114,99994 Estimates,99994,,,,3,99994 - Estimates,,,,,
428,99979 Sales Taxes Payable DE,99979,,,,6,99979 - Sales Taxes Payable DE,,,,,
118,99997 Advances Paid,99997,,,,2,99997 - Advances Paid,,,,,
372,74100 Deferred Income Tax Expense,74100,,,,1,74100 - Deferred Income Tax Expense,,,,,
431,60001 Payroll Allocation,60001,,,,9,60001 - Payroll Allocation,,,,,
469,99977 Unrealized Matching Gain/Loss,99977,,,,6,99977 - Unrealized Matching Gain/Loss,,,,,
421,99993 Inventory Asset,99993,,,,9,99993 - Inventory Asset,,,,,
365,71000 Other Expense,71000,,,,1,71000 - Other Expense,,,,,
420,99998 Accumulated Depreciation,99998,,,,1,99998 - Accumulated Depreciation,,,,,
225,12800 Intercompany - Playfly Sports Properties,12800,,,,1,12800 - Intercompany - Playfly Sports Properties,,,,,
124,99991 Opportunities,99991,,,,6,99991 - Opportunities,,,,,
118,99997 Advances Paid,99997,,,,12,99997 - Advances Paid,,,,,
495,24210 Accrued FSA,24210,,,,2,24210 - Accrued FSA,,,,,
112,99999 Accrued Purchases,99999,,,,1,99999 - Accrued Purchases,,,,,
116,99985 Sales Orders,99985,,,,1,99985 - Sales Orders,,,,,
424,99992 Inventory In Transit,99992,,,,6,99992 - Inventory In Transit,,,,,
280,26100 Revolving Credit Facility,26100,,,,7,26100 - Revolving Credit Facility,,,,,
116,99985 Sales Orders,99985,,,,5,99985 - Sales Orders,,,,,
301,52100 Production,52100,,,,12,52100 - Production,,,,,
210,21000 Sales Taxes Payable PA,21000,,,,9,21000 - Sales Taxes Payable PA,,,,,
584,VAT on Purchases,,,,,7, - on Purchases,,,,,
112,99999 Accrued Purchases,99999,,,,9,99999 - Accrued Purchases,,,,,
120,99981 {#Vendor Return Authorizations#},99981,,,,6,99981 - {#Vendor Return Authorizations#},,,,,
557,PST Expenses BC,,,,,2, - Expenses BC,,,,,
419,99995 Deferred Expense,99995,,,,5,99995 - Deferred Expense,,,,,
420,99998 Accumulated Depreciation,99998,,,,6,99998 - Accumulated Depreciation,,,,,
495,24210 Accrued FSA,24210,,,,5,24210 - Accrued FSA,,,,,
585,VAT Liability,,,,,9, - Liability,,,,,
555,GST/HST Payable,,,,,5,Liabilities,Other Liabilities,Other Current Liabilities,GST/HST Payable, - Payable,
591,24103 Accrued HI Paid Family Leave,24103,,,,9,24103 - Accrued HI Paid Family Leave,,,,,
556,PST Payable BC,,,,,7,Liabilities,Other Liabilities,Other Current Liabilities,PST Payable BC, - Payable BC,
420,99998 Accumulated Depreciation,99998,,,,9,99998 - Accumulated Depreciation,,,,,
372,74100 Deferred Income Tax Expense,74100,,,,5,74100 - Deferred Income Tax Expense,,,,,
121,99989 Purchases Returned Not Credited,99989,,,,1,99989 - Purchases Returned Not Credited,,,,,
422,99996 Cost of Goods Sold,99996,,,,7,99996 - Cost of Goods Sold,,,,,
116,99985 Sales Orders,99985,,,,6,99985 - Sales Orders,,,,,
584,VAT on Purchases,,,,,10, - on Purchases,,,,,
121,99989 Purchases Returned Not Credited,99989,,,,2,99989 - Purchases Returned Not Credited,,,,,
115,99990 Purchase Orders,99990,,,,7,99990 - Purchase Orders,,,,,
302,52200 Hospitality,52200,,,,2,52200 - Hospitality,,,,,
280,26100 Revolving Credit Facility,26100,,,,3,26100 - Revolving Credit Facility,,,,,
288,32000 Capital stock,32000,,,,5,32000 - Capital stock,,,,,
118,99997 Advances Paid,99997,,,,5,99997 - Advances Paid,,,,,
497,24220 Accrued DCA,24220,,,,12,24220 - Accrued DCA,,,,,
431,60001 Payroll Allocation,60001,,,,3,60001 - Payroll Allocation,,,,,
287,31000 Preferred Stock,31000,,,,6,31000 - Preferred Stock,,,,,
117,99982 Unapproved Expense Reports,99982,,,,2,99982 - Unapproved Expense Reports,,,,,
424,99992 Inventory In Transit,99992,,,,3,99992 - Inventory In Transit,,,,,
421,99993 Inventory Asset,99993,,,,1,99993 - Inventory Asset,,,,,
302,52200 Hospitality,52200,,,,3,52200 - Hospitality,,,,,
372,74100 Deferred Income Tax Expense,74100,,,,2,74100 - Deferred Income Tax Expense,,,,,
584,VAT on Purchases,,,,,5, - on Purchases,,,,,
495,24210 Accrued FSA,24210,,,,3,24210 - Accrued FSA,,,,,
423,99984 Transfer Orders,99984,,,,7,99984 - Transfer Orders,,,,,
423,99984 Transfer Orders,99984,,,,2,99984 - Transfer Orders,,,,,
124,99991 Opportunities,99991,,,,12,99991 - Opportunities,,,,,
584,VAT on Purchases,,,,,2, - on Purchases,,,,,
573,22009 Deferred Revenue - Media,22009,,,,3,22009 - Deferred Revenue - Media,,,,,
419,99995 Deferred Expense,99995,,,,2,99995 - Deferred Expense,,,,,
556,PST Payable BC,,,,,12,Liabilities,Other Liabilities,Other Current Liabilities,PST Payable BC, - Payable BC,
118,99997 Advances Paid,99997,,,,7,99997 - Advances Paid,,,,,
583,VAT on Sales,,,,,12, - on Sales,,,,,
120,99981 {#Vendor Return Authorizations#},99981,,,,9,99981 - {#Vendor Return Authorizations#},,,,,
124,99991 Opportunities,99991,,,,9,99991 - Opportunities,,,,,
452,89999 Opening Balances,89999,,,,10,89999 - Opening Balances,,,,,
301,52100 Production,52100,,,,9,52100 - Production,,,,,
280,26100 Revolving Credit Facility,26100,,,,2,26100 - Revolving Credit Facility,,,,,
112,99999 Accrued Purchases,99999,,,,7,99999 - Accrued Purchases,,,,,
121,99989 Purchases Returned Not Credited,99989,,,,7,99989 - Purchases Returned Not Credited,,,,,
428,99979 Sales Taxes Payable DE,99979,,,,1,99979 - Sales Taxes Payable DE,,,,,
424,99992 Inventory In Transit,99992,,,,12,99992 - Inventory In Transit,,,,,
495,24210 Accrued FSA,24210,,,,10,24210 - Accrued FSA,,,,,
227,"12810 Intercompany - Starleague, LLC",12810,,,,1,"12810 - Intercompany - Starleague, LLC",,,,,
112,99999 Accrued Purchases,99999,,,,3,99999 - Accrued Purchases,,,,,
301,52100 Production,52100,,,,7,52100 - Production,,,,,
591,24103 Accrued HI Paid Family Leave,24103,,,,10,24103 - Accrued HI Paid Family Leave,,,,,
115,99990 Purchase Orders,99990,,,,2,99990 - Purchase Orders,,,,,
469,99977 Unrealized Matching Gain/Loss,99977,,,,12,99977 - Unrealized Matching Gain/Loss,,,,,
112,99999 Accrued Purchases,99999,,,,6,99999 - Accrued Purchases,,,,,
421,99993 Inventory Asset,99993,,,,6,99993 - Inventory Asset,,,,,
280,26100 Revolving Credit Facility,26100,,,,5,26100 - Revolving Credit Facility,,,,,
420,99998 Accumulated Depreciation,99998,,,,7,99998 - Accumulated Depreciation,,,,,
117,99982 Unapproved Expense Reports,99982,,,,10,99982 - Unapproved Expense Reports,,,,,
420,99998 Accumulated Depreciation,99998,,,,5,99998 - Accumulated Depreciation,,,,,
428,99979 Sales Taxes Payable DE,99979,,,,2,99979 - Sales Taxes Payable DE,,,,,
227,"12810 Intercompany - Starleague, LLC",12810,,,,5,"12810 - Intercompany - Starleague, LLC",,,,,
365,71000 Other Expense,71000,,,,10,71000 - Other Expense,,,,,
110,99983 Unapproved Customer Payments,99983,,,,5,99983 - Unapproved Customer Payments,,,,,
421,99993 Inventory Asset,99993,,,,3,99993 - Inventory Asset,,,,,
419,99995 Deferred Expense,99995,,,,1,99995 - Deferred Expense,,,,,
573,22009 Deferred Revenue - Media,22009,,,,6,22009 - Deferred Revenue - Media,,,,,
113,99987 Return Authorizations,99987,,,,1,99987 - Return Authorizations,,,,,
372,74100 Deferred Income Tax Expense,74100,,,,12,74100 - Deferred Income Tax Expense,,,,,
556,PST Payable BC,,,,,2,Liabilities,Other Liabilities,Other Current Liabilities,PST Payable BC, - Payable BC,
583,VAT on Sales,,,,,2, - on Sales,,,,,
288,32000 Capital stock,32000,,,,3,32000 - Capital stock,,,,,
452,89999 Opening Balances,89999,,,,3,89999 - Opening Balances,,,,,
469,99977 Unrealized Matching Gain/Loss,99977,,,,3,99977 - Unrealized Matching Gain/Loss,,,,,
210,21000 Sales Taxes Payable PA,21000,,,,12,21000 - Sales Taxes Payable PA,,,,,
565,12003 Contingent Funds,12003,,,,10,12003 - Contingent Funds,,,,,
500,24240 Accrued PKG,24240,,,,9,24240 - Accrued PKG,,,,,
583,VAT on Sales,,,,,5, - on Sales,,,,,
565,12003 Contingent Funds,12003,,,,3,12003 - Contingent Funds,,,,,
495,24210 Accrued FSA,24210,,,,6,24210 - Accrued FSA,,,,,
452,89999 Opening Balances,89999,,,,9,89999 - Opening Balances,,,,,
120,99981 {#Vendor Return Authorizations#},99981,,,,2,99981 - {#Vendor Return Authorizations#},,,,,
497,24220 Accrued DCA,24220,,,,7,24220 - Accrued DCA,,,,,
372,74100 Deferred Income Tax Expense,74100,,,,9,74100 - Deferred Income Tax Expense,,,,,
555,GST/HST Payable,,,,,7,Liabilities,Other Liabilities,Other Current Liabilities,GST/HST Payable, - Payable,
117,99982 Unapproved Expense Reports,99982,,,,7,99982 - Unapproved Expense Reports,,,,,
368,72500 Gain/Loss on Disposal,72500,,,,10,72500 - Gain/Loss on Disposal,,,,,
121,99989 Purchases Returned Not Credited,99989,,,,5,99989 - Purchases Returned Not Credited,,,,,
422,99996 Cost of Goods Sold,99996,,,,6,99996 - Cost of Goods Sold,,,,,
368,72500 Gain/Loss on Disposal,72500,,,,2,72500 - Gain/Loss on Disposal,,,,,
557,PST Expenses BC,,,,,5, - Expenses BC,,,,,
288,32000 Capital stock,32000,,,,1,32000 - Capital stock,,,,,
123,99988 Refunds Payable,99988,,,,2,99988 - Refunds Payable,,,,,
565,12003 Contingent Funds,12003,,,,12,12003 - Contingent Funds,,,,,
124,99991 Opportunities,99991,,,,1,99991 - Opportunities,,,,,
117,99982 Unapproved Expense Reports,99982,,,,12,99982 - Unapproved Expense Reports,,,,,
124,99991 Opportunities,99991,,,,3,99991 - Opportunities,,,,,
419,99995 Deferred Expense,99995,,,,3,99995 - Deferred Expense,,,,,
114,99994 Estimates,99994,,,,10,99994 - Estimates,,,,,
565,12003 Contingent Funds,12003,,,,7,12003 - Contingent Funds,,,,,
113,99987 Return Authorizations,99987,,,,10,99987 - Return Authorizations,,,,,
421,99993 Inventory Asset,99993,,,,2,99993 - Inventory Asset,,,,,
422,99996 Cost of Goods Sold,99996,,,,1,99996 - Cost of Goods Sold,,,,,
421,99993 Inventory Asset,99993,,,,7,99993 - Inventory Asset,,,,,
424,99992 Inventory In Transit,99992,,,,9,99992 - Inventory In Transit,,,,,
421,99993 Inventory Asset,99993,,,,10,99993 - Inventory Asset,,,,,
424,99992 Inventory In Transit,99992,,,,5,99992 - Inventory In Transit,,,,,
557,PST Expenses BC,,,,,3, - Expenses BC,,,,,
110,99983 Unapproved Customer Payments,99983,,,,12,99983 - Unapproved Customer Payments,,,,,
422,99996 Cost of Goods Sold,99996,,,,9,99996 - Cost of Goods Sold,,,,,
123,99988 Refunds Payable,99988,,,,7,99988 - Refunds Payable,,,,,
110,99983 Unapproved Customer Payments,99983,,,,9,99983 - Unapproved Customer Payments,,,,,
497,24220 Accrued DCA,24220,,,,3,24220 - Accrued DCA,,,,,
302,52200 Hospitality,52200,,,,12,52200 - Hospitality,,,,,
118,99997 Advances Paid,99997,,,,9,99997 - Advances Paid,,,,,
422,99996 Cost of Goods Sold,99996,,,,12,99996 - Cost of Goods Sold,,,,,
428,99979 Sales Taxes Payable DE,99979,,,,7,99979 - Sales Taxes Payable DE,,,,,
113,99987 Return Authorizations,99987,,,,6,99987 - Return Authorizations,,,,,
428,99979 Sales Taxes Payable DE,99979,,,,9,99979 - Sales Taxes Payable DE,,,,,
431,60001 Payroll Allocation,60001,,,,6,60001 - Payroll Allocation,,,,,
110,99983 Unapproved Customer Payments,99983,,,,10,99983 - Unapproved Customer Payments,,,,,
121,99989 Purchases Returned Not Credited,99989,,,,3,99989 - Purchases Returned Not Credited,,,,,
583,VAT on Sales,,,,,7, - on Sales,,,,,
114,99994 Estimates,99994,,,,1,99994 - Estimates,,,,,
420,99998 Accumulated Depreciation,99998,,,,2,99998 - Accumulated Depreciation,,,,,
110,99983 Unapproved Customer Payments,99983,,,,2,99983 - Unapproved Customer Payments,,,,,
419,99995 Deferred Expense,99995,,,,7,99995 - Deferred Expense,,,,,
227,"12810 Intercompany - Starleague, LLC",12810,,,,12,"12810 - Intercompany - Starleague, LLC",,,,,
114,99994 Estimates,99994,,,,6,99994 - Estimates,,,,,
302,52200 Hospitality,52200,,,,6,52200 - Hospitality,,,,,
554,GST/HST Liability,,,,,9, - Liability,,,,,
288,32000 Capital stock,32000,,,,2,32000 - Capital stock,,,,,
210,21000 Sales Taxes Payable PA,21000,,,,5,21000 - Sales Taxes Payable PA,,,,,
469,99977 Unrealized Matching Gain/Loss,99977,,,,1,99977 - Unrealized Matching Gain/Loss,,,,,
368,72500 Gain/Loss on Disposal,72500,,,,7,72500 - Gain/Loss on Disposal,,,,,
121,99989 Purchases Returned Not Credited,99989,,,,6,99989 - Purchases Returned Not Credited,,,,,
124,99991 Opportunities,99991,,,,10,99991 - Opportunities,,,,,
120,99981 {#Vendor Return Authorizations#},99981,,,,1,99981 - {#Vendor Return Authorizations#},,,,,
585,VAT Liability,,,,,1, - Liability,,,,,
227,"12810 Intercompany - Starleague, LLC",12810,,,,6,"12810 - Intercompany - Starleague, LLC",,,,,
210,21000 Sales Taxes Payable PA,21000,,,,6,21000 - Sales Taxes Payable PA,,,,,
418,9999 Budgeted Game Count,9999,,,,1,9999 - Budgeted Game Count,,,,,
422,99996 Cost of Goods Sold,99996,,,,3,99996 - Cost of Goods Sold,,,,,
423,99984 Transfer Orders,99984,,,,9,99984 - Transfer Orders,,,,,
225,12800 Intercompany - Playfly Sports Properties,12800,,,,9,12800 - Intercompany - Playfly Sports Properties,,,,,
114,99994 Estimates,99994,,,,9,99994 - Estimates,,,,,
423,99984 Transfer Orders,99984,,,,1,99984 - Transfer Orders,,,,,
584,VAT on Purchases,,,,,1, - on Purchases,,,,,
422,99996 Cost of Goods Sold,99996,,,,2,99996 - Cost of Goods Sold,,,,,
554,GST/HST Liability,,,,,3, - Liability,,,,,
301,52100 Production,52100,,,,2,52100 - Production,,,,,
123,99988 Refunds Payable,99988,,,,3,99988 - Refunds Payable,,,,,
110,99983 Unapproved Customer Payments,99983,,,,3,99983 - Unapproved Customer Payments,,,,,
452,89999 Opening Balances,89999,,,,12,89999 - Opening Balances,,,,,
227,"12810 Intercompany - Starleague, LLC",12810,,,,3,"12810 - Intercompany - Starleague, LLC",,,,,
497,24220 Accrued DCA,24220,,,,10,24220 - Accrued DCA,,,,,
419,99995 Deferred Expense,99995,,,,10,99995 - Deferred Expense,,,,,
565,12003 Contingent Funds,12003,,,,9,12003 - Contingent Funds,,,,,
112,99999 Accrued Purchases,99999,,,,12,99999 - Accrued Purchases,,,,,
118,99997 Advances Paid,99997,,,,10,99997 - Advances Paid,,,,,
557,PST Expenses BC,,,,,7, - Expenses BC,,,,,
557,PST Expenses BC,,,,,1, - Expenses BC,,,,,
302,52200 Hospitality,52200,,,,5,52200 - Hospitality,,,,,
287,31000 Preferred Stock,31000,,,,9,31000 - Preferred Stock,,,,,
365,71000 Other Expense,71000,,,,2,71000 - Other Expense,,,,,
553,GST/HST on Purchases,,,,,9, - on Purchases,,,,,
553,GST/HST on Purchases,,,,,1, - on Purchases,,,,,
557,PST Expenses BC,,,,,6, - Expenses BC,,,,,
301,52100 Production,52100,,,,1,52100 - Production,,,,,
302,52200 Hospitality,52200,,,,10,52200 - Hospitality,,,,,
555,GST/HST Payable,,,,,9,Liabilities,Other Liabilities,Other Current Liabilities,GST/HST Payable, - Payable,
585,VAT Liability,,,,,3, - Liability,,,,,
120,99981 {#Vendor Return Authorizations#},99981,,,,3,99981 - {#Vendor Return Authorizations#},,,,,
365,71000 Other Expense,71000,,,,3,71000 - Other Expense,,,,,
555,GST/HST Payable,,,,,1,Liabilities,Other Liabilities,Other Current Liabilities,GST/HST Payable, - Payable,
123,99988 Refunds Payable,99988,,,,9,99988 - Refunds Payable,,,,,
497,24220 Accrued DCA,24220,,,,6,24220 - Accrued DCA,,,,,
225,12800 Intercompany - Playfly Sports Properties,12800,,,,12,12800 - Intercompany - Playfly Sports Properties,,,,,
118,99997 Advances Paid,99997,,,,6,99997 - Advances Paid,,,,,
573,22009 Deferred Revenue - Media,22009,,,,5,22009 - Deferred Revenue - Media,,,,,
573,22009 Deferred Revenue - Media,22009,,,,10,22009 - Deferred Revenue - Media,,,,,
553,GST/HST on Purchases,,,,,12, - on Purchases,,,,,
110,99983 Unapproved Customer Payments,99983,,,,6,99983 - Unapproved Customer Payments,,,,,
225,12800 Intercompany - Playfly Sports Properties,12800,,,,7,12800 - Intercompany - Playfly Sports Properties,,,,,
585,VAT Liability,,,,,7, - Liability,,,,,
495,24210 Accrued FSA,24210,,,,9,24210 - Accrued FSA,,,,,
555,GST/HST Payable,,,,,12,Liabilities,Other Liabilities,Other Current Liabilities,GST/HST Payable, - Payable,
112,99999 Accrued Purchases,99999,,,,10,99999 - Accrued Purchases,,,,,
210,21000 Sales Taxes Payable PA,21000,,,,1,21000 - Sales Taxes Payable PA,,,,,
112,99999 Accrued Purchases,99999,,,,2,99999 - Accrued Purchases,,,,,
565,12003 Contingent Funds,12003,,,,2,12003 - Contingent Funds,,,,,
557,PST Expenses BC,,,,,9, - Expenses BC,,,,,
116,99985 Sales Orders,99985,,,,12,99985 - Sales Orders,,,,,
553,GST/HST on Purchases,,,,,3, - on Purchases,,,,,
584,VAT on Purchases,,,,,3, - on Purchases,,,,,
554,GST/HST Liability,,,,,2, - Liability,,,,,
301,52100 Production,52100,,,,10,52100 - Production,,,,,
555,GST/HST Payable,,,,,3,Liabilities,Other Liabilities,Other Current Liabilities,GST/HST Payable, - Payable,
495,24210 Accrued FSA,24210,,,,12,24210 - Accrued FSA,,,,,
115,99990 Purchase Orders,99990,,,,5,99990 - Purchase Orders,,,,,
420,99998 Accumulated Depreciation,99998,,,,10,99998 - Accumulated Depreciation,,,,,
495,24210 Accrued FSA,24210,,,,7,24210 - Accrued FSA,,,,,
210,21000 Sales Taxes Payable PA,21000,,,,7,21000 - Sales Taxes Payable PA,,,,,
423,99984 Transfer Orders,99984,,,,12,99984 - Transfer Orders,,,,,
368,72500 Gain/Loss on Disposal,72500,,,,3,72500 - Gain/Loss on Disposal,,,,,
431,60001 Payroll Allocation,60001,,,,7,60001 - Payroll Allocation,,,,,
110,99983 Unapproved Customer Payments,99983,,,,7,99983 - Unapproved Customer Payments,,,,,
583,VAT on Sales,,,,,9, - on Sales,,,,,
585,VAT Liability,,,,,5, - Liability,,,,,
118,99997 Advances Paid,99997,,,,1,99997 - Advances Paid,,,,,
365,71000 Other Expense,71000,,,,12,71000 - Other Expense,,,,,
302,52200 Hospitality,52200,,,,9,52200 - Hospitality,,,,,
121,99989 Purchases Returned Not Credited,99989,,,,9,99989 - Purchases Returned Not Credited,,,,,
287,31000 Preferred Stock,31000,,,,12,31000 - Preferred Stock,,,,,
287,31000 Preferred Stock,31000,,,,7,31000 - Preferred Stock,,,,,
424,99992 Inventory In Transit,99992,,,,7,99992 - Inventory In Transit,,,,,
225,12800 Intercompany - Playfly Sports Properties,12800,,,,6,12800 - Intercompany - Playfly Sports Properties,,,,,
302,52200 Hospitality,52200,,,,7,52200 - Hospitality,,,,,
500,24240 Accrued PKG,24240,,,,7,24240 - Accrued PKG,,,,,
225,12800 Intercompany - Playfly Sports Properties,12800,,,,10,12800 - Intercompany - Playfly Sports Properties,,,,,
421,99993 Inventory Asset,99993,,,,12,99993 - Inventory Asset,,,,,
419,99995 Deferred Expense,99995,,,,12,99995 - Deferred Expense,,,,,
553,GST/HST on Purchases,,,,,2, - on Purchases,,,,,
591,24103 Accrued HI Paid Family Leave,24103,,,,5,24103 - Accrued HI Paid Family Leave,,,,,
287,31000 Preferred Stock,31000,,,,2,31000 - Preferred Stock,,,,,
120,99981 {#Vendor Return Authorizations#},99981,,,,5,99981 - {#Vendor Return Authorizations#},,,,,
420,99998 Accumulated Depreciation,99998,,,,3,99998 - Accumulated Depreciation,,,,,
365,71000 Other Expense,71000,,,,5,71000 - Other Expense,,,,,
365,71000 Other Expense,71000,,,,6,71000 - Other Expense,,,,,
554,GST/HST Liability,,,,,12, - Liability,,,,,
368,72500 Gain/Loss on Disposal,72500,,,,9,72500 - Gain/Loss on Disposal,,,,,
422,99996 Cost of Goods Sold,99996,,,,5,99996 - Cost of Goods Sold,,,,,
500,24240 Accrued PKG,24240,,,,12,24240 - Accrued PKG,,,,,
301,52100 Production,52100,,,,6,52100 - Production,,,,,
115,99990 Purchase Orders,99990,,,,10,99990 - Purchase Orders,,,,,
573,22009 Deferred Revenue - Media,22009,,,,1,22009 - Deferred Revenue - Media,,,,,
591,24103 Accrued HI Paid Family Leave,24103,,,,6,24103 - Accrued HI Paid Family Leave,,,,,
225,12800 Intercompany - Playfly Sports Properties,12800,,,,3,12800 - Intercompany - Playfly Sports Properties,,,,,
500,24240 Accrued PKG,24240,,,,6,24240 - Accrued PKG,,,,,
428,99979 Sales Taxes Payable DE,99979,,,,3,99979 - Sales Taxes Payable DE,,,,,
431,60001 Payroll Allocation,60001,,,,5,60001 - Payroll Allocation,,,,,
372,74100 Deferred Income Tax Expense,74100,,,,10,74100 - Deferred Income Tax Expense,,,,,
117,99982 Unapproved Expense Reports,99982,,,,6,99982 - Unapproved Expense Reports,,,,,
554,GST/HST Liability,,,,,5, - Liability,,,,,
554,GST/HST Liability,,,,,6, - Liability,,,,,
115,99990 Purchase Orders,99990,,,,9,99990 - Purchase Orders,,,,,
117,99982 Unapproved Expense Reports,99982,,,,5,99982 - Unapproved Expense Reports,,,,,
583,VAT on Sales,,,,,3, - on Sales,,,,,
123,99988 Refunds Payable,99988,,,,12,99988 - Refunds Payable,,,,,
431,60001 Payroll Allocation,60001,,,,10,60001 - Payroll Allocation,,,,,
555,GST/HST Payable,,,,,6,Liabilities,Other Liabilities,Other Current Liabilities,GST/HST Payable, - Payable,
225,12800 Intercompany - Playfly Sports Properties,12800,,,,5,12800 - Intercompany - Playfly Sports Properties,,,,,
280,26100 Revolving Credit Facility,26100,,,,12,26100 - Revolving Credit Facility,,,,,
500,24240 Accrued PKG,24240,,,,10,24240 - Accrued PKG,,,,,
584,VAT on Purchases,,,,,9, - on Purchases,,,,,
114,99994 Estimates,99994,,,,7,99994 - Estimates,,,,,
114,99994 Estimates,99994,,,,2,99994 - Estimates,,,,,
287,31000 Preferred Stock,31000,,,,1,31000 - Preferred Stock,,,,,
497,24220 Accrued DCA,24220,,,,5,24220 - Accrued DCA,,,,,
419,99995 Deferred Expense,99995,,,,6,99995 - Deferred Expense,,,,,
556,PST Payable BC,,,,,6,Liabilities,Other Liabilities,Other Current Liabilities,PST Payable BC, - Payable BC,
583,VAT on Sales,,,,,6, - on Sales,,,,,
556,PST Payable BC,,,,,1,Liabilities,Other Liabilities,Other Current Liabilities,PST Payable BC, - Payable BC,
117,99982 Unapproved Expense Reports,99982,,,,1,99982 - Unapproved Expense Reports,,,,,
452,89999 Opening Balances,89999,,,,7,89999 - Opening Balances,,,,,
124,99991 Opportunities,99991,,,,7,99991 - Opportunities,,,,,
115,99990 Purchase Orders,99990,,,,12,99990 - Purchase Orders,,,,,
117,99982 Unapproved Expense Reports,99982,,,,3,99982 - Unapproved Expense Reports,,,,,
210,21000 Sales Taxes Payable PA,21000,,,,10,21000 - Sales Taxes Payable PA,,,,,
583,VAT on Sales,,,,,10, - on Sales,,,,,
280,26100 Revolving Credit Facility,26100,,,,1,26100 - Revolving Credit Facility,,,,,
500,24240 Accrued PKG,24240,,,,2,24240 - Accrued PKG,,,,,
301,52100 Production,52100,,,,5,52100 - Production,,,,,
280,26100 Revolving Credit Facility,26100,,,,9,26100 - Revolving Credit Facility,,,,,
591,24103 Accrued HI Paid Family Leave,24103,,,,3,24103 - Accrued HI Paid Family Leave,,,,,
120,99981 {#Vendor Return Authorizations#},99981,,,,7,99981 - {#Vendor Return Authorizations#},,,,,
557,PST Expenses BC,,,,,12, - Expenses BC,,,,,
424,99992 Inventory In Transit,99992,,,,10,99992 - Inventory In Transit,,,,,
114,99994 Estimates,99994,,,,5,99994 - Estimates,,,,,
301,52100 Production,52100,,,,3,52100 - Production,,,,,
288,32000 Capital stock,32000,,,,9,32000 - Capital stock,,,,,
565,12003 Contingent Funds,12003,,,,6,12003 - Contingent Funds,,,,,
565,12003 Contingent Funds,12003,,,,5,12003 - Contingent Funds,,,,,
573,22009 Deferred Revenue - Media,22009,,,,7,22009 - Deferred Revenue - Media,,,,,
121,99989 Purchases Returned Not Credited,99989,,,,12,99989 - Purchases Returned Not Credited,,,,,
116,99985 Sales Orders,99985,,,,10,99985 - Sales Orders,,,,,
121,99989 Purchases Returned Not Credited,99989,,,,10,99989 - Purchases Returned Not Credited,,,,,
368,72500 Gain/Loss on Disposal,72500,,,,5,72500 - Gain/Loss on Disposal,,,,,
287,31000 Preferred Stock,31000,,,,3,31000 - Preferred Stock,,,,,
420,99998 Accumulated Depreciation,99998,,,,12,99998 - Accumulated Depreciation,,,,,
431,60001 Payroll Allocation,60001,,,,1,60001 - Payroll Allocation,,,,,
116,99985 Sales Orders,99985,,,,7,99985 - Sales Orders,,,,,
113,99987 Return Authorizations,99987,,,,12,99987 - Return Authorizations,,,,,
556,PST Payable BC,,,,,5,Liabilities,Other Liabilities,Other Current Liabilities,PST Payable BC, - Payable BC,
556,PST Payable BC,,,,,9,Liabilities,Other Liabilities,Other Current Liabilities,PST Payable BC, - Payable BC,
428,99979 Sales Taxes Payable DE,99979,,,,10,99979 - Sales Taxes Payable DE,,,,,
120,99981 {#Vendor Return Authorizations#},99981,,,,10,99981 - {#Vendor Return Authorizations#},,,,,
112,99999 Accrued Purchases,99999,,,,5,99999 - Accrued Purchases,,,,,
280,26100 Revolving Credit Facility,26100,,,,6,26100 - Revolving Credit Facility,,,,,
428,99979 Sales Taxes Payable DE,99979,,,,5,99979 - Sales Taxes Payable DE,,,,,
553,GST/HST on Purchases,,,,,5, - on Purchases,,,,,
553,GST/HST on Purchases,,,,,6, - on Purchases,,,,,
227,"12810 Intercompany - Starleague, LLC",12810,,,,10,"12810 - Intercompany - Starleague, LLC",,,,,
124,99991 Opportunities,99991,,,,5,99991 - Opportunities,,,,,
110,99983 Unapproved Customer Payments,99983,,,,1,99983 - Unapproved Customer Payments,,,,,
428,99979 Sales Taxes Payable DE,99979,,,,12,99979 - Sales Taxes Payable DE,,,,,
210,21000 Sales Taxes Payable PA,21000,,,,3,21000 - Sales Taxes Payable PA,,,,,
573,22009 Deferred Revenue - Media,22009,,,,9,22009 - Deferred Revenue - Media,,,,,
113,99987 Return Authorizations,99987,,,,5,99987 - Return Authorizations,,,,,
584,VAT on Purchases,,,,,12, - on Purchases,,,,,
431,60001 Payroll Allocation,60001,,,,12,60001 - Payroll Allocation,,,,,
500,24240 Accrued PKG,24240,,,,3,24240 - Accrued PKG,,,,,
585,VAT Liability,,,,,2, - Liability,,,,,
469,99977 Unrealized Matching Gain/Loss,99977,,,,10,99977 - Unrealized Matching Gain/Loss,,,,,
585,VAT Liability,,,,,12, - Liability,,,,,
117,99982 Unapproved Expense Reports,99982,,,,9,99982 - Unapproved Expense Reports,,,,,
261,22000 Deferred Revenue,22000,,,,5,Liabilities,Other Liabilities,Deferred revenue,22000 - Deferred Revenue,,
261,22000 Deferred Revenue,22000,,,,2,Liabilities,Other Liabilities,Deferred revenue,22000 - Deferred Revenue,,
537,22001 Deferred Revenue - PPP,22001,,,,2,Liabilities,Other Liabilities,Deferred revenue,22001 - Deferred Revenue - PPP,,
538,22002 Deferred Revenue - Esports,22002,,,,2,Liabilities,Other Liabilities,Deferred revenue,22002 - Deferred Revenue - Esports,,
539,22003 Deferred Revenue - S&S,22003,,,,2,Liabilities,Other Liabilities,Deferred revenue,22003 - Deferred Revenue - S&S,,
540,22004 Deferred Revenue - WMT,22004,,,,9,Liabilities,Other Liabilities,Deferred revenue,22004 - Deferred Revenue - WMT,,
540,22004 Deferred Revenue - WMT,22004,,,,2,Liabilities,Other Liabilities,Deferred revenue,22004 - Deferred Revenue - WMT,,
545,22005 Deferred Revenue - Vision,22005,,,,9,Liabilities,Other Liabilities,Deferred revenue,22005 - Deferred Revenue - Vision,,
545,22005 Deferred Revenue - Vision,22005,,,,2,Liabilities,Other Liabilities,Deferred revenue,22005 - Deferred Revenue - Vision,,
546,22006 Deferred Revenue - PF Access,22006,,,,2,Liabilities,Other Liabilities,Deferred revenue,22006 - Deferred Revenue - PF Access,,
559,22007 Deferred Revenue - Aspire,22007,,,,2,Liabilities,Other Liabilities,Deferred revenue,22007 - Deferred Revenue - Aspire,,
571,22008 Deferred Revenue - PF Consulting,22008,,,,2,Liabilities,Other Liabilities,Deferred revenue,22008 - Deferred Revenue - PF Consulting,,
574,22010 Deferred Revenue - Aloompa,22010,,,,9,Liabilities,Other Liabilities,Deferred revenue,22010 - Deferred Revenue - Aloompa,,
531,25500 Other Current Liabilities,25500,,,,9,Liabilities,Other Liabilities,Other Current Liabilities,Other current liabilities,25500 - Other Current Liabilities,
258,20200 Trade/Barter,20200,,,,2,Liabilities,Other Liabilities,Other Current Liabilities,Trade/barter,20200 - Trade/Barter,
279,26001 Current Portion - Debt Issuance Costs,26001,,,,2,Liabilities,Other Liabilities,Other Current Liabilities,Current portion - debt issuance costs,26001 - Current Portion - Debt Issuance Costs,
278,26000 Current Portion - Long Term Debt,26000,,,,2,Liabilities,Other Liabilities,Other Current Liabilities,Current portion - long term debt,26000 - Current Portion - Long Term Debt,
536,26002 Accumulated Amortization-Debt Issuance Costs,26002,,,,2,Liabilities,Other Liabilities,Other Current Liabilities,Accumulated depreciation,26002 - Accumulated Amortization-Debt Issuance Costs,
266,23500 Deferred Rent,23500,,,,2,Liabilities,Other Liabilities,Other Current Liabilities,Deferred rent,23500 - Deferred Rent,
260,21100 Other Business Taxes Payable,21100,,,,2,Liabilities,Other Liabilities,Other Current Liabilities,Other business taxes payable,21100 - Other Business Taxes Payable,
488,20300 Credit Card Payable,20300,,,,2,Liabilities,Other Liabilities,Other Current Liabilities,Credit card payable,20300 - Credit Card Payable,
455,23020 3rd Party Clearing Account,23020,,,,9,Liabilities,Other Liabilities,Other Current Liabilities,3rd party clearing account,23020 - 3rd Party Clearing Account,
547,24001 Payroll Clearing,24001,,,,9,Liabilities,Other Liabilities,Other Current Liabilities,Payroll clearing,24001 - Payroll Clearing,
455,23020 3rd Party Clearing Account,23020,,,,2,Liabilities,Other Liabilities,Other Current Liabilities,3rd party clearing account,23020 - 3rd Party Clearing Account,
531,25500 Other Current Liabilities,25500,,,,2,Liabilities,Other Liabilities,Other Current Liabilities,Other current liabilities,25500 - Other Current Liabilities,
526,"26500 Contingent Consideration, current portion",26500,,,,9,Liabilities,Other Liabilities,Other Current Liabilities,"Contingent consideration, current portion","26500 - Contingent Consideration, current portion",
278,26000 Current Portion - Long Term Debt,26000,,,,3,Liabilities,Other Liabilities,Other Current Liabilities,Current portion - long term debt,26000 - Current Portion - Long Term Debt,
509,23030 Premier Partnerships Settlement,23030,,,,2,Liabilities,Other Liabilities,Other Current Liabilities,Premier partnerships settlement,23030 - Premier Partnerships Settlement,
525,20400 Corporate AMEX Clearing,20400,,,,2,Liabilities,Other Liabilities,Other Current Liabilities,Corporate AMEX clearing,20400 - Corporate AMEX Clearing,
279,26001 Current Portion - Debt Issuance Costs,26001,,,,3,Liabilities,Other Liabilities,Other Current Liabilities,Current portion - debt issuance costs,26001 - Current Portion - Debt Issuance Costs,
547,24001 Payroll Clearing,24001,,,,2,Liabilities,Other Liabilities,Other Current Liabilities,Payroll clearing,24001 - Payroll Clearing,
526,"26500 Contingent Consideration, current portion",26500,,,,2,Liabilities,Other Liabilities,Other Current Liabilities,"Contingent consideration, current portion","26500 - Contingent Consideration, current portion",
281,"26200 Lease Obligation, current portion",26200,,,,2,Liabilities,Other Liabilities,Other Current Liabilities,"Lease obligation, current portion","26200 - Lease Obligation, current portion",
435,23010 Due to Station,23010,,,,2,Liabilities,Other Liabilities,Other Current Liabilities,Due to station,23010 - Due to Station,
367,72000 Depreciation,72000,,,,3,Other (Income) /  Expenses,Other Expenses,Depreciation and Amortization,72000 - Depreciation,,
370,73100 Amortization Contract Acquisition Costs,73100,,,,10,Other (Income) /  Expenses,Other Expenses,Depreciation and Amortization,73100 - Amortization Contract Acquisition Costs,,
367,72000 Depreciation,72000,,,,9,Other (Income) /  Expenses,Other Expenses,Depreciation and Amortization,72000 - Depreciation,,
369,73000 Amortization,73000,,,,5,Other (Income) /  Expenses,Other Expenses,Depreciation and Amortization,73000 - Amortization,,
367,72000 Depreciation,72000,,,,2,Other (Income) /  Expenses,Other Expenses,Depreciation and Amortization,72000 - Depreciation,,
369,73000 Amortization,73000,,,,2,Other (Income) /  Expenses,Other Expenses,Depreciation and Amortization,73000 - Amortization,,
370,73100 Amortization Contract Acquisition Costs,73100,,,,2,Other (Income) /  Expenses,Other Expenses,Depreciation and Amortization,73100 - Amortization Contract Acquisition Costs,,
369,73000 Amortization,73000,,,,9,Other (Income) /  Expenses,Other Expenses,Depreciation and Amortization,73000 - Amortization,,
371,74000 Current Income Tax Expense,74000,,,,2,Other (Income) /  Expenses,Other Expenses,Current income tax expense,74000 - Current Income Tax Expense,,
363,70000 Interest Expense,70000,,,,3,Other (Income) /  Expenses,Other Expenses,Interest expense,70000 - Interest Expense,,
363,70000 Interest Expense,70000,,,,2,Other (Income) /  Expenses,Other Expenses,Interest expense,70000 - Interest Expense,,
581,76000 Loss on Impairment,76000,,,,2,Other (Income) /  Expenses,Other Expenses,Loss on impairment,76000 - Loss on Impairment,,
425,99986 Rounding Gain/Loss,99986,,,,2,Other (Income) /  Expenses,Other Expenses,Rounding gain/loss,99986 - Rounding Gain/Loss,,
425,99986 Rounding Gain/Loss,99986,,,,10,Other (Income) /  Expenses,Other Expenses,Rounding gain/loss,99986 - Rounding Gain/Loss,,
548,75100 Realized Gain/Loss,75100,,,,2,Other (Income) /  Expenses,Other Expenses,Realized gain/loss,75100 - Realized Gain/Loss,,
548,75100 Realized Gain/Loss,75100,,,,9,Other (Income) /  Expenses,Other Expenses,Realized gain/loss,75100 - Realized Gain/Loss,,
548,75100 Realized Gain/Loss,75100,,,,10,Other (Income) /  Expenses,Other Expenses,Realized gain/loss,75100 - Realized Gain/Loss,,
492,75000 Unrealized Gain/Loss,75000,,,,2,Other (Income) /  Expenses,Other Expenses,Unrealized gain/loss,75000 - Unrealized Gain/Loss,,
492,75000 Unrealized Gain/Loss,75000,,,,9,Other (Income) /  Expenses,Other Expenses,Unrealized gain/loss,75000 - Unrealized Gain/Loss,,
492,75000 Unrealized Gain/Loss,75000,,,,10,Other (Income) /  Expenses,Other Expenses,Unrealized gain/loss,75000 - Unrealized Gain/Loss,,
364,70500 Interest Income,70500,,,,2,Other (Income) /  Expenses,Other Income,Interest income,70500 - Interest Income,,
364,70500 Interest Income,70500,,,,3,Other (Income) /  Expenses,Other Income,Interest income,70500 - Interest Income,,
364,70500 Interest Income,70500,,,,9,Other (Income) /  Expenses,Other Income,Interest income,70500 - Interest Income,,
560,83000 Gain/Loss on Sale,83000,,,,2,Other (Income) /  Expenses,Other Income,Gain/loss on sale,83000 - Gain/Loss on Sale,,
524,81000 Minority Income/Expense,81000,,,,2,Other (Income) /  Expenses,Other Income,Minority income/expense,81000 - Minority Income/Expense,,
366,71500 Other Income,71500,,,,2,Other (Income) /  Expenses,Other Income,Other income,71500 - Other Income,,
366,71500 Other Income,71500,,,,9,Other (Income) /  Expenses,Other Income,Other income,71500 - Other Income,,
479,80000 Earnings from JV,80000,,,,2,Other (Income) /  Expenses,Other Income,Earnings from JV,80000 - Earnings from JV,,
533,82000 Remeasurement Gain,82000,,,,2,Other (Income) /  Expenses,Other Income,Remeasurement gain,82000 - Remeasurement Gain,,
294,43000 Commissionable Revenue,43000,,,,9,Revenue,Commissionable revenue,43000 - Commissionable Revenue,,,
294,43000 Commissionable Revenue,43000,,,,2,Revenue,Commissionable revenue,43000 - Commissionable Revenue,,,
427,12001 Contra A/R (1314) OLD,12001,,,,2,Revenue,Contra A/R,12001 - Contra A/R (1314) OLD,,,
295,43001 Contra Commissionable Revenue,43001,,,,2,Revenue,Contra commissionable revenue,43001 - Contra Commissionable Revenue,,,
296,44000 Network Unwired Admin Fee,44000,,,,2,Revenue,Network unwired admin fee,44000 - Network Unwired Admin Fee,,,
462,49000 Other Operating Income,49000,,,,9,Revenue,Other operating income,49000 - Other Operating Income,,,
462,49000 Other Operating Income,49000,,,,2,Revenue,Other operating income,49000 - Other Operating Income,,,
462,49000 Other Operating Income,49000,,,,5,Revenue,Other operating income,49000 - Other Operating Income,,,
460,45000 Rent Income,45000,,,,2,Revenue,Rent income,45000 - Rent Income,,,
460,45000 Rent Income,45000,,,,7,Revenue,Rent income,45000 - Rent Income,,,
460,45000 Rent Income,45000,,,,3,Revenue,Rent income,45000 - Rent Income,,,
508,42200 Sales Services,42200,,,,2,Revenue,Sales services,42200 - Sales Services,,,
291,40000 Sponsorship,40000,,,,2,Revenue,Sponsorship,40000 - Sponsorship,,,
291,40000 Sponsorship,40000,,,,10,Revenue,Sponsorship,40000 - Sponsorship,,,
470,40100 Subscription,40100,,,,9,Revenue,Subscription,40100 - Subscription,,,
470,40100 Subscription,40100,,,,2,Revenue,Subscription,40100 - Subscription,,,
292,41000 Trade,41000,,,,10,Revenue,Trade,41000 - Trade,,,
292,41000 Trade,41000,,,,2,Revenue,Trade,41000 - Trade,,,
493,42100 Valuation Services,42100,,,,9,Revenue,Valuation services,42100 - Valuation Services,,,
493,42100 Valuation Services,42100,,,,2,Revenue,Valuation services,42100 - Valuation Services,,,
555,GST/HST Payable,,,,,10,Liabilities,Other Liabilities,Other Current Liabilities,GST/HST Payable,GST/HST Payable,
591,24103 Accrued HI Paid Family Leave,24103,,,,2,24103 - Accrued HI Paid Family Leave,,,,,
556,PST Payable BC,,,,,10,Liabilities,Other Liabilities,Other Current Liabilities,PST Payable BC,PST Payable BC,
573,22009 Deferred Revenue - Media,22009,,,,2,22009 - Deferred Revenue - Media,,,,,
227,"12810 Intercompany - Starleague, LLC",12810,,,,2,"12810 - Intercompany - Starleague, LLC",,,,,
116,99985 Sales Orders,99985,,,,2,99985 - Sales Orders,,,,,
534,10005 BoA Escrow Account,10005,,,,2,10005 - BoA Escrow Account,,,,,
225,12800 Intercompany - Playfly Sports Properties,12800,,,,2,12800 - Intercompany - Playfly Sports Properties,,,,,
469,99977 Unrealized Matching Gain/Loss,99977,,,,2,99977 - Unrealized Matching Gain/Loss,,,,,
452,89999 Opening Balances,89999,,,,2,89999 - Opening Balances,,,,,
123,99988 Refunds Payable,99988,,,,6,99988 - Refunds Payable,,,,,
124,99991 Opportunities,99991,,,,2,99991 - Opportunities,,,,,
123,99988 Refunds Payable,99988,,,,5,99988 - Refunds Payable,,,,,
497,24220 Accrued DCA,24220,,,,2,24220 - Accrued DCA,,,,,
573,22009 Deferred Revenue - Media,22009,,,,12,22009 - Deferred Revenue - Media,,,,,
554,GST/HST Liability,,,,,7, - Liability,,,,,
118,99997 Advances Paid,99997,,,,3,99997 - Advances Paid,,,,,
469,99977 Unrealized Matching Gain/Loss,99977,,,,7,99977 - Unrealized Matching Gain/Loss,,,,,
227,"12810 Intercompany - Starleague, LLC",12810,,,,9,"12810 - Intercompany - Starleague, LLC",,,,,
