ACCOUNT_ID,ACCOUNT_NAME,ACCOUNT_NUMBER,SUBSIDIARY_ID,SUBSIDIARY_NAME,CLASS_ID,CLASS_NAME,METRIC_L1,METRIC_L2,METRIC_L3,METRIC_L4,METRIC_L5,METRIC_L6
52,Equity : Retained Earnings,310000,3,WagWay Group : WagWay Group LLC : Pawville Holdings LLC : Pawville Intermediate Holdings LLC,,,Equity,Equity,Retained Earnings,310000 Equity : Retained Earnings,,
53,Opening Balance,3200,3,WagWay Group : WagWay Group LLC : Pawville Holdings LLC : Pawville Intermediate Holdings LLC,,,Equity,Opening Balance,3200 Opening Balance,,,
221,COGS : COGS Wages : Regular Wages,510500,3,WagWay Group : WagWay Group LLC : Pawville Holdings LLC : Pawville Intermediate Holdings LLC,16,Pet Care,COGS,Pet Care,COGS Wages,Regular Wages,510500 COGS : COGS Wages : Regular Wages,
221,COGS : COGS Wages : Regular Wages,510500,3,WagWay Group : WagWay Group LLC : Pawville Holdings LLC : Pawville Intermediate Holdings LLC,25,Vet Services,COGS,Vet Services,COGS Wages,Regular Wages,510500 COGS : COGS Wages : Regular Wages,
226,COGS : COGS Wages : Employer Taxes,513000,3,WagWay Group : WagWay Group LLC : Pawville Holdings LLC : Pawville Intermediate Holdings LLC,16,Pet Care,COGS,Pet Care,COGS Wages,Employer Taxes,513000 COGS : COGS Wages : Employer Taxes,
227,COGS : COGS Wages : Employer Medical/Dental/Vision,513500,3,WagWay Group : WagWay Group LLC : Pawville Holdings LLC : Pawville Intermediate Holdings LLC,16,Pet Care,COGS,Pet Care,COGS Wages,Employer Medical/Dental/Vision,513500 COGS : COGS Wages : Employer Medical/Dental/Vision,
227,COGS : COGS Wages : Employer Medical/Dental/Vision,513500,3,WagWay Group : WagWay Group LLC : Pawville Holdings LLC : Pawville Intermediate Holdings LLC,1,Grooming,COGS,Grooming,COGS Wages,Employer Medical/Dental/Vision,513500 COGS : COGS Wages : Employer Medical/Dental/Vision,
227,COGS : COGS Wages : Employer Medical/Dental/Vision,513500,3,WagWay Group : WagWay Group LLC : Pawville Holdings LLC : Pawville Intermediate Holdings LLC,25,Vet Services,COGS,Vet Services,COGS Wages,Employer Medical/Dental/Vision,513500 COGS : COGS Wages : Employer Medical/Dental/Vision,
233,COGS : COGS Consumables : Grooming Supplies,520500,3,WagWay Group : WagWay Group LLC : Pawville Holdings LLC : Pawville Intermediate Holdings LLC,,,COGS,No Revenue Stream,COGS Consumables,Grooming Supplies,520500 COGS : COGS Consumables : Grooming Supplies,
233,COGS : COGS Consumables : Grooming Supplies,520500,3,WagWay Group : WagWay Group LLC : Pawville Holdings LLC : Pawville Intermediate Holdings LLC,16,Pet Care,COGS,Pet Care,COGS Consumables,Grooming Supplies,520500 COGS : COGS Consumables : Grooming Supplies,
233,COGS : COGS Consumables : Grooming Supplies,520500,3,WagWay Group : WagWay Group LLC : Pawville Holdings LLC : Pawville Intermediate Holdings LLC,1,Grooming,COGS,Grooming,COGS Consumables,Grooming Supplies,520500 COGS : COGS Consumables : Grooming Supplies,
234,COGS : COGS Consumables : Medication,521000,3,WagWay Group : WagWay Group LLC : Pawville Holdings LLC : Pawville Intermediate Holdings LLC,,,COGS,No Revenue Stream,COGS Consumables,Medication,521000 COGS : COGS Consumables : Medication,
235,COGS : COGS Consumables : Other Supplies,521500,3,WagWay Group : WagWay Group LLC : Pawville Holdings LLC : Pawville Intermediate Holdings LLC,16,Pet Care,COGS,Pet Care,COGS Consumables,Other Supplies,521500 COGS : COGS Consumables : Other Supplies,
235,COGS : COGS Consumables : Other Supplies,521500,3,WagWay Group : WagWay Group LLC : Pawville Holdings LLC : Pawville Intermediate Holdings LLC,,,COGS,No Revenue Stream,COGS Consumables,Other Supplies,521500 COGS : COGS Consumables : Other Supplies,
235,COGS : COGS Consumables : Other Supplies,521500,3,WagWay Group : WagWay Group LLC : Pawville Holdings LLC : Pawville Intermediate Holdings LLC,25,Vet Services,COGS,Vet Services,COGS Consumables,Other Supplies,521500 COGS : COGS Consumables : Other Supplies,
236,COGS : COGS Consumables : Retail,522000,3,WagWay Group : WagWay Group LLC : Pawville Holdings LLC : Pawville Intermediate Holdings LLC,23,Retail,COGS,Retail,COGS Consumables,Retail,522000 COGS : COGS Consumables : Retail,
240,Fixed Assets : Construction in Progress,150500,3,WagWay Group : WagWay Group LLC : Pawville Holdings LLC : Pawville Intermediate Holdings LLC,,,Non-Current Assets,Fixed Assets,Construction in Progress,150500 Fixed Assets : Construction in Progress,,
241,Fixed Assets : Equipment,151000,3,WagWay Group : WagWay Group LLC : Pawville Holdings LLC : Pawville Intermediate Holdings LLC,,,Non-Current Assets,Fixed Assets,Equipment,151000 Fixed Assets : Equipment,,
242,Fixed Assets : Furniture & Fixtures,151500,3,WagWay Group : WagWay Group LLC : Pawville Holdings LLC : Pawville Intermediate Holdings LLC,,,Non-Current Assets,Fixed Assets,Furniture & Fixtures,151500 Fixed Assets : Furniture & Fixtures,,
243,Fixed Assets : Leasehold Improvements,152000,3,WagWay Group : WagWay Group LLC : Pawville Holdings LLC : Pawville Intermediate Holdings LLC,,,Non-Current Assets,Fixed Assets,Leasehold Improvements,152000 Fixed Assets : Leasehold Improvements,,
244,Fixed Assets : Software,152500,3,WagWay Group : WagWay Group LLC : Pawville Holdings LLC : Pawville Intermediate Holdings LLC,,,Non-Current Assets,Fixed Assets,Software,152500 Fixed Assets : Software,,
245,Fixed Assets : Vehicles,153000,3,WagWay Group : WagWay Group LLC : Pawville Holdings LLC : Pawville Intermediate Holdings LLC,,,Non-Current Assets,Fixed Assets,Vehicles,153000 Fixed Assets : Vehicles,,
246,Fixed Assets : Accumulated Depreciation - Equipment,153500,3,WagWay Group : WagWay Group LLC : Pawville Holdings LLC : Pawville Intermediate Holdings LLC,,,Non-Current Assets,Fixed Assets,Accumulated Depreciation - Equipment,153500 Fixed Assets : Accumulated Depreciation - Equipment,,
248,Fixed Assets : Accumulated Depreciation - Leasehold Improvements,154500,3,WagWay Group : WagWay Group LLC : Pawville Holdings LLC : Pawville Intermediate Holdings LLC,,,Non-Current Assets,Fixed Assets,Accumulated Depreciation - Leasehold Improvements,154500 Fixed Assets : Accumulated Depreciation - Leasehold Improvements,,
249,Fixed Assets : Accumulated Depreciation - Software,155000,3,WagWay Group : WagWay Group LLC : Pawville Holdings LLC : Pawville Intermediate Holdings LLC,,,Non-Current Assets,Fixed Assets,Accumulated Depreciation - Software,155000 Fixed Assets : Accumulated Depreciation - Software,,
250,Fixed Assets : Accumulated Depreciation - Vehicles,155500,3,WagWay Group : WagWay Group LLC : Pawville Holdings LLC : Pawville Intermediate Holdings LLC,,,Non-Current Assets,Fixed Assets,Accumulated Depreciation - Vehicles,155500 Fixed Assets : Accumulated Depreciation - Vehicles,,
254,Equity : Capital Contributions,320000,3,WagWay Group : WagWay Group LLC : Pawville Holdings LLC : Pawville Intermediate Holdings LLC,,,Equity,Equity,Capital Contributions,320000 Equity : Capital Contributions,,
255,Equity : Rollover Equity,330000,3,WagWay Group : WagWay Group LLC : Pawville Holdings LLC : Pawville Intermediate Holdings LLC,,,Equity,Equity,Rollover Equity,330000 Equity : Rollover Equity,,
423,Prepaid Expenses : Prepaid Other,132000,3,WagWay Group : WagWay Group LLC : Pawville Holdings LLC : Pawville Intermediate Holdings LLC,,,Current Assets,Other Current Assets,Prepaid Expenses,Prepaid Other,132000 Prepaid Expenses : Prepaid Other,132000 Prepaid Expenses : Prepaid Other
424,Other Current Assets,140000,3,WagWay Group : WagWay Group LLC : Pawville Holdings LLC : Pawville Intermediate Holdings LLC,,,Current Assets,Other Current Assets,Other Current Assets,140000 Other Current Assets,,
426,Intangibles : Goodwill,160500,3,WagWay Group : WagWay Group LLC : Pawville Holdings LLC : Pawville Intermediate Holdings LLC,,,Non-Current Assets,Other Assets,Intangibles,Goodwill,160500 Intangibles : Goodwill,
429,Intangibles : Accumulated Amortization - Goodwill,162000,3,WagWay Group : WagWay Group LLC : Pawville Holdings LLC : Pawville Intermediate Holdings LLC,,,Non-Current Assets,Other Assets,Intangibles,Accumulated Amortization - Goodwill,162000 Intangibles : Accumulated Amortization - Goodwill,
436,Deferred Revenue : Gift Cards,230500,3,WagWay Group : WagWay Group LLC : Pawville Holdings LLC : Pawville Intermediate Holdings LLC,,,Non-Current Liabilities,Other Liabilities,Deferred Revenue,Gift Cards,230500 Deferred Revenue : Gift Cards,
438,Deferred Revenue : Packages,231500,3,WagWay Group : WagWay Group LLC : Pawville Holdings LLC : Pawville Intermediate Holdings LLC,,,Non-Current Liabilities,Other Liabilities,Deferred Revenue,Packages,231500 Deferred Revenue : Packages,
440,Accrued Expenses,250000,3,WagWay Group : WagWay Group LLC : Pawville Holdings LLC : Pawville Intermediate Holdings LLC,,,Non-Current Liabilities,Other Liabilities,Accrued Expenses,250000 Accrued Expenses,,
618,Payroll Liabilities : Accrued Payroll,260500,3,WagWay Group : WagWay Group LLC : Pawville Holdings LLC : Pawville Intermediate Holdings LLC,,,Non-Current Liabilities,Other Liabilities,Payroll Liabilities,Accrued Payroll,260500 Payroll Liabilities : Accrued Payroll,
621,Payroll Liabilities : Accrued Bonuses,262000,3,WagWay Group : WagWay Group LLC : Pawville Holdings LLC : Pawville Intermediate Holdings LLC,,,Non-Current Liabilities,Other Liabilities,Payroll Liabilities,Accrued Bonuses,262000 Payroll Liabilities : Accrued Bonuses,
622,Payroll Liabilities : Accrued Payroll Taxes - Federal,262500,3,WagWay Group : WagWay Group LLC : Pawville Holdings LLC : Pawville Intermediate Holdings LLC,,,Non-Current Liabilities,Other Liabilities,Payroll Liabilities,Accrued Payroll Taxes - Federal,262500 Payroll Liabilities : Accrued Payroll Taxes - Federal,
625,Payroll Liabilities : Accrued Medical/Dental/Vision,264000,3,WagWay Group : WagWay Group LLC : Pawville Holdings LLC : Pawville Intermediate Holdings LLC,,,Non-Current Liabilities,Other Liabilities,Payroll Liabilities,Accrued Medical/Dental/Vision,264000 Payroll Liabilities : Accrued Medical/Dental/Vision,
629,Payroll Liabilities : Accrued 401k,266000,3,WagWay Group : WagWay Group LLC : Pawville Holdings LLC : Pawville Intermediate Holdings LLC,,,Non-Current Liabilities,Other Liabilities,Payroll Liabilities,Accrued 401k,266000 Payroll Liabilities : Accrued 401k,
630,Payroll Liabilities : Accrued Tips,266500,3,WagWay Group : WagWay Group LLC : Pawville Holdings LLC : Pawville Intermediate Holdings LLC,,,Non-Current Liabilities,Other Liabilities,Payroll Liabilities,Accrued Tips,266500 Payroll Liabilities : Accrued Tips,
718,Revenue : Service Revenue,410000,3,WagWay Group : WagWay Group LLC : Pawville Holdings LLC : Pawville Intermediate Holdings LLC,25,Vet Services,Revenue,Vet Services,Service Revenue,410000 Revenue : Service Revenue,,
718,Revenue : Service Revenue,410000,3,WagWay Group : WagWay Group LLC : Pawville Holdings LLC : Pawville Intermediate Holdings LLC,17,Boarding,Revenue,Pet Care,Service Revenue,410000 Revenue : Service Revenue,,
718,Revenue : Service Revenue,410000,3,WagWay Group : WagWay Group LLC : Pawville Holdings LLC : Pawville Intermediate Holdings LLC,18,Daycare,Revenue,Pet Care : Daycare,Service Revenue,410000 Revenue : Service Revenue,,
718,Revenue : Service Revenue,410000,3,WagWay Group : WagWay Group LLC : Pawville Holdings LLC : Pawville Intermediate Holdings LLC,1,Grooming,Revenue,Grooming,Service Revenue,410000 Revenue : Service Revenue,,
719,Revenue : Retail,420000,3,WagWay Group : WagWay Group LLC : Pawville Holdings LLC : Pawville Intermediate Holdings LLC,23,Retail,Revenue,Retail,Retail,420000 Revenue : Retail,,
721,Revenue : Other Revenue,440000,3,WagWay Group : WagWay Group LLC : Pawville Holdings LLC : Pawville Intermediate Holdings LLC,26,Other Revenue,Revenue,Other Revenue,Other Revenue,440000 Revenue : Other Revenue,,
721,Revenue : Other Revenue,440000,3,WagWay Group : WagWay Group LLC : Pawville Holdings LLC : Pawville Intermediate Holdings LLC,21,Transportation,Revenue,Pet Care,Other Revenue,440000 Revenue : Other Revenue,,
820,Operating Expenses : OPEX Wages : Regular Wages,610500,3,WagWay Group : WagWay Group LLC : Pawville Holdings LLC : Pawville Intermediate Holdings LLC,,,Field Corporate Expenses,Pawville Intermediate Holdings,OPEX Wages,Regular Wages,610500 Operating Expenses : OPEX Wages : Regular Wages,
825,Operating Expenses : OPEX Wages : Employer Taxes,613000,3,WagWay Group : WagWay Group LLC : Pawville Holdings LLC : Pawville Intermediate Holdings LLC,,,Field Corporate Expenses,Pawville Intermediate Holdings,OPEX Wages,Employer Taxes,613000 Operating Expenses : OPEX Wages : Employer Taxes,
826,Operating Expenses : OPEX Wages : Employer Medical/Dental/Vision,613500,3,WagWay Group : WagWay Group LLC : Pawville Holdings LLC : Pawville Intermediate Holdings LLC,,,Field Corporate Expenses,Pawville Intermediate Holdings,OPEX Wages,Employer Medical/Dental/Vision,613500 Operating Expenses : OPEX Wages : Employer Medical/Dental/Vision,
830,Operating Expenses : OPEX Wages : Employer 401k,615500,3,WagWay Group : WagWay Group LLC : Pawville Holdings LLC : Pawville Intermediate Holdings LLC,,,Field Corporate Expenses,Pawville Intermediate Holdings,OPEX Wages,Employer 401k,615500 Operating Expenses : OPEX Wages : Employer 401k,
832,Operating Expenses : Facility Expense : Rent,620500,3,WagWay Group : WagWay Group LLC : Pawville Holdings LLC : Pawville Intermediate Holdings LLC,,,Field Corporate Expenses,Pawville Intermediate Holdings,Facility Expense,Rent,620500 Operating Expenses : Facility Expense : Rent,
833,Operating Expenses : Facility Expense : Electric,621000,3,WagWay Group : WagWay Group LLC : Pawville Holdings LLC : Pawville Intermediate Holdings LLC,,,Field Corporate Expenses,Pawville Intermediate Holdings,Facility Expense,Electric,621000 Operating Expenses : Facility Expense : Electric,
834,Operating Expenses : Facility Expense : Gas,621500,3,WagWay Group : WagWay Group LLC : Pawville Holdings LLC : Pawville Intermediate Holdings LLC,,,Field Corporate Expenses,Pawville Intermediate Holdings,Facility Expense,Gas,621500 Operating Expenses : Facility Expense : Gas,
835,Operating Expenses : Facility Expense : Water,622000,3,WagWay Group : WagWay Group LLC : Pawville Holdings LLC : Pawville Intermediate Holdings LLC,,,Field Corporate Expenses,Pawville Intermediate Holdings,Facility Expense,Water,622000 Operating Expenses : Facility Expense : Water,
836,Operating Expenses : Facility Expense : Data,622500,3,WagWay Group : WagWay Group LLC : Pawville Holdings LLC : Pawville Intermediate Holdings LLC,,,Field Corporate Expenses,Pawville Intermediate Holdings,Facility Expense,Data,622500 Operating Expenses : Facility Expense : Data,
837,Operating Expenses : Facility Expense : Phone,623000,3,WagWay Group : WagWay Group LLC : Pawville Holdings LLC : Pawville Intermediate Holdings LLC,,,Field Corporate Expenses,Pawville Intermediate Holdings,Facility Expense,Phone,623000 Operating Expenses : Facility Expense : Phone,
838,Operating Expenses : Facility Expense : Property Insurance,624000,3,WagWay Group : WagWay Group LLC : Pawville Holdings LLC : Pawville Intermediate Holdings LLC,,,Field Corporate Expenses,Pawville Intermediate Holdings,Facility Expense,Property Insurance,624000 Operating Expenses : Facility Expense : Property Insurance,
841,General and Admin : G&A Wages : Regular Wages,710500,3,WagWay Group : WagWay Group LLC : Pawville Holdings LLC : Pawville Intermediate Holdings LLC,,,Field Corporate Expenses,Pawville Intermediate Holdings,General and Admin,G&A Wages,Regular Wages,710500 General and Admin : G&A Wages : Regular Wages
845,General and Admin : G&A Wages : Bonuses,712500,3,WagWay Group : WagWay Group LLC : Pawville Holdings LLC : Pawville Intermediate Holdings LLC,,,Field Corporate Expenses,Pawville Intermediate Holdings,General and Admin,G&A Wages,Bonuses,712500 General and Admin : G&A Wages : Bonuses
846,General and Admin : G&A Wages : Employer Taxes,713000,3,WagWay Group : WagWay Group LLC : Pawville Holdings LLC : Pawville Intermediate Holdings LLC,,,Field Corporate Expenses,Pawville Intermediate Holdings,General and Admin,G&A Wages,Employer Taxes,713000 General and Admin : G&A Wages : Employer Taxes
847,General and Admin : G&A Wages : Employer Medical/Dental/Vision,713500,3,WagWay Group : WagWay Group LLC : Pawville Holdings LLC : Pawville Intermediate Holdings LLC,,,Field Corporate Expenses,Pawville Intermediate Holdings,General and Admin,G&A Wages,Employer Medical/Dental/Vision,713500 General and Admin : G&A Wages : Employer Medical/Dental/Vision
851,General and Admin : G&A Wages : Employer 401k,715500,3,WagWay Group : WagWay Group LLC : Pawville Holdings LLC : Pawville Intermediate Holdings LLC,,,Field Corporate Expenses,Pawville Intermediate Holdings,General and Admin,G&A Wages,Employer 401k,715500 General and Admin : G&A Wages : Employer 401k
853,General and Admin : Travel : Airfare,720500,3,WagWay Group : WagWay Group LLC : Pawville Holdings LLC : Pawville Intermediate Holdings LLC,,,Field Corporate Expenses,Pawville Intermediate Holdings,General and Admin,Travel,Airfare,720500 General and Admin : Travel : Airfare
854,General and Admin : Travel : Lodging,721000,3,WagWay Group : WagWay Group LLC : Pawville Holdings LLC : Pawville Intermediate Holdings LLC,,,Field Corporate Expenses,Pawville Intermediate Holdings,General and Admin,Travel,Lodging,721000 General and Admin : Travel : Lodging
855,General and Admin : Travel : Meals,721500,3,WagWay Group : WagWay Group LLC : Pawville Holdings LLC : Pawville Intermediate Holdings LLC,,,Field Corporate Expenses,Pawville Intermediate Holdings,General and Admin,Travel,Meals,721500 General and Admin : Travel : Meals
856,General and Admin : Travel : Entertainment,722000,3,WagWay Group : WagWay Group LLC : Pawville Holdings LLC : Pawville Intermediate Holdings LLC,,,Field Corporate Expenses,Pawville Intermediate Holdings,General and Admin,Travel,Entertainment,722000 General and Admin : Travel : Entertainment
857,General and Admin : Systems,730000,3,WagWay Group : WagWay Group LLC : Pawville Holdings LLC : Pawville Intermediate Holdings LLC,,,Field Corporate Expenses,Pawville Intermediate Holdings,General and Admin,Systems,730000 General and Admin : Systems,
862,General and Admin : Insurance : Other Insurance,742000,3,WagWay Group : WagWay Group LLC : Pawville Holdings LLC : Pawville Intermediate Holdings LLC,,,Field Corporate Expenses,Pawville Intermediate Holdings,General and Admin,Insurance,Other Insurance,742000 General and Admin : Insurance : Other Insurance
864,Other Income : Interest Income,801000,3,WagWay Group : WagWay Group LLC : Pawville Holdings LLC : Pawville Intermediate Holdings LLC,,,Other (Income) / Expense,Other Income,Interest Income,801000 Other Income : Interest Income,,
865,Other Expense : Interest Expense,851000,3,WagWay Group : WagWay Group LLC : Pawville Holdings LLC : Pawville Intermediate Holdings LLC,,,Other (Income) / Expense,Other Expenses,Other Expense,Interest Expense,851000 Other Expense : Interest Expense,
920,General and Admin : Marketing : Other Marketing,751000,3,WagWay Group : WagWay Group LLC : Pawville Holdings LLC : Pawville Intermediate Holdings LLC,,,Field Corporate Expenses,Pawville Intermediate Holdings,General and Admin,Marketing,Other Marketing,751000 General and Admin : Marketing : Other Marketing
1018,Operating Expenses : Facility Expense : Repair and Maintenance,623500,3,WagWay Group : WagWay Group LLC : Pawville Holdings LLC : Pawville Intermediate Holdings LLC,,,Field Corporate Expenses,Pawville Intermediate Holdings,Facility Expense,Repair and Maintenance,623500 Operating Expenses : Facility Expense : Repair and Maintenance,
1018,Operating Expenses : Facility Expense : Repair and Maintenance,623500,3,WagWay Group : WagWay Group LLC : Pawville Holdings LLC : Pawville Intermediate Holdings LLC,16,Pet Care,Field Corporate Expenses,Pawville Intermediate Holdings,Facility Expense,Repair and Maintenance,623500 Operating Expenses : Facility Expense : Repair and Maintenance,
1019,Operating Expenses : Other Operating Expense : Auto Insurance,630500,3,WagWay Group : WagWay Group LLC : Pawville Holdings LLC : Pawville Intermediate Holdings LLC,,,Field Corporate Expenses,Pawville Intermediate Holdings,Other Operating Expense,Auto Insurance,630500 Operating Expenses : Other Operating Expense : Auto Insurance,
1020,Operating Expenses : Other Operating Expense : Auto Repair and Maintenance,631000,3,WagWay Group : WagWay Group LLC : Pawville Holdings LLC : Pawville Intermediate Holdings LLC,,,Field Corporate Expenses,Pawville Intermediate Holdings,Other Operating Expense,Auto Repair and Maintenance,631000 Operating Expenses : Other Operating Expense : Auto Repair and Maintenance,
1021,Operating Expenses : Other Operating Expense : Fuel,631500,3,WagWay Group : WagWay Group LLC : Pawville Holdings LLC : Pawville Intermediate Holdings LLC,,,Field Corporate Expenses,Pawville Intermediate Holdings,Other Operating Expense,Fuel,631500 Operating Expenses : Other Operating Expense : Fuel,
1023,General and Admin : Marketing : Brand Materials,750500,3,WagWay Group : WagWay Group LLC : Pawville Holdings LLC : Pawville Intermediate Holdings LLC,,,Field Corporate Expenses,Pawville Intermediate Holdings,General and Admin,Marketing,Brand Materials,750500 General and Admin : Marketing : Brand Materials
1025,General and Admin : Advertising : Digital Paid Ads,760500,3,WagWay Group : WagWay Group LLC : Pawville Holdings LLC : Pawville Intermediate Holdings LLC,,,Field Corporate Expenses,Pawville Intermediate Holdings,General and Admin,Advertising,Digital Paid Ads,760500 General and Admin : Advertising : Digital Paid Ads
1026,General and Admin : Advertising : Other Advertising,761000,3,WagWay Group : WagWay Group LLC : Pawville Holdings LLC : Pawville Intermediate Holdings LLC,,,Field Corporate Expenses,Pawville Intermediate Holdings,General and Admin,Advertising,Other Advertising,761000 General and Admin : Advertising : Other Advertising
1027,General and Admin : Professional Services : Legal,770500,3,WagWay Group : WagWay Group LLC : Pawville Holdings LLC : Pawville Intermediate Holdings LLC,,,Field Corporate Expenses,Pawville Intermediate Holdings,General and Admin,Professional Services,Legal,770500 General and Admin : Professional Services : Legal
1028,General and Admin : Professional Services : IT,771000,3,WagWay Group : WagWay Group LLC : Pawville Holdings LLC : Pawville Intermediate Holdings LLC,,,Field Corporate Expenses,Pawville Intermediate Holdings,General and Admin,Professional Services,IT,771000 General and Admin : Professional Services : IT
1029,General and Admin : Professional Services : Accounting,771500,3,WagWay Group : WagWay Group LLC : Pawville Holdings LLC : Pawville Intermediate Holdings LLC,,,Field Corporate Expenses,Pawville Intermediate Holdings,General and Admin,Professional Services,Accounting,771500 General and Admin : Professional Services : Accounting
1030,General and Admin : Professional Services : Recruiting,772000,3,WagWay Group : WagWay Group LLC : Pawville Holdings LLC : Pawville Intermediate Holdings LLC,,,Field Corporate Expenses,Pawville Intermediate Holdings,General and Admin,Professional Services,Recruiting,772000 General and Admin : Professional Services : Recruiting
1031,General and Admin : Professional Services : Employee Training and Development,772500,3,WagWay Group : WagWay Group LLC : Pawville Holdings LLC : Pawville Intermediate Holdings LLC,,,Field Corporate Expenses,Pawville Intermediate Holdings,General and Admin,Professional Services,Employee Training and Development,772500 General and Admin : Professional Services : Employee Training and Development
1032,General and Admin : Professional Services : Other Professional Services,773000,3,WagWay Group : WagWay Group LLC : Pawville Holdings LLC : Pawville Intermediate Holdings LLC,,,Field Corporate Expenses,Pawville Intermediate Holdings,General and Admin,Professional Services,Other Professional Services,773000 General and Admin : Professional Services : Other Professional Services
1033,General and Admin : Other G&A Expenses : Bank Fees and Charges,780500,3,WagWay Group : WagWay Group LLC : Pawville Holdings LLC : Pawville Intermediate Holdings LLC,,,Field Corporate Expenses,Pawville Intermediate Holdings,General and Admin,Other G&A Expenses,Bank Fees and Charges,780500 General and Admin : Other G&A Expenses : Bank Fees and Charges
1034,General and Admin : Other G&A Expenses : Interest Paid,781000,3,WagWay Group : WagWay Group LLC : Pawville Holdings LLC : Pawville Intermediate Holdings LLC,,,Field Corporate Expenses,Pawville Intermediate Holdings,General and Admin,Other G&A Expenses,Interest Paid,781000 General and Admin : Other G&A Expenses : Interest Paid
1035,General and Admin : Other G&A Expenses : Dues and Subscriptions,781500,3,WagWay Group : WagWay Group LLC : Pawville Holdings LLC : Pawville Intermediate Holdings LLC,,,Field Corporate Expenses,Pawville Intermediate Holdings,General and Admin,Other G&A Expenses,Dues and Subscriptions,781500 General and Admin : Other G&A Expenses : Dues and Subscriptions
1036,General and Admin : Other G&A Expenses : Charitable Contributions,782000,3,WagWay Group : WagWay Group LLC : Pawville Holdings LLC : Pawville Intermediate Holdings LLC,,,Field Corporate Expenses,Pawville Intermediate Holdings,General and Admin,Other G&A Expenses,Charitable Contributions,782000 General and Admin : Other G&A Expenses : Charitable Contributions
1037,General and Admin : Other G&A Expenses : Taxes and Licenses,782500,3,WagWay Group : WagWay Group LLC : Pawville Holdings LLC : Pawville Intermediate Holdings LLC,,,Field Corporate Expenses,Pawville Intermediate Holdings,General and Admin,Other G&A Expenses,Taxes and Licenses,782500 General and Admin : Other G&A Expenses : Taxes and Licenses
1038,Other Expense : Depreciation : Depreciation -Equipment,852010,3,WagWay Group : WagWay Group LLC : Pawville Holdings LLC : Pawville Intermediate Holdings LLC,,,Other (Income) / Expense,Other Expenses,Other Expense,Depreciation,Depreciation -Equipment,852010 Other Expense : Depreciation : Depreciation -Equipment
1040,Other Expense : Depreciation : Depreciation - Leasehold Improvements,852030,3,WagWay Group : WagWay Group LLC : Pawville Holdings LLC : Pawville Intermediate Holdings LLC,,,Other (Income) / Expense,Other Expenses,Other Expense,Depreciation,Depreciation - Leasehold Improvements,852030 Other Expense : Depreciation : Depreciation - Leasehold Improvements
1041,Other Expense : Depreciation : Depreciation - Software,852040,3,WagWay Group : WagWay Group LLC : Pawville Holdings LLC : Pawville Intermediate Holdings LLC,,,Other (Income) / Expense,Other Expenses,Other Expense,Depreciation,Depreciation - Software,852040 Other Expense : Depreciation : Depreciation - Software
1042,Other Expense : Depreciation : Depreciation - Vehicles,852050,3,WagWay Group : WagWay Group LLC : Pawville Holdings LLC : Pawville Intermediate Holdings LLC,,,Other (Income) / Expense,Other Expenses,Other Expense,Depreciation,Depreciation - Vehicles,852050 Other Expense : Depreciation : Depreciation - Vehicles
1044,Other Expense : Amortization : Amortization - Goodwill,854010,3,WagWay Group : WagWay Group LLC : Pawville Holdings LLC : Pawville Intermediate Holdings LLC,,,Other (Income) / Expense,Other Expenses,Other Expense,Amortization,Amortization - Goodwill,854010 Other Expense : Amortization : Amortization - Goodwill
1151,Cash : Operating : Pawville Intermediate Operating,101025,3,WagWay Group : WagWay Group LLC : Pawville Holdings LLC : Pawville Intermediate Holdings LLC,,,Current Assets,Cash,Operating,Pawville Intermediate Operating,101025 Cash : Operating : Pawville Intermediate Operating,101025 Cash : Operating : Pawville Intermediate Operating
1156,Cash : Payroll : Pawville Intermediate Payroll,101515,3,WagWay Group : WagWay Group LLC : Pawville Holdings LLC : Pawville Intermediate Holdings LLC,,,Current Assets,Cash,Payroll,Pawville Intermediate Payroll,101515 Cash : Payroll : Pawville Intermediate Payroll,101515 Cash : Payroll : Pawville Intermediate Payroll
1253,Revenue : Sales Discounts,460000,3,WagWay Group : WagWay Group LLC : Pawville Holdings LLC : Pawville Intermediate Holdings LLC,26,Other Revenue,Revenue,Other Revenue,Sales Discounts,460000 Revenue : Sales Discounts,,
1253,Revenue : Sales Discounts,460000,3,WagWay Group : WagWay Group LLC : Pawville Holdings LLC : Pawville Intermediate Holdings LLC,,,Revenue,No Revenue Stream,Sales Discounts,460000 Revenue : Sales Discounts,,
1255,Other Expense,850000,3,WagWay Group : WagWay Group LLC : Pawville Holdings LLC : Pawville Intermediate Holdings LLC,,,Other (Income) / Expense,Other Expenses,Other Expense,850000 Other Expense,,
1256,Inventory : Retail Inventory,120250,3,WagWay Group : WagWay Group LLC : Pawville Holdings LLC : Pawville Intermediate Holdings LLC,,,Current Assets,Other Current Assets,Inventory,Retail Inventory,120250 Inventory : Retail Inventory,120250 Inventory : Retail Inventory
1257,Inventory : Veterinary Inventory,120500,3,WagWay Group : WagWay Group LLC : Pawville Holdings LLC : Pawville Intermediate Holdings LLC,,,Current Assets,Other Current Assets,Inventory,Veterinary Inventory,120500 Inventory : Veterinary Inventory,120500 Inventory : Veterinary Inventory
1258,Other Long term Assets : ASC 842 - ROU Asset Account,171000,3,WagWay Group : WagWay Group LLC : Pawville Holdings LLC : Pawville Intermediate Holdings LLC,,,Non-Current Assets,Other Assets,Other Long term Assets,ASC 842 - ROU Asset Account,171000 Other Long term Assets : ASC 842 - ROU Asset Account,
1259,Accounts Payable : Accounts Payable Trade,200250,3,WagWay Group : WagWay Group LLC : Pawville Holdings LLC : Pawville Intermediate Holdings LLC,,,Current Liabilities,Accounts Payable,Accounts Payable Trade,200250 Accounts Payable : Accounts Payable Trade,,
1353,Accounts Receivable : Accounts Receivable Trade,110250,3,WagWay Group : WagWay Group LLC : Pawville Holdings LLC : Pawville Intermediate Holdings LLC,,,Current Assets,Accounts Receivable,Accounts Receivable,Accounts Receivable Trade,110250 Accounts Receivable : Accounts Receivable Trade,
1358,Credit Card Payable - Pawville Intermediate,210300,3,WagWay Group : WagWay Group LLC : Pawville Holdings LLC : Pawville Intermediate Holdings LLC,,,Current Liabilities,Credit Card,Credit Card Payable,Pawville Intermediate,210300 Credit Card Payable - Pawville Intermediate,
1369,Other Long term Assets : ASC 842 - ROU Accumulated Amortization Acccount,171500,3,WagWay Group : WagWay Group LLC : Pawville Holdings LLC : Pawville Intermediate Holdings LLC,,,Non-Current Assets,Other Assets,Other Long term Assets,ASC 842 - ROU Accumulated Amortization Acccount,171500 Other Long term Assets : ASC 842 - ROU Accumulated Amortization Acccount,
1373,Other Current Liabilities : ASC 842 - Lease Liability Short-Term Account,221000,3,WagWay Group : WagWay Group LLC : Pawville Holdings LLC : Pawville Intermediate Holdings LLC,,,Current Liabilities,Other Current Liabilities,ASC 842 - Lease Liability Short-Term Account,221000 Other Current Liabilities : ASC 842 - Lease Liability Short-Term Account,,
1375,Employee Reimbursement : Employee Reimbursement - Ramp,240500,3,WagWay Group : WagWay Group LLC : Pawville Holdings LLC : Pawville Intermediate Holdings LLC,,,Non-Current Liabilities,Other Liabilities,Employee Reimbursement,Employee Reimbursement - Ramp,240500 Employee Reimbursement : Employee Reimbursement - Ramp,
1378,Accrued Expenses : Accrued Expenses - Other,250750,3,WagWay Group : WagWay Group LLC : Pawville Holdings LLC : Pawville Intermediate Holdings LLC,,,Non-Current Liabilities,Other Liabilities,Accrued Expenses,Accrued Expenses - Other,250750 Accrued Expenses : Accrued Expenses - Other,
1381,Other Long term Liabilities : ASC 842 - Lease Liability Long-Term Account,290250,3,WagWay Group : WagWay Group LLC : Pawville Holdings LLC : Pawville Intermediate Holdings LLC,,,Non-Current Liabilities,Long Term Liabilities,Other Long term Liabilities,ASC 842 - Lease Liability Long-Term Account,290250 Other Long term Liabilities : ASC 842 - Lease Liability Long-Term Account,
1382,Other Long term Liabilities : ASC 842 - Lease Liability Long-Term Contra Account ST Reclas,290500,3,WagWay Group : WagWay Group LLC : Pawville Holdings LLC : Pawville Intermediate Holdings LLC,,,Non-Current Liabilities,Long Term Liabilities,Other Long term Liabilities,ASC 842 - Lease Liability Long-Term Contra Account ST Reclas,290500 Other Long term Liabilities : ASC 842 - Lease Liability Long-Term Contra Account ST Reclas,
1384,General and Admin : Advertising : Digital Paid Social,760250,3,WagWay Group : WagWay Group LLC : Pawville Holdings LLC : Pawville Intermediate Holdings LLC,,,Field Corporate Expenses,Pawville Intermediate Holdings,General and Admin,Advertising,Digital Paid Social,760250 General and Admin : Advertising : Digital Paid Social
1385,General and Admin : Advertising : Direct Advertising,760750,3,WagWay Group : WagWay Group LLC : Pawville Holdings LLC : Pawville Intermediate Holdings LLC,,,Field Corporate Expenses,Pawville Intermediate Holdings,General and Admin,Advertising,Direct Advertising,760750 General and Admin : Advertising : Direct Advertising
1397,Intercompany AR_x,111000,3,WagWay Group : WagWay Group LLC : Pawville Holdings LLC : Pawville Intermediate Holdings LLC,,,Current Assets,Other Current Assets,Intercompany AR_x,111000 Intercompany AR_x,,
1397,Intercompany AR_x,111000,3,WagWay Group : WagWay Group LLC : Pawville Holdings LLC : Pawville Intermediate Holdings LLC,1,Grooming,Current Assets,Other Current Assets,Intercompany AR_x,111000 Intercompany AR_x,,
1397,Intercompany AR_x,111000,3,WagWay Group : WagWay Group LLC : Pawville Holdings LLC : Pawville Intermediate Holdings LLC,16,Pet Care,Current Assets,Other Current Assets,Intercompany AR_x,111000 Intercompany AR_x,,
1397,Intercompany AR_x,111000,3,WagWay Group : WagWay Group LLC : Pawville Holdings LLC : Pawville Intermediate Holdings LLC,25,Vet Services,Current Assets,Other Current Assets,Intercompany AR_x,111000 Intercompany AR_x,,
1398,Intercompany AP_x,200500,3,WagWay Group : WagWay Group LLC : Pawville Holdings LLC : Pawville Intermediate Holdings LLC,,,Non-Current Liabilities,Other Liabilities,Intercompany AP_x,200500 Intercompany AP_x,,
1399,General and Admin : Travel : Vehicle/Toll/Parking,721750,3,WagWay Group : WagWay Group LLC : Pawville Holdings LLC : Pawville Intermediate Holdings LLC,,,Field Corporate Expenses,Pawville Intermediate Holdings,General and Admin,Travel,Vehicle/Toll/Parking,721750 General and Admin : Travel : Vehicle/Toll/Parking
1499,General and Admin : Other G&A Expenses : Office Supplies,783000,3,WagWay Group : WagWay Group LLC : Pawville Holdings LLC : Pawville Intermediate Holdings LLC,,,Field Corporate Expenses,Pawville Intermediate Holdings,General and Admin,Other G&A Expenses,Office Supplies,783000 General and Admin : Other G&A Expenses : Office Supplies
1500,Employee Receivable,110750,3,WagWay Group : WagWay Group LLC : Pawville Holdings LLC : Pawville Intermediate Holdings LLC,,,Current Assets,Other Current Assets,Employee Receivable,110750 Employee Receivable,,
1802,Ramp Card - Pawville Intermediate Holdings LLC,Ramp Card - Pawville Intermediate Holdings LLC,3,WagWay Group : WagWay Group LLC : Pawville Holdings LLC : Pawville Intermediate Holdings LLC,,,Current Liabilities,Credit Card,Ramp Card,Pawville Intermediate Holdings LLC,Ramp Card - Pawville Intermediate Holdings LLC Ramp Card - Pawville Intermediate Holdings LLC,
1901,Sweep Clearing Account,103000,3,WagWay Group : WagWay Group LLC : Pawville Holdings LLC : Pawville Intermediate Holdings LLC,,,Current Assets,Other Current Assets,Sweep Clearing Account,103000 Sweep Clearing Account,,
2002,Intercompany AR - RAMP,111001,3,WagWay Group : WagWay Group LLC : Pawville Holdings LLC : Pawville Intermediate Holdings LLC,,,Current Assets,Accounts Receivable,Intercompany AR,RAMP,111001 Intercompany AR - RAMP,111001 Intercompany AR - RAMP
2025,General and Admin : Other G&A Expenses : Managment Fees,784000,3,WagWay Group : WagWay Group LLC : Pawville Holdings LLC : Pawville Intermediate Holdings LLC,,,Field Corporate Expenses,Pawville Intermediate Holdings,General and Admin,Other G&A Expenses,Managment Fees,784000 General and Admin : Other G&A Expenses : Managment Fees
,,,3,WagWay Group : WagWay Group LLC : Pawville Holdings LLC : Pawville Intermediate Holdings LLC,,,,,,,,
,,,3,WagWay Group : WagWay Group LLC : Pawville Holdings LLC : Pawville Intermediate Holdings LLC,25,Vet Services,,,,,,
,,,3,WagWay Group : WagWay Group LLC : Pawville Holdings LLC : Pawville Intermediate Holdings LLC,16,Pet Care,,,,,,
,,,3,WagWay Group : WagWay Group LLC : Pawville Holdings LLC : Pawville Intermediate Holdings LLC,1,Grooming,,,,,,
52,Equity : Retained Earnings,310000,4,WagWay Group : WagWay Group LLC,,,Equity,Equity,Retained Earnings,310000 Equity : Retained Earnings,,
53,Opening Balance,3200,4,WagWay Group : WagWay Group LLC,,,Equity,Opening Balance,3200 Opening Balance,,,
240,Fixed Assets : Construction in Progress,150500,4,WagWay Group : WagWay Group LLC,,,Non-Current Assets,Fixed Assets,Construction in Progress,150500 Fixed Assets : Construction in Progress,,
241,Fixed Assets : Equipment,151000,4,WagWay Group : WagWay Group LLC,,,Non-Current Assets,Fixed Assets,Equipment,151000 Fixed Assets : Equipment,,
242,Fixed Assets : Furniture & Fixtures,151500,4,WagWay Group : WagWay Group LLC,,,Non-Current Assets,Fixed Assets,Furniture & Fixtures,151500 Fixed Assets : Furniture & Fixtures,,
243,Fixed Assets : Leasehold Improvements,152000,4,WagWay Group : WagWay Group LLC,,,Non-Current Assets,Fixed Assets,Leasehold Improvements,152000 Fixed Assets : Leasehold Improvements,,
244,Fixed Assets : Software,152500,4,WagWay Group : WagWay Group LLC,,,Non-Current Assets,Fixed Assets,Software,152500 Fixed Assets : Software,,
246,Fixed Assets : Accumulated Depreciation - Equipment,153500,4,WagWay Group : WagWay Group LLC,,,Non-Current Assets,Fixed Assets,Accumulated Depreciation - Equipment,153500 Fixed Assets : Accumulated Depreciation - Equipment,,
247,Fixed Assets : Accumulated Depreciation - Furniture & Fixtures,154000,4,WagWay Group : WagWay Group LLC,,,Non-Current Assets,Fixed Assets,Accumulated Depreciation - Furniture & Fixtures,154000 Fixed Assets : Accumulated Depreciation - Furniture & Fixtures,,
248,Fixed Assets : Accumulated Depreciation - Leasehold Improvements,154500,4,WagWay Group : WagWay Group LLC,,,Non-Current Assets,Fixed Assets,Accumulated Depreciation - Leasehold Improvements,154500 Fixed Assets : Accumulated Depreciation - Leasehold Improvements,,
249,Fixed Assets : Accumulated Depreciation - Software,155000,4,WagWay Group : WagWay Group LLC,,,Non-Current Assets,Fixed Assets,Accumulated Depreciation - Software,155000 Fixed Assets : Accumulated Depreciation - Software,,
250,Fixed Assets : Accumulated Depreciation - Vehicles,155500,4,WagWay Group : WagWay Group LLC,,,Non-Current Assets,Fixed Assets,Accumulated Depreciation - Vehicles,155500 Fixed Assets : Accumulated Depreciation - Vehicles,,
254,Equity : Capital Contributions,320000,4,WagWay Group : WagWay Group LLC,,,Equity,Equity,Capital Contributions,320000 Equity : Capital Contributions,,
420,Prepaid Expenses : Prepaid Insurance,130500,4,WagWay Group : WagWay Group LLC,,,Current Assets,Other Current Assets,Prepaid Expenses,Prepaid Insurance,130500 Prepaid Expenses : Prepaid Insurance,130500 Prepaid Expenses : Prepaid Insurance
423,Prepaid Expenses : Prepaid Other,132000,4,WagWay Group : WagWay Group LLC,,,Current Assets,Other Current Assets,Prepaid Expenses,Prepaid Other,132000 Prepaid Expenses : Prepaid Other,132000 Prepaid Expenses : Prepaid Other
424,Other Current Assets,140000,4,WagWay Group : WagWay Group LLC,,,Current Assets,Other Current Assets,Other Current Assets,140000 Other Current Assets,,
428,Intangibles : Transaction Costs,161500,4,WagWay Group : WagWay Group LLC,,,Non-Current Assets,Other Assets,Intangibles,Transaction Costs,161500 Intangibles : Transaction Costs,
431,Intangibles : Accumulated Amortization - Transaction Costs,163000,4,WagWay Group : WagWay Group LLC,,,Non-Current Assets,Other Assets,Intangibles,Accumulated Amortization - Transaction Costs,163000 Intangibles : Accumulated Amortization - Transaction Costs,
433,Other Long term Assets : Security Deposits,170500,4,WagWay Group : WagWay Group LLC,,,Non-Current Assets,Other Assets,Other Long term Assets,Security Deposits,170500 Other Long term Assets : Security Deposits,
440,Accrued Expenses,250000,4,WagWay Group : WagWay Group LLC,,,Non-Current Liabilities,Other Liabilities,Accrued Expenses,250000 Accrued Expenses,,
618,Payroll Liabilities : Accrued Payroll,260500,4,WagWay Group : WagWay Group LLC,,,Non-Current Liabilities,Other Liabilities,Payroll Liabilities,Accrued Payroll,260500 Payroll Liabilities : Accrued Payroll,
621,Payroll Liabilities : Accrued Bonuses,262000,4,WagWay Group : WagWay Group LLC,,,Non-Current Liabilities,Other Liabilities,Payroll Liabilities,Accrued Bonuses,262000 Payroll Liabilities : Accrued Bonuses,
622,Payroll Liabilities : Accrued Payroll Taxes - Federal,262500,4,WagWay Group : WagWay Group LLC,,,Non-Current Liabilities,Other Liabilities,Payroll Liabilities,Accrued Payroll Taxes - Federal,262500 Payroll Liabilities : Accrued Payroll Taxes - Federal,
629,Payroll Liabilities : Accrued 401k,266000,4,WagWay Group : WagWay Group LLC,,,Non-Current Liabilities,Other Liabilities,Payroll Liabilities,Accrued 401k,266000 Payroll Liabilities : Accrued 401k,
820,Operating Expenses : OPEX Wages : Regular Wages,610500,4,WagWay Group : WagWay Group LLC,,,Corporate Expenses,OPEX Wages,Regular Wages,610500 Operating Expenses : OPEX Wages : Regular Wages,,
824,Operating Expenses : OPEX Wages : Bonuses,612500,4,WagWay Group : WagWay Group LLC,,,Corporate Expenses,OPEX Wages,Bonuses,612500 Operating Expenses : OPEX Wages : Bonuses,,
825,Operating Expenses : OPEX Wages : Employer Taxes,613000,4,WagWay Group : WagWay Group LLC,,,Corporate Expenses,OPEX Wages,Employer Taxes,613000 Operating Expenses : OPEX Wages : Employer Taxes,,
826,Operating Expenses : OPEX Wages : Employer Medical/Dental/Vision,613500,4,WagWay Group : WagWay Group LLC,,,Corporate Expenses,OPEX Wages,Employer Medical/Dental/Vision,613500 Operating Expenses : OPEX Wages : Employer Medical/Dental/Vision,,
830,Operating Expenses : OPEX Wages : Employer 401k,615500,4,WagWay Group : WagWay Group LLC,,,Corporate Expenses,OPEX Wages,Employer 401k,615500 Operating Expenses : OPEX Wages : Employer 401k,,
832,Operating Expenses : Facility Expense : Rent,620500,4,WagWay Group : WagWay Group LLC,,,Corporate Expenses,Facility Expense,Rent,620500 Operating Expenses : Facility Expense : Rent,,
834,Operating Expenses : Facility Expense : Gas,621500,4,WagWay Group : WagWay Group LLC,,,Corporate Expenses,Facility Expense,Gas,621500 Operating Expenses : Facility Expense : Gas,,
835,Operating Expenses : Facility Expense : Water,622000,4,WagWay Group : WagWay Group LLC,,,Corporate Expenses,Facility Expense,Water,622000 Operating Expenses : Facility Expense : Water,,
836,Operating Expenses : Facility Expense : Data,622500,4,WagWay Group : WagWay Group LLC,,,Corporate Expenses,Facility Expense,Data,622500 Operating Expenses : Facility Expense : Data,,
837,Operating Expenses : Facility Expense : Phone,623000,4,WagWay Group : WagWay Group LLC,,,Corporate Expenses,Facility Expense,Phone,623000 Operating Expenses : Facility Expense : Phone,,
841,General and Admin : G&A Wages : Regular Wages,710500,4,WagWay Group : WagWay Group LLC,,,Corporate Expenses,General and Admin,G&A Wages,Regular Wages,710500 General and Admin : G&A Wages : Regular Wages,
845,General and Admin : G&A Wages : Bonuses,712500,4,WagWay Group : WagWay Group LLC,,,Corporate Expenses,General and Admin,G&A Wages,Bonuses,712500 General and Admin : G&A Wages : Bonuses,
846,General and Admin : G&A Wages : Employer Taxes,713000,4,WagWay Group : WagWay Group LLC,,,Corporate Expenses,General and Admin,G&A Wages,Employer Taxes,713000 General and Admin : G&A Wages : Employer Taxes,
847,General and Admin : G&A Wages : Employer Medical/Dental/Vision,713500,4,WagWay Group : WagWay Group LLC,,,Corporate Expenses,General and Admin,G&A Wages,Employer Medical/Dental/Vision,713500 General and Admin : G&A Wages : Employer Medical/Dental/Vision,
851,General and Admin : G&A Wages : Employer 401k,715500,4,WagWay Group : WagWay Group LLC,,,Corporate Expenses,General and Admin,G&A Wages,Employer 401k,715500 General and Admin : G&A Wages : Employer 401k,
853,General and Admin : Travel : Airfare,720500,4,WagWay Group : WagWay Group LLC,,,Corporate Expenses,General and Admin,Travel,Airfare,720500 General and Admin : Travel : Airfare,
854,General and Admin : Travel : Lodging,721000,4,WagWay Group : WagWay Group LLC,,,Corporate Expenses,General and Admin,Travel,Lodging,721000 General and Admin : Travel : Lodging,
855,General and Admin : Travel : Meals,721500,4,WagWay Group : WagWay Group LLC,,,Corporate Expenses,General and Admin,Travel,Meals,721500 General and Admin : Travel : Meals,
856,General and Admin : Travel : Entertainment,722000,4,WagWay Group : WagWay Group LLC,,,Corporate Expenses,General and Admin,Travel,Entertainment,722000 General and Admin : Travel : Entertainment,
857,General and Admin : Systems,730000,4,WagWay Group : WagWay Group LLC,,,Corporate Expenses,General and Admin,Systems,730000 General and Admin : Systems,,
862,General and Admin : Insurance : Other Insurance,742000,4,WagWay Group : WagWay Group LLC,,,Corporate Expenses,General and Admin,Insurance,Other Insurance,742000 General and Admin : Insurance : Other Insurance,
864,Other Income : Interest Income,801000,4,WagWay Group : WagWay Group LLC,,,Other (Income) / Expense,Other Income,Interest Income,801000 Other Income : Interest Income,,
920,General and Admin : Marketing : Other Marketing,751000,4,WagWay Group : WagWay Group LLC,,,Corporate Expenses,General and Admin,Marketing,Other Marketing,751000 General and Admin : Marketing : Other Marketing,
1018,Operating Expenses : Facility Expense : Repair and Maintenance,623500,4,WagWay Group : WagWay Group LLC,,,Corporate Expenses,Facility Expense,Repair and Maintenance,623500 Operating Expenses : Facility Expense : Repair and Maintenance,,
1021,Operating Expenses : Other Operating Expense : Fuel,631500,4,WagWay Group : WagWay Group LLC,,,Corporate Expenses,Other Operating Expense,Fuel,631500 Operating Expenses : Other Operating Expense : Fuel,,
1023,General and Admin : Marketing : Brand Materials,750500,4,WagWay Group : WagWay Group LLC,,,Corporate Expenses,General and Admin,Marketing,Brand Materials,750500 General and Admin : Marketing : Brand Materials,
1026,General and Admin : Advertising : Other Advertising,761000,4,WagWay Group : WagWay Group LLC,,,Corporate Expenses,General and Admin,Advertising,Other Advertising,761000 General and Admin : Advertising : Other Advertising,
1027,General and Admin : Professional Services : Legal,770500,4,WagWay Group : WagWay Group LLC,,,Corporate Expenses,General and Admin,Professional Services,Legal,770500 General and Admin : Professional Services : Legal,
1028,General and Admin : Professional Services : IT,771000,4,WagWay Group : WagWay Group LLC,,,Corporate Expenses,General and Admin,Professional Services,IT,771000 General and Admin : Professional Services : IT,
1029,General and Admin : Professional Services : Accounting,771500,4,WagWay Group : WagWay Group LLC,,,Corporate Expenses,General and Admin,Professional Services,Accounting,771500 General and Admin : Professional Services : Accounting,
1030,General and Admin : Professional Services : Recruiting,772000,4,WagWay Group : WagWay Group LLC,,,Corporate Expenses,General and Admin,Professional Services,Recruiting,772000 General and Admin : Professional Services : Recruiting,
1031,General and Admin : Professional Services : Employee Training and Development,772500,4,WagWay Group : WagWay Group LLC,,,Corporate Expenses,General and Admin,Professional Services,Employee Training and Development,772500 General and Admin : Professional Services : Employee Training and Development,
1032,General and Admin : Professional Services : Other Professional Services,773000,4,WagWay Group : WagWay Group LLC,,,Corporate Expenses,General and Admin,Professional Services,Other Professional Services,773000 General and Admin : Professional Services : Other Professional Services,
1033,General and Admin : Other G&A Expenses : Bank Fees and Charges,780500,4,WagWay Group : WagWay Group LLC,,,Corporate Expenses,General and Admin,Other G&A Expenses,Bank Fees and Charges,780500 General and Admin : Other G&A Expenses : Bank Fees and Charges,
1035,General and Admin : Other G&A Expenses : Dues and Subscriptions,781500,4,WagWay Group : WagWay Group LLC,,,Corporate Expenses,General and Admin,Other G&A Expenses,Dues and Subscriptions,781500 General and Admin : Other G&A Expenses : Dues and Subscriptions,
1037,General and Admin : Other G&A Expenses : Taxes and Licenses,782500,4,WagWay Group : WagWay Group LLC,,,Corporate Expenses,General and Admin,Other G&A Expenses,Taxes and Licenses,782500 General and Admin : Other G&A Expenses : Taxes and Licenses,
1038,Other Expense : Depreciation : Depreciation -Equipment,852010,4,WagWay Group : WagWay Group LLC,,,Other (Income) / Expense,Other Expenses,Other Expense,Depreciation,Depreciation -Equipment,852010 Other Expense : Depreciation : Depreciation -Equipment
1039,Other Expense : Depreciation : Depreciation - Furniture & Fixtures,852020,4,WagWay Group : WagWay Group LLC,,,Other (Income) / Expense,Other Expenses,Other Expense,Depreciation,Depreciation - Furniture & Fixtures,852020 Other Expense : Depreciation : Depreciation - Furniture & Fixtures
1040,Other Expense : Depreciation : Depreciation - Leasehold Improvements,852030,4,WagWay Group : WagWay Group LLC,,,Other (Income) / Expense,Other Expenses,Other Expense,Depreciation,Depreciation - Leasehold Improvements,852030 Other Expense : Depreciation : Depreciation - Leasehold Improvements
1041,Other Expense : Depreciation : Depreciation - Software,852040,4,WagWay Group : WagWay Group LLC,,,Other (Income) / Expense,Other Expenses,Other Expense,Depreciation,Depreciation - Software,852040 Other Expense : Depreciation : Depreciation - Software
1042,Other Expense : Depreciation : Depreciation - Vehicles,852050,4,WagWay Group : WagWay Group LLC,,,Other (Income) / Expense,Other Expenses,Other Expense,Depreciation,Depreciation - Vehicles,852050 Other Expense : Depreciation : Depreciation - Vehicles
1147,Cash : Operating : WagWay Operating,101005,4,WagWay Group : WagWay Group LLC,,,Current Assets,Cash,Operating,WagWay Operating,101005 Cash : Operating : WagWay Operating,101005 Cash : Operating : WagWay Operating
1154,Cash : Payroll : WagWay Payroll,101505,4,WagWay Group : WagWay Group LLC,,,Current Assets,Cash,Payroll,WagWay Payroll,101505 Cash : Payroll : WagWay Payroll,101505 Cash : Payroll : WagWay Payroll
1178,Cash : Money Market : WagWay Money Market,102001,4,WagWay Group : WagWay Group LLC,,,Current Assets,Cash,Money Market,WagWay Money Market,102001 Cash : Money Market : WagWay Money Market,102001 Cash : Money Market : WagWay Money Market
1255,Other Expense,850000,4,WagWay Group : WagWay Group LLC,,,Other (Income) / Expense,Other Expenses,Other Expense,850000 Other Expense,,
1258,Other Long term Assets : ASC 842 - ROU Asset Account,171000,4,WagWay Group : WagWay Group LLC,,,Non-Current Assets,Other Assets,Other Long term Assets,ASC 842 - ROU Asset Account,171000 Other Long term Assets : ASC 842 - ROU Asset Account,
1259,Accounts Payable : Accounts Payable Trade,200250,4,WagWay Group : WagWay Group LLC,,,Current Liabilities,Accounts Payable,Accounts Payable Trade,200250 Accounts Payable : Accounts Payable Trade,,
1356,Credit Card Payable - WagWay,210100,4,WagWay Group : WagWay Group LLC,,,Current Liabilities,Credit Card,Credit Card Payable,WagWay,210100 Credit Card Payable - WagWay,
1369,Other Long term Assets : ASC 842 - ROU Accumulated Amortization Acccount,171500,4,WagWay Group : WagWay Group LLC,,,Non-Current Assets,Other Assets,Other Long term Assets,ASC 842 - ROU Accumulated Amortization Acccount,171500 Other Long term Assets : ASC 842 - ROU Accumulated Amortization Acccount,
1370,Investment in Subsidiaries,180000,4,WagWay Group : WagWay Group LLC,,,Non-Current Assets,Other Assets,Investment in Subsidiaries,180000 Investment in Subsidiaries,,
1371,Investment in Subsidiaries : Investment in Sub,180500,4,WagWay Group : WagWay Group LLC,,,Non-Current Assets,Other Assets,Investment in Subsidiaries,Investment in Sub,180500 Investment in Subsidiaries : Investment in Sub,
1373,Other Current Liabilities : ASC 842 - Lease Liability Short-Term Account,221000,4,WagWay Group : WagWay Group LLC,,,Current Liabilities,Other Current Liabilities,ASC 842 - Lease Liability Short-Term Account,221000 Other Current Liabilities : ASC 842 - Lease Liability Short-Term Account,,
1375,Employee Reimbursement : Employee Reimbursement - Ramp,240500,4,WagWay Group : WagWay Group LLC,,,Non-Current Liabilities,Other Liabilities,Employee Reimbursement,Employee Reimbursement - Ramp,240500 Employee Reimbursement : Employee Reimbursement - Ramp,
1381,Other Long term Liabilities : ASC 842 - Lease Liability Long-Term Account,290250,4,WagWay Group : WagWay Group LLC,,,Non-Current Liabilities,Long Term Liabilities,Other Long term Liabilities,ASC 842 - Lease Liability Long-Term Account,290250 Other Long term Liabilities : ASC 842 - Lease Liability Long-Term Account,
1382,Other Long term Liabilities : ASC 842 - Lease Liability Long-Term Contra Account ST Reclas,290500,4,WagWay Group : WagWay Group LLC,,,Non-Current Liabilities,Long Term Liabilities,Other Long term Liabilities,ASC 842 - Lease Liability Long-Term Contra Account ST Reclas,290500 Other Long term Liabilities : ASC 842 - Lease Liability Long-Term Contra Account ST Reclas,
1397,Intercompany AR_x,111000,4,WagWay Group : WagWay Group LLC,,,Current Assets,Other Current Assets,Intercompany AR_x,111000 Intercompany AR_x,,
1398,Intercompany AP_x,200500,4,WagWay Group : WagWay Group LLC,,,Non-Current Liabilities,Other Liabilities,Intercompany AP_x,200500 Intercompany AP_x,,
1399,General and Admin : Travel : Vehicle/Toll/Parking,721750,4,WagWay Group : WagWay Group LLC,,,Corporate Expenses,General and Admin,Travel,Vehicle/Toll/Parking,721750 General and Admin : Travel : Vehicle/Toll/Parking,
1499,General and Admin : Other G&A Expenses : Office Supplies,783000,4,WagWay Group : WagWay Group LLC,,,Corporate Expenses,General and Admin,Other G&A Expenses,Office Supplies,783000 General and Admin : Other G&A Expenses : Office Supplies,
2025,General and Admin : Other G&A Expenses : Managment Fees,784000,4,WagWay Group : WagWay Group LLC,,,Corporate Expenses,General and Admin,Other G&A Expenses,Managment Fees,784000 General and Admin : Other G&A Expenses : Managment Fees,
1032,General and Admin : Professional Services : Other Professional Services,773000,5,WagWay Group : WagWay Group LLC : Pawville Holdings LLC,,,Operating Expenses,Professional Fees,General and Admin,Other Professional Services,773000 General and Admin : Professional Services : Other Professional Services,
1398,Intercompany AP_x,200500,5,WagWay Group : WagWay Group LLC : Pawville Holdings LLC,,,Non-Current Liabilities,Other Liabilities,Intercompany AP_x,200500 Intercompany AP_x,,
52,Equity : Retained Earnings,310000,6,WagWay Group : WagWay Group LLC : PUPS Holdings LLC : PUPS Intermediate Holdings LLC,,,Equity,Equity,Retained Earnings,310000 Equity : Retained Earnings,,
53,Opening Balance,3200,6,WagWay Group : WagWay Group LLC : PUPS Holdings LLC : PUPS Intermediate Holdings LLC,,,Equity,Opening Balance,3200 Opening Balance,,,
221,COGS : COGS Wages : Regular Wages,510500,6,WagWay Group : WagWay Group LLC : PUPS Holdings LLC : PUPS Intermediate Holdings LLC,,,COGS,No Revenue Stream,COGS Wages,Regular Wages,510500 COGS : COGS Wages : Regular Wages,
221,COGS : COGS Wages : Regular Wages,510500,6,WagWay Group : WagWay Group LLC : PUPS Holdings LLC : PUPS Intermediate Holdings LLC,24,Training,COGS,Training,COGS Wages,Regular Wages,510500 COGS : COGS Wages : Regular Wages,
226,COGS : COGS Wages : Employer Taxes,513000,6,WagWay Group : WagWay Group LLC : PUPS Holdings LLC : PUPS Intermediate Holdings LLC,24,Training,COGS,Training,COGS Wages,Employer Taxes,513000 COGS : COGS Wages : Employer Taxes,
226,COGS : COGS Wages : Employer Taxes,513000,6,WagWay Group : WagWay Group LLC : PUPS Holdings LLC : PUPS Intermediate Holdings LLC,,,COGS,No Revenue Stream,COGS Wages,Employer Taxes,513000 COGS : COGS Wages : Employer Taxes,
226,COGS : COGS Wages : Employer Taxes,513000,6,WagWay Group : WagWay Group LLC : PUPS Holdings LLC : PUPS Intermediate Holdings LLC,16,Pet Care,COGS,Pet Care,COGS Wages,Employer Taxes,513000 COGS : COGS Wages : Employer Taxes,
227,COGS : COGS Wages : Employer Medical/Dental/Vision,513500,6,WagWay Group : WagWay Group LLC : PUPS Holdings LLC : PUPS Intermediate Holdings LLC,16,Pet Care,COGS,Pet Care,COGS Wages,Employer Medical/Dental/Vision,513500 COGS : COGS Wages : Employer Medical/Dental/Vision,
227,COGS : COGS Wages : Employer Medical/Dental/Vision,513500,6,WagWay Group : WagWay Group LLC : PUPS Holdings LLC : PUPS Intermediate Holdings LLC,,,COGS,No Revenue Stream,COGS Wages,Employer Medical/Dental/Vision,513500 COGS : COGS Wages : Employer Medical/Dental/Vision,
227,COGS : COGS Wages : Employer Medical/Dental/Vision,513500,6,WagWay Group : WagWay Group LLC : PUPS Holdings LLC : PUPS Intermediate Holdings LLC,1,Grooming,COGS,Grooming,COGS Wages,Employer Medical/Dental/Vision,513500 COGS : COGS Wages : Employer Medical/Dental/Vision,
227,COGS : COGS Wages : Employer Medical/Dental/Vision,513500,6,WagWay Group : WagWay Group LLC : PUPS Holdings LLC : PUPS Intermediate Holdings LLC,24,Training,COGS,Training,COGS Wages,Employer Medical/Dental/Vision,513500 COGS : COGS Wages : Employer Medical/Dental/Vision,
231,COGS : COGS Wages : Employer 401k,515500,6,WagWay Group : WagWay Group LLC : PUPS Holdings LLC : PUPS Intermediate Holdings LLC,24,Training,COGS,Training,COGS Wages,Employer 401k,515500 COGS : COGS Wages : Employer 401k,
231,COGS : COGS Wages : Employer 401k,515500,6,WagWay Group : WagWay Group LLC : PUPS Holdings LLC : PUPS Intermediate Holdings LLC,,,COGS,No Revenue Stream,COGS Wages,Employer 401k,515500 COGS : COGS Wages : Employer 401k,
233,COGS : COGS Consumables : Grooming Supplies,520500,6,WagWay Group : WagWay Group LLC : PUPS Holdings LLC : PUPS Intermediate Holdings LLC,,,COGS,No Revenue Stream,COGS Consumables,Grooming Supplies,520500 COGS : COGS Consumables : Grooming Supplies,
233,COGS : COGS Consumables : Grooming Supplies,520500,6,WagWay Group : WagWay Group LLC : PUPS Holdings LLC : PUPS Intermediate Holdings LLC,1,Grooming,COGS,Grooming,COGS Consumables,Grooming Supplies,520500 COGS : COGS Consumables : Grooming Supplies,
233,COGS : COGS Consumables : Grooming Supplies,520500,6,WagWay Group : WagWay Group LLC : PUPS Holdings LLC : PUPS Intermediate Holdings LLC,16,Pet Care,COGS,Pet Care,COGS Consumables,Grooming Supplies,520500 COGS : COGS Consumables : Grooming Supplies,
235,COGS : COGS Consumables : Other Supplies,521500,6,WagWay Group : WagWay Group LLC : PUPS Holdings LLC : PUPS Intermediate Holdings LLC,16,Pet Care,COGS,Pet Care,COGS Consumables,Other Supplies,521500 COGS : COGS Consumables : Other Supplies,
235,COGS : COGS Consumables : Other Supplies,521500,6,WagWay Group : WagWay Group LLC : PUPS Holdings LLC : PUPS Intermediate Holdings LLC,,,COGS,No Revenue Stream,COGS Consumables,Other Supplies,521500 COGS : COGS Consumables : Other Supplies,
235,COGS : COGS Consumables : Other Supplies,521500,6,WagWay Group : WagWay Group LLC : PUPS Holdings LLC : PUPS Intermediate Holdings LLC,20,Playcare,COGS,Pet Care : Playcare,COGS Consumables,Other Supplies,521500 COGS : COGS Consumables : Other Supplies,
235,COGS : COGS Consumables : Other Supplies,521500,6,WagWay Group : WagWay Group LLC : PUPS Holdings LLC : PUPS Intermediate Holdings LLC,1,Grooming,COGS,Grooming,COGS Consumables,Other Supplies,521500 COGS : COGS Consumables : Other Supplies,
240,Fixed Assets : Construction in Progress,150500,6,WagWay Group : WagWay Group LLC : PUPS Holdings LLC : PUPS Intermediate Holdings LLC,,,Non-Current Assets,Fixed Assets,Construction in Progress,150500 Fixed Assets : Construction in Progress,,
241,Fixed Assets : Equipment,151000,6,WagWay Group : WagWay Group LLC : PUPS Holdings LLC : PUPS Intermediate Holdings LLC,,,Non-Current Assets,Fixed Assets,Equipment,151000 Fixed Assets : Equipment,,
243,Fixed Assets : Leasehold Improvements,152000,6,WagWay Group : WagWay Group LLC : PUPS Holdings LLC : PUPS Intermediate Holdings LLC,,,Non-Current Assets,Fixed Assets,Leasehold Improvements,152000 Fixed Assets : Leasehold Improvements,,
244,Fixed Assets : Software,152500,6,WagWay Group : WagWay Group LLC : PUPS Holdings LLC : PUPS Intermediate Holdings LLC,,,Non-Current Assets,Fixed Assets,Software,152500 Fixed Assets : Software,,
245,Fixed Assets : Vehicles,153000,6,WagWay Group : WagWay Group LLC : PUPS Holdings LLC : PUPS Intermediate Holdings LLC,,,Non-Current Assets,Fixed Assets,Vehicles,153000 Fixed Assets : Vehicles,,
246,Fixed Assets : Accumulated Depreciation - Equipment,153500,6,WagWay Group : WagWay Group LLC : PUPS Holdings LLC : PUPS Intermediate Holdings LLC,,,Non-Current Assets,Fixed Assets,Accumulated Depreciation - Equipment,153500 Fixed Assets : Accumulated Depreciation - Equipment,,
248,Fixed Assets : Accumulated Depreciation - Leasehold Improvements,154500,6,WagWay Group : WagWay Group LLC : PUPS Holdings LLC : PUPS Intermediate Holdings LLC,,,Non-Current Assets,Fixed Assets,Accumulated Depreciation - Leasehold Improvements,154500 Fixed Assets : Accumulated Depreciation - Leasehold Improvements,,
249,Fixed Assets : Accumulated Depreciation - Software,155000,6,WagWay Group : WagWay Group LLC : PUPS Holdings LLC : PUPS Intermediate Holdings LLC,,,Non-Current Assets,Fixed Assets,Accumulated Depreciation - Software,155000 Fixed Assets : Accumulated Depreciation - Software,,
250,Fixed Assets : Accumulated Depreciation - Vehicles,155500,6,WagWay Group : WagWay Group LLC : PUPS Holdings LLC : PUPS Intermediate Holdings LLC,,,Non-Current Assets,Fixed Assets,Accumulated Depreciation - Vehicles,155500 Fixed Assets : Accumulated Depreciation - Vehicles,,
254,Equity : Capital Contributions,320000,6,WagWay Group : WagWay Group LLC : PUPS Holdings LLC : PUPS Intermediate Holdings LLC,,,Equity,Equity,Capital Contributions,320000 Equity : Capital Contributions,,
255,Equity : Rollover Equity,330000,6,WagWay Group : WagWay Group LLC : PUPS Holdings LLC : PUPS Intermediate Holdings LLC,,,Equity,Equity,Rollover Equity,330000 Equity : Rollover Equity,,
421,Prepaid Expenses : Prepaid Dues and Subscriptions,131000,6,WagWay Group : WagWay Group LLC : PUPS Holdings LLC : PUPS Intermediate Holdings LLC,,,Current Assets,Other Current Assets,Prepaid Expenses,Prepaid Dues and Subscriptions,131000 Prepaid Expenses : Prepaid Dues and Subscriptions,131000 Prepaid Expenses : Prepaid Dues and Subscriptions
422,Prepaid Expenses : Prepaid Licenses,131500,6,WagWay Group : WagWay Group LLC : PUPS Holdings LLC : PUPS Intermediate Holdings LLC,,,Current Assets,Other Current Assets,Prepaid Expenses,Prepaid Licenses,131500 Prepaid Expenses : Prepaid Licenses,131500 Prepaid Expenses : Prepaid Licenses
423,Prepaid Expenses : Prepaid Other,132000,6,WagWay Group : WagWay Group LLC : PUPS Holdings LLC : PUPS Intermediate Holdings LLC,,,Current Assets,Other Current Assets,Prepaid Expenses,Prepaid Other,132000 Prepaid Expenses : Prepaid Other,132000 Prepaid Expenses : Prepaid Other
424,Other Current Assets,140000,6,WagWay Group : WagWay Group LLC : PUPS Holdings LLC : PUPS Intermediate Holdings LLC,,,Current Assets,Other Current Assets,Other Current Assets,140000 Other Current Assets,,
426,Intangibles : Goodwill,160500,6,WagWay Group : WagWay Group LLC : PUPS Holdings LLC : PUPS Intermediate Holdings LLC,,,Non-Current Assets,Other Assets,Intangibles,Goodwill,160500 Intangibles : Goodwill,
427,Intangibles : Covenant Not to Compete,161000,6,WagWay Group : WagWay Group LLC : PUPS Holdings LLC : PUPS Intermediate Holdings LLC,,,Non-Current Assets,Other Assets,Intangibles,Covenant Not to Compete,161000 Intangibles : Covenant Not to Compete,
428,Intangibles : Transaction Costs,161500,6,WagWay Group : WagWay Group LLC : PUPS Holdings LLC : PUPS Intermediate Holdings LLC,,,Non-Current Assets,Other Assets,Intangibles,Transaction Costs,161500 Intangibles : Transaction Costs,
429,Intangibles : Accumulated Amortization - Goodwill,162000,6,WagWay Group : WagWay Group LLC : PUPS Holdings LLC : PUPS Intermediate Holdings LLC,,,Non-Current Assets,Other Assets,Intangibles,Accumulated Amortization - Goodwill,162000 Intangibles : Accumulated Amortization - Goodwill,
430,Intangibles : Accumulated Amortization - Covenant Not to Compete,162500,6,WagWay Group : WagWay Group LLC : PUPS Holdings LLC : PUPS Intermediate Holdings LLC,,,Non-Current Assets,Other Assets,Intangibles,Accumulated Amortization - Covenant Not to Compete,162500 Intangibles : Accumulated Amortization - Covenant Not to Compete,
431,Intangibles : Accumulated Amortization - Transaction Costs,163000,6,WagWay Group : WagWay Group LLC : PUPS Holdings LLC : PUPS Intermediate Holdings LLC,,,Non-Current Assets,Other Assets,Intangibles,Accumulated Amortization - Transaction Costs,163000 Intangibles : Accumulated Amortization - Transaction Costs,
433,Other Long term Assets : Security Deposits,170500,6,WagWay Group : WagWay Group LLC : PUPS Holdings LLC : PUPS Intermediate Holdings LLC,,,Non-Current Assets,Other Assets,Other Long term Assets,Security Deposits,170500 Other Long term Assets : Security Deposits,
436,Deferred Revenue : Gift Cards,230500,6,WagWay Group : WagWay Group LLC : PUPS Holdings LLC : PUPS Intermediate Holdings LLC,,,Non-Current Liabilities,Other Liabilities,Deferred Revenue,Gift Cards,230500 Deferred Revenue : Gift Cards,
437,Deferred Revenue : Memberships,231000,6,WagWay Group : WagWay Group LLC : PUPS Holdings LLC : PUPS Intermediate Holdings LLC,,,Non-Current Liabilities,Other Liabilities,Deferred Revenue,Memberships,231000 Deferred Revenue : Memberships,
438,Deferred Revenue : Packages,231500,6,WagWay Group : WagWay Group LLC : PUPS Holdings LLC : PUPS Intermediate Holdings LLC,,,Non-Current Liabilities,Other Liabilities,Deferred Revenue,Packages,231500 Deferred Revenue : Packages,
440,Accrued Expenses,250000,6,WagWay Group : WagWay Group LLC : PUPS Holdings LLC : PUPS Intermediate Holdings LLC,,,Non-Current Liabilities,Other Liabilities,Accrued Expenses,250000 Accrued Expenses,,
618,Payroll Liabilities : Accrued Payroll,260500,6,WagWay Group : WagWay Group LLC : PUPS Holdings LLC : PUPS Intermediate Holdings LLC,,,Non-Current Liabilities,Other Liabilities,Payroll Liabilities,Accrued Payroll,260500 Payroll Liabilities : Accrued Payroll,
621,Payroll Liabilities : Accrued Bonuses,262000,6,WagWay Group : WagWay Group LLC : PUPS Holdings LLC : PUPS Intermediate Holdings LLC,,,Non-Current Liabilities,Other Liabilities,Payroll Liabilities,Accrued Bonuses,262000 Payroll Liabilities : Accrued Bonuses,
622,Payroll Liabilities : Accrued Payroll Taxes - Federal,262500,6,WagWay Group : WagWay Group LLC : PUPS Holdings LLC : PUPS Intermediate Holdings LLC,,,Non-Current Liabilities,Other Liabilities,Payroll Liabilities,Accrued Payroll Taxes - Federal,262500 Payroll Liabilities : Accrued Payroll Taxes - Federal,
625,Payroll Liabilities : Accrued Medical/Dental/Vision,264000,6,WagWay Group : WagWay Group LLC : PUPS Holdings LLC : PUPS Intermediate Holdings LLC,,,Non-Current Liabilities,Other Liabilities,Payroll Liabilities,Accrued Medical/Dental/Vision,264000 Payroll Liabilities : Accrued Medical/Dental/Vision,
629,Payroll Liabilities : Accrued 401k,266000,6,WagWay Group : WagWay Group LLC : PUPS Holdings LLC : PUPS Intermediate Holdings LLC,,,Non-Current Liabilities,Other Liabilities,Payroll Liabilities,Accrued 401k,266000 Payroll Liabilities : Accrued 401k,
630,Payroll Liabilities : Accrued Tips,266500,6,WagWay Group : WagWay Group LLC : PUPS Holdings LLC : PUPS Intermediate Holdings LLC,,,Non-Current Liabilities,Other Liabilities,Payroll Liabilities,Accrued Tips,266500 Payroll Liabilities : Accrued Tips,
718,Revenue : Service Revenue,410000,6,WagWay Group : WagWay Group LLC : PUPS Holdings LLC : PUPS Intermediate Holdings LLC,18,Daycare,Revenue,Pet Care : Daycare,Service Revenue,410000 Revenue : Service Revenue,,
718,Revenue : Service Revenue,410000,6,WagWay Group : WagWay Group LLC : PUPS Holdings LLC : PUPS Intermediate Holdings LLC,2,Memberships,Revenue,Memberships,Service Revenue,410000 Revenue : Service Revenue,,
718,Revenue : Service Revenue,410000,6,WagWay Group : WagWay Group LLC : PUPS Holdings LLC : PUPS Intermediate Holdings LLC,1,Grooming,Revenue,Grooming,Service Revenue,410000 Revenue : Service Revenue,,
718,Revenue : Service Revenue,410000,6,WagWay Group : WagWay Group LLC : PUPS Holdings LLC : PUPS Intermediate Holdings LLC,24,Training,Revenue,Training,Service Revenue,410000 Revenue : Service Revenue,,
718,Revenue : Service Revenue,410000,6,WagWay Group : WagWay Group LLC : PUPS Holdings LLC : PUPS Intermediate Holdings LLC,17,Boarding,Revenue,Pet Care,Service Revenue,410000 Revenue : Service Revenue,,
721,Revenue : Other Revenue,440000,6,WagWay Group : WagWay Group LLC : PUPS Holdings LLC : PUPS Intermediate Holdings LLC,26,Other Revenue,Revenue,Other Revenue,Other Revenue,440000 Revenue : Other Revenue,,
824,Operating Expenses : OPEX Wages : Bonuses,612500,6,WagWay Group : WagWay Group LLC : PUPS Holdings LLC : PUPS Intermediate Holdings LLC,,,Field Corporate Expenses,PUPS Intermediate Holdings,OPEX Wages,Bonuses,612500 Operating Expenses : OPEX Wages : Bonuses,
826,Operating Expenses : OPEX Wages : Employer Medical/Dental/Vision,613500,6,WagWay Group : WagWay Group LLC : PUPS Holdings LLC : PUPS Intermediate Holdings LLC,,,Field Corporate Expenses,PUPS Intermediate Holdings,OPEX Wages,Employer Medical/Dental/Vision,613500 Operating Expenses : OPEX Wages : Employer Medical/Dental/Vision,
832,Operating Expenses : Facility Expense : Rent,620500,6,WagWay Group : WagWay Group LLC : PUPS Holdings LLC : PUPS Intermediate Holdings LLC,,,Field Corporate Expenses,PUPS Intermediate Holdings,Facility Expense,Rent,620500 Operating Expenses : Facility Expense : Rent,
833,Operating Expenses : Facility Expense : Electric,621000,6,WagWay Group : WagWay Group LLC : PUPS Holdings LLC : PUPS Intermediate Holdings LLC,,,Field Corporate Expenses,PUPS Intermediate Holdings,Facility Expense,Electric,621000 Operating Expenses : Facility Expense : Electric,
834,Operating Expenses : Facility Expense : Gas,621500,6,WagWay Group : WagWay Group LLC : PUPS Holdings LLC : PUPS Intermediate Holdings LLC,,,Field Corporate Expenses,PUPS Intermediate Holdings,Facility Expense,Gas,621500 Operating Expenses : Facility Expense : Gas,
835,Operating Expenses : Facility Expense : Water,622000,6,WagWay Group : WagWay Group LLC : PUPS Holdings LLC : PUPS Intermediate Holdings LLC,,,Field Corporate Expenses,PUPS Intermediate Holdings,Facility Expense,Water,622000 Operating Expenses : Facility Expense : Water,
836,Operating Expenses : Facility Expense : Data,622500,6,WagWay Group : WagWay Group LLC : PUPS Holdings LLC : PUPS Intermediate Holdings LLC,,,Field Corporate Expenses,PUPS Intermediate Holdings,Facility Expense,Data,622500 Operating Expenses : Facility Expense : Data,
837,Operating Expenses : Facility Expense : Phone,623000,6,WagWay Group : WagWay Group LLC : PUPS Holdings LLC : PUPS Intermediate Holdings LLC,,,Field Corporate Expenses,PUPS Intermediate Holdings,Facility Expense,Phone,623000 Operating Expenses : Facility Expense : Phone,
841,General and Admin : G&A Wages : Regular Wages,710500,6,WagWay Group : WagWay Group LLC : PUPS Holdings LLC : PUPS Intermediate Holdings LLC,,,Field Corporate Expenses,PUPS Intermediate Holdings,General and Admin,G&A Wages,Regular Wages,710500 General and Admin : G&A Wages : Regular Wages
845,General and Admin : G&A Wages : Bonuses,712500,6,WagWay Group : WagWay Group LLC : PUPS Holdings LLC : PUPS Intermediate Holdings LLC,,,Field Corporate Expenses,PUPS Intermediate Holdings,General and Admin,G&A Wages,Bonuses,712500 General and Admin : G&A Wages : Bonuses
846,General and Admin : G&A Wages : Employer Taxes,713000,6,WagWay Group : WagWay Group LLC : PUPS Holdings LLC : PUPS Intermediate Holdings LLC,,,Field Corporate Expenses,PUPS Intermediate Holdings,General and Admin,G&A Wages,Employer Taxes,713000 General and Admin : G&A Wages : Employer Taxes
847,General and Admin : G&A Wages : Employer Medical/Dental/Vision,713500,6,WagWay Group : WagWay Group LLC : PUPS Holdings LLC : PUPS Intermediate Holdings LLC,,,Field Corporate Expenses,PUPS Intermediate Holdings,General and Admin,G&A Wages,Employer Medical/Dental/Vision,713500 General and Admin : G&A Wages : Employer Medical/Dental/Vision
850,General and Admin : G&A Wages : Employer Life,715000,6,WagWay Group : WagWay Group LLC : PUPS Holdings LLC : PUPS Intermediate Holdings LLC,,,Field Corporate Expenses,PUPS Intermediate Holdings,General and Admin,G&A Wages,Employer Life,715000 General and Admin : G&A Wages : Employer Life
851,General and Admin : G&A Wages : Employer 401k,715500,6,WagWay Group : WagWay Group LLC : PUPS Holdings LLC : PUPS Intermediate Holdings LLC,,,Field Corporate Expenses,PUPS Intermediate Holdings,General and Admin,G&A Wages,Employer 401k,715500 General and Admin : G&A Wages : Employer 401k
853,General and Admin : Travel : Airfare,720500,6,WagWay Group : WagWay Group LLC : PUPS Holdings LLC : PUPS Intermediate Holdings LLC,,,Field Corporate Expenses,PUPS Intermediate Holdings,General and Admin,Travel,Airfare,720500 General and Admin : Travel : Airfare
854,General and Admin : Travel : Lodging,721000,6,WagWay Group : WagWay Group LLC : PUPS Holdings LLC : PUPS Intermediate Holdings LLC,,,Field Corporate Expenses,PUPS Intermediate Holdings,General and Admin,Travel,Lodging,721000 General and Admin : Travel : Lodging
855,General and Admin : Travel : Meals,721500,6,WagWay Group : WagWay Group LLC : PUPS Holdings LLC : PUPS Intermediate Holdings LLC,,,Field Corporate Expenses,PUPS Intermediate Holdings,General and Admin,Travel,Meals,721500 General and Admin : Travel : Meals
856,General and Admin : Travel : Entertainment,722000,6,WagWay Group : WagWay Group LLC : PUPS Holdings LLC : PUPS Intermediate Holdings LLC,,,Field Corporate Expenses,PUPS Intermediate Holdings,General and Admin,Travel,Entertainment,722000 General and Admin : Travel : Entertainment
857,General and Admin : Systems,730000,6,WagWay Group : WagWay Group LLC : PUPS Holdings LLC : PUPS Intermediate Holdings LLC,,,Field Corporate Expenses,PUPS Intermediate Holdings,General and Admin,Systems,730000 General and Admin : Systems,
862,General and Admin : Insurance : Other Insurance,742000,6,WagWay Group : WagWay Group LLC : PUPS Holdings LLC : PUPS Intermediate Holdings LLC,,,Field Corporate Expenses,PUPS Intermediate Holdings,General and Admin,Insurance,Other Insurance,742000 General and Admin : Insurance : Other Insurance
864,Other Income : Interest Income,801000,6,WagWay Group : WagWay Group LLC : PUPS Holdings LLC : PUPS Intermediate Holdings LLC,,,Other (Income) / Expense,Other Income,Interest Income,801000 Other Income : Interest Income,,
865,Other Expense : Interest Expense,851000,6,WagWay Group : WagWay Group LLC : PUPS Holdings LLC : PUPS Intermediate Holdings LLC,,,Other (Income) / Expense,Other Expenses,Other Expense,Interest Expense,851000 Other Expense : Interest Expense,
920,General and Admin : Marketing : Other Marketing,751000,6,WagWay Group : WagWay Group LLC : PUPS Holdings LLC : PUPS Intermediate Holdings LLC,,,Field Corporate Expenses,PUPS Intermediate Holdings,General and Admin,Marketing,Other Marketing,751000 General and Admin : Marketing : Other Marketing
1018,Operating Expenses : Facility Expense : Repair and Maintenance,623500,6,WagWay Group : WagWay Group LLC : PUPS Holdings LLC : PUPS Intermediate Holdings LLC,,,Field Corporate Expenses,PUPS Intermediate Holdings,Facility Expense,Repair and Maintenance,623500 Operating Expenses : Facility Expense : Repair and Maintenance,
1021,Operating Expenses : Other Operating Expense : Fuel,631500,6,WagWay Group : WagWay Group LLC : PUPS Holdings LLC : PUPS Intermediate Holdings LLC,,,Field Corporate Expenses,PUPS Intermediate Holdings,Other Operating Expense,Fuel,631500 Operating Expenses : Other Operating Expense : Fuel,
1023,General and Admin : Marketing : Brand Materials,750500,6,WagWay Group : WagWay Group LLC : PUPS Holdings LLC : PUPS Intermediate Holdings LLC,,,Field Corporate Expenses,PUPS Intermediate Holdings,General and Admin,Marketing,Brand Materials,750500 General and Admin : Marketing : Brand Materials
1025,General and Admin : Advertising : Digital Paid Ads,760500,6,WagWay Group : WagWay Group LLC : PUPS Holdings LLC : PUPS Intermediate Holdings LLC,,,Field Corporate Expenses,PUPS Intermediate Holdings,General and Admin,Advertising,Digital Paid Ads,760500 General and Admin : Advertising : Digital Paid Ads
1026,General and Admin : Advertising : Other Advertising,761000,6,WagWay Group : WagWay Group LLC : PUPS Holdings LLC : PUPS Intermediate Holdings LLC,,,Field Corporate Expenses,PUPS Intermediate Holdings,General and Admin,Advertising,Other Advertising,761000 General and Admin : Advertising : Other Advertising
1027,General and Admin : Professional Services : Legal,770500,6,WagWay Group : WagWay Group LLC : PUPS Holdings LLC : PUPS Intermediate Holdings LLC,,,Field Corporate Expenses,PUPS Intermediate Holdings,General and Admin,Professional Services,Legal,770500 General and Admin : Professional Services : Legal
1028,General and Admin : Professional Services : IT,771000,6,WagWay Group : WagWay Group LLC : PUPS Holdings LLC : PUPS Intermediate Holdings LLC,,,Field Corporate Expenses,PUPS Intermediate Holdings,General and Admin,Professional Services,IT,771000 General and Admin : Professional Services : IT
1029,General and Admin : Professional Services : Accounting,771500,6,WagWay Group : WagWay Group LLC : PUPS Holdings LLC : PUPS Intermediate Holdings LLC,,,Field Corporate Expenses,PUPS Intermediate Holdings,General and Admin,Professional Services,Accounting,771500 General and Admin : Professional Services : Accounting
1030,General and Admin : Professional Services : Recruiting,772000,6,WagWay Group : WagWay Group LLC : PUPS Holdings LLC : PUPS Intermediate Holdings LLC,,,Field Corporate Expenses,PUPS Intermediate Holdings,General and Admin,Professional Services,Recruiting,772000 General and Admin : Professional Services : Recruiting
1031,General and Admin : Professional Services : Employee Training and Development,772500,6,WagWay Group : WagWay Group LLC : PUPS Holdings LLC : PUPS Intermediate Holdings LLC,,,Field Corporate Expenses,PUPS Intermediate Holdings,General and Admin,Professional Services,Employee Training and Development,772500 General and Admin : Professional Services : Employee Training and Development
1032,General and Admin : Professional Services : Other Professional Services,773000,6,WagWay Group : WagWay Group LLC : PUPS Holdings LLC : PUPS Intermediate Holdings LLC,,,Field Corporate Expenses,PUPS Intermediate Holdings,General and Admin,Professional Services,Other Professional Services,773000 General and Admin : Professional Services : Other Professional Services
1033,General and Admin : Other G&A Expenses : Bank Fees and Charges,780500,6,WagWay Group : WagWay Group LLC : PUPS Holdings LLC : PUPS Intermediate Holdings LLC,,,Field Corporate Expenses,PUPS Intermediate Holdings,General and Admin,Other G&A Expenses,Bank Fees and Charges,780500 General and Admin : Other G&A Expenses : Bank Fees and Charges
1035,General and Admin : Other G&A Expenses : Dues and Subscriptions,781500,6,WagWay Group : WagWay Group LLC : PUPS Holdings LLC : PUPS Intermediate Holdings LLC,,,Field Corporate Expenses,PUPS Intermediate Holdings,General and Admin,Other G&A Expenses,Dues and Subscriptions,781500 General and Admin : Other G&A Expenses : Dues and Subscriptions
1036,General and Admin : Other G&A Expenses : Charitable Contributions,782000,6,WagWay Group : WagWay Group LLC : PUPS Holdings LLC : PUPS Intermediate Holdings LLC,,,Field Corporate Expenses,PUPS Intermediate Holdings,General and Admin,Other G&A Expenses,Charitable Contributions,782000 General and Admin : Other G&A Expenses : Charitable Contributions
1037,General and Admin : Other G&A Expenses : Taxes and Licenses,782500,6,WagWay Group : WagWay Group LLC : PUPS Holdings LLC : PUPS Intermediate Holdings LLC,,,Field Corporate Expenses,PUPS Intermediate Holdings,General and Admin,Other G&A Expenses,Taxes and Licenses,782500 General and Admin : Other G&A Expenses : Taxes and Licenses
1038,Other Expense : Depreciation : Depreciation -Equipment,852010,6,WagWay Group : WagWay Group LLC : PUPS Holdings LLC : PUPS Intermediate Holdings LLC,,,Other (Income) / Expense,Other Expenses,Other Expense,Depreciation,Depreciation -Equipment,852010 Other Expense : Depreciation : Depreciation -Equipment
1040,Other Expense : Depreciation : Depreciation - Leasehold Improvements,852030,6,WagWay Group : WagWay Group LLC : PUPS Holdings LLC : PUPS Intermediate Holdings LLC,,,Other (Income) / Expense,Other Expenses,Other Expense,Depreciation,Depreciation - Leasehold Improvements,852030 Other Expense : Depreciation : Depreciation - Leasehold Improvements
1041,Other Expense : Depreciation : Depreciation - Software,852040,6,WagWay Group : WagWay Group LLC : PUPS Holdings LLC : PUPS Intermediate Holdings LLC,,,Other (Income) / Expense,Other Expenses,Other Expense,Depreciation,Depreciation - Software,852040 Other Expense : Depreciation : Depreciation - Software
1042,Other Expense : Depreciation : Depreciation - Vehicles,852050,6,WagWay Group : WagWay Group LLC : PUPS Holdings LLC : PUPS Intermediate Holdings LLC,,,Other (Income) / Expense,Other Expenses,Other Expense,Depreciation,Depreciation - Vehicles,852050 Other Expense : Depreciation : Depreciation - Vehicles
1044,Other Expense : Amortization : Amortization - Goodwill,854010,6,WagWay Group : WagWay Group LLC : PUPS Holdings LLC : PUPS Intermediate Holdings LLC,,,Other (Income) / Expense,Other Expenses,Other Expense,Amortization,Amortization - Goodwill,854010 Other Expense : Amortization : Amortization - Goodwill
1045,Other Expense : Amortization : Amortization - Covenant Not to Compete,854020,6,WagWay Group : WagWay Group LLC : PUPS Holdings LLC : PUPS Intermediate Holdings LLC,,,Other (Income) / Expense,Other Expenses,Other Expense,Amortization,Amortization - Covenant Not to Compete,854020 Other Expense : Amortization : Amortization - Covenant Not to Compete
1046,Other Expense : Amortization : Amortization - Transaction Costs,854030,6,WagWay Group : WagWay Group LLC : PUPS Holdings LLC : PUPS Intermediate Holdings LLC,,,Other (Income) / Expense,Other Expenses,Other Expense,Amortization,Amortization - Transaction Costs,854030 Other Expense : Amortization : Amortization - Transaction Costs
1149,Cash : Operating : PUPS Intermediate Operating,101015,6,WagWay Group : WagWay Group LLC : PUPS Holdings LLC : PUPS Intermediate Holdings LLC,,,Current Assets,Cash,Operating,PUPS Intermediate Operating,101015 Cash : Operating : PUPS Intermediate Operating,101015 Cash : Operating : PUPS Intermediate Operating
1155,Cash : Payroll : PUPS Intermediate Payroll,101510,6,WagWay Group : WagWay Group LLC : PUPS Holdings LLC : PUPS Intermediate Holdings LLC,,,Current Assets,Cash,Payroll,PUPS Intermediate Payroll,101510 Cash : Payroll : PUPS Intermediate Payroll,101510 Cash : Payroll : PUPS Intermediate Payroll
1179,Cash : Money Market : PUPS Intermediate Money Market,102002,6,WagWay Group : WagWay Group LLC : PUPS Holdings LLC : PUPS Intermediate Holdings LLC,,,Current Assets,Cash,Money Market,PUPS Intermediate Money Market,102002 Cash : Money Market : PUPS Intermediate Money Market,102002 Cash : Money Market : PUPS Intermediate Money Market
1255,Other Expense,850000,6,WagWay Group : WagWay Group LLC : PUPS Holdings LLC : PUPS Intermediate Holdings LLC,,,Other (Income) / Expense,Other Expenses,Other Expense,850000 Other Expense,,
1256,Inventory : Retail Inventory,120250,6,WagWay Group : WagWay Group LLC : PUPS Holdings LLC : PUPS Intermediate Holdings LLC,,,Current Assets,Other Current Assets,Inventory,Retail Inventory,120250 Inventory : Retail Inventory,120250 Inventory : Retail Inventory
1259,Accounts Payable : Accounts Payable Trade,200250,6,WagWay Group : WagWay Group LLC : PUPS Holdings LLC : PUPS Intermediate Holdings LLC,,,Current Liabilities,Accounts Payable,Accounts Payable Trade,200250 Accounts Payable : Accounts Payable Trade,,
1353,Accounts Receivable : Accounts Receivable Trade,110250,6,WagWay Group : WagWay Group LLC : PUPS Holdings LLC : PUPS Intermediate Holdings LLC,,,Current Assets,Accounts Receivable,Accounts Receivable,Accounts Receivable Trade,110250 Accounts Receivable : Accounts Receivable Trade,
1353,Accounts Receivable : Accounts Receivable Trade,110250,6,WagWay Group : WagWay Group LLC : PUPS Holdings LLC : PUPS Intermediate Holdings LLC,17,Boarding,Current Assets,Accounts Receivable,Accounts Receivable,Accounts Receivable Trade,110250 Accounts Receivable : Accounts Receivable Trade,
1357,Credit Card Payable - PUPS Intermediate,210200,6,WagWay Group : WagWay Group LLC : PUPS Holdings LLC : PUPS Intermediate Holdings LLC,,,Current Liabilities,Credit Card,Credit Card Payable,PUPS Intermediate,210200 Credit Card Payable - PUPS Intermediate,
1375,Employee Reimbursement : Employee Reimbursement - Ramp,240500,6,WagWay Group : WagWay Group LLC : PUPS Holdings LLC : PUPS Intermediate Holdings LLC,,,Non-Current Liabilities,Other Liabilities,Employee Reimbursement,Employee Reimbursement - Ramp,240500 Employee Reimbursement : Employee Reimbursement - Ramp,
1378,Accrued Expenses : Accrued Expenses - Other,250750,6,WagWay Group : WagWay Group LLC : PUPS Holdings LLC : PUPS Intermediate Holdings LLC,,,Non-Current Liabilities,Other Liabilities,Accrued Expenses,Accrued Expenses - Other,250750 Accrued Expenses : Accrued Expenses - Other,
1384,General and Admin : Advertising : Digital Paid Social,760250,6,WagWay Group : WagWay Group LLC : PUPS Holdings LLC : PUPS Intermediate Holdings LLC,,,Field Corporate Expenses,PUPS Intermediate Holdings,General and Admin,Advertising,Digital Paid Social,760250 General and Admin : Advertising : Digital Paid Social
1395,Deferred Revenue Clearing,280300,6,WagWay Group : WagWay Group LLC : PUPS Holdings LLC : PUPS Intermediate Holdings LLC,,,,,,,,
1397,Intercompany AR_x,111000,6,WagWay Group : WagWay Group LLC : PUPS Holdings LLC : PUPS Intermediate Holdings LLC,,,Current Assets,Other Current Assets,Intercompany AR_x,111000 Intercompany AR_x,,
1397,Intercompany AR_x,111000,6,WagWay Group : WagWay Group LLC : PUPS Holdings LLC : PUPS Intermediate Holdings LLC,20,Playcare,Current Assets,Other Current Assets,Intercompany AR_x,111000 Intercompany AR_x,,
1397,Intercompany AR_x,111000,6,WagWay Group : WagWay Group LLC : PUPS Holdings LLC : PUPS Intermediate Holdings LLC,18,Daycare,Current Assets,Other Current Assets,Intercompany AR_x,111000 Intercompany AR_x,,
1397,Intercompany AR_x,111000,6,WagWay Group : WagWay Group LLC : PUPS Holdings LLC : PUPS Intermediate Holdings LLC,24,Training,Current Assets,Other Current Assets,Intercompany AR_x,111000 Intercompany AR_x,,
1397,Intercompany AR_x,111000,6,WagWay Group : WagWay Group LLC : PUPS Holdings LLC : PUPS Intermediate Holdings LLC,16,Pet Care,Current Assets,Other Current Assets,Intercompany AR_x,111000 Intercompany AR_x,,
1397,Intercompany AR_x,111000,6,WagWay Group : WagWay Group LLC : PUPS Holdings LLC : PUPS Intermediate Holdings LLC,1,Grooming,Current Assets,Other Current Assets,Intercompany AR_x,111000 Intercompany AR_x,,
1398,Intercompany AP_x,200500,6,WagWay Group : WagWay Group LLC : PUPS Holdings LLC : PUPS Intermediate Holdings LLC,,,Non-Current Liabilities,Other Liabilities,Intercompany AP_x,200500 Intercompany AP_x,,
1399,General and Admin : Travel : Vehicle/Toll/Parking,721750,6,WagWay Group : WagWay Group LLC : PUPS Holdings LLC : PUPS Intermediate Holdings LLC,,,Field Corporate Expenses,PUPS Intermediate Holdings,General and Admin,Travel,Vehicle/Toll/Parking,721750 General and Admin : Travel : Vehicle/Toll/Parking
1499,General and Admin : Other G&A Expenses : Office Supplies,783000,6,WagWay Group : WagWay Group LLC : PUPS Holdings LLC : PUPS Intermediate Holdings LLC,,,Field Corporate Expenses,PUPS Intermediate Holdings,General and Admin,Other G&A Expenses,Office Supplies,783000 General and Admin : Other G&A Expenses : Office Supplies
1500,Employee Receivable,110750,6,WagWay Group : WagWay Group LLC : PUPS Holdings LLC : PUPS Intermediate Holdings LLC,,,Current Assets,Other Current Assets,Employee Receivable,110750 Employee Receivable,,
1901,Sweep Clearing Account,103000,6,WagWay Group : WagWay Group LLC : PUPS Holdings LLC : PUPS Intermediate Holdings LLC,,,Current Assets,Other Current Assets,Sweep Clearing Account,103000 Sweep Clearing Account,,
2002,Intercompany AR - RAMP,111001,6,WagWay Group : WagWay Group LLC : PUPS Holdings LLC : PUPS Intermediate Holdings LLC,,,Current Assets,Accounts Receivable,Intercompany AR,RAMP,111001 Intercompany AR - RAMP,111001 Intercompany AR - RAMP
2025,General and Admin : Other G&A Expenses : Managment Fees,784000,6,WagWay Group : WagWay Group LLC : PUPS Holdings LLC : PUPS Intermediate Holdings LLC,,,Field Corporate Expenses,PUPS Intermediate Holdings,General and Admin,Other G&A Expenses,Managment Fees,784000 General and Admin : Other G&A Expenses : Managment Fees
,,,6,WagWay Group : WagWay Group LLC : PUPS Holdings LLC : PUPS Intermediate Holdings LLC,,,,,,,,
,,,6,WagWay Group : WagWay Group LLC : PUPS Holdings LLC : PUPS Intermediate Holdings LLC,16,Pet Care,,,,,,
254,Equity : Capital Contributions,320000,11,WagWay Group : WagWay Group LLC : x WagWay Group LLC Elimination,,,Equity,Equity,Capital Contributions,320000 Equity : Capital Contributions,,
1370,Investment in Subsidiaries,180000,11,WagWay Group : WagWay Group LLC : x WagWay Group LLC Elimination,,,Non-Current Assets,Other Assets,Investment in Subsidiaries,180000 Investment in Subsidiaries,,
1371,Investment in Subsidiaries : Investment in Sub,180500,11,WagWay Group : WagWay Group LLC : x WagWay Group LLC Elimination,,,Non-Current Assets,Other Assets,Investment in Subsidiaries,Investment in Sub,180500 Investment in Subsidiaries : Investment in Sub,
1396,Cumulative Translation Adjustment-Elimination,350200,11,WagWay Group : WagWay Group LLC : x WagWay Group LLC Elimination,,,Equity,Cumulative Translation Adjustment,Elimination,350200 Cumulative Translation Adjustment-Elimination,,
1397,Intercompany AR_x,111000,11,WagWay Group : WagWay Group LLC : x WagWay Group LLC Elimination,,,Current Assets,Other Current Assets,Intercompany AR_x,111000 Intercompany AR_x,,
1398,Intercompany AP_x,200500,11,WagWay Group : WagWay Group LLC : x WagWay Group LLC Elimination,,,Non-Current Liabilities,Other Liabilities,Intercompany AP_x,200500 Intercompany AP_x,,
52,Equity : Retained Earnings,310000,20,WagWay Group : WagWay Group LLC : PUPS Holdings LLC : CHI-PUPS Intermediate Holdings LLC : PPC 1332 S Michigan LLC,,,Equity,Equity,Retained Earnings,310000 Equity : Retained Earnings,,
221,COGS : COGS Wages : Regular Wages,510500,20,WagWay Group : WagWay Group LLC : PUPS Holdings LLC : CHI-PUPS Intermediate Holdings LLC : PPC 1332 S Michigan LLC,24,Training,COGS,Training,COGS Wages,Regular Wages,510500 COGS : COGS Wages : Regular Wages,
221,COGS : COGS Wages : Regular Wages,510500,20,WagWay Group : WagWay Group LLC : PUPS Holdings LLC : CHI-PUPS Intermediate Holdings LLC : PPC 1332 S Michigan LLC,16,Pet Care,COGS,Pet Care,COGS Wages,Regular Wages,510500 COGS : COGS Wages : Regular Wages,
221,COGS : COGS Wages : Regular Wages,510500,20,WagWay Group : WagWay Group LLC : PUPS Holdings LLC : CHI-PUPS Intermediate Holdings LLC : PPC 1332 S Michigan LLC,,,COGS,No Revenue Stream,COGS Wages,Regular Wages,510500 COGS : COGS Wages : Regular Wages,
221,COGS : COGS Wages : Regular Wages,510500,20,WagWay Group : WagWay Group LLC : PUPS Holdings LLC : CHI-PUPS Intermediate Holdings LLC : PPC 1332 S Michigan LLC,1,Grooming,COGS,Grooming,COGS Wages,Regular Wages,510500 COGS : COGS Wages : Regular Wages,
226,COGS : COGS Wages : Employer Taxes,513000,20,WagWay Group : WagWay Group LLC : PUPS Holdings LLC : CHI-PUPS Intermediate Holdings LLC : PPC 1332 S Michigan LLC,16,Pet Care,COGS,Pet Care,COGS Wages,Employer Taxes,513000 COGS : COGS Wages : Employer Taxes,
226,COGS : COGS Wages : Employer Taxes,513000,20,WagWay Group : WagWay Group LLC : PUPS Holdings LLC : CHI-PUPS Intermediate Holdings LLC : PPC 1332 S Michigan LLC,,,COGS,No Revenue Stream,COGS Wages,Employer Taxes,513000 COGS : COGS Wages : Employer Taxes,
226,COGS : COGS Wages : Employer Taxes,513000,20,WagWay Group : WagWay Group LLC : PUPS Holdings LLC : CHI-PUPS Intermediate Holdings LLC : PPC 1332 S Michigan LLC,24,Training,COGS,Training,COGS Wages,Employer Taxes,513000 COGS : COGS Wages : Employer Taxes,
226,COGS : COGS Wages : Employer Taxes,513000,20,WagWay Group : WagWay Group LLC : PUPS Holdings LLC : CHI-PUPS Intermediate Holdings LLC : PPC 1332 S Michigan LLC,1,Grooming,COGS,Grooming,COGS Wages,Employer Taxes,513000 COGS : COGS Wages : Employer Taxes,
227,COGS : COGS Wages : Employer Medical/Dental/Vision,513500,20,WagWay Group : WagWay Group LLC : PUPS Holdings LLC : CHI-PUPS Intermediate Holdings LLC : PPC 1332 S Michigan LLC,16,Pet Care,COGS,Pet Care,COGS Wages,Employer Medical/Dental/Vision,513500 COGS : COGS Wages : Employer Medical/Dental/Vision,
227,COGS : COGS Wages : Employer Medical/Dental/Vision,513500,20,WagWay Group : WagWay Group LLC : PUPS Holdings LLC : CHI-PUPS Intermediate Holdings LLC : PPC 1332 S Michigan LLC,,,COGS,No Revenue Stream,COGS Wages,Employer Medical/Dental/Vision,513500 COGS : COGS Wages : Employer Medical/Dental/Vision,
227,COGS : COGS Wages : Employer Medical/Dental/Vision,513500,20,WagWay Group : WagWay Group LLC : PUPS Holdings LLC : CHI-PUPS Intermediate Holdings LLC : PPC 1332 S Michigan LLC,24,Training,COGS,Training,COGS Wages,Employer Medical/Dental/Vision,513500 COGS : COGS Wages : Employer Medical/Dental/Vision,
227,COGS : COGS Wages : Employer Medical/Dental/Vision,513500,20,WagWay Group : WagWay Group LLC : PUPS Holdings LLC : CHI-PUPS Intermediate Holdings LLC : PPC 1332 S Michigan LLC,1,Grooming,COGS,Grooming,COGS Wages,Employer Medical/Dental/Vision,513500 COGS : COGS Wages : Employer Medical/Dental/Vision,
231,COGS : COGS Wages : Employer 401k,515500,20,WagWay Group : WagWay Group LLC : PUPS Holdings LLC : CHI-PUPS Intermediate Holdings LLC : PPC 1332 S Michigan LLC,16,Pet Care,COGS,Pet Care,COGS Wages,Employer 401k,515500 COGS : COGS Wages : Employer 401k,
231,COGS : COGS Wages : Employer 401k,515500,20,WagWay Group : WagWay Group LLC : PUPS Holdings LLC : CHI-PUPS Intermediate Holdings LLC : PPC 1332 S Michigan LLC,1,Grooming,COGS,Grooming,COGS Wages,Employer 401k,515500 COGS : COGS Wages : Employer 401k,
231,COGS : COGS Wages : Employer 401k,515500,20,WagWay Group : WagWay Group LLC : PUPS Holdings LLC : CHI-PUPS Intermediate Holdings LLC : PPC 1332 S Michigan LLC,,,COGS,No Revenue Stream,COGS Wages,Employer 401k,515500 COGS : COGS Wages : Employer 401k,
231,COGS : COGS Wages : Employer 401k,515500,20,WagWay Group : WagWay Group LLC : PUPS Holdings LLC : CHI-PUPS Intermediate Holdings LLC : PPC 1332 S Michigan LLC,24,Training,COGS,Training,COGS Wages,Employer 401k,515500 COGS : COGS Wages : Employer 401k,
233,COGS : COGS Consumables : Grooming Supplies,520500,20,WagWay Group : WagWay Group LLC : PUPS Holdings LLC : CHI-PUPS Intermediate Holdings LLC : PPC 1332 S Michigan LLC,1,Grooming,COGS,Grooming,COGS Consumables,Grooming Supplies,520500 COGS : COGS Consumables : Grooming Supplies,
233,COGS : COGS Consumables : Grooming Supplies,520500,20,WagWay Group : WagWay Group LLC : PUPS Holdings LLC : CHI-PUPS Intermediate Holdings LLC : PPC 1332 S Michigan LLC,16,Pet Care,COGS,Pet Care,COGS Consumables,Grooming Supplies,520500 COGS : COGS Consumables : Grooming Supplies,
233,COGS : COGS Consumables : Grooming Supplies,520500,20,WagWay Group : WagWay Group LLC : PUPS Holdings LLC : CHI-PUPS Intermediate Holdings LLC : PPC 1332 S Michigan LLC,,,COGS,No Revenue Stream,COGS Consumables,Grooming Supplies,520500 COGS : COGS Consumables : Grooming Supplies,
235,COGS : COGS Consumables : Other Supplies,521500,20,WagWay Group : WagWay Group LLC : PUPS Holdings LLC : CHI-PUPS Intermediate Holdings LLC : PPC 1332 S Michigan LLC,,,COGS,No Revenue Stream,COGS Consumables,Other Supplies,521500 COGS : COGS Consumables : Other Supplies,
235,COGS : COGS Consumables : Other Supplies,521500,20,WagWay Group : WagWay Group LLC : PUPS Holdings LLC : CHI-PUPS Intermediate Holdings LLC : PPC 1332 S Michigan LLC,25,Vet Services,COGS,Vet Services,COGS Consumables,Other Supplies,521500 COGS : COGS Consumables : Other Supplies,
235,COGS : COGS Consumables : Other Supplies,521500,20,WagWay Group : WagWay Group LLC : PUPS Holdings LLC : CHI-PUPS Intermediate Holdings LLC : PPC 1332 S Michigan LLC,20,Playcare,COGS,Pet Care : Playcare,COGS Consumables,Other Supplies,521500 COGS : COGS Consumables : Other Supplies,
235,COGS : COGS Consumables : Other Supplies,521500,20,WagWay Group : WagWay Group LLC : PUPS Holdings LLC : CHI-PUPS Intermediate Holdings LLC : PPC 1332 S Michigan LLC,16,Pet Care,COGS,Pet Care,COGS Consumables,Other Supplies,521500 COGS : COGS Consumables : Other Supplies,
235,COGS : COGS Consumables : Other Supplies,521500,20,WagWay Group : WagWay Group LLC : PUPS Holdings LLC : CHI-PUPS Intermediate Holdings LLC : PPC 1332 S Michigan LLC,18,Daycare,COGS,Pet Care : Daycare,COGS Consumables,Other Supplies,521500 COGS : COGS Consumables : Other Supplies,
236,COGS : COGS Consumables : Retail,522000,20,WagWay Group : WagWay Group LLC : PUPS Holdings LLC : CHI-PUPS Intermediate Holdings LLC : PPC 1332 S Michigan LLC,23,Retail,COGS,Retail,COGS Consumables,Retail,522000 COGS : COGS Consumables : Retail,
241,Fixed Assets : Equipment,151000,20,WagWay Group : WagWay Group LLC : PUPS Holdings LLC : CHI-PUPS Intermediate Holdings LLC : PPC 1332 S Michigan LLC,,,Non-Current Assets,Fixed Assets,Equipment,151000 Fixed Assets : Equipment,,
242,Fixed Assets : Furniture & Fixtures,151500,20,WagWay Group : WagWay Group LLC : PUPS Holdings LLC : CHI-PUPS Intermediate Holdings LLC : PPC 1332 S Michigan LLC,,,Non-Current Assets,Fixed Assets,Furniture & Fixtures,151500 Fixed Assets : Furniture & Fixtures,,
243,Fixed Assets : Leasehold Improvements,152000,20,WagWay Group : WagWay Group LLC : PUPS Holdings LLC : CHI-PUPS Intermediate Holdings LLC : PPC 1332 S Michigan LLC,,,Non-Current Assets,Fixed Assets,Leasehold Improvements,152000 Fixed Assets : Leasehold Improvements,,
244,Fixed Assets : Software,152500,20,WagWay Group : WagWay Group LLC : PUPS Holdings LLC : CHI-PUPS Intermediate Holdings LLC : PPC 1332 S Michigan LLC,,,Non-Current Assets,Fixed Assets,Software,152500 Fixed Assets : Software,,
246,Fixed Assets : Accumulated Depreciation - Equipment,153500,20,WagWay Group : WagWay Group LLC : PUPS Holdings LLC : CHI-PUPS Intermediate Holdings LLC : PPC 1332 S Michigan LLC,,,Non-Current Assets,Fixed Assets,Accumulated Depreciation - Equipment,153500 Fixed Assets : Accumulated Depreciation - Equipment,,
247,Fixed Assets : Accumulated Depreciation - Furniture & Fixtures,154000,20,WagWay Group : WagWay Group LLC : PUPS Holdings LLC : CHI-PUPS Intermediate Holdings LLC : PPC 1332 S Michigan LLC,,,Non-Current Assets,Fixed Assets,Accumulated Depreciation - Furniture & Fixtures,154000 Fixed Assets : Accumulated Depreciation - Furniture & Fixtures,,
248,Fixed Assets : Accumulated Depreciation - Leasehold Improvements,154500,20,WagWay Group : WagWay Group LLC : PUPS Holdings LLC : CHI-PUPS Intermediate Holdings LLC : PPC 1332 S Michigan LLC,,,Non-Current Assets,Fixed Assets,Accumulated Depreciation - Leasehold Improvements,154500 Fixed Assets : Accumulated Depreciation - Leasehold Improvements,,
250,Fixed Assets : Accumulated Depreciation - Vehicles,155500,20,WagWay Group : WagWay Group LLC : PUPS Holdings LLC : CHI-PUPS Intermediate Holdings LLC : PPC 1332 S Michigan LLC,,,Non-Current Assets,Fixed Assets,Accumulated Depreciation - Vehicles,155500 Fixed Assets : Accumulated Depreciation - Vehicles,,
424,Other Current Assets,140000,20,WagWay Group : WagWay Group LLC : PUPS Holdings LLC : CHI-PUPS Intermediate Holdings LLC : PPC 1332 S Michigan LLC,,,Current Assets,Other Current Assets,Other Current Assets,140000 Other Current Assets,,
437,Deferred Revenue : Memberships,231000,20,WagWay Group : WagWay Group LLC : PUPS Holdings LLC : CHI-PUPS Intermediate Holdings LLC : PPC 1332 S Michigan LLC,,,Non-Current Liabilities,Other Liabilities,Deferred Revenue,Memberships,231000 Deferred Revenue : Memberships,
437,Deferred Revenue : Memberships,231000,20,WagWay Group : WagWay Group LLC : PUPS Holdings LLC : CHI-PUPS Intermediate Holdings LLC : PPC 1332 S Michigan LLC,2,Memberships,Non-Current Liabilities,Other Liabilities,Deferred Revenue,Memberships,231000 Deferred Revenue : Memberships,
438,Deferred Revenue : Packages,231500,20,WagWay Group : WagWay Group LLC : PUPS Holdings LLC : CHI-PUPS Intermediate Holdings LLC : PPC 1332 S Michigan LLC,,,Non-Current Liabilities,Other Liabilities,Deferred Revenue,Packages,231500 Deferred Revenue : Packages,
438,Deferred Revenue : Packages,231500,20,WagWay Group : WagWay Group LLC : PUPS Holdings LLC : CHI-PUPS Intermediate Holdings LLC : PPC 1332 S Michigan LLC,18,Daycare,Non-Current Liabilities,Other Liabilities,Deferred Revenue,Packages,231500 Deferred Revenue : Packages,
438,Deferred Revenue : Packages,231500,20,WagWay Group : WagWay Group LLC : PUPS Holdings LLC : CHI-PUPS Intermediate Holdings LLC : PPC 1332 S Michigan LLC,24,Training,Non-Current Liabilities,Other Liabilities,Deferred Revenue,Packages,231500 Deferred Revenue : Packages,
440,Accrued Expenses,250000,20,WagWay Group : WagWay Group LLC : PUPS Holdings LLC : CHI-PUPS Intermediate Holdings LLC : PPC 1332 S Michigan LLC,,,Non-Current Liabilities,Other Liabilities,Accrued Expenses,250000 Accrued Expenses,,
618,Payroll Liabilities : Accrued Payroll,260500,20,WagWay Group : WagWay Group LLC : PUPS Holdings LLC : CHI-PUPS Intermediate Holdings LLC : PPC 1332 S Michigan LLC,,,Non-Current Liabilities,Other Liabilities,Payroll Liabilities,Accrued Payroll,260500 Payroll Liabilities : Accrued Payroll,
621,Payroll Liabilities : Accrued Bonuses,262000,20,WagWay Group : WagWay Group LLC : PUPS Holdings LLC : CHI-PUPS Intermediate Holdings LLC : PPC 1332 S Michigan LLC,,,Non-Current Liabilities,Other Liabilities,Payroll Liabilities,Accrued Bonuses,262000 Payroll Liabilities : Accrued Bonuses,
622,Payroll Liabilities : Accrued Payroll Taxes - Federal,262500,20,WagWay Group : WagWay Group LLC : PUPS Holdings LLC : CHI-PUPS Intermediate Holdings LLC : PPC 1332 S Michigan LLC,,,Non-Current Liabilities,Other Liabilities,Payroll Liabilities,Accrued Payroll Taxes - Federal,262500 Payroll Liabilities : Accrued Payroll Taxes - Federal,
629,Payroll Liabilities : Accrued 401k,266000,20,WagWay Group : WagWay Group LLC : PUPS Holdings LLC : CHI-PUPS Intermediate Holdings LLC : PPC 1332 S Michigan LLC,,,Non-Current Liabilities,Other Liabilities,Payroll Liabilities,Accrued 401k,266000 Payroll Liabilities : Accrued 401k,
630,Payroll Liabilities : Accrued Tips,266500,20,WagWay Group : WagWay Group LLC : PUPS Holdings LLC : CHI-PUPS Intermediate Holdings LLC : PPC 1332 S Michigan LLC,,,Non-Current Liabilities,Other Liabilities,Payroll Liabilities,Accrued Tips,266500 Payroll Liabilities : Accrued Tips,
718,Revenue : Service Revenue,410000,20,WagWay Group : WagWay Group LLC : PUPS Holdings LLC : CHI-PUPS Intermediate Holdings LLC : PPC 1332 S Michigan LLC,22,Walking,Revenue,Pet Care,Service Revenue,410000 Revenue : Service Revenue,,
718,Revenue : Service Revenue,410000,20,WagWay Group : WagWay Group LLC : PUPS Holdings LLC : CHI-PUPS Intermediate Holdings LLC : PPC 1332 S Michigan LLC,,,Revenue,No Revenue Stream,Service Revenue,410000 Revenue : Service Revenue,,
718,Revenue : Service Revenue,410000,20,WagWay Group : WagWay Group LLC : PUPS Holdings LLC : CHI-PUPS Intermediate Holdings LLC : PPC 1332 S Michigan LLC,2,Memberships,Revenue,Memberships,Service Revenue,410000 Revenue : Service Revenue,,
718,Revenue : Service Revenue,410000,20,WagWay Group : WagWay Group LLC : PUPS Holdings LLC : CHI-PUPS Intermediate Holdings LLC : PPC 1332 S Michigan LLC,24,Training,Revenue,Training,Service Revenue,410000 Revenue : Service Revenue,,
718,Revenue : Service Revenue,410000,20,WagWay Group : WagWay Group LLC : PUPS Holdings LLC : CHI-PUPS Intermediate Holdings LLC : PPC 1332 S Michigan LLC,17,Boarding,Revenue,Pet Care,Service Revenue,410000 Revenue : Service Revenue,,
718,Revenue : Service Revenue,410000,20,WagWay Group : WagWay Group LLC : PUPS Holdings LLC : CHI-PUPS Intermediate Holdings LLC : PPC 1332 S Michigan LLC,18,Daycare,Revenue,Pet Care : Daycare,Service Revenue,410000 Revenue : Service Revenue,,
718,Revenue : Service Revenue,410000,20,WagWay Group : WagWay Group LLC : PUPS Holdings LLC : CHI-PUPS Intermediate Holdings LLC : PPC 1332 S Michigan LLC,1,Grooming,Revenue,Grooming,Service Revenue,410000 Revenue : Service Revenue,,
718,Revenue : Service Revenue,410000,20,WagWay Group : WagWay Group LLC : PUPS Holdings LLC : CHI-PUPS Intermediate Holdings LLC : PPC 1332 S Michigan LLC,19,Pet Sitting,Revenue,Pet Care,Service Revenue,410000 Revenue : Service Revenue,,
718,Revenue : Service Revenue,410000,20,WagWay Group : WagWay Group LLC : PUPS Holdings LLC : CHI-PUPS Intermediate Holdings LLC : PPC 1332 S Michigan LLC,20,Playcare,Revenue,Pet Care : Playcare,Service Revenue,410000 Revenue : Service Revenue,,
719,Revenue : Retail,420000,20,WagWay Group : WagWay Group LLC : PUPS Holdings LLC : CHI-PUPS Intermediate Holdings LLC : PPC 1332 S Michigan LLC,23,Retail,Revenue,Retail,Retail,420000 Revenue : Retail,,
719,Revenue : Retail,420000,20,WagWay Group : WagWay Group LLC : PUPS Holdings LLC : CHI-PUPS Intermediate Holdings LLC : PPC 1332 S Michigan LLC,,,Revenue,No Revenue Stream,Retail,420000 Revenue : Retail,,
720,Revenue : Expired Packages,430000,20,WagWay Group : WagWay Group LLC : PUPS Holdings LLC : CHI-PUPS Intermediate Holdings LLC : PPC 1332 S Michigan LLC,,,Revenue,No Revenue Stream,Expired Packages,430000 Revenue : Expired Packages,,
720,Revenue : Expired Packages,430000,20,WagWay Group : WagWay Group LLC : PUPS Holdings LLC : CHI-PUPS Intermediate Holdings LLC : PPC 1332 S Michigan LLC,18,Daycare,Revenue,Pet Care : Daycare,Expired Packages,430000 Revenue : Expired Packages,,
720,Revenue : Expired Packages,430000,20,WagWay Group : WagWay Group LLC : PUPS Holdings LLC : CHI-PUPS Intermediate Holdings LLC : PPC 1332 S Michigan LLC,24,Training,Revenue,Training,Expired Packages,430000 Revenue : Expired Packages,,
720,Revenue : Expired Packages,430000,20,WagWay Group : WagWay Group LLC : PUPS Holdings LLC : CHI-PUPS Intermediate Holdings LLC : PPC 1332 S Michigan LLC,26,Other Revenue,Revenue,Other Revenue,Expired Packages,430000 Revenue : Expired Packages,,
721,Revenue : Other Revenue,440000,20,WagWay Group : WagWay Group LLC : PUPS Holdings LLC : CHI-PUPS Intermediate Holdings LLC : PPC 1332 S Michigan LLC,,,Revenue,No Revenue Stream,Other Revenue,440000 Revenue : Other Revenue,,
721,Revenue : Other Revenue,440000,20,WagWay Group : WagWay Group LLC : PUPS Holdings LLC : CHI-PUPS Intermediate Holdings LLC : PPC 1332 S Michigan LLC,26,Other Revenue,Revenue,Other Revenue,Other Revenue,440000 Revenue : Other Revenue,,
721,Revenue : Other Revenue,440000,20,WagWay Group : WagWay Group LLC : PUPS Holdings LLC : CHI-PUPS Intermediate Holdings LLC : PPC 1332 S Michigan LLC,2,Memberships,Revenue,Memberships,Other Revenue,440000 Revenue : Other Revenue,,
721,Revenue : Other Revenue,440000,20,WagWay Group : WagWay Group LLC : PUPS Holdings LLC : CHI-PUPS Intermediate Holdings LLC : PPC 1332 S Michigan LLC,21,Transportation,Revenue,Pet Care,Other Revenue,440000 Revenue : Other Revenue,,
820,Operating Expenses : OPEX Wages : Regular Wages,610500,20,WagWay Group : WagWay Group LLC : PUPS Holdings LLC : CHI-PUPS Intermediate Holdings LLC : PPC 1332 S Michigan LLC,,,Operating Expenses,Ops Labour Expense,Regular Wages,610500 Operating Expenses : OPEX Wages : Regular Wages,,
825,Operating Expenses : OPEX Wages : Employer Taxes,613000,20,WagWay Group : WagWay Group LLC : PUPS Holdings LLC : CHI-PUPS Intermediate Holdings LLC : PPC 1332 S Michigan LLC,,,Operating Expenses,Ops Labour Expense,Employer Taxes,613000 Operating Expenses : OPEX Wages : Employer Taxes,,
826,Operating Expenses : OPEX Wages : Employer Medical/Dental/Vision,613500,20,WagWay Group : WagWay Group LLC : PUPS Holdings LLC : CHI-PUPS Intermediate Holdings LLC : PPC 1332 S Michigan LLC,,,Operating Expenses,Ops Labour Expense,Employer Medical/Dental/Vision,613500 Operating Expenses : OPEX Wages : Employer Medical/Dental/Vision,,
830,Operating Expenses : OPEX Wages : Employer 401k,615500,20,WagWay Group : WagWay Group LLC : PUPS Holdings LLC : CHI-PUPS Intermediate Holdings LLC : PPC 1332 S Michigan LLC,,,Operating Expenses,Ops Labour Expense,Employer 401k,615500 Operating Expenses : OPEX Wages : Employer 401k,,
832,Operating Expenses : Facility Expense : Rent,620500,20,WagWay Group : WagWay Group LLC : PUPS Holdings LLC : CHI-PUPS Intermediate Holdings LLC : PPC 1332 S Michigan LLC,,,Operating Expenses,Facility Expense,Rent,620500 Operating Expenses : Facility Expense : Rent,,
833,Operating Expenses : Facility Expense : Electric,621000,20,WagWay Group : WagWay Group LLC : PUPS Holdings LLC : CHI-PUPS Intermediate Holdings LLC : PPC 1332 S Michigan LLC,,,Operating Expenses,Facility Expense,Electric,621000 Operating Expenses : Facility Expense : Electric,,
834,Operating Expenses : Facility Expense : Gas,621500,20,WagWay Group : WagWay Group LLC : PUPS Holdings LLC : CHI-PUPS Intermediate Holdings LLC : PPC 1332 S Michigan LLC,,,Operating Expenses,Facility Expense,Gas,621500 Operating Expenses : Facility Expense : Gas,,
836,Operating Expenses : Facility Expense : Data,622500,20,WagWay Group : WagWay Group LLC : PUPS Holdings LLC : CHI-PUPS Intermediate Holdings LLC : PPC 1332 S Michigan LLC,,,Operating Expenses,Facility Expense,Data,622500 Operating Expenses : Facility Expense : Data,,
837,Operating Expenses : Facility Expense : Phone,623000,20,WagWay Group : WagWay Group LLC : PUPS Holdings LLC : CHI-PUPS Intermediate Holdings LLC : PPC 1332 S Michigan LLC,,,Operating Expenses,Facility Expense,Phone,623000 Operating Expenses : Facility Expense : Phone,,
841,General and Admin : G&A Wages : Regular Wages,710500,20,WagWay Group : WagWay Group LLC : PUPS Holdings LLC : CHI-PUPS Intermediate Holdings LLC : PPC 1332 S Michigan LLC,,,Operating Expenses,Operations Expense,General and Admin,G&A Wages,Regular Wages,710500 General and Admin : G&A Wages : Regular Wages
845,General and Admin : G&A Wages : Bonuses,712500,20,WagWay Group : WagWay Group LLC : PUPS Holdings LLC : CHI-PUPS Intermediate Holdings LLC : PPC 1332 S Michigan LLC,,,Operating Expenses,Operations Expense,General and Admin,G&A Wages,Bonuses,712500 General and Admin : G&A Wages : Bonuses
846,General and Admin : G&A Wages : Employer Taxes,713000,20,WagWay Group : WagWay Group LLC : PUPS Holdings LLC : CHI-PUPS Intermediate Holdings LLC : PPC 1332 S Michigan LLC,,,Operating Expenses,Operations Expense,General and Admin,G&A Wages,Employer Taxes,713000 General and Admin : G&A Wages : Employer Taxes
847,General and Admin : G&A Wages : Employer Medical/Dental/Vision,713500,20,WagWay Group : WagWay Group LLC : PUPS Holdings LLC : CHI-PUPS Intermediate Holdings LLC : PPC 1332 S Michigan LLC,,,Operating Expenses,Operations Expense,General and Admin,G&A Wages,Employer Medical/Dental/Vision,713500 General and Admin : G&A Wages : Employer Medical/Dental/Vision
854,General and Admin : Travel : Lodging,721000,20,WagWay Group : WagWay Group LLC : PUPS Holdings LLC : CHI-PUPS Intermediate Holdings LLC : PPC 1332 S Michigan LLC,,,Operating Expenses,Operations Expense,General and Admin,Travel,Lodging,721000 General and Admin : Travel : Lodging
855,General and Admin : Travel : Meals,721500,20,WagWay Group : WagWay Group LLC : PUPS Holdings LLC : CHI-PUPS Intermediate Holdings LLC : PPC 1332 S Michigan LLC,,,Operating Expenses,Operations Expense,General and Admin,Travel,Meals,721500 General and Admin : Travel : Meals
856,General and Admin : Travel : Entertainment,722000,20,WagWay Group : WagWay Group LLC : PUPS Holdings LLC : CHI-PUPS Intermediate Holdings LLC : PPC 1332 S Michigan LLC,,,Operating Expenses,Operations Expense,General and Admin,Travel,Entertainment,722000 General and Admin : Travel : Entertainment
857,General and Admin : Systems,730000,20,WagWay Group : WagWay Group LLC : PUPS Holdings LLC : CHI-PUPS Intermediate Holdings LLC : PPC 1332 S Michigan LLC,,,Operating Expenses,Operations Expense,General and Admin,Systems,730000 General and Admin : Systems,
865,Other Expense : Interest Expense,851000,20,WagWay Group : WagWay Group LLC : PUPS Holdings LLC : CHI-PUPS Intermediate Holdings LLC : PPC 1332 S Michigan LLC,,,Other (Income) / Expense,Other Expenses,Other Expense,Interest Expense,851000 Other Expense : Interest Expense,
920,General and Admin : Marketing : Other Marketing,751000,20,WagWay Group : WagWay Group LLC : PUPS Holdings LLC : CHI-PUPS Intermediate Holdings LLC : PPC 1332 S Michigan LLC,,,Operating Expenses,Operations Expense,General and Admin,Marketing,Other Marketing,751000 General and Admin : Marketing : Other Marketing
1018,Operating Expenses : Facility Expense : Repair and Maintenance,623500,20,WagWay Group : WagWay Group LLC : PUPS Holdings LLC : CHI-PUPS Intermediate Holdings LLC : PPC 1332 S Michigan LLC,,,Operating Expenses,Facility Expense,Repair and Maintenance,623500 Operating Expenses : Facility Expense : Repair and Maintenance,,
1020,Operating Expenses : Other Operating Expense : Auto Repair and Maintenance,631000,20,WagWay Group : WagWay Group LLC : PUPS Holdings LLC : CHI-PUPS Intermediate Holdings LLC : PPC 1332 S Michigan LLC,,,Operating Expenses,Other Operating Expense,Auto Repair and Maintenance,631000 Operating Expenses : Other Operating Expense : Auto Repair and Maintenance,,
1021,Operating Expenses : Other Operating Expense : Fuel,631500,20,WagWay Group : WagWay Group LLC : PUPS Holdings LLC : CHI-PUPS Intermediate Holdings LLC : PPC 1332 S Michigan LLC,,,Operating Expenses,Other Operating Expense,Fuel,631500 Operating Expenses : Other Operating Expense : Fuel,,
1023,General and Admin : Marketing : Brand Materials,750500,20,WagWay Group : WagWay Group LLC : PUPS Holdings LLC : CHI-PUPS Intermediate Holdings LLC : PPC 1332 S Michigan LLC,,,Operating Expenses,Operations Expense,General and Admin,Marketing,Brand Materials,750500 General and Admin : Marketing : Brand Materials
1026,General and Admin : Advertising : Other Advertising,761000,20,WagWay Group : WagWay Group LLC : PUPS Holdings LLC : CHI-PUPS Intermediate Holdings LLC : PPC 1332 S Michigan LLC,,,Operating Expenses,Operations Expense,General and Admin,Advertising,Other Advertising,761000 General and Admin : Advertising : Other Advertising
1028,General and Admin : Professional Services : IT,771000,20,WagWay Group : WagWay Group LLC : PUPS Holdings LLC : CHI-PUPS Intermediate Holdings LLC : PPC 1332 S Michigan LLC,,,Operating Expenses,Professional Fees,General and Admin,IT,771000 General and Admin : Professional Services : IT,
1031,General and Admin : Professional Services : Employee Training and Development,772500,20,WagWay Group : WagWay Group LLC : PUPS Holdings LLC : CHI-PUPS Intermediate Holdings LLC : PPC 1332 S Michigan LLC,,,Operating Expenses,Professional Fees,General and Admin,Employee Training and Development,772500 General and Admin : Professional Services : Employee Training and Development,
1032,General and Admin : Professional Services : Other Professional Services,773000,20,WagWay Group : WagWay Group LLC : PUPS Holdings LLC : CHI-PUPS Intermediate Holdings LLC : PPC 1332 S Michigan LLC,,,Operating Expenses,Professional Fees,General and Admin,Other Professional Services,773000 General and Admin : Professional Services : Other Professional Services,
1033,General and Admin : Other G&A Expenses : Bank Fees and Charges,780500,20,WagWay Group : WagWay Group LLC : PUPS Holdings LLC : CHI-PUPS Intermediate Holdings LLC : PPC 1332 S Michigan LLC,,,Operating Expenses,Operations Expense,General and Admin,Other G&A Expenses,Bank Fees and Charges,780500 General and Admin : Other G&A Expenses : Bank Fees and Charges
1035,General and Admin : Other G&A Expenses : Dues and Subscriptions,781500,20,WagWay Group : WagWay Group LLC : PUPS Holdings LLC : CHI-PUPS Intermediate Holdings LLC : PPC 1332 S Michigan LLC,,,Operating Expenses,Operations Expense,General and Admin,Other G&A Expenses,Dues and Subscriptions,781500 General and Admin : Other G&A Expenses : Dues and Subscriptions
1037,General and Admin : Other G&A Expenses : Taxes and Licenses,782500,20,WagWay Group : WagWay Group LLC : PUPS Holdings LLC : CHI-PUPS Intermediate Holdings LLC : PPC 1332 S Michigan LLC,,,Operating Expenses,Operations Expense,General and Admin,Other G&A Expenses,Taxes and Licenses,782500 General and Admin : Other G&A Expenses : Taxes and Licenses
1038,Other Expense : Depreciation : Depreciation -Equipment,852010,20,WagWay Group : WagWay Group LLC : PUPS Holdings LLC : CHI-PUPS Intermediate Holdings LLC : PPC 1332 S Michigan LLC,,,Other (Income) / Expense,Other Expenses,Other Expense,Depreciation,Depreciation -Equipment,852010 Other Expense : Depreciation : Depreciation -Equipment
1039,Other Expense : Depreciation : Depreciation - Furniture & Fixtures,852020,20,WagWay Group : WagWay Group LLC : PUPS Holdings LLC : CHI-PUPS Intermediate Holdings LLC : PPC 1332 S Michigan LLC,,,Other (Income) / Expense,Other Expenses,Other Expense,Depreciation,Depreciation - Furniture & Fixtures,852020 Other Expense : Depreciation : Depreciation - Furniture & Fixtures
1040,Other Expense : Depreciation : Depreciation - Leasehold Improvements,852030,20,WagWay Group : WagWay Group LLC : PUPS Holdings LLC : CHI-PUPS Intermediate Holdings LLC : PPC 1332 S Michigan LLC,,,Other (Income) / Expense,Other Expenses,Other Expense,Depreciation,Depreciation - Leasehold Improvements,852030 Other Expense : Depreciation : Depreciation - Leasehold Improvements
1157,Cash : Collections : PPC 1332 S Michigan LLC,100501,20,WagWay Group : WagWay Group LLC : PUPS Holdings LLC : CHI-PUPS Intermediate Holdings LLC : PPC 1332 S Michigan LLC,,,Current Assets,Cash,Collections,PPC 1332 S Michigan LLC,100501 Cash : Collections : PPC 1332 S Michigan LLC,100501 Cash : Collections : PPC 1332 S Michigan LLC
1157,Cash : Collections : PPC 1332 S Michigan LLC,100501,20,WagWay Group : WagWay Group LLC : PUPS Holdings LLC : CHI-PUPS Intermediate Holdings LLC : PPC 1332 S Michigan LLC,26,Other Revenue,Current Assets,Cash,Collections,PPC 1332 S Michigan LLC,100501 Cash : Collections : PPC 1332 S Michigan LLC,100501 Cash : Collections : PPC 1332 S Michigan LLC
1157,Cash : Collections : PPC 1332 S Michigan LLC,100501,20,WagWay Group : WagWay Group LLC : PUPS Holdings LLC : CHI-PUPS Intermediate Holdings LLC : PPC 1332 S Michigan LLC,24,Training,Current Assets,Cash,Collections,PPC 1332 S Michigan LLC,100501 Cash : Collections : PPC 1332 S Michigan LLC,100501 Cash : Collections : PPC 1332 S Michigan LLC
1253,Revenue : Sales Discounts,460000,20,WagWay Group : WagWay Group LLC : PUPS Holdings LLC : CHI-PUPS Intermediate Holdings LLC : PPC 1332 S Michigan LLC,17,Boarding,Revenue,Pet Care,Sales Discounts,460000 Revenue : Sales Discounts,,
1253,Revenue : Sales Discounts,460000,20,WagWay Group : WagWay Group LLC : PUPS Holdings LLC : CHI-PUPS Intermediate Holdings LLC : PPC 1332 S Michigan LLC,1,Grooming,Revenue,Grooming,Sales Discounts,460000 Revenue : Sales Discounts,,
1253,Revenue : Sales Discounts,460000,20,WagWay Group : WagWay Group LLC : PUPS Holdings LLC : CHI-PUPS Intermediate Holdings LLC : PPC 1332 S Michigan LLC,23,Retail,Revenue,Retail,Sales Discounts,460000 Revenue : Sales Discounts,,
1253,Revenue : Sales Discounts,460000,20,WagWay Group : WagWay Group LLC : PUPS Holdings LLC : CHI-PUPS Intermediate Holdings LLC : PPC 1332 S Michigan LLC,19,Pet Sitting,Revenue,Pet Care,Sales Discounts,460000 Revenue : Sales Discounts,,
1253,Revenue : Sales Discounts,460000,20,WagWay Group : WagWay Group LLC : PUPS Holdings LLC : CHI-PUPS Intermediate Holdings LLC : PPC 1332 S Michigan LLC,18,Daycare,Revenue,Pet Care : Daycare,Sales Discounts,460000 Revenue : Sales Discounts,,
1253,Revenue : Sales Discounts,460000,20,WagWay Group : WagWay Group LLC : PUPS Holdings LLC : CHI-PUPS Intermediate Holdings LLC : PPC 1332 S Michigan LLC,26,Other Revenue,Revenue,Other Revenue,Sales Discounts,460000 Revenue : Sales Discounts,,
1255,Other Expense,850000,20,WagWay Group : WagWay Group LLC : PUPS Holdings LLC : CHI-PUPS Intermediate Holdings LLC : PPC 1332 S Michigan LLC,,,Other (Income) / Expense,Other Expenses,Other Expense,850000 Other Expense,,
1256,Inventory : Retail Inventory,120250,20,WagWay Group : WagWay Group LLC : PUPS Holdings LLC : CHI-PUPS Intermediate Holdings LLC : PPC 1332 S Michigan LLC,,,Current Assets,Other Current Assets,Inventory,Retail Inventory,120250 Inventory : Retail Inventory,120250 Inventory : Retail Inventory
1258,Other Long term Assets : ASC 842 - ROU Asset Account,171000,20,WagWay Group : WagWay Group LLC : PUPS Holdings LLC : CHI-PUPS Intermediate Holdings LLC : PPC 1332 S Michigan LLC,,,Non-Current Assets,Other Assets,Other Long term Assets,ASC 842 - ROU Asset Account,171000 Other Long term Assets : ASC 842 - ROU Asset Account,
1259,Accounts Payable : Accounts Payable Trade,200250,20,WagWay Group : WagWay Group LLC : PUPS Holdings LLC : CHI-PUPS Intermediate Holdings LLC : PPC 1332 S Michigan LLC,,,Current Liabilities,Accounts Payable,Accounts Payable Trade,200250 Accounts Payable : Accounts Payable Trade,,
1353,Accounts Receivable : Accounts Receivable Trade,110250,20,WagWay Group : WagWay Group LLC : PUPS Holdings LLC : CHI-PUPS Intermediate Holdings LLC : PPC 1332 S Michigan LLC,19,Pet Sitting,Current Assets,Accounts Receivable,Accounts Receivable,Accounts Receivable Trade,110250 Accounts Receivable : Accounts Receivable Trade,
1353,Accounts Receivable : Accounts Receivable Trade,110250,20,WagWay Group : WagWay Group LLC : PUPS Holdings LLC : CHI-PUPS Intermediate Holdings LLC : PPC 1332 S Michigan LLC,2,Memberships,Current Assets,Accounts Receivable,Accounts Receivable,Accounts Receivable Trade,110250 Accounts Receivable : Accounts Receivable Trade,
1353,Accounts Receivable : Accounts Receivable Trade,110250,20,WagWay Group : WagWay Group LLC : PUPS Holdings LLC : CHI-PUPS Intermediate Holdings LLC : PPC 1332 S Michigan LLC,24,Training,Current Assets,Accounts Receivable,Accounts Receivable,Accounts Receivable Trade,110250 Accounts Receivable : Accounts Receivable Trade,
1353,Accounts Receivable : Accounts Receivable Trade,110250,20,WagWay Group : WagWay Group LLC : PUPS Holdings LLC : CHI-PUPS Intermediate Holdings LLC : PPC 1332 S Michigan LLC,,,Current Assets,Accounts Receivable,Accounts Receivable,Accounts Receivable Trade,110250 Accounts Receivable : Accounts Receivable Trade,
1353,Accounts Receivable : Accounts Receivable Trade,110250,20,WagWay Group : WagWay Group LLC : PUPS Holdings LLC : CHI-PUPS Intermediate Holdings LLC : PPC 1332 S Michigan LLC,18,Daycare,Current Assets,Accounts Receivable,Accounts Receivable,Accounts Receivable Trade,110250 Accounts Receivable : Accounts Receivable Trade,
1353,Accounts Receivable : Accounts Receivable Trade,110250,20,WagWay Group : WagWay Group LLC : PUPS Holdings LLC : CHI-PUPS Intermediate Holdings LLC : PPC 1332 S Michigan LLC,1,Grooming,Current Assets,Accounts Receivable,Accounts Receivable,Accounts Receivable Trade,110250 Accounts Receivable : Accounts Receivable Trade,
1369,Other Long term Assets : ASC 842 - ROU Accumulated Amortization Acccount,171500,20,WagWay Group : WagWay Group LLC : PUPS Holdings LLC : CHI-PUPS Intermediate Holdings LLC : PPC 1332 S Michigan LLC,,,Non-Current Assets,Other Assets,Other Long term Assets,ASC 842 - ROU Accumulated Amortization Acccount,171500 Other Long term Assets : ASC 842 - ROU Accumulated Amortization Acccount,
1373,Other Current Liabilities : ASC 842 - Lease Liability Short-Term Account,221000,20,WagWay Group : WagWay Group LLC : PUPS Holdings LLC : CHI-PUPS Intermediate Holdings LLC : PPC 1332 S Michigan LLC,,,Current Liabilities,Other Current Liabilities,ASC 842 - Lease Liability Short-Term Account,221000 Other Current Liabilities : ASC 842 - Lease Liability Short-Term Account,,
1381,Other Long term Liabilities : ASC 842 - Lease Liability Long-Term Account,290250,20,WagWay Group : WagWay Group LLC : PUPS Holdings LLC : CHI-PUPS Intermediate Holdings LLC : PPC 1332 S Michigan LLC,,,Non-Current Liabilities,Long Term Liabilities,Other Long term Liabilities,ASC 842 - Lease Liability Long-Term Account,290250 Other Long term Liabilities : ASC 842 - Lease Liability Long-Term Account,
1382,Other Long term Liabilities : ASC 842 - Lease Liability Long-Term Contra Account ST Reclas,290500,20,WagWay Group : WagWay Group LLC : PUPS Holdings LLC : CHI-PUPS Intermediate Holdings LLC : PPC 1332 S Michigan LLC,,,Non-Current Liabilities,Long Term Liabilities,Other Long term Liabilities,ASC 842 - Lease Liability Long-Term Contra Account ST Reclas,290500 Other Long term Liabilities : ASC 842 - Lease Liability Long-Term Contra Account ST Reclas,
1397,Intercompany AR_x,111000,20,WagWay Group : WagWay Group LLC : PUPS Holdings LLC : CHI-PUPS Intermediate Holdings LLC : PPC 1332 S Michigan LLC,,,Current Assets,Other Current Assets,Intercompany AR_x,111000 Intercompany AR_x,,
1398,Intercompany AP_x,200500,20,WagWay Group : WagWay Group LLC : PUPS Holdings LLC : CHI-PUPS Intermediate Holdings LLC : PPC 1332 S Michigan LLC,16,Pet Care,Non-Current Liabilities,Other Liabilities,Intercompany AP_x,200500 Intercompany AP_x,,
1398,Intercompany AP_x,200500,20,WagWay Group : WagWay Group LLC : PUPS Holdings LLC : CHI-PUPS Intermediate Holdings LLC : PPC 1332 S Michigan LLC,,,Non-Current Liabilities,Other Liabilities,Intercompany AP_x,200500 Intercompany AP_x,,
1398,Intercompany AP_x,200500,20,WagWay Group : WagWay Group LLC : PUPS Holdings LLC : CHI-PUPS Intermediate Holdings LLC : PPC 1332 S Michigan LLC,1,Grooming,Non-Current Liabilities,Other Liabilities,Intercompany AP_x,200500 Intercompany AP_x,,
1398,Intercompany AP_x,200500,20,WagWay Group : WagWay Group LLC : PUPS Holdings LLC : CHI-PUPS Intermediate Holdings LLC : PPC 1332 S Michigan LLC,24,Training,Non-Current Liabilities,Other Liabilities,Intercompany AP_x,200500 Intercompany AP_x,,
1398,Intercompany AP_x,200500,20,WagWay Group : WagWay Group LLC : PUPS Holdings LLC : CHI-PUPS Intermediate Holdings LLC : PPC 1332 S Michigan LLC,20,Playcare,Non-Current Liabilities,Other Liabilities,Intercompany AP_x,200500 Intercompany AP_x,,
1399,General and Admin : Travel : Vehicle/Toll/Parking,721750,20,WagWay Group : WagWay Group LLC : PUPS Holdings LLC : CHI-PUPS Intermediate Holdings LLC : PPC 1332 S Michigan LLC,,,Operating Expenses,Operations Expense,General and Admin,Travel,Vehicle/Toll/Parking,721750 General and Admin : Travel : Vehicle/Toll/Parking
1499,General and Admin : Other G&A Expenses : Office Supplies,783000,20,WagWay Group : WagWay Group LLC : PUPS Holdings LLC : CHI-PUPS Intermediate Holdings LLC : PPC 1332 S Michigan LLC,,,Operating Expenses,Operations Expense,General and Admin,Other G&A Expenses,Office Supplies,783000 General and Admin : Other G&A Expenses : Office Supplies
1501,Ramp Card - PPC 1332 S Michigan LLC,Ramp Card - PPC 1332 S Michigan LLC,20,WagWay Group : WagWay Group LLC : PUPS Holdings LLC : CHI-PUPS Intermediate Holdings LLC : PPC 1332 S Michigan LLC,,,Current Liabilities,Credit Card,Ramp Card,PPC 1332 S Michigan LLC,Ramp Card - PPC 1332 S Michigan LLC Ramp Card - PPC 1332 S Michigan LLC,
2003,Intercompany AP - RAMP,200501,20,WagWay Group : WagWay Group LLC : PUPS Holdings LLC : CHI-PUPS Intermediate Holdings LLC : PPC 1332 S Michigan LLC,,,Current Liabilities,Accounts Payable,Intercompany AP,RAMP,200501 Intercompany AP - RAMP,
2004,Cash : Collections : PPC 1332 S Michigan LLC : S Michigan Clearing Account,100501.1,20,WagWay Group : WagWay Group LLC : PUPS Holdings LLC : CHI-PUPS Intermediate Holdings LLC : PPC 1332 S Michigan LLC,,,Current Assets,Cash,Collections,PPC 1332 S Michigan LLC,S Michigan Clearing Account,
,,,20,WagWay Group : WagWay Group LLC : PUPS Holdings LLC : CHI-PUPS Intermediate Holdings LLC : PPC 1332 S Michigan LLC,16,Pet Care,,,,,,
,,,20,WagWay Group : WagWay Group LLC : PUPS Holdings LLC : CHI-PUPS Intermediate Holdings LLC : PPC 1332 S Michigan LLC,,,,,,,,
52,Equity : Retained Earnings,310000,21,WagWay Group : WagWay Group LLC : PUPS Holdings LLC : CHI-PUPS Intermediate Holdings LLC : PPC 1624 W Division Street LLC,,,Equity,Equity,Retained Earnings,310000 Equity : Retained Earnings,,
221,COGS : COGS Wages : Regular Wages,510500,21,WagWay Group : WagWay Group LLC : PUPS Holdings LLC : CHI-PUPS Intermediate Holdings LLC : PPC 1624 W Division Street LLC,16,Pet Care,COGS,Pet Care,COGS Wages,Regular Wages,510500 COGS : COGS Wages : Regular Wages,
221,COGS : COGS Wages : Regular Wages,510500,21,WagWay Group : WagWay Group LLC : PUPS Holdings LLC : CHI-PUPS Intermediate Holdings LLC : PPC 1624 W Division Street LLC,,,COGS,No Revenue Stream,COGS Wages,Regular Wages,510500 COGS : COGS Wages : Regular Wages,
221,COGS : COGS Wages : Regular Wages,510500,21,WagWay Group : WagWay Group LLC : PUPS Holdings LLC : CHI-PUPS Intermediate Holdings LLC : PPC 1624 W Division Street LLC,1,Grooming,COGS,Grooming,COGS Wages,Regular Wages,510500 COGS : COGS Wages : Regular Wages,
221,COGS : COGS Wages : Regular Wages,510500,21,WagWay Group : WagWay Group LLC : PUPS Holdings LLC : CHI-PUPS Intermediate Holdings LLC : PPC 1624 W Division Street LLC,24,Training,COGS,Training,COGS Wages,Regular Wages,510500 COGS : COGS Wages : Regular Wages,
226,COGS : COGS Wages : Employer Taxes,513000,21,WagWay Group : WagWay Group LLC : PUPS Holdings LLC : CHI-PUPS Intermediate Holdings LLC : PPC 1624 W Division Street LLC,1,Grooming,COGS,Grooming,COGS Wages,Employer Taxes,513000 COGS : COGS Wages : Employer Taxes,
226,COGS : COGS Wages : Employer Taxes,513000,21,WagWay Group : WagWay Group LLC : PUPS Holdings LLC : CHI-PUPS Intermediate Holdings LLC : PPC 1624 W Division Street LLC,,,COGS,No Revenue Stream,COGS Wages,Employer Taxes,513000 COGS : COGS Wages : Employer Taxes,
226,COGS : COGS Wages : Employer Taxes,513000,21,WagWay Group : WagWay Group LLC : PUPS Holdings LLC : CHI-PUPS Intermediate Holdings LLC : PPC 1624 W Division Street LLC,16,Pet Care,COGS,Pet Care,COGS Wages,Employer Taxes,513000 COGS : COGS Wages : Employer Taxes,
226,COGS : COGS Wages : Employer Taxes,513000,21,WagWay Group : WagWay Group LLC : PUPS Holdings LLC : CHI-PUPS Intermediate Holdings LLC : PPC 1624 W Division Street LLC,24,Training,COGS,Training,COGS Wages,Employer Taxes,513000 COGS : COGS Wages : Employer Taxes,
227,COGS : COGS Wages : Employer Medical/Dental/Vision,513500,21,WagWay Group : WagWay Group LLC : PUPS Holdings LLC : CHI-PUPS Intermediate Holdings LLC : PPC 1624 W Division Street LLC,,,COGS,No Revenue Stream,COGS Wages,Employer Medical/Dental/Vision,513500 COGS : COGS Wages : Employer Medical/Dental/Vision,
227,COGS : COGS Wages : Employer Medical/Dental/Vision,513500,21,WagWay Group : WagWay Group LLC : PUPS Holdings LLC : CHI-PUPS Intermediate Holdings LLC : PPC 1624 W Division Street LLC,1,Grooming,COGS,Grooming,COGS Wages,Employer Medical/Dental/Vision,513500 COGS : COGS Wages : Employer Medical/Dental/Vision,
227,COGS : COGS Wages : Employer Medical/Dental/Vision,513500,21,WagWay Group : WagWay Group LLC : PUPS Holdings LLC : CHI-PUPS Intermediate Holdings LLC : PPC 1624 W Division Street LLC,16,Pet Care,COGS,Pet Care,COGS Wages,Employer Medical/Dental/Vision,513500 COGS : COGS Wages : Employer Medical/Dental/Vision,
227,COGS : COGS Wages : Employer Medical/Dental/Vision,513500,21,WagWay Group : WagWay Group LLC : PUPS Holdings LLC : CHI-PUPS Intermediate Holdings LLC : PPC 1624 W Division Street LLC,24,Training,COGS,Training,COGS Wages,Employer Medical/Dental/Vision,513500 COGS : COGS Wages : Employer Medical/Dental/Vision,
231,COGS : COGS Wages : Employer 401k,515500,21,WagWay Group : WagWay Group LLC : PUPS Holdings LLC : CHI-PUPS Intermediate Holdings LLC : PPC 1624 W Division Street LLC,,,COGS,No Revenue Stream,COGS Wages,Employer 401k,515500 COGS : COGS Wages : Employer 401k,
231,COGS : COGS Wages : Employer 401k,515500,21,WagWay Group : WagWay Group LLC : PUPS Holdings LLC : CHI-PUPS Intermediate Holdings LLC : PPC 1624 W Division Street LLC,1,Grooming,COGS,Grooming,COGS Wages,Employer 401k,515500 COGS : COGS Wages : Employer 401k,
231,COGS : COGS Wages : Employer 401k,515500,21,WagWay Group : WagWay Group LLC : PUPS Holdings LLC : CHI-PUPS Intermediate Holdings LLC : PPC 1624 W Division Street LLC,24,Training,COGS,Training,COGS Wages,Employer 401k,515500 COGS : COGS Wages : Employer 401k,
231,COGS : COGS Wages : Employer 401k,515500,21,WagWay Group : WagWay Group LLC : PUPS Holdings LLC : CHI-PUPS Intermediate Holdings LLC : PPC 1624 W Division Street LLC,16,Pet Care,COGS,Pet Care,COGS Wages,Employer 401k,515500 COGS : COGS Wages : Employer 401k,
233,COGS : COGS Consumables : Grooming Supplies,520500,21,WagWay Group : WagWay Group LLC : PUPS Holdings LLC : CHI-PUPS Intermediate Holdings LLC : PPC 1624 W Division Street LLC,,,COGS,No Revenue Stream,COGS Consumables,Grooming Supplies,520500 COGS : COGS Consumables : Grooming Supplies,
233,COGS : COGS Consumables : Grooming Supplies,520500,21,WagWay Group : WagWay Group LLC : PUPS Holdings LLC : CHI-PUPS Intermediate Holdings LLC : PPC 1624 W Division Street LLC,16,Pet Care,COGS,Pet Care,COGS Consumables,Grooming Supplies,520500 COGS : COGS Consumables : Grooming Supplies,
233,COGS : COGS Consumables : Grooming Supplies,520500,21,WagWay Group : WagWay Group LLC : PUPS Holdings LLC : CHI-PUPS Intermediate Holdings LLC : PPC 1624 W Division Street LLC,1,Grooming,COGS,Grooming,COGS Consumables,Grooming Supplies,520500 COGS : COGS Consumables : Grooming Supplies,
235,COGS : COGS Consumables : Other Supplies,521500,21,WagWay Group : WagWay Group LLC : PUPS Holdings LLC : CHI-PUPS Intermediate Holdings LLC : PPC 1624 W Division Street LLC,,,COGS,No Revenue Stream,COGS Consumables,Other Supplies,521500 COGS : COGS Consumables : Other Supplies,
235,COGS : COGS Consumables : Other Supplies,521500,21,WagWay Group : WagWay Group LLC : PUPS Holdings LLC : CHI-PUPS Intermediate Holdings LLC : PPC 1624 W Division Street LLC,20,Playcare,COGS,Pet Care : Playcare,COGS Consumables,Other Supplies,521500 COGS : COGS Consumables : Other Supplies,
235,COGS : COGS Consumables : Other Supplies,521500,21,WagWay Group : WagWay Group LLC : PUPS Holdings LLC : CHI-PUPS Intermediate Holdings LLC : PPC 1624 W Division Street LLC,16,Pet Care,COGS,Pet Care,COGS Consumables,Other Supplies,521500 COGS : COGS Consumables : Other Supplies,
235,COGS : COGS Consumables : Other Supplies,521500,21,WagWay Group : WagWay Group LLC : PUPS Holdings LLC : CHI-PUPS Intermediate Holdings LLC : PPC 1624 W Division Street LLC,25,Vet Services,COGS,Vet Services,COGS Consumables,Other Supplies,521500 COGS : COGS Consumables : Other Supplies,
241,Fixed Assets : Equipment,151000,21,WagWay Group : WagWay Group LLC : PUPS Holdings LLC : CHI-PUPS Intermediate Holdings LLC : PPC 1624 W Division Street LLC,,,Non-Current Assets,Fixed Assets,Equipment,151000 Fixed Assets : Equipment,,
243,Fixed Assets : Leasehold Improvements,152000,21,WagWay Group : WagWay Group LLC : PUPS Holdings LLC : CHI-PUPS Intermediate Holdings LLC : PPC 1624 W Division Street LLC,,,Non-Current Assets,Fixed Assets,Leasehold Improvements,152000 Fixed Assets : Leasehold Improvements,,
244,Fixed Assets : Software,152500,21,WagWay Group : WagWay Group LLC : PUPS Holdings LLC : CHI-PUPS Intermediate Holdings LLC : PPC 1624 W Division Street LLC,,,Non-Current Assets,Fixed Assets,Software,152500 Fixed Assets : Software,,
246,Fixed Assets : Accumulated Depreciation - Equipment,153500,21,WagWay Group : WagWay Group LLC : PUPS Holdings LLC : CHI-PUPS Intermediate Holdings LLC : PPC 1624 W Division Street LLC,,,Non-Current Assets,Fixed Assets,Accumulated Depreciation - Equipment,153500 Fixed Assets : Accumulated Depreciation - Equipment,,
248,Fixed Assets : Accumulated Depreciation - Leasehold Improvements,154500,21,WagWay Group : WagWay Group LLC : PUPS Holdings LLC : CHI-PUPS Intermediate Holdings LLC : PPC 1624 W Division Street LLC,,,Non-Current Assets,Fixed Assets,Accumulated Depreciation - Leasehold Improvements,154500 Fixed Assets : Accumulated Depreciation - Leasehold Improvements,,
250,Fixed Assets : Accumulated Depreciation - Vehicles,155500,21,WagWay Group : WagWay Group LLC : PUPS Holdings LLC : CHI-PUPS Intermediate Holdings LLC : PPC 1624 W Division Street LLC,,,Non-Current Assets,Fixed Assets,Accumulated Depreciation - Vehicles,155500 Fixed Assets : Accumulated Depreciation - Vehicles,,
424,Other Current Assets,140000,21,WagWay Group : WagWay Group LLC : PUPS Holdings LLC : CHI-PUPS Intermediate Holdings LLC : PPC 1624 W Division Street LLC,,,Current Assets,Other Current Assets,Other Current Assets,140000 Other Current Assets,,
437,Deferred Revenue : Memberships,231000,21,WagWay Group : WagWay Group LLC : PUPS Holdings LLC : CHI-PUPS Intermediate Holdings LLC : PPC 1624 W Division Street LLC,,,Non-Current Liabilities,Other Liabilities,Deferred Revenue,Memberships,231000 Deferred Revenue : Memberships,
437,Deferred Revenue : Memberships,231000,21,WagWay Group : WagWay Group LLC : PUPS Holdings LLC : CHI-PUPS Intermediate Holdings LLC : PPC 1624 W Division Street LLC,2,Memberships,Non-Current Liabilities,Other Liabilities,Deferred Revenue,Memberships,231000 Deferred Revenue : Memberships,
438,Deferred Revenue : Packages,231500,21,WagWay Group : WagWay Group LLC : PUPS Holdings LLC : CHI-PUPS Intermediate Holdings LLC : PPC 1624 W Division Street LLC,24,Training,Non-Current Liabilities,Other Liabilities,Deferred Revenue,Packages,231500 Deferred Revenue : Packages,
438,Deferred Revenue : Packages,231500,21,WagWay Group : WagWay Group LLC : PUPS Holdings LLC : CHI-PUPS Intermediate Holdings LLC : PPC 1624 W Division Street LLC,18,Daycare,Non-Current Liabilities,Other Liabilities,Deferred Revenue,Packages,231500 Deferred Revenue : Packages,
438,Deferred Revenue : Packages,231500,21,WagWay Group : WagWay Group LLC : PUPS Holdings LLC : CHI-PUPS Intermediate Holdings LLC : PPC 1624 W Division Street LLC,,,Non-Current Liabilities,Other Liabilities,Deferred Revenue,Packages,231500 Deferred Revenue : Packages,
440,Accrued Expenses,250000,21,WagWay Group : WagWay Group LLC : PUPS Holdings LLC : CHI-PUPS Intermediate Holdings LLC : PPC 1624 W Division Street LLC,,,Non-Current Liabilities,Other Liabilities,Accrued Expenses,250000 Accrued Expenses,,
618,Payroll Liabilities : Accrued Payroll,260500,21,WagWay Group : WagWay Group LLC : PUPS Holdings LLC : CHI-PUPS Intermediate Holdings LLC : PPC 1624 W Division Street LLC,,,Non-Current Liabilities,Other Liabilities,Payroll Liabilities,Accrued Payroll,260500 Payroll Liabilities : Accrued Payroll,
621,Payroll Liabilities : Accrued Bonuses,262000,21,WagWay Group : WagWay Group LLC : PUPS Holdings LLC : CHI-PUPS Intermediate Holdings LLC : PPC 1624 W Division Street LLC,,,Non-Current Liabilities,Other Liabilities,Payroll Liabilities,Accrued Bonuses,262000 Payroll Liabilities : Accrued Bonuses,
622,Payroll Liabilities : Accrued Payroll Taxes - Federal,262500,21,WagWay Group : WagWay Group LLC : PUPS Holdings LLC : CHI-PUPS Intermediate Holdings LLC : PPC 1624 W Division Street LLC,,,Non-Current Liabilities,Other Liabilities,Payroll Liabilities,Accrued Payroll Taxes - Federal,262500 Payroll Liabilities : Accrued Payroll Taxes - Federal,
629,Payroll Liabilities : Accrued 401k,266000,21,WagWay Group : WagWay Group LLC : PUPS Holdings LLC : CHI-PUPS Intermediate Holdings LLC : PPC 1624 W Division Street LLC,,,Non-Current Liabilities,Other Liabilities,Payroll Liabilities,Accrued 401k,266000 Payroll Liabilities : Accrued 401k,
630,Payroll Liabilities : Accrued Tips,266500,21,WagWay Group : WagWay Group LLC : PUPS Holdings LLC : CHI-PUPS Intermediate Holdings LLC : PPC 1624 W Division Street LLC,,,Non-Current Liabilities,Other Liabilities,Payroll Liabilities,Accrued Tips,266500 Payroll Liabilities : Accrued Tips,
718,Revenue : Service Revenue,410000,21,WagWay Group : WagWay Group LLC : PUPS Holdings LLC : CHI-PUPS Intermediate Holdings LLC : PPC 1624 W Division Street LLC,1,Grooming,Revenue,Grooming,Service Revenue,410000 Revenue : Service Revenue,,
718,Revenue : Service Revenue,410000,21,WagWay Group : WagWay Group LLC : PUPS Holdings LLC : CHI-PUPS Intermediate Holdings LLC : PPC 1624 W Division Street LLC,20,Playcare,Revenue,Pet Care : Playcare,Service Revenue,410000 Revenue : Service Revenue,,
718,Revenue : Service Revenue,410000,21,WagWay Group : WagWay Group LLC : PUPS Holdings LLC : CHI-PUPS Intermediate Holdings LLC : PPC 1624 W Division Street LLC,,,Revenue,No Revenue Stream,Service Revenue,410000 Revenue : Service Revenue,,
718,Revenue : Service Revenue,410000,21,WagWay Group : WagWay Group LLC : PUPS Holdings LLC : CHI-PUPS Intermediate Holdings LLC : PPC 1624 W Division Street LLC,21,Transportation,Revenue,Pet Care,Service Revenue,410000 Revenue : Service Revenue,,
718,Revenue : Service Revenue,410000,21,WagWay Group : WagWay Group LLC : PUPS Holdings LLC : CHI-PUPS Intermediate Holdings LLC : PPC 1624 W Division Street LLC,2,Memberships,Revenue,Memberships,Service Revenue,410000 Revenue : Service Revenue,,
718,Revenue : Service Revenue,410000,21,WagWay Group : WagWay Group LLC : PUPS Holdings LLC : CHI-PUPS Intermediate Holdings LLC : PPC 1624 W Division Street LLC,22,Walking,Revenue,Pet Care,Service Revenue,410000 Revenue : Service Revenue,,
718,Revenue : Service Revenue,410000,21,WagWay Group : WagWay Group LLC : PUPS Holdings LLC : CHI-PUPS Intermediate Holdings LLC : PPC 1624 W Division Street LLC,18,Daycare,Revenue,Pet Care : Daycare,Service Revenue,410000 Revenue : Service Revenue,,
718,Revenue : Service Revenue,410000,21,WagWay Group : WagWay Group LLC : PUPS Holdings LLC : CHI-PUPS Intermediate Holdings LLC : PPC 1624 W Division Street LLC,24,Training,Revenue,Training,Service Revenue,410000 Revenue : Service Revenue,,
718,Revenue : Service Revenue,410000,21,WagWay Group : WagWay Group LLC : PUPS Holdings LLC : CHI-PUPS Intermediate Holdings LLC : PPC 1624 W Division Street LLC,19,Pet Sitting,Revenue,Pet Care,Service Revenue,410000 Revenue : Service Revenue,,
718,Revenue : Service Revenue,410000,21,WagWay Group : WagWay Group LLC : PUPS Holdings LLC : CHI-PUPS Intermediate Holdings LLC : PPC 1624 W Division Street LLC,17,Boarding,Revenue,Pet Care,Service Revenue,410000 Revenue : Service Revenue,,
719,Revenue : Retail,420000,21,WagWay Group : WagWay Group LLC : PUPS Holdings LLC : CHI-PUPS Intermediate Holdings LLC : PPC 1624 W Division Street LLC,,,Revenue,No Revenue Stream,Retail,420000 Revenue : Retail,,
719,Revenue : Retail,420000,21,WagWay Group : WagWay Group LLC : PUPS Holdings LLC : CHI-PUPS Intermediate Holdings LLC : PPC 1624 W Division Street LLC,23,Retail,Revenue,Retail,Retail,420000 Revenue : Retail,,
720,Revenue : Expired Packages,430000,21,WagWay Group : WagWay Group LLC : PUPS Holdings LLC : CHI-PUPS Intermediate Holdings LLC : PPC 1624 W Division Street LLC,18,Daycare,Revenue,Pet Care : Daycare,Expired Packages,430000 Revenue : Expired Packages,,
720,Revenue : Expired Packages,430000,21,WagWay Group : WagWay Group LLC : PUPS Holdings LLC : CHI-PUPS Intermediate Holdings LLC : PPC 1624 W Division Street LLC,26,Other Revenue,Revenue,Other Revenue,Expired Packages,430000 Revenue : Expired Packages,,
720,Revenue : Expired Packages,430000,21,WagWay Group : WagWay Group LLC : PUPS Holdings LLC : CHI-PUPS Intermediate Holdings LLC : PPC 1624 W Division Street LLC,,,Revenue,No Revenue Stream,Expired Packages,430000 Revenue : Expired Packages,,
721,Revenue : Other Revenue,440000,21,WagWay Group : WagWay Group LLC : PUPS Holdings LLC : CHI-PUPS Intermediate Holdings LLC : PPC 1624 W Division Street LLC,,,Revenue,No Revenue Stream,Other Revenue,440000 Revenue : Other Revenue,,
721,Revenue : Other Revenue,440000,21,WagWay Group : WagWay Group LLC : PUPS Holdings LLC : CHI-PUPS Intermediate Holdings LLC : PPC 1624 W Division Street LLC,21,Transportation,Revenue,Pet Care,Other Revenue,440000 Revenue : Other Revenue,,
721,Revenue : Other Revenue,440000,21,WagWay Group : WagWay Group LLC : PUPS Holdings LLC : CHI-PUPS Intermediate Holdings LLC : PPC 1624 W Division Street LLC,26,Other Revenue,Revenue,Other Revenue,Other Revenue,440000 Revenue : Other Revenue,,
721,Revenue : Other Revenue,440000,21,WagWay Group : WagWay Group LLC : PUPS Holdings LLC : CHI-PUPS Intermediate Holdings LLC : PPC 1624 W Division Street LLC,2,Memberships,Revenue,Memberships,Other Revenue,440000 Revenue : Other Revenue,,
820,Operating Expenses : OPEX Wages : Regular Wages,610500,21,WagWay Group : WagWay Group LLC : PUPS Holdings LLC : CHI-PUPS Intermediate Holdings LLC : PPC 1624 W Division Street LLC,,,Operating Expenses,Ops Labour Expense,Regular Wages,610500 Operating Expenses : OPEX Wages : Regular Wages,,
825,Operating Expenses : OPEX Wages : Employer Taxes,613000,21,WagWay Group : WagWay Group LLC : PUPS Holdings LLC : CHI-PUPS Intermediate Holdings LLC : PPC 1624 W Division Street LLC,,,Operating Expenses,Ops Labour Expense,Employer Taxes,613000 Operating Expenses : OPEX Wages : Employer Taxes,,
826,Operating Expenses : OPEX Wages : Employer Medical/Dental/Vision,613500,21,WagWay Group : WagWay Group LLC : PUPS Holdings LLC : CHI-PUPS Intermediate Holdings LLC : PPC 1624 W Division Street LLC,,,Operating Expenses,Ops Labour Expense,Employer Medical/Dental/Vision,613500 Operating Expenses : OPEX Wages : Employer Medical/Dental/Vision,,
830,Operating Expenses : OPEX Wages : Employer 401k,615500,21,WagWay Group : WagWay Group LLC : PUPS Holdings LLC : CHI-PUPS Intermediate Holdings LLC : PPC 1624 W Division Street LLC,,,Operating Expenses,Ops Labour Expense,Employer 401k,615500 Operating Expenses : OPEX Wages : Employer 401k,,
832,Operating Expenses : Facility Expense : Rent,620500,21,WagWay Group : WagWay Group LLC : PUPS Holdings LLC : CHI-PUPS Intermediate Holdings LLC : PPC 1624 W Division Street LLC,,,Operating Expenses,Facility Expense,Rent,620500 Operating Expenses : Facility Expense : Rent,,
833,Operating Expenses : Facility Expense : Electric,621000,21,WagWay Group : WagWay Group LLC : PUPS Holdings LLC : CHI-PUPS Intermediate Holdings LLC : PPC 1624 W Division Street LLC,,,Operating Expenses,Facility Expense,Electric,621000 Operating Expenses : Facility Expense : Electric,,
834,Operating Expenses : Facility Expense : Gas,621500,21,WagWay Group : WagWay Group LLC : PUPS Holdings LLC : CHI-PUPS Intermediate Holdings LLC : PPC 1624 W Division Street LLC,,,Operating Expenses,Facility Expense,Gas,621500 Operating Expenses : Facility Expense : Gas,,
836,Operating Expenses : Facility Expense : Data,622500,21,WagWay Group : WagWay Group LLC : PUPS Holdings LLC : CHI-PUPS Intermediate Holdings LLC : PPC 1624 W Division Street LLC,,,Operating Expenses,Facility Expense,Data,622500 Operating Expenses : Facility Expense : Data,,
837,Operating Expenses : Facility Expense : Phone,623000,21,WagWay Group : WagWay Group LLC : PUPS Holdings LLC : CHI-PUPS Intermediate Holdings LLC : PPC 1624 W Division Street LLC,,,Operating Expenses,Facility Expense,Phone,623000 Operating Expenses : Facility Expense : Phone,,
847,General and Admin : G&A Wages : Employer Medical/Dental/Vision,713500,21,WagWay Group : WagWay Group LLC : PUPS Holdings LLC : CHI-PUPS Intermediate Holdings LLC : PPC 1624 W Division Street LLC,,,Operating Expenses,Operations Expense,General and Admin,G&A Wages,Employer Medical/Dental/Vision,713500 General and Admin : G&A Wages : Employer Medical/Dental/Vision
854,General and Admin : Travel : Lodging,721000,21,WagWay Group : WagWay Group LLC : PUPS Holdings LLC : CHI-PUPS Intermediate Holdings LLC : PPC 1624 W Division Street LLC,,,Operating Expenses,Operations Expense,General and Admin,Travel,Lodging,721000 General and Admin : Travel : Lodging
855,General and Admin : Travel : Meals,721500,21,WagWay Group : WagWay Group LLC : PUPS Holdings LLC : CHI-PUPS Intermediate Holdings LLC : PPC 1624 W Division Street LLC,,,Operating Expenses,Operations Expense,General and Admin,Travel,Meals,721500 General and Admin : Travel : Meals
856,General and Admin : Travel : Entertainment,722000,21,WagWay Group : WagWay Group LLC : PUPS Holdings LLC : CHI-PUPS Intermediate Holdings LLC : PPC 1624 W Division Street LLC,,,Operating Expenses,Operations Expense,General and Admin,Travel,Entertainment,722000 General and Admin : Travel : Entertainment
857,General and Admin : Systems,730000,21,WagWay Group : WagWay Group LLC : PUPS Holdings LLC : CHI-PUPS Intermediate Holdings LLC : PPC 1624 W Division Street LLC,,,Operating Expenses,Operations Expense,General and Admin,Systems,730000 General and Admin : Systems,
920,General and Admin : Marketing : Other Marketing,751000,21,WagWay Group : WagWay Group LLC : PUPS Holdings LLC : CHI-PUPS Intermediate Holdings LLC : PPC 1624 W Division Street LLC,,,Operating Expenses,Operations Expense,General and Admin,Marketing,Other Marketing,751000 General and Admin : Marketing : Other Marketing
1018,Operating Expenses : Facility Expense : Repair and Maintenance,623500,21,WagWay Group : WagWay Group LLC : PUPS Holdings LLC : CHI-PUPS Intermediate Holdings LLC : PPC 1624 W Division Street LLC,,,Operating Expenses,Facility Expense,Repair and Maintenance,623500 Operating Expenses : Facility Expense : Repair and Maintenance,,
1027,General and Admin : Professional Services : Legal,770500,21,WagWay Group : WagWay Group LLC : PUPS Holdings LLC : CHI-PUPS Intermediate Holdings LLC : PPC 1624 W Division Street LLC,,,Operating Expenses,Professional Fees,General and Admin,Legal,770500 General and Admin : Professional Services : Legal,
1031,General and Admin : Professional Services : Employee Training and Development,772500,21,WagWay Group : WagWay Group LLC : PUPS Holdings LLC : CHI-PUPS Intermediate Holdings LLC : PPC 1624 W Division Street LLC,,,Operating Expenses,Professional Fees,General and Admin,Employee Training and Development,772500 General and Admin : Professional Services : Employee Training and Development,
1032,General and Admin : Professional Services : Other Professional Services,773000,21,WagWay Group : WagWay Group LLC : PUPS Holdings LLC : CHI-PUPS Intermediate Holdings LLC : PPC 1624 W Division Street LLC,,,Operating Expenses,Professional Fees,General and Admin,Other Professional Services,773000 General and Admin : Professional Services : Other Professional Services,
1033,General and Admin : Other G&A Expenses : Bank Fees and Charges,780500,21,WagWay Group : WagWay Group LLC : PUPS Holdings LLC : CHI-PUPS Intermediate Holdings LLC : PPC 1624 W Division Street LLC,,,Operating Expenses,Operations Expense,General and Admin,Other G&A Expenses,Bank Fees and Charges,780500 General and Admin : Other G&A Expenses : Bank Fees and Charges
1035,General and Admin : Other G&A Expenses : Dues and Subscriptions,781500,21,WagWay Group : WagWay Group LLC : PUPS Holdings LLC : CHI-PUPS Intermediate Holdings LLC : PPC 1624 W Division Street LLC,,,Operating Expenses,Operations Expense,General and Admin,Other G&A Expenses,Dues and Subscriptions,781500 General and Admin : Other G&A Expenses : Dues and Subscriptions
1037,General and Admin : Other G&A Expenses : Taxes and Licenses,782500,21,WagWay Group : WagWay Group LLC : PUPS Holdings LLC : CHI-PUPS Intermediate Holdings LLC : PPC 1624 W Division Street LLC,,,Operating Expenses,Operations Expense,General and Admin,Other G&A Expenses,Taxes and Licenses,782500 General and Admin : Other G&A Expenses : Taxes and Licenses
1038,Other Expense : Depreciation : Depreciation -Equipment,852010,21,WagWay Group : WagWay Group LLC : PUPS Holdings LLC : CHI-PUPS Intermediate Holdings LLC : PPC 1624 W Division Street LLC,,,Other (Income) / Expense,Other Expenses,Other Expense,Depreciation,Depreciation -Equipment,852010 Other Expense : Depreciation : Depreciation -Equipment
1040,Other Expense : Depreciation : Depreciation - Leasehold Improvements,852030,21,WagWay Group : WagWay Group LLC : PUPS Holdings LLC : CHI-PUPS Intermediate Holdings LLC : PPC 1624 W Division Street LLC,,,Other (Income) / Expense,Other Expenses,Other Expense,Depreciation,Depreciation - Leasehold Improvements,852030 Other Expense : Depreciation : Depreciation - Leasehold Improvements
1158,Cash : Collections : PPC 1624 W Division Street LLC,100502,21,WagWay Group : WagWay Group LLC : PUPS Holdings LLC : CHI-PUPS Intermediate Holdings LLC : PPC 1624 W Division Street LLC,,,Current Assets,Cash,Collections,PPC 1624 W Division Street LLC,100502 Cash : Collections : PPC 1624 W Division Street LLC,100502 Cash : Collections : PPC 1624 W Division Street LLC
1253,Revenue : Sales Discounts,460000,21,WagWay Group : WagWay Group LLC : PUPS Holdings LLC : CHI-PUPS Intermediate Holdings LLC : PPC 1624 W Division Street LLC,18,Daycare,Revenue,Pet Care : Daycare,Sales Discounts,460000 Revenue : Sales Discounts,,
1253,Revenue : Sales Discounts,460000,21,WagWay Group : WagWay Group LLC : PUPS Holdings LLC : CHI-PUPS Intermediate Holdings LLC : PPC 1624 W Division Street LLC,1,Grooming,Revenue,Grooming,Sales Discounts,460000 Revenue : Sales Discounts,,
1253,Revenue : Sales Discounts,460000,21,WagWay Group : WagWay Group LLC : PUPS Holdings LLC : CHI-PUPS Intermediate Holdings LLC : PPC 1624 W Division Street LLC,19,Pet Sitting,Revenue,Pet Care,Sales Discounts,460000 Revenue : Sales Discounts,,
1253,Revenue : Sales Discounts,460000,21,WagWay Group : WagWay Group LLC : PUPS Holdings LLC : CHI-PUPS Intermediate Holdings LLC : PPC 1624 W Division Street LLC,26,Other Revenue,Revenue,Other Revenue,Sales Discounts,460000 Revenue : Sales Discounts,,
1253,Revenue : Sales Discounts,460000,21,WagWay Group : WagWay Group LLC : PUPS Holdings LLC : CHI-PUPS Intermediate Holdings LLC : PPC 1624 W Division Street LLC,17,Boarding,Revenue,Pet Care,Sales Discounts,460000 Revenue : Sales Discounts,,
1256,Inventory : Retail Inventory,120250,21,WagWay Group : WagWay Group LLC : PUPS Holdings LLC : CHI-PUPS Intermediate Holdings LLC : PPC 1624 W Division Street LLC,,,Current Assets,Other Current Assets,Inventory,Retail Inventory,120250 Inventory : Retail Inventory,120250 Inventory : Retail Inventory
1257,Inventory : Veterinary Inventory,120500,21,WagWay Group : WagWay Group LLC : PUPS Holdings LLC : CHI-PUPS Intermediate Holdings LLC : PPC 1624 W Division Street LLC,,,Current Assets,Other Current Assets,Inventory,Veterinary Inventory,120500 Inventory : Veterinary Inventory,120500 Inventory : Veterinary Inventory
1258,Other Long term Assets : ASC 842 - ROU Asset Account,171000,21,WagWay Group : WagWay Group LLC : PUPS Holdings LLC : CHI-PUPS Intermediate Holdings LLC : PPC 1624 W Division Street LLC,,,Non-Current Assets,Other Assets,Other Long term Assets,ASC 842 - ROU Asset Account,171000 Other Long term Assets : ASC 842 - ROU Asset Account,
1259,Accounts Payable : Accounts Payable Trade,200250,21,WagWay Group : WagWay Group LLC : PUPS Holdings LLC : CHI-PUPS Intermediate Holdings LLC : PPC 1624 W Division Street LLC,,,Current Liabilities,Accounts Payable,Accounts Payable Trade,200250 Accounts Payable : Accounts Payable Trade,,
1353,Accounts Receivable : Accounts Receivable Trade,110250,21,WagWay Group : WagWay Group LLC : PUPS Holdings LLC : CHI-PUPS Intermediate Holdings LLC : PPC 1624 W Division Street LLC,1,Grooming,Current Assets,Accounts Receivable,Accounts Receivable,Accounts Receivable Trade,110250 Accounts Receivable : Accounts Receivable Trade,
1353,Accounts Receivable : Accounts Receivable Trade,110250,21,WagWay Group : WagWay Group LLC : PUPS Holdings LLC : CHI-PUPS Intermediate Holdings LLC : PPC 1624 W Division Street LLC,,,Current Assets,Accounts Receivable,Accounts Receivable,Accounts Receivable Trade,110250 Accounts Receivable : Accounts Receivable Trade,
1353,Accounts Receivable : Accounts Receivable Trade,110250,21,WagWay Group : WagWay Group LLC : PUPS Holdings LLC : CHI-PUPS Intermediate Holdings LLC : PPC 1624 W Division Street LLC,18,Daycare,Current Assets,Accounts Receivable,Accounts Receivable,Accounts Receivable Trade,110250 Accounts Receivable : Accounts Receivable Trade,
1353,Accounts Receivable : Accounts Receivable Trade,110250,21,WagWay Group : WagWay Group LLC : PUPS Holdings LLC : CHI-PUPS Intermediate Holdings LLC : PPC 1624 W Division Street LLC,24,Training,Current Assets,Accounts Receivable,Accounts Receivable,Accounts Receivable Trade,110250 Accounts Receivable : Accounts Receivable Trade,
1353,Accounts Receivable : Accounts Receivable Trade,110250,21,WagWay Group : WagWay Group LLC : PUPS Holdings LLC : CHI-PUPS Intermediate Holdings LLC : PPC 1624 W Division Street LLC,19,Pet Sitting,Current Assets,Accounts Receivable,Accounts Receivable,Accounts Receivable Trade,110250 Accounts Receivable : Accounts Receivable Trade,
1353,Accounts Receivable : Accounts Receivable Trade,110250,21,WagWay Group : WagWay Group LLC : PUPS Holdings LLC : CHI-PUPS Intermediate Holdings LLC : PPC 1624 W Division Street LLC,2,Memberships,Current Assets,Accounts Receivable,Accounts Receivable,Accounts Receivable Trade,110250 Accounts Receivable : Accounts Receivable Trade,
1369,Other Long term Assets : ASC 842 - ROU Accumulated Amortization Acccount,171500,21,WagWay Group : WagWay Group LLC : PUPS Holdings LLC : CHI-PUPS Intermediate Holdings LLC : PPC 1624 W Division Street LLC,,,Non-Current Assets,Other Assets,Other Long term Assets,ASC 842 - ROU Accumulated Amortization Acccount,171500 Other Long term Assets : ASC 842 - ROU Accumulated Amortization Acccount,
1373,Other Current Liabilities : ASC 842 - Lease Liability Short-Term Account,221000,21,WagWay Group : WagWay Group LLC : PUPS Holdings LLC : CHI-PUPS Intermediate Holdings LLC : PPC 1624 W Division Street LLC,,,Current Liabilities,Other Current Liabilities,ASC 842 - Lease Liability Short-Term Account,221000 Other Current Liabilities : ASC 842 - Lease Liability Short-Term Account,,
1381,Other Long term Liabilities : ASC 842 - Lease Liability Long-Term Account,290250,21,WagWay Group : WagWay Group LLC : PUPS Holdings LLC : CHI-PUPS Intermediate Holdings LLC : PPC 1624 W Division Street LLC,,,Non-Current Liabilities,Long Term Liabilities,Other Long term Liabilities,ASC 842 - Lease Liability Long-Term Account,290250 Other Long term Liabilities : ASC 842 - Lease Liability Long-Term Account,
1382,Other Long term Liabilities : ASC 842 - Lease Liability Long-Term Contra Account ST Reclas,290500,21,WagWay Group : WagWay Group LLC : PUPS Holdings LLC : CHI-PUPS Intermediate Holdings LLC : PPC 1624 W Division Street LLC,,,Non-Current Liabilities,Long Term Liabilities,Other Long term Liabilities,ASC 842 - Lease Liability Long-Term Contra Account ST Reclas,290500 Other Long term Liabilities : ASC 842 - Lease Liability Long-Term Contra Account ST Reclas,
1397,Intercompany AR_x,111000,21,WagWay Group : WagWay Group LLC : PUPS Holdings LLC : CHI-PUPS Intermediate Holdings LLC : PPC 1624 W Division Street LLC,,,Current Assets,Other Current Assets,Intercompany AR_x,111000 Intercompany AR_x,,
1398,Intercompany AP_x,200500,21,WagWay Group : WagWay Group LLC : PUPS Holdings LLC : CHI-PUPS Intermediate Holdings LLC : PPC 1624 W Division Street LLC,16,Pet Care,Non-Current Liabilities,Other Liabilities,Intercompany AP_x,200500 Intercompany AP_x,,
1398,Intercompany AP_x,200500,21,WagWay Group : WagWay Group LLC : PUPS Holdings LLC : CHI-PUPS Intermediate Holdings LLC : PPC 1624 W Division Street LLC,,,Non-Current Liabilities,Other Liabilities,Intercompany AP_x,200500 Intercompany AP_x,,
1398,Intercompany AP_x,200500,21,WagWay Group : WagWay Group LLC : PUPS Holdings LLC : CHI-PUPS Intermediate Holdings LLC : PPC 1624 W Division Street LLC,20,Playcare,Non-Current Liabilities,Other Liabilities,Intercompany AP_x,200500 Intercompany AP_x,,
1398,Intercompany AP_x,200500,21,WagWay Group : WagWay Group LLC : PUPS Holdings LLC : CHI-PUPS Intermediate Holdings LLC : PPC 1624 W Division Street LLC,24,Training,Non-Current Liabilities,Other Liabilities,Intercompany AP_x,200500 Intercompany AP_x,,
1398,Intercompany AP_x,200500,21,WagWay Group : WagWay Group LLC : PUPS Holdings LLC : CHI-PUPS Intermediate Holdings LLC : PPC 1624 W Division Street LLC,1,Grooming,Non-Current Liabilities,Other Liabilities,Intercompany AP_x,200500 Intercompany AP_x,,
1399,General and Admin : Travel : Vehicle/Toll/Parking,721750,21,WagWay Group : WagWay Group LLC : PUPS Holdings LLC : CHI-PUPS Intermediate Holdings LLC : PPC 1624 W Division Street LLC,,,Operating Expenses,Operations Expense,General and Admin,Travel,Vehicle/Toll/Parking,721750 General and Admin : Travel : Vehicle/Toll/Parking
1499,General and Admin : Other G&A Expenses : Office Supplies,783000,21,WagWay Group : WagWay Group LLC : PUPS Holdings LLC : CHI-PUPS Intermediate Holdings LLC : PPC 1624 W Division Street LLC,,,Operating Expenses,Operations Expense,General and Admin,Other G&A Expenses,Office Supplies,783000 General and Admin : Other G&A Expenses : Office Supplies
1701,Ramp Card - PPC 1624 W Division Street LLC,Ramp Card - PPC 1624 W Division Street LLC,21,WagWay Group : WagWay Group LLC : PUPS Holdings LLC : CHI-PUPS Intermediate Holdings LLC : PPC 1624 W Division Street LLC,,,Current Liabilities,Credit Card,Ramp Card,PPC 1624 W Division Street LLC,Ramp Card - PPC 1624 W Division Street LLC Ramp Card - PPC 1624 W Division Street LLC,
2003,Intercompany AP - RAMP,200501,21,WagWay Group : WagWay Group LLC : PUPS Holdings LLC : CHI-PUPS Intermediate Holdings LLC : PPC 1624 W Division Street LLC,,,Current Liabilities,Accounts Payable,Intercompany AP,RAMP,200501 Intercompany AP - RAMP,
2005,Cash : Collections : PPC 1624 W Division Street LLC : W Division Street Clearing Account,100502.1,21,WagWay Group : WagWay Group LLC : PUPS Holdings LLC : CHI-PUPS Intermediate Holdings LLC : PPC 1624 W Division Street LLC,,,Current Assets,Cash,Collections,PPC 1624 W Division Street LLC,W Division Street Clearing Account,
,,,21,WagWay Group : WagWay Group LLC : PUPS Holdings LLC : CHI-PUPS Intermediate Holdings LLC : PPC 1624 W Division Street LLC,,,,,,,,
,,,21,WagWay Group : WagWay Group LLC : PUPS Holdings LLC : CHI-PUPS Intermediate Holdings LLC : PPC 1624 W Division Street LLC,16,Pet Care,,,,,,
52,Equity : Retained Earnings,310000,22,WagWay Group : WagWay Group LLC : PUPS Holdings LLC : CHI-PUPS Intermediate Holdings LLC : PPC 2811 N Lincoln LLC,,,Equity,Equity,Retained Earnings,310000 Equity : Retained Earnings,,
221,COGS : COGS Wages : Regular Wages,510500,22,WagWay Group : WagWay Group LLC : PUPS Holdings LLC : CHI-PUPS Intermediate Holdings LLC : PPC 2811 N Lincoln LLC,16,Pet Care,COGS,Pet Care,COGS Wages,Regular Wages,510500 COGS : COGS Wages : Regular Wages,
221,COGS : COGS Wages : Regular Wages,510500,22,WagWay Group : WagWay Group LLC : PUPS Holdings LLC : CHI-PUPS Intermediate Holdings LLC : PPC 2811 N Lincoln LLC,24,Training,COGS,Training,COGS Wages,Regular Wages,510500 COGS : COGS Wages : Regular Wages,
221,COGS : COGS Wages : Regular Wages,510500,22,WagWay Group : WagWay Group LLC : PUPS Holdings LLC : CHI-PUPS Intermediate Holdings LLC : PPC 2811 N Lincoln LLC,1,Grooming,COGS,Grooming,COGS Wages,Regular Wages,510500 COGS : COGS Wages : Regular Wages,
221,COGS : COGS Wages : Regular Wages,510500,22,WagWay Group : WagWay Group LLC : PUPS Holdings LLC : CHI-PUPS Intermediate Holdings LLC : PPC 2811 N Lincoln LLC,,,COGS,No Revenue Stream,COGS Wages,Regular Wages,510500 COGS : COGS Wages : Regular Wages,
226,COGS : COGS Wages : Employer Taxes,513000,22,WagWay Group : WagWay Group LLC : PUPS Holdings LLC : CHI-PUPS Intermediate Holdings LLC : PPC 2811 N Lincoln LLC,24,Training,COGS,Training,COGS Wages,Employer Taxes,513000 COGS : COGS Wages : Employer Taxes,
226,COGS : COGS Wages : Employer Taxes,513000,22,WagWay Group : WagWay Group LLC : PUPS Holdings LLC : CHI-PUPS Intermediate Holdings LLC : PPC 2811 N Lincoln LLC,,,COGS,No Revenue Stream,COGS Wages,Employer Taxes,513000 COGS : COGS Wages : Employer Taxes,
226,COGS : COGS Wages : Employer Taxes,513000,22,WagWay Group : WagWay Group LLC : PUPS Holdings LLC : CHI-PUPS Intermediate Holdings LLC : PPC 2811 N Lincoln LLC,16,Pet Care,COGS,Pet Care,COGS Wages,Employer Taxes,513000 COGS : COGS Wages : Employer Taxes,
226,COGS : COGS Wages : Employer Taxes,513000,22,WagWay Group : WagWay Group LLC : PUPS Holdings LLC : CHI-PUPS Intermediate Holdings LLC : PPC 2811 N Lincoln LLC,1,Grooming,COGS,Grooming,COGS Wages,Employer Taxes,513000 COGS : COGS Wages : Employer Taxes,
227,COGS : COGS Wages : Employer Medical/Dental/Vision,513500,22,WagWay Group : WagWay Group LLC : PUPS Holdings LLC : CHI-PUPS Intermediate Holdings LLC : PPC 2811 N Lincoln LLC,,,COGS,No Revenue Stream,COGS Wages,Employer Medical/Dental/Vision,513500 COGS : COGS Wages : Employer Medical/Dental/Vision,
227,COGS : COGS Wages : Employer Medical/Dental/Vision,513500,22,WagWay Group : WagWay Group LLC : PUPS Holdings LLC : CHI-PUPS Intermediate Holdings LLC : PPC 2811 N Lincoln LLC,1,Grooming,COGS,Grooming,COGS Wages,Employer Medical/Dental/Vision,513500 COGS : COGS Wages : Employer Medical/Dental/Vision,
227,COGS : COGS Wages : Employer Medical/Dental/Vision,513500,22,WagWay Group : WagWay Group LLC : PUPS Holdings LLC : CHI-PUPS Intermediate Holdings LLC : PPC 2811 N Lincoln LLC,16,Pet Care,COGS,Pet Care,COGS Wages,Employer Medical/Dental/Vision,513500 COGS : COGS Wages : Employer Medical/Dental/Vision,
227,COGS : COGS Wages : Employer Medical/Dental/Vision,513500,22,WagWay Group : WagWay Group LLC : PUPS Holdings LLC : CHI-PUPS Intermediate Holdings LLC : PPC 2811 N Lincoln LLC,24,Training,COGS,Training,COGS Wages,Employer Medical/Dental/Vision,513500 COGS : COGS Wages : Employer Medical/Dental/Vision,
231,COGS : COGS Wages : Employer 401k,515500,22,WagWay Group : WagWay Group LLC : PUPS Holdings LLC : CHI-PUPS Intermediate Holdings LLC : PPC 2811 N Lincoln LLC,1,Grooming,COGS,Grooming,COGS Wages,Employer 401k,515500 COGS : COGS Wages : Employer 401k,
231,COGS : COGS Wages : Employer 401k,515500,22,WagWay Group : WagWay Group LLC : PUPS Holdings LLC : CHI-PUPS Intermediate Holdings LLC : PPC 2811 N Lincoln LLC,,,COGS,No Revenue Stream,COGS Wages,Employer 401k,515500 COGS : COGS Wages : Employer 401k,
231,COGS : COGS Wages : Employer 401k,515500,22,WagWay Group : WagWay Group LLC : PUPS Holdings LLC : CHI-PUPS Intermediate Holdings LLC : PPC 2811 N Lincoln LLC,16,Pet Care,COGS,Pet Care,COGS Wages,Employer 401k,515500 COGS : COGS Wages : Employer 401k,
231,COGS : COGS Wages : Employer 401k,515500,22,WagWay Group : WagWay Group LLC : PUPS Holdings LLC : CHI-PUPS Intermediate Holdings LLC : PPC 2811 N Lincoln LLC,24,Training,COGS,Training,COGS Wages,Employer 401k,515500 COGS : COGS Wages : Employer 401k,
233,COGS : COGS Consumables : Grooming Supplies,520500,22,WagWay Group : WagWay Group LLC : PUPS Holdings LLC : CHI-PUPS Intermediate Holdings LLC : PPC 2811 N Lincoln LLC,,,COGS,No Revenue Stream,COGS Consumables,Grooming Supplies,520500 COGS : COGS Consumables : Grooming Supplies,
233,COGS : COGS Consumables : Grooming Supplies,520500,22,WagWay Group : WagWay Group LLC : PUPS Holdings LLC : CHI-PUPS Intermediate Holdings LLC : PPC 2811 N Lincoln LLC,1,Grooming,COGS,Grooming,COGS Consumables,Grooming Supplies,520500 COGS : COGS Consumables : Grooming Supplies,
235,COGS : COGS Consumables : Other Supplies,521500,22,WagWay Group : WagWay Group LLC : PUPS Holdings LLC : CHI-PUPS Intermediate Holdings LLC : PPC 2811 N Lincoln LLC,16,Pet Care,COGS,Pet Care,COGS Consumables,Other Supplies,521500 COGS : COGS Consumables : Other Supplies,
235,COGS : COGS Consumables : Other Supplies,521500,22,WagWay Group : WagWay Group LLC : PUPS Holdings LLC : CHI-PUPS Intermediate Holdings LLC : PPC 2811 N Lincoln LLC,,,COGS,No Revenue Stream,COGS Consumables,Other Supplies,521500 COGS : COGS Consumables : Other Supplies,
235,COGS : COGS Consumables : Other Supplies,521500,22,WagWay Group : WagWay Group LLC : PUPS Holdings LLC : CHI-PUPS Intermediate Holdings LLC : PPC 2811 N Lincoln LLC,20,Playcare,COGS,Pet Care : Playcare,COGS Consumables,Other Supplies,521500 COGS : COGS Consumables : Other Supplies,
235,COGS : COGS Consumables : Other Supplies,521500,22,WagWay Group : WagWay Group LLC : PUPS Holdings LLC : CHI-PUPS Intermediate Holdings LLC : PPC 2811 N Lincoln LLC,25,Vet Services,COGS,Vet Services,COGS Consumables,Other Supplies,521500 COGS : COGS Consumables : Other Supplies,
241,Fixed Assets : Equipment,151000,22,WagWay Group : WagWay Group LLC : PUPS Holdings LLC : CHI-PUPS Intermediate Holdings LLC : PPC 2811 N Lincoln LLC,,,Non-Current Assets,Fixed Assets,Equipment,151000 Fixed Assets : Equipment,,
242,Fixed Assets : Furniture & Fixtures,151500,22,WagWay Group : WagWay Group LLC : PUPS Holdings LLC : CHI-PUPS Intermediate Holdings LLC : PPC 2811 N Lincoln LLC,,,Non-Current Assets,Fixed Assets,Furniture & Fixtures,151500 Fixed Assets : Furniture & Fixtures,,
243,Fixed Assets : Leasehold Improvements,152000,22,WagWay Group : WagWay Group LLC : PUPS Holdings LLC : CHI-PUPS Intermediate Holdings LLC : PPC 2811 N Lincoln LLC,,,Non-Current Assets,Fixed Assets,Leasehold Improvements,152000 Fixed Assets : Leasehold Improvements,,
244,Fixed Assets : Software,152500,22,WagWay Group : WagWay Group LLC : PUPS Holdings LLC : CHI-PUPS Intermediate Holdings LLC : PPC 2811 N Lincoln LLC,,,Non-Current Assets,Fixed Assets,Software,152500 Fixed Assets : Software,,
246,Fixed Assets : Accumulated Depreciation - Equipment,153500,22,WagWay Group : WagWay Group LLC : PUPS Holdings LLC : CHI-PUPS Intermediate Holdings LLC : PPC 2811 N Lincoln LLC,,,Non-Current Assets,Fixed Assets,Accumulated Depreciation - Equipment,153500 Fixed Assets : Accumulated Depreciation - Equipment,,
247,Fixed Assets : Accumulated Depreciation - Furniture & Fixtures,154000,22,WagWay Group : WagWay Group LLC : PUPS Holdings LLC : CHI-PUPS Intermediate Holdings LLC : PPC 2811 N Lincoln LLC,,,Non-Current Assets,Fixed Assets,Accumulated Depreciation - Furniture & Fixtures,154000 Fixed Assets : Accumulated Depreciation - Furniture & Fixtures,,
248,Fixed Assets : Accumulated Depreciation - Leasehold Improvements,154500,22,WagWay Group : WagWay Group LLC : PUPS Holdings LLC : CHI-PUPS Intermediate Holdings LLC : PPC 2811 N Lincoln LLC,,,Non-Current Assets,Fixed Assets,Accumulated Depreciation - Leasehold Improvements,154500 Fixed Assets : Accumulated Depreciation - Leasehold Improvements,,
250,Fixed Assets : Accumulated Depreciation - Vehicles,155500,22,WagWay Group : WagWay Group LLC : PUPS Holdings LLC : CHI-PUPS Intermediate Holdings LLC : PPC 2811 N Lincoln LLC,,,Non-Current Assets,Fixed Assets,Accumulated Depreciation - Vehicles,155500 Fixed Assets : Accumulated Depreciation - Vehicles,,
424,Other Current Assets,140000,22,WagWay Group : WagWay Group LLC : PUPS Holdings LLC : CHI-PUPS Intermediate Holdings LLC : PPC 2811 N Lincoln LLC,,,Current Assets,Other Current Assets,Other Current Assets,140000 Other Current Assets,,
436,Deferred Revenue : Gift Cards,230500,22,WagWay Group : WagWay Group LLC : PUPS Holdings LLC : CHI-PUPS Intermediate Holdings LLC : PPC 2811 N Lincoln LLC,,,Non-Current Liabilities,Other Liabilities,Deferred Revenue,Gift Cards,230500 Deferred Revenue : Gift Cards,
437,Deferred Revenue : Memberships,231000,22,WagWay Group : WagWay Group LLC : PUPS Holdings LLC : CHI-PUPS Intermediate Holdings LLC : PPC 2811 N Lincoln LLC,2,Memberships,Non-Current Liabilities,Other Liabilities,Deferred Revenue,Memberships,231000 Deferred Revenue : Memberships,
437,Deferred Revenue : Memberships,231000,22,WagWay Group : WagWay Group LLC : PUPS Holdings LLC : CHI-PUPS Intermediate Holdings LLC : PPC 2811 N Lincoln LLC,,,Non-Current Liabilities,Other Liabilities,Deferred Revenue,Memberships,231000 Deferred Revenue : Memberships,
438,Deferred Revenue : Packages,231500,22,WagWay Group : WagWay Group LLC : PUPS Holdings LLC : CHI-PUPS Intermediate Holdings LLC : PPC 2811 N Lincoln LLC,18,Daycare,Non-Current Liabilities,Other Liabilities,Deferred Revenue,Packages,231500 Deferred Revenue : Packages,
438,Deferred Revenue : Packages,231500,22,WagWay Group : WagWay Group LLC : PUPS Holdings LLC : CHI-PUPS Intermediate Holdings LLC : PPC 2811 N Lincoln LLC,,,Non-Current Liabilities,Other Liabilities,Deferred Revenue,Packages,231500 Deferred Revenue : Packages,
438,Deferred Revenue : Packages,231500,22,WagWay Group : WagWay Group LLC : PUPS Holdings LLC : CHI-PUPS Intermediate Holdings LLC : PPC 2811 N Lincoln LLC,24,Training,Non-Current Liabilities,Other Liabilities,Deferred Revenue,Packages,231500 Deferred Revenue : Packages,
440,Accrued Expenses,250000,22,WagWay Group : WagWay Group LLC : PUPS Holdings LLC : CHI-PUPS Intermediate Holdings LLC : PPC 2811 N Lincoln LLC,,,Non-Current Liabilities,Other Liabilities,Accrued Expenses,250000 Accrued Expenses,,
618,Payroll Liabilities : Accrued Payroll,260500,22,WagWay Group : WagWay Group LLC : PUPS Holdings LLC : CHI-PUPS Intermediate Holdings LLC : PPC 2811 N Lincoln LLC,,,Non-Current Liabilities,Other Liabilities,Payroll Liabilities,Accrued Payroll,260500 Payroll Liabilities : Accrued Payroll,
622,Payroll Liabilities : Accrued Payroll Taxes - Federal,262500,22,WagWay Group : WagWay Group LLC : PUPS Holdings LLC : CHI-PUPS Intermediate Holdings LLC : PPC 2811 N Lincoln LLC,,,Non-Current Liabilities,Other Liabilities,Payroll Liabilities,Accrued Payroll Taxes - Federal,262500 Payroll Liabilities : Accrued Payroll Taxes - Federal,
629,Payroll Liabilities : Accrued 401k,266000,22,WagWay Group : WagWay Group LLC : PUPS Holdings LLC : CHI-PUPS Intermediate Holdings LLC : PPC 2811 N Lincoln LLC,,,Non-Current Liabilities,Other Liabilities,Payroll Liabilities,Accrued 401k,266000 Payroll Liabilities : Accrued 401k,
630,Payroll Liabilities : Accrued Tips,266500,22,WagWay Group : WagWay Group LLC : PUPS Holdings LLC : CHI-PUPS Intermediate Holdings LLC : PPC 2811 N Lincoln LLC,,,Non-Current Liabilities,Other Liabilities,Payroll Liabilities,Accrued Tips,266500 Payroll Liabilities : Accrued Tips,
718,Revenue : Service Revenue,410000,22,WagWay Group : WagWay Group LLC : PUPS Holdings LLC : CHI-PUPS Intermediate Holdings LLC : PPC 2811 N Lincoln LLC,24,Training,Revenue,Training,Service Revenue,410000 Revenue : Service Revenue,,
718,Revenue : Service Revenue,410000,22,WagWay Group : WagWay Group LLC : PUPS Holdings LLC : CHI-PUPS Intermediate Holdings LLC : PPC 2811 N Lincoln LLC,21,Transportation,Revenue,Pet Care,Service Revenue,410000 Revenue : Service Revenue,,
718,Revenue : Service Revenue,410000,22,WagWay Group : WagWay Group LLC : PUPS Holdings LLC : CHI-PUPS Intermediate Holdings LLC : PPC 2811 N Lincoln LLC,17,Boarding,Revenue,Pet Care,Service Revenue,410000 Revenue : Service Revenue,,
718,Revenue : Service Revenue,410000,22,WagWay Group : WagWay Group LLC : PUPS Holdings LLC : CHI-PUPS Intermediate Holdings LLC : PPC 2811 N Lincoln LLC,,,Revenue,No Revenue Stream,Service Revenue,410000 Revenue : Service Revenue,,
718,Revenue : Service Revenue,410000,22,WagWay Group : WagWay Group LLC : PUPS Holdings LLC : CHI-PUPS Intermediate Holdings LLC : PPC 2811 N Lincoln LLC,1,Grooming,Revenue,Grooming,Service Revenue,410000 Revenue : Service Revenue,,
718,Revenue : Service Revenue,410000,22,WagWay Group : WagWay Group LLC : PUPS Holdings LLC : CHI-PUPS Intermediate Holdings LLC : PPC 2811 N Lincoln LLC,20,Playcare,Revenue,Pet Care : Playcare,Service Revenue,410000 Revenue : Service Revenue,,
718,Revenue : Service Revenue,410000,22,WagWay Group : WagWay Group LLC : PUPS Holdings LLC : CHI-PUPS Intermediate Holdings LLC : PPC 2811 N Lincoln LLC,19,Pet Sitting,Revenue,Pet Care,Service Revenue,410000 Revenue : Service Revenue,,
718,Revenue : Service Revenue,410000,22,WagWay Group : WagWay Group LLC : PUPS Holdings LLC : CHI-PUPS Intermediate Holdings LLC : PPC 2811 N Lincoln LLC,18,Daycare,Revenue,Pet Care : Daycare,Service Revenue,410000 Revenue : Service Revenue,,
718,Revenue : Service Revenue,410000,22,WagWay Group : WagWay Group LLC : PUPS Holdings LLC : CHI-PUPS Intermediate Holdings LLC : PPC 2811 N Lincoln LLC,2,Memberships,Revenue,Memberships,Service Revenue,410000 Revenue : Service Revenue,,
718,Revenue : Service Revenue,410000,22,WagWay Group : WagWay Group LLC : PUPS Holdings LLC : CHI-PUPS Intermediate Holdings LLC : PPC 2811 N Lincoln LLC,22,Walking,Revenue,Pet Care,Service Revenue,410000 Revenue : Service Revenue,,
719,Revenue : Retail,420000,22,WagWay Group : WagWay Group LLC : PUPS Holdings LLC : CHI-PUPS Intermediate Holdings LLC : PPC 2811 N Lincoln LLC,23,Retail,Revenue,Retail,Retail,420000 Revenue : Retail,,
719,Revenue : Retail,420000,22,WagWay Group : WagWay Group LLC : PUPS Holdings LLC : CHI-PUPS Intermediate Holdings LLC : PPC 2811 N Lincoln LLC,,,Revenue,No Revenue Stream,Retail,420000 Revenue : Retail,,
720,Revenue : Expired Packages,430000,22,WagWay Group : WagWay Group LLC : PUPS Holdings LLC : CHI-PUPS Intermediate Holdings LLC : PPC 2811 N Lincoln LLC,24,Training,Revenue,Training,Expired Packages,430000 Revenue : Expired Packages,,
720,Revenue : Expired Packages,430000,22,WagWay Group : WagWay Group LLC : PUPS Holdings LLC : CHI-PUPS Intermediate Holdings LLC : PPC 2811 N Lincoln LLC,,,Revenue,No Revenue Stream,Expired Packages,430000 Revenue : Expired Packages,,
720,Revenue : Expired Packages,430000,22,WagWay Group : WagWay Group LLC : PUPS Holdings LLC : CHI-PUPS Intermediate Holdings LLC : PPC 2811 N Lincoln LLC,26,Other Revenue,Revenue,Other Revenue,Expired Packages,430000 Revenue : Expired Packages,,
720,Revenue : Expired Packages,430000,22,WagWay Group : WagWay Group LLC : PUPS Holdings LLC : CHI-PUPS Intermediate Holdings LLC : PPC 2811 N Lincoln LLC,18,Daycare,Revenue,Pet Care : Daycare,Expired Packages,430000 Revenue : Expired Packages,,
721,Revenue : Other Revenue,440000,22,WagWay Group : WagWay Group LLC : PUPS Holdings LLC : CHI-PUPS Intermediate Holdings LLC : PPC 2811 N Lincoln LLC,21,Transportation,Revenue,Pet Care,Other Revenue,440000 Revenue : Other Revenue,,
721,Revenue : Other Revenue,440000,22,WagWay Group : WagWay Group LLC : PUPS Holdings LLC : CHI-PUPS Intermediate Holdings LLC : PPC 2811 N Lincoln LLC,26,Other Revenue,Revenue,Other Revenue,Other Revenue,440000 Revenue : Other Revenue,,
721,Revenue : Other Revenue,440000,22,WagWay Group : WagWay Group LLC : PUPS Holdings LLC : CHI-PUPS Intermediate Holdings LLC : PPC 2811 N Lincoln LLC,,,Revenue,No Revenue Stream,Other Revenue,440000 Revenue : Other Revenue,,
721,Revenue : Other Revenue,440000,22,WagWay Group : WagWay Group LLC : PUPS Holdings LLC : CHI-PUPS Intermediate Holdings LLC : PPC 2811 N Lincoln LLC,2,Memberships,Revenue,Memberships,Other Revenue,440000 Revenue : Other Revenue,,
820,Operating Expenses : OPEX Wages : Regular Wages,610500,22,WagWay Group : WagWay Group LLC : PUPS Holdings LLC : CHI-PUPS Intermediate Holdings LLC : PPC 2811 N Lincoln LLC,,,Operating Expenses,Ops Labour Expense,Regular Wages,610500 Operating Expenses : OPEX Wages : Regular Wages,,
825,Operating Expenses : OPEX Wages : Employer Taxes,613000,22,WagWay Group : WagWay Group LLC : PUPS Holdings LLC : CHI-PUPS Intermediate Holdings LLC : PPC 2811 N Lincoln LLC,,,Operating Expenses,Ops Labour Expense,Employer Taxes,613000 Operating Expenses : OPEX Wages : Employer Taxes,,
826,Operating Expenses : OPEX Wages : Employer Medical/Dental/Vision,613500,22,WagWay Group : WagWay Group LLC : PUPS Holdings LLC : CHI-PUPS Intermediate Holdings LLC : PPC 2811 N Lincoln LLC,,,Operating Expenses,Ops Labour Expense,Employer Medical/Dental/Vision,613500 Operating Expenses : OPEX Wages : Employer Medical/Dental/Vision,,
830,Operating Expenses : OPEX Wages : Employer 401k,615500,22,WagWay Group : WagWay Group LLC : PUPS Holdings LLC : CHI-PUPS Intermediate Holdings LLC : PPC 2811 N Lincoln LLC,,,Operating Expenses,Ops Labour Expense,Employer 401k,615500 Operating Expenses : OPEX Wages : Employer 401k,,
832,Operating Expenses : Facility Expense : Rent,620500,22,WagWay Group : WagWay Group LLC : PUPS Holdings LLC : CHI-PUPS Intermediate Holdings LLC : PPC 2811 N Lincoln LLC,,,Operating Expenses,Facility Expense,Rent,620500 Operating Expenses : Facility Expense : Rent,,
833,Operating Expenses : Facility Expense : Electric,621000,22,WagWay Group : WagWay Group LLC : PUPS Holdings LLC : CHI-PUPS Intermediate Holdings LLC : PPC 2811 N Lincoln LLC,,,Operating Expenses,Facility Expense,Electric,621000 Operating Expenses : Facility Expense : Electric,,
834,Operating Expenses : Facility Expense : Gas,621500,22,WagWay Group : WagWay Group LLC : PUPS Holdings LLC : CHI-PUPS Intermediate Holdings LLC : PPC 2811 N Lincoln LLC,,,Operating Expenses,Facility Expense,Gas,621500 Operating Expenses : Facility Expense : Gas,,
835,Operating Expenses : Facility Expense : Water,622000,22,WagWay Group : WagWay Group LLC : PUPS Holdings LLC : CHI-PUPS Intermediate Holdings LLC : PPC 2811 N Lincoln LLC,,,Operating Expenses,Facility Expense,Water,622000 Operating Expenses : Facility Expense : Water,,
836,Operating Expenses : Facility Expense : Data,622500,22,WagWay Group : WagWay Group LLC : PUPS Holdings LLC : CHI-PUPS Intermediate Holdings LLC : PPC 2811 N Lincoln LLC,,,Operating Expenses,Facility Expense,Data,622500 Operating Expenses : Facility Expense : Data,,
837,Operating Expenses : Facility Expense : Phone,623000,22,WagWay Group : WagWay Group LLC : PUPS Holdings LLC : CHI-PUPS Intermediate Holdings LLC : PPC 2811 N Lincoln LLC,,,Operating Expenses,Facility Expense,Phone,623000 Operating Expenses : Facility Expense : Phone,,
841,General and Admin : G&A Wages : Regular Wages,710500,22,WagWay Group : WagWay Group LLC : PUPS Holdings LLC : CHI-PUPS Intermediate Holdings LLC : PPC 2811 N Lincoln LLC,,,Operating Expenses,Operations Expense,General and Admin,G&A Wages,Regular Wages,710500 General and Admin : G&A Wages : Regular Wages
845,General and Admin : G&A Wages : Bonuses,712500,22,WagWay Group : WagWay Group LLC : PUPS Holdings LLC : CHI-PUPS Intermediate Holdings LLC : PPC 2811 N Lincoln LLC,,,Operating Expenses,Operations Expense,General and Admin,G&A Wages,Bonuses,712500 General and Admin : G&A Wages : Bonuses
846,General and Admin : G&A Wages : Employer Taxes,713000,22,WagWay Group : WagWay Group LLC : PUPS Holdings LLC : CHI-PUPS Intermediate Holdings LLC : PPC 2811 N Lincoln LLC,,,Operating Expenses,Operations Expense,General and Admin,G&A Wages,Employer Taxes,713000 General and Admin : G&A Wages : Employer Taxes
854,General and Admin : Travel : Lodging,721000,22,WagWay Group : WagWay Group LLC : PUPS Holdings LLC : CHI-PUPS Intermediate Holdings LLC : PPC 2811 N Lincoln LLC,,,Operating Expenses,Operations Expense,General and Admin,Travel,Lodging,721000 General and Admin : Travel : Lodging
855,General and Admin : Travel : Meals,721500,22,WagWay Group : WagWay Group LLC : PUPS Holdings LLC : CHI-PUPS Intermediate Holdings LLC : PPC 2811 N Lincoln LLC,,,Operating Expenses,Operations Expense,General and Admin,Travel,Meals,721500 General and Admin : Travel : Meals
856,General and Admin : Travel : Entertainment,722000,22,WagWay Group : WagWay Group LLC : PUPS Holdings LLC : CHI-PUPS Intermediate Holdings LLC : PPC 2811 N Lincoln LLC,,,Operating Expenses,Operations Expense,General and Admin,Travel,Entertainment,722000 General and Admin : Travel : Entertainment
857,General and Admin : Systems,730000,22,WagWay Group : WagWay Group LLC : PUPS Holdings LLC : CHI-PUPS Intermediate Holdings LLC : PPC 2811 N Lincoln LLC,,,Operating Expenses,Operations Expense,General and Admin,Systems,730000 General and Admin : Systems,
862,General and Admin : Insurance : Other Insurance,742000,22,WagWay Group : WagWay Group LLC : PUPS Holdings LLC : CHI-PUPS Intermediate Holdings LLC : PPC 2811 N Lincoln LLC,,,Operating Expenses,Operations Expense,General and Admin,Insurance,Other Insurance,742000 General and Admin : Insurance : Other Insurance
865,Other Expense : Interest Expense,851000,22,WagWay Group : WagWay Group LLC : PUPS Holdings LLC : CHI-PUPS Intermediate Holdings LLC : PPC 2811 N Lincoln LLC,,,Other (Income) / Expense,Other Expenses,Other Expense,Interest Expense,851000 Other Expense : Interest Expense,
920,General and Admin : Marketing : Other Marketing,751000,22,WagWay Group : WagWay Group LLC : PUPS Holdings LLC : CHI-PUPS Intermediate Holdings LLC : PPC 2811 N Lincoln LLC,,,Operating Expenses,Operations Expense,General and Admin,Marketing,Other Marketing,751000 General and Admin : Marketing : Other Marketing
1018,Operating Expenses : Facility Expense : Repair and Maintenance,623500,22,WagWay Group : WagWay Group LLC : PUPS Holdings LLC : CHI-PUPS Intermediate Holdings LLC : PPC 2811 N Lincoln LLC,,,Operating Expenses,Facility Expense,Repair and Maintenance,623500 Operating Expenses : Facility Expense : Repair and Maintenance,,
1021,Operating Expenses : Other Operating Expense : Fuel,631500,22,WagWay Group : WagWay Group LLC : PUPS Holdings LLC : CHI-PUPS Intermediate Holdings LLC : PPC 2811 N Lincoln LLC,,,Operating Expenses,Other Operating Expense,Fuel,631500 Operating Expenses : Other Operating Expense : Fuel,,
1023,General and Admin : Marketing : Brand Materials,750500,22,WagWay Group : WagWay Group LLC : PUPS Holdings LLC : CHI-PUPS Intermediate Holdings LLC : PPC 2811 N Lincoln LLC,,,Operating Expenses,Operations Expense,General and Admin,Marketing,Brand Materials,750500 General and Admin : Marketing : Brand Materials
1026,General and Admin : Advertising : Other Advertising,761000,22,WagWay Group : WagWay Group LLC : PUPS Holdings LLC : CHI-PUPS Intermediate Holdings LLC : PPC 2811 N Lincoln LLC,,,Operating Expenses,Operations Expense,General and Admin,Advertising,Other Advertising,761000 General and Admin : Advertising : Other Advertising
1027,General and Admin : Professional Services : Legal,770500,22,WagWay Group : WagWay Group LLC : PUPS Holdings LLC : CHI-PUPS Intermediate Holdings LLC : PPC 2811 N Lincoln LLC,,,Operating Expenses,Professional Fees,General and Admin,Legal,770500 General and Admin : Professional Services : Legal,
1028,General and Admin : Professional Services : IT,771000,22,WagWay Group : WagWay Group LLC : PUPS Holdings LLC : CHI-PUPS Intermediate Holdings LLC : PPC 2811 N Lincoln LLC,,,Operating Expenses,Professional Fees,General and Admin,IT,771000 General and Admin : Professional Services : IT,
1030,General and Admin : Professional Services : Recruiting,772000,22,WagWay Group : WagWay Group LLC : PUPS Holdings LLC : CHI-PUPS Intermediate Holdings LLC : PPC 2811 N Lincoln LLC,,,Operating Expenses,Professional Fees,General and Admin,Recruiting,772000 General and Admin : Professional Services : Recruiting,
1031,General and Admin : Professional Services : Employee Training and Development,772500,22,WagWay Group : WagWay Group LLC : PUPS Holdings LLC : CHI-PUPS Intermediate Holdings LLC : PPC 2811 N Lincoln LLC,,,Operating Expenses,Professional Fees,General and Admin,Employee Training and Development,772500 General and Admin : Professional Services : Employee Training and Development,
1032,General and Admin : Professional Services : Other Professional Services,773000,22,WagWay Group : WagWay Group LLC : PUPS Holdings LLC : CHI-PUPS Intermediate Holdings LLC : PPC 2811 N Lincoln LLC,,,Operating Expenses,Professional Fees,General and Admin,Other Professional Services,773000 General and Admin : Professional Services : Other Professional Services,
1033,General and Admin : Other G&A Expenses : Bank Fees and Charges,780500,22,WagWay Group : WagWay Group LLC : PUPS Holdings LLC : CHI-PUPS Intermediate Holdings LLC : PPC 2811 N Lincoln LLC,,,Operating Expenses,Operations Expense,General and Admin,Other G&A Expenses,Bank Fees and Charges,780500 General and Admin : Other G&A Expenses : Bank Fees and Charges
1035,General and Admin : Other G&A Expenses : Dues and Subscriptions,781500,22,WagWay Group : WagWay Group LLC : PUPS Holdings LLC : CHI-PUPS Intermediate Holdings LLC : PPC 2811 N Lincoln LLC,,,Operating Expenses,Operations Expense,General and Admin,Other G&A Expenses,Dues and Subscriptions,781500 General and Admin : Other G&A Expenses : Dues and Subscriptions
1037,General and Admin : Other G&A Expenses : Taxes and Licenses,782500,22,WagWay Group : WagWay Group LLC : PUPS Holdings LLC : CHI-PUPS Intermediate Holdings LLC : PPC 2811 N Lincoln LLC,,,Operating Expenses,Operations Expense,General and Admin,Other G&A Expenses,Taxes and Licenses,782500 General and Admin : Other G&A Expenses : Taxes and Licenses
1038,Other Expense : Depreciation : Depreciation -Equipment,852010,22,WagWay Group : WagWay Group LLC : PUPS Holdings LLC : CHI-PUPS Intermediate Holdings LLC : PPC 2811 N Lincoln LLC,,,Other (Income) / Expense,Other Expenses,Other Expense,Depreciation,Depreciation -Equipment,852010 Other Expense : Depreciation : Depreciation -Equipment
1039,Other Expense : Depreciation : Depreciation - Furniture & Fixtures,852020,22,WagWay Group : WagWay Group LLC : PUPS Holdings LLC : CHI-PUPS Intermediate Holdings LLC : PPC 2811 N Lincoln LLC,,,Other (Income) / Expense,Other Expenses,Other Expense,Depreciation,Depreciation - Furniture & Fixtures,852020 Other Expense : Depreciation : Depreciation - Furniture & Fixtures
1040,Other Expense : Depreciation : Depreciation - Leasehold Improvements,852030,22,WagWay Group : WagWay Group LLC : PUPS Holdings LLC : CHI-PUPS Intermediate Holdings LLC : PPC 2811 N Lincoln LLC,,,Other (Income) / Expense,Other Expenses,Other Expense,Depreciation,Depreciation - Leasehold Improvements,852030 Other Expense : Depreciation : Depreciation - Leasehold Improvements
1159,Cash : Collections : PPC 2811 N Lincoln LLC,100503,22,WagWay Group : WagWay Group LLC : PUPS Holdings LLC : CHI-PUPS Intermediate Holdings LLC : PPC 2811 N Lincoln LLC,,,Current Assets,Cash,Collections,PPC 2811 N Lincoln LLC,100503 Cash : Collections : PPC 2811 N Lincoln LLC,100503 Cash : Collections : PPC 2811 N Lincoln LLC
1253,Revenue : Sales Discounts,460000,22,WagWay Group : WagWay Group LLC : PUPS Holdings LLC : CHI-PUPS Intermediate Holdings LLC : PPC 2811 N Lincoln LLC,26,Other Revenue,Revenue,Other Revenue,Sales Discounts,460000 Revenue : Sales Discounts,,
1253,Revenue : Sales Discounts,460000,22,WagWay Group : WagWay Group LLC : PUPS Holdings LLC : CHI-PUPS Intermediate Holdings LLC : PPC 2811 N Lincoln LLC,1,Grooming,Revenue,Grooming,Sales Discounts,460000 Revenue : Sales Discounts,,
1253,Revenue : Sales Discounts,460000,22,WagWay Group : WagWay Group LLC : PUPS Holdings LLC : CHI-PUPS Intermediate Holdings LLC : PPC 2811 N Lincoln LLC,18,Daycare,Revenue,Pet Care : Daycare,Sales Discounts,460000 Revenue : Sales Discounts,,
1253,Revenue : Sales Discounts,460000,22,WagWay Group : WagWay Group LLC : PUPS Holdings LLC : CHI-PUPS Intermediate Holdings LLC : PPC 2811 N Lincoln LLC,17,Boarding,Revenue,Pet Care,Sales Discounts,460000 Revenue : Sales Discounts,,
1253,Revenue : Sales Discounts,460000,22,WagWay Group : WagWay Group LLC : PUPS Holdings LLC : CHI-PUPS Intermediate Holdings LLC : PPC 2811 N Lincoln LLC,24,Training,Revenue,Training,Sales Discounts,460000 Revenue : Sales Discounts,,
1253,Revenue : Sales Discounts,460000,22,WagWay Group : WagWay Group LLC : PUPS Holdings LLC : CHI-PUPS Intermediate Holdings LLC : PPC 2811 N Lincoln LLC,23,Retail,Revenue,Retail,Sales Discounts,460000 Revenue : Sales Discounts,,
1255,Other Expense,850000,22,WagWay Group : WagWay Group LLC : PUPS Holdings LLC : CHI-PUPS Intermediate Holdings LLC : PPC 2811 N Lincoln LLC,,,Other (Income) / Expense,Other Expenses,Other Expense,850000 Other Expense,,
1256,Inventory : Retail Inventory,120250,22,WagWay Group : WagWay Group LLC : PUPS Holdings LLC : CHI-PUPS Intermediate Holdings LLC : PPC 2811 N Lincoln LLC,,,Current Assets,Other Current Assets,Inventory,Retail Inventory,120250 Inventory : Retail Inventory,120250 Inventory : Retail Inventory
1258,Other Long term Assets : ASC 842 - ROU Asset Account,171000,22,WagWay Group : WagWay Group LLC : PUPS Holdings LLC : CHI-PUPS Intermediate Holdings LLC : PPC 2811 N Lincoln LLC,,,Non-Current Assets,Other Assets,Other Long term Assets,ASC 842 - ROU Asset Account,171000 Other Long term Assets : ASC 842 - ROU Asset Account,
1259,Accounts Payable : Accounts Payable Trade,200250,22,WagWay Group : WagWay Group LLC : PUPS Holdings LLC : CHI-PUPS Intermediate Holdings LLC : PPC 2811 N Lincoln LLC,,,Current Liabilities,Accounts Payable,Accounts Payable Trade,200250 Accounts Payable : Accounts Payable Trade,,
1353,Accounts Receivable : Accounts Receivable Trade,110250,22,WagWay Group : WagWay Group LLC : PUPS Holdings LLC : CHI-PUPS Intermediate Holdings LLC : PPC 2811 N Lincoln LLC,19,Pet Sitting,Current Assets,Accounts Receivable,Accounts Receivable,Accounts Receivable Trade,110250 Accounts Receivable : Accounts Receivable Trade,
1353,Accounts Receivable : Accounts Receivable Trade,110250,22,WagWay Group : WagWay Group LLC : PUPS Holdings LLC : CHI-PUPS Intermediate Holdings LLC : PPC 2811 N Lincoln LLC,2,Memberships,Current Assets,Accounts Receivable,Accounts Receivable,Accounts Receivable Trade,110250 Accounts Receivable : Accounts Receivable Trade,
1353,Accounts Receivable : Accounts Receivable Trade,110250,22,WagWay Group : WagWay Group LLC : PUPS Holdings LLC : CHI-PUPS Intermediate Holdings LLC : PPC 2811 N Lincoln LLC,,,Current Assets,Accounts Receivable,Accounts Receivable,Accounts Receivable Trade,110250 Accounts Receivable : Accounts Receivable Trade,
1353,Accounts Receivable : Accounts Receivable Trade,110250,22,WagWay Group : WagWay Group LLC : PUPS Holdings LLC : CHI-PUPS Intermediate Holdings LLC : PPC 2811 N Lincoln LLC,1,Grooming,Current Assets,Accounts Receivable,Accounts Receivable,Accounts Receivable Trade,110250 Accounts Receivable : Accounts Receivable Trade,
1353,Accounts Receivable : Accounts Receivable Trade,110250,22,WagWay Group : WagWay Group LLC : PUPS Holdings LLC : CHI-PUPS Intermediate Holdings LLC : PPC 2811 N Lincoln LLC,18,Daycare,Current Assets,Accounts Receivable,Accounts Receivable,Accounts Receivable Trade,110250 Accounts Receivable : Accounts Receivable Trade,
1353,Accounts Receivable : Accounts Receivable Trade,110250,22,WagWay Group : WagWay Group LLC : PUPS Holdings LLC : CHI-PUPS Intermediate Holdings LLC : PPC 2811 N Lincoln LLC,24,Training,Current Assets,Accounts Receivable,Accounts Receivable,Accounts Receivable Trade,110250 Accounts Receivable : Accounts Receivable Trade,
1369,Other Long term Assets : ASC 842 - ROU Accumulated Amortization Acccount,171500,22,WagWay Group : WagWay Group LLC : PUPS Holdings LLC : CHI-PUPS Intermediate Holdings LLC : PPC 2811 N Lincoln LLC,,,Non-Current Assets,Other Assets,Other Long term Assets,ASC 842 - ROU Accumulated Amortization Acccount,171500 Other Long term Assets : ASC 842 - ROU Accumulated Amortization Acccount,
1373,Other Current Liabilities : ASC 842 - Lease Liability Short-Term Account,221000,22,WagWay Group : WagWay Group LLC : PUPS Holdings LLC : CHI-PUPS Intermediate Holdings LLC : PPC 2811 N Lincoln LLC,,,Current Liabilities,Other Current Liabilities,ASC 842 - Lease Liability Short-Term Account,221000 Other Current Liabilities : ASC 842 - Lease Liability Short-Term Account,,
1381,Other Long term Liabilities : ASC 842 - Lease Liability Long-Term Account,290250,22,WagWay Group : WagWay Group LLC : PUPS Holdings LLC : CHI-PUPS Intermediate Holdings LLC : PPC 2811 N Lincoln LLC,,,Non-Current Liabilities,Long Term Liabilities,Other Long term Liabilities,ASC 842 - Lease Liability Long-Term Account,290250 Other Long term Liabilities : ASC 842 - Lease Liability Long-Term Account,
1382,Other Long term Liabilities : ASC 842 - Lease Liability Long-Term Contra Account ST Reclas,290500,22,WagWay Group : WagWay Group LLC : PUPS Holdings LLC : CHI-PUPS Intermediate Holdings LLC : PPC 2811 N Lincoln LLC,,,Non-Current Liabilities,Long Term Liabilities,Other Long term Liabilities,ASC 842 - Lease Liability Long-Term Contra Account ST Reclas,290500 Other Long term Liabilities : ASC 842 - Lease Liability Long-Term Contra Account ST Reclas,
1397,Intercompany AR_x,111000,22,WagWay Group : WagWay Group LLC : PUPS Holdings LLC : CHI-PUPS Intermediate Holdings LLC : PPC 2811 N Lincoln LLC,,,Current Assets,Other Current Assets,Intercompany AR_x,111000 Intercompany AR_x,,
1398,Intercompany AP_x,200500,22,WagWay Group : WagWay Group LLC : PUPS Holdings LLC : CHI-PUPS Intermediate Holdings LLC : PPC 2811 N Lincoln LLC,24,Training,Non-Current Liabilities,Other Liabilities,Intercompany AP_x,200500 Intercompany AP_x,,
1398,Intercompany AP_x,200500,22,WagWay Group : WagWay Group LLC : PUPS Holdings LLC : CHI-PUPS Intermediate Holdings LLC : PPC 2811 N Lincoln LLC,16,Pet Care,Non-Current Liabilities,Other Liabilities,Intercompany AP_x,200500 Intercompany AP_x,,
1398,Intercompany AP_x,200500,22,WagWay Group : WagWay Group LLC : PUPS Holdings LLC : CHI-PUPS Intermediate Holdings LLC : PPC 2811 N Lincoln LLC,,,Non-Current Liabilities,Other Liabilities,Intercompany AP_x,200500 Intercompany AP_x,,
1398,Intercompany AP_x,200500,22,WagWay Group : WagWay Group LLC : PUPS Holdings LLC : CHI-PUPS Intermediate Holdings LLC : PPC 2811 N Lincoln LLC,1,Grooming,Non-Current Liabilities,Other Liabilities,Intercompany AP_x,200500 Intercompany AP_x,,
1399,General and Admin : Travel : Vehicle/Toll/Parking,721750,22,WagWay Group : WagWay Group LLC : PUPS Holdings LLC : CHI-PUPS Intermediate Holdings LLC : PPC 2811 N Lincoln LLC,,,Operating Expenses,Operations Expense,General and Admin,Travel,Vehicle/Toll/Parking,721750 General and Admin : Travel : Vehicle/Toll/Parking
1499,General and Admin : Other G&A Expenses : Office Supplies,783000,22,WagWay Group : WagWay Group LLC : PUPS Holdings LLC : CHI-PUPS Intermediate Holdings LLC : PPC 2811 N Lincoln LLC,,,Operating Expenses,Operations Expense,General and Admin,Other G&A Expenses,Office Supplies,783000 General and Admin : Other G&A Expenses : Office Supplies
1603,Ramp Card - PPC 2811 N Lincoln LLC,Ramp Card - PPC 2811 N Lincoln LLC,22,WagWay Group : WagWay Group LLC : PUPS Holdings LLC : CHI-PUPS Intermediate Holdings LLC : PPC 2811 N Lincoln LLC,,,Current Liabilities,Credit Card,Ramp Card,PPC 2811 N Lincoln LLC,Ramp Card - PPC 2811 N Lincoln LLC Ramp Card - PPC 2811 N Lincoln LLC,
2003,Intercompany AP - RAMP,200501,22,WagWay Group : WagWay Group LLC : PUPS Holdings LLC : CHI-PUPS Intermediate Holdings LLC : PPC 2811 N Lincoln LLC,,,Current Liabilities,Accounts Payable,Intercompany AP,RAMP,200501 Intercompany AP - RAMP,
2006,Cash : Collections : PPC 2811 N Lincoln LLC : N Lincoln Clearing Account,100503.1,22,WagWay Group : WagWay Group LLC : PUPS Holdings LLC : CHI-PUPS Intermediate Holdings LLC : PPC 2811 N Lincoln LLC,,,Current Assets,Cash,Collections,PPC 2811 N Lincoln LLC,N Lincoln Clearing Account,
,,,22,WagWay Group : WagWay Group LLC : PUPS Holdings LLC : CHI-PUPS Intermediate Holdings LLC : PPC 2811 N Lincoln LLC,,,,,,,,
52,Equity : Retained Earnings,310000,23,WagWay Group : WagWay Group LLC : PUPS Holdings LLC : CHI-PUPS Intermediate Holdings LLC : PPC 316 W Illinois Street LLC,,,Equity,Equity,Retained Earnings,310000 Equity : Retained Earnings,,
221,COGS : COGS Wages : Regular Wages,510500,23,WagWay Group : WagWay Group LLC : PUPS Holdings LLC : CHI-PUPS Intermediate Holdings LLC : PPC 316 W Illinois Street LLC,1,Grooming,COGS,Grooming,COGS Wages,Regular Wages,510500 COGS : COGS Wages : Regular Wages,
221,COGS : COGS Wages : Regular Wages,510500,23,WagWay Group : WagWay Group LLC : PUPS Holdings LLC : CHI-PUPS Intermediate Holdings LLC : PPC 316 W Illinois Street LLC,24,Training,COGS,Training,COGS Wages,Regular Wages,510500 COGS : COGS Wages : Regular Wages,
221,COGS : COGS Wages : Regular Wages,510500,23,WagWay Group : WagWay Group LLC : PUPS Holdings LLC : CHI-PUPS Intermediate Holdings LLC : PPC 316 W Illinois Street LLC,,,COGS,No Revenue Stream,COGS Wages,Regular Wages,510500 COGS : COGS Wages : Regular Wages,
221,COGS : COGS Wages : Regular Wages,510500,23,WagWay Group : WagWay Group LLC : PUPS Holdings LLC : CHI-PUPS Intermediate Holdings LLC : PPC 316 W Illinois Street LLC,16,Pet Care,COGS,Pet Care,COGS Wages,Regular Wages,510500 COGS : COGS Wages : Regular Wages,
226,COGS : COGS Wages : Employer Taxes,513000,23,WagWay Group : WagWay Group LLC : PUPS Holdings LLC : CHI-PUPS Intermediate Holdings LLC : PPC 316 W Illinois Street LLC,24,Training,COGS,Training,COGS Wages,Employer Taxes,513000 COGS : COGS Wages : Employer Taxes,
226,COGS : COGS Wages : Employer Taxes,513000,23,WagWay Group : WagWay Group LLC : PUPS Holdings LLC : CHI-PUPS Intermediate Holdings LLC : PPC 316 W Illinois Street LLC,,,COGS,No Revenue Stream,COGS Wages,Employer Taxes,513000 COGS : COGS Wages : Employer Taxes,
226,COGS : COGS Wages : Employer Taxes,513000,23,WagWay Group : WagWay Group LLC : PUPS Holdings LLC : CHI-PUPS Intermediate Holdings LLC : PPC 316 W Illinois Street LLC,16,Pet Care,COGS,Pet Care,COGS Wages,Employer Taxes,513000 COGS : COGS Wages : Employer Taxes,
226,COGS : COGS Wages : Employer Taxes,513000,23,WagWay Group : WagWay Group LLC : PUPS Holdings LLC : CHI-PUPS Intermediate Holdings LLC : PPC 316 W Illinois Street LLC,1,Grooming,COGS,Grooming,COGS Wages,Employer Taxes,513000 COGS : COGS Wages : Employer Taxes,
227,COGS : COGS Wages : Employer Medical/Dental/Vision,513500,23,WagWay Group : WagWay Group LLC : PUPS Holdings LLC : CHI-PUPS Intermediate Holdings LLC : PPC 316 W Illinois Street LLC,16,Pet Care,COGS,Pet Care,COGS Wages,Employer Medical/Dental/Vision,513500 COGS : COGS Wages : Employer Medical/Dental/Vision,
227,COGS : COGS Wages : Employer Medical/Dental/Vision,513500,23,WagWay Group : WagWay Group LLC : PUPS Holdings LLC : CHI-PUPS Intermediate Holdings LLC : PPC 316 W Illinois Street LLC,,,COGS,No Revenue Stream,COGS Wages,Employer Medical/Dental/Vision,513500 COGS : COGS Wages : Employer Medical/Dental/Vision,
227,COGS : COGS Wages : Employer Medical/Dental/Vision,513500,23,WagWay Group : WagWay Group LLC : PUPS Holdings LLC : CHI-PUPS Intermediate Holdings LLC : PPC 316 W Illinois Street LLC,1,Grooming,COGS,Grooming,COGS Wages,Employer Medical/Dental/Vision,513500 COGS : COGS Wages : Employer Medical/Dental/Vision,
227,COGS : COGS Wages : Employer Medical/Dental/Vision,513500,23,WagWay Group : WagWay Group LLC : PUPS Holdings LLC : CHI-PUPS Intermediate Holdings LLC : PPC 316 W Illinois Street LLC,24,Training,COGS,Training,COGS Wages,Employer Medical/Dental/Vision,513500 COGS : COGS Wages : Employer Medical/Dental/Vision,
231,COGS : COGS Wages : Employer 401k,515500,23,WagWay Group : WagWay Group LLC : PUPS Holdings LLC : CHI-PUPS Intermediate Holdings LLC : PPC 316 W Illinois Street LLC,16,Pet Care,COGS,Pet Care,COGS Wages,Employer 401k,515500 COGS : COGS Wages : Employer 401k,
231,COGS : COGS Wages : Employer 401k,515500,23,WagWay Group : WagWay Group LLC : PUPS Holdings LLC : CHI-PUPS Intermediate Holdings LLC : PPC 316 W Illinois Street LLC,,,COGS,No Revenue Stream,COGS Wages,Employer 401k,515500 COGS : COGS Wages : Employer 401k,
231,COGS : COGS Wages : Employer 401k,515500,23,WagWay Group : WagWay Group LLC : PUPS Holdings LLC : CHI-PUPS Intermediate Holdings LLC : PPC 316 W Illinois Street LLC,1,Grooming,COGS,Grooming,COGS Wages,Employer 401k,515500 COGS : COGS Wages : Employer 401k,
231,COGS : COGS Wages : Employer 401k,515500,23,WagWay Group : WagWay Group LLC : PUPS Holdings LLC : CHI-PUPS Intermediate Holdings LLC : PPC 316 W Illinois Street LLC,24,Training,COGS,Training,COGS Wages,Employer 401k,515500 COGS : COGS Wages : Employer 401k,
233,COGS : COGS Consumables : Grooming Supplies,520500,23,WagWay Group : WagWay Group LLC : PUPS Holdings LLC : CHI-PUPS Intermediate Holdings LLC : PPC 316 W Illinois Street LLC,,,COGS,No Revenue Stream,COGS Consumables,Grooming Supplies,520500 COGS : COGS Consumables : Grooming Supplies,
233,COGS : COGS Consumables : Grooming Supplies,520500,23,WagWay Group : WagWay Group LLC : PUPS Holdings LLC : CHI-PUPS Intermediate Holdings LLC : PPC 316 W Illinois Street LLC,16,Pet Care,COGS,Pet Care,COGS Consumables,Grooming Supplies,520500 COGS : COGS Consumables : Grooming Supplies,
233,COGS : COGS Consumables : Grooming Supplies,520500,23,WagWay Group : WagWay Group LLC : PUPS Holdings LLC : CHI-PUPS Intermediate Holdings LLC : PPC 316 W Illinois Street LLC,1,Grooming,COGS,Grooming,COGS Consumables,Grooming Supplies,520500 COGS : COGS Consumables : Grooming Supplies,
235,COGS : COGS Consumables : Other Supplies,521500,23,WagWay Group : WagWay Group LLC : PUPS Holdings LLC : CHI-PUPS Intermediate Holdings LLC : PPC 316 W Illinois Street LLC,16,Pet Care,COGS,Pet Care,COGS Consumables,Other Supplies,521500 COGS : COGS Consumables : Other Supplies,
235,COGS : COGS Consumables : Other Supplies,521500,23,WagWay Group : WagWay Group LLC : PUPS Holdings LLC : CHI-PUPS Intermediate Holdings LLC : PPC 316 W Illinois Street LLC,,,COGS,No Revenue Stream,COGS Consumables,Other Supplies,521500 COGS : COGS Consumables : Other Supplies,
235,COGS : COGS Consumables : Other Supplies,521500,23,WagWay Group : WagWay Group LLC : PUPS Holdings LLC : CHI-PUPS Intermediate Holdings LLC : PPC 316 W Illinois Street LLC,25,Vet Services,COGS,Vet Services,COGS Consumables,Other Supplies,521500 COGS : COGS Consumables : Other Supplies,
235,COGS : COGS Consumables : Other Supplies,521500,23,WagWay Group : WagWay Group LLC : PUPS Holdings LLC : CHI-PUPS Intermediate Holdings LLC : PPC 316 W Illinois Street LLC,20,Playcare,COGS,Pet Care : Playcare,COGS Consumables,Other Supplies,521500 COGS : COGS Consumables : Other Supplies,
236,COGS : COGS Consumables : Retail,522000,23,WagWay Group : WagWay Group LLC : PUPS Holdings LLC : CHI-PUPS Intermediate Holdings LLC : PPC 316 W Illinois Street LLC,23,Retail,COGS,Retail,COGS Consumables,Retail,522000 COGS : COGS Consumables : Retail,
241,Fixed Assets : Equipment,151000,23,WagWay Group : WagWay Group LLC : PUPS Holdings LLC : CHI-PUPS Intermediate Holdings LLC : PPC 316 W Illinois Street LLC,,,Non-Current Assets,Fixed Assets,Equipment,151000 Fixed Assets : Equipment,,
243,Fixed Assets : Leasehold Improvements,152000,23,WagWay Group : WagWay Group LLC : PUPS Holdings LLC : CHI-PUPS Intermediate Holdings LLC : PPC 316 W Illinois Street LLC,,,Non-Current Assets,Fixed Assets,Leasehold Improvements,152000 Fixed Assets : Leasehold Improvements,,
244,Fixed Assets : Software,152500,23,WagWay Group : WagWay Group LLC : PUPS Holdings LLC : CHI-PUPS Intermediate Holdings LLC : PPC 316 W Illinois Street LLC,,,Non-Current Assets,Fixed Assets,Software,152500 Fixed Assets : Software,,
246,Fixed Assets : Accumulated Depreciation - Equipment,153500,23,WagWay Group : WagWay Group LLC : PUPS Holdings LLC : CHI-PUPS Intermediate Holdings LLC : PPC 316 W Illinois Street LLC,,,Non-Current Assets,Fixed Assets,Accumulated Depreciation - Equipment,153500 Fixed Assets : Accumulated Depreciation - Equipment,,
248,Fixed Assets : Accumulated Depreciation - Leasehold Improvements,154500,23,WagWay Group : WagWay Group LLC : PUPS Holdings LLC : CHI-PUPS Intermediate Holdings LLC : PPC 316 W Illinois Street LLC,,,Non-Current Assets,Fixed Assets,Accumulated Depreciation - Leasehold Improvements,154500 Fixed Assets : Accumulated Depreciation - Leasehold Improvements,,
250,Fixed Assets : Accumulated Depreciation - Vehicles,155500,23,WagWay Group : WagWay Group LLC : PUPS Holdings LLC : CHI-PUPS Intermediate Holdings LLC : PPC 316 W Illinois Street LLC,,,Non-Current Assets,Fixed Assets,Accumulated Depreciation - Vehicles,155500 Fixed Assets : Accumulated Depreciation - Vehicles,,
424,Other Current Assets,140000,23,WagWay Group : WagWay Group LLC : PUPS Holdings LLC : CHI-PUPS Intermediate Holdings LLC : PPC 316 W Illinois Street LLC,,,Current Assets,Other Current Assets,Other Current Assets,140000 Other Current Assets,,
436,Deferred Revenue : Gift Cards,230500,23,WagWay Group : WagWay Group LLC : PUPS Holdings LLC : CHI-PUPS Intermediate Holdings LLC : PPC 316 W Illinois Street LLC,,,Non-Current Liabilities,Other Liabilities,Deferred Revenue,Gift Cards,230500 Deferred Revenue : Gift Cards,
437,Deferred Revenue : Memberships,231000,23,WagWay Group : WagWay Group LLC : PUPS Holdings LLC : CHI-PUPS Intermediate Holdings LLC : PPC 316 W Illinois Street LLC,,,Non-Current Liabilities,Other Liabilities,Deferred Revenue,Memberships,231000 Deferred Revenue : Memberships,
437,Deferred Revenue : Memberships,231000,23,WagWay Group : WagWay Group LLC : PUPS Holdings LLC : CHI-PUPS Intermediate Holdings LLC : PPC 316 W Illinois Street LLC,2,Memberships,Non-Current Liabilities,Other Liabilities,Deferred Revenue,Memberships,231000 Deferred Revenue : Memberships,
438,Deferred Revenue : Packages,231500,23,WagWay Group : WagWay Group LLC : PUPS Holdings LLC : CHI-PUPS Intermediate Holdings LLC : PPC 316 W Illinois Street LLC,18,Daycare,Non-Current Liabilities,Other Liabilities,Deferred Revenue,Packages,231500 Deferred Revenue : Packages,
438,Deferred Revenue : Packages,231500,23,WagWay Group : WagWay Group LLC : PUPS Holdings LLC : CHI-PUPS Intermediate Holdings LLC : PPC 316 W Illinois Street LLC,,,Non-Current Liabilities,Other Liabilities,Deferred Revenue,Packages,231500 Deferred Revenue : Packages,
438,Deferred Revenue : Packages,231500,23,WagWay Group : WagWay Group LLC : PUPS Holdings LLC : CHI-PUPS Intermediate Holdings LLC : PPC 316 W Illinois Street LLC,24,Training,Non-Current Liabilities,Other Liabilities,Deferred Revenue,Packages,231500 Deferred Revenue : Packages,
440,Accrued Expenses,250000,23,WagWay Group : WagWay Group LLC : PUPS Holdings LLC : CHI-PUPS Intermediate Holdings LLC : PPC 316 W Illinois Street LLC,,,Non-Current Liabilities,Other Liabilities,Accrued Expenses,250000 Accrued Expenses,,
618,Payroll Liabilities : Accrued Payroll,260500,23,WagWay Group : WagWay Group LLC : PUPS Holdings LLC : CHI-PUPS Intermediate Holdings LLC : PPC 316 W Illinois Street LLC,,,Non-Current Liabilities,Other Liabilities,Payroll Liabilities,Accrued Payroll,260500 Payroll Liabilities : Accrued Payroll,
621,Payroll Liabilities : Accrued Bonuses,262000,23,WagWay Group : WagWay Group LLC : PUPS Holdings LLC : CHI-PUPS Intermediate Holdings LLC : PPC 316 W Illinois Street LLC,,,Non-Current Liabilities,Other Liabilities,Payroll Liabilities,Accrued Bonuses,262000 Payroll Liabilities : Accrued Bonuses,
622,Payroll Liabilities : Accrued Payroll Taxes - Federal,262500,23,WagWay Group : WagWay Group LLC : PUPS Holdings LLC : CHI-PUPS Intermediate Holdings LLC : PPC 316 W Illinois Street LLC,,,Non-Current Liabilities,Other Liabilities,Payroll Liabilities,Accrued Payroll Taxes - Federal,262500 Payroll Liabilities : Accrued Payroll Taxes - Federal,
629,Payroll Liabilities : Accrued 401k,266000,23,WagWay Group : WagWay Group LLC : PUPS Holdings LLC : CHI-PUPS Intermediate Holdings LLC : PPC 316 W Illinois Street LLC,,,Non-Current Liabilities,Other Liabilities,Payroll Liabilities,Accrued 401k,266000 Payroll Liabilities : Accrued 401k,
630,Payroll Liabilities : Accrued Tips,266500,23,WagWay Group : WagWay Group LLC : PUPS Holdings LLC : CHI-PUPS Intermediate Holdings LLC : PPC 316 W Illinois Street LLC,,,Non-Current Liabilities,Other Liabilities,Payroll Liabilities,Accrued Tips,266500 Payroll Liabilities : Accrued Tips,
718,Revenue : Service Revenue,410000,23,WagWay Group : WagWay Group LLC : PUPS Holdings LLC : CHI-PUPS Intermediate Holdings LLC : PPC 316 W Illinois Street LLC,20,Playcare,Revenue,Pet Care : Playcare,Service Revenue,410000 Revenue : Service Revenue,,
718,Revenue : Service Revenue,410000,23,WagWay Group : WagWay Group LLC : PUPS Holdings LLC : CHI-PUPS Intermediate Holdings LLC : PPC 316 W Illinois Street LLC,19,Pet Sitting,Revenue,Pet Care,Service Revenue,410000 Revenue : Service Revenue,,
718,Revenue : Service Revenue,410000,23,WagWay Group : WagWay Group LLC : PUPS Holdings LLC : CHI-PUPS Intermediate Holdings LLC : PPC 316 W Illinois Street LLC,22,Walking,Revenue,Pet Care,Service Revenue,410000 Revenue : Service Revenue,,
718,Revenue : Service Revenue,410000,23,WagWay Group : WagWay Group LLC : PUPS Holdings LLC : CHI-PUPS Intermediate Holdings LLC : PPC 316 W Illinois Street LLC,18,Daycare,Revenue,Pet Care : Daycare,Service Revenue,410000 Revenue : Service Revenue,,
718,Revenue : Service Revenue,410000,23,WagWay Group : WagWay Group LLC : PUPS Holdings LLC : CHI-PUPS Intermediate Holdings LLC : PPC 316 W Illinois Street LLC,17,Boarding,Revenue,Pet Care,Service Revenue,410000 Revenue : Service Revenue,,
718,Revenue : Service Revenue,410000,23,WagWay Group : WagWay Group LLC : PUPS Holdings LLC : CHI-PUPS Intermediate Holdings LLC : PPC 316 W Illinois Street LLC,2,Memberships,Revenue,Memberships,Service Revenue,410000 Revenue : Service Revenue,,
718,Revenue : Service Revenue,410000,23,WagWay Group : WagWay Group LLC : PUPS Holdings LLC : CHI-PUPS Intermediate Holdings LLC : PPC 316 W Illinois Street LLC,,,Revenue,No Revenue Stream,Service Revenue,410000 Revenue : Service Revenue,,
718,Revenue : Service Revenue,410000,23,WagWay Group : WagWay Group LLC : PUPS Holdings LLC : CHI-PUPS Intermediate Holdings LLC : PPC 316 W Illinois Street LLC,1,Grooming,Revenue,Grooming,Service Revenue,410000 Revenue : Service Revenue,,
718,Revenue : Service Revenue,410000,23,WagWay Group : WagWay Group LLC : PUPS Holdings LLC : CHI-PUPS Intermediate Holdings LLC : PPC 316 W Illinois Street LLC,24,Training,Revenue,Training,Service Revenue,410000 Revenue : Service Revenue,,
719,Revenue : Retail,420000,23,WagWay Group : WagWay Group LLC : PUPS Holdings LLC : CHI-PUPS Intermediate Holdings LLC : PPC 316 W Illinois Street LLC,23,Retail,Revenue,Retail,Retail,420000 Revenue : Retail,,
719,Revenue : Retail,420000,23,WagWay Group : WagWay Group LLC : PUPS Holdings LLC : CHI-PUPS Intermediate Holdings LLC : PPC 316 W Illinois Street LLC,,,Revenue,No Revenue Stream,Retail,420000 Revenue : Retail,,
720,Revenue : Expired Packages,430000,23,WagWay Group : WagWay Group LLC : PUPS Holdings LLC : CHI-PUPS Intermediate Holdings LLC : PPC 316 W Illinois Street LLC,,,Revenue,No Revenue Stream,Expired Packages,430000 Revenue : Expired Packages,,
720,Revenue : Expired Packages,430000,23,WagWay Group : WagWay Group LLC : PUPS Holdings LLC : CHI-PUPS Intermediate Holdings LLC : PPC 316 W Illinois Street LLC,18,Daycare,Revenue,Pet Care : Daycare,Expired Packages,430000 Revenue : Expired Packages,,
720,Revenue : Expired Packages,430000,23,WagWay Group : WagWay Group LLC : PUPS Holdings LLC : CHI-PUPS Intermediate Holdings LLC : PPC 316 W Illinois Street LLC,26,Other Revenue,Revenue,Other Revenue,Expired Packages,430000 Revenue : Expired Packages,,
721,Revenue : Other Revenue,440000,23,WagWay Group : WagWay Group LLC : PUPS Holdings LLC : CHI-PUPS Intermediate Holdings LLC : PPC 316 W Illinois Street LLC,21,Transportation,Revenue,Pet Care,Other Revenue,440000 Revenue : Other Revenue,,
721,Revenue : Other Revenue,440000,23,WagWay Group : WagWay Group LLC : PUPS Holdings LLC : CHI-PUPS Intermediate Holdings LLC : PPC 316 W Illinois Street LLC,26,Other Revenue,Revenue,Other Revenue,Other Revenue,440000 Revenue : Other Revenue,,
721,Revenue : Other Revenue,440000,23,WagWay Group : WagWay Group LLC : PUPS Holdings LLC : CHI-PUPS Intermediate Holdings LLC : PPC 316 W Illinois Street LLC,,,Revenue,No Revenue Stream,Other Revenue,440000 Revenue : Other Revenue,,
721,Revenue : Other Revenue,440000,23,WagWay Group : WagWay Group LLC : PUPS Holdings LLC : CHI-PUPS Intermediate Holdings LLC : PPC 316 W Illinois Street LLC,2,Memberships,Revenue,Memberships,Other Revenue,440000 Revenue : Other Revenue,,
820,Operating Expenses : OPEX Wages : Regular Wages,610500,23,WagWay Group : WagWay Group LLC : PUPS Holdings LLC : CHI-PUPS Intermediate Holdings LLC : PPC 316 W Illinois Street LLC,,,Operating Expenses,Ops Labour Expense,Regular Wages,610500 Operating Expenses : OPEX Wages : Regular Wages,,
825,Operating Expenses : OPEX Wages : Employer Taxes,613000,23,WagWay Group : WagWay Group LLC : PUPS Holdings LLC : CHI-PUPS Intermediate Holdings LLC : PPC 316 W Illinois Street LLC,,,Operating Expenses,Ops Labour Expense,Employer Taxes,613000 Operating Expenses : OPEX Wages : Employer Taxes,,
826,Operating Expenses : OPEX Wages : Employer Medical/Dental/Vision,613500,23,WagWay Group : WagWay Group LLC : PUPS Holdings LLC : CHI-PUPS Intermediate Holdings LLC : PPC 316 W Illinois Street LLC,,,Operating Expenses,Ops Labour Expense,Employer Medical/Dental/Vision,613500 Operating Expenses : OPEX Wages : Employer Medical/Dental/Vision,,
830,Operating Expenses : OPEX Wages : Employer 401k,615500,23,WagWay Group : WagWay Group LLC : PUPS Holdings LLC : CHI-PUPS Intermediate Holdings LLC : PPC 316 W Illinois Street LLC,,,Operating Expenses,Ops Labour Expense,Employer 401k,615500 Operating Expenses : OPEX Wages : Employer 401k,,
832,Operating Expenses : Facility Expense : Rent,620500,23,WagWay Group : WagWay Group LLC : PUPS Holdings LLC : CHI-PUPS Intermediate Holdings LLC : PPC 316 W Illinois Street LLC,,,Operating Expenses,Facility Expense,Rent,620500 Operating Expenses : Facility Expense : Rent,,
833,Operating Expenses : Facility Expense : Electric,621000,23,WagWay Group : WagWay Group LLC : PUPS Holdings LLC : CHI-PUPS Intermediate Holdings LLC : PPC 316 W Illinois Street LLC,,,Operating Expenses,Facility Expense,Electric,621000 Operating Expenses : Facility Expense : Electric,,
837,Operating Expenses : Facility Expense : Phone,623000,23,WagWay Group : WagWay Group LLC : PUPS Holdings LLC : CHI-PUPS Intermediate Holdings LLC : PPC 316 W Illinois Street LLC,,,Operating Expenses,Facility Expense,Phone,623000 Operating Expenses : Facility Expense : Phone,,
841,General and Admin : G&A Wages : Regular Wages,710500,23,WagWay Group : WagWay Group LLC : PUPS Holdings LLC : CHI-PUPS Intermediate Holdings LLC : PPC 316 W Illinois Street LLC,,,Operating Expenses,Operations Expense,General and Admin,G&A Wages,Regular Wages,710500 General and Admin : G&A Wages : Regular Wages
846,General and Admin : G&A Wages : Employer Taxes,713000,23,WagWay Group : WagWay Group LLC : PUPS Holdings LLC : CHI-PUPS Intermediate Holdings LLC : PPC 316 W Illinois Street LLC,,,Operating Expenses,Operations Expense,General and Admin,G&A Wages,Employer Taxes,713000 General and Admin : G&A Wages : Employer Taxes
847,General and Admin : G&A Wages : Employer Medical/Dental/Vision,713500,23,WagWay Group : WagWay Group LLC : PUPS Holdings LLC : CHI-PUPS Intermediate Holdings LLC : PPC 316 W Illinois Street LLC,,,Operating Expenses,Operations Expense,General and Admin,G&A Wages,Employer Medical/Dental/Vision,713500 General and Admin : G&A Wages : Employer Medical/Dental/Vision
854,General and Admin : Travel : Lodging,721000,23,WagWay Group : WagWay Group LLC : PUPS Holdings LLC : CHI-PUPS Intermediate Holdings LLC : PPC 316 W Illinois Street LLC,,,Operating Expenses,Operations Expense,General and Admin,Travel,Lodging,721000 General and Admin : Travel : Lodging
855,General and Admin : Travel : Meals,721500,23,WagWay Group : WagWay Group LLC : PUPS Holdings LLC : CHI-PUPS Intermediate Holdings LLC : PPC 316 W Illinois Street LLC,,,Operating Expenses,Operations Expense,General and Admin,Travel,Meals,721500 General and Admin : Travel : Meals
856,General and Admin : Travel : Entertainment,722000,23,WagWay Group : WagWay Group LLC : PUPS Holdings LLC : CHI-PUPS Intermediate Holdings LLC : PPC 316 W Illinois Street LLC,,,Operating Expenses,Operations Expense,General and Admin,Travel,Entertainment,722000 General and Admin : Travel : Entertainment
857,General and Admin : Systems,730000,23,WagWay Group : WagWay Group LLC : PUPS Holdings LLC : CHI-PUPS Intermediate Holdings LLC : PPC 316 W Illinois Street LLC,,,Operating Expenses,Operations Expense,General and Admin,Systems,730000 General and Admin : Systems,
862,General and Admin : Insurance : Other Insurance,742000,23,WagWay Group : WagWay Group LLC : PUPS Holdings LLC : CHI-PUPS Intermediate Holdings LLC : PPC 316 W Illinois Street LLC,,,Operating Expenses,Operations Expense,General and Admin,Insurance,Other Insurance,742000 General and Admin : Insurance : Other Insurance
865,Other Expense : Interest Expense,851000,23,WagWay Group : WagWay Group LLC : PUPS Holdings LLC : CHI-PUPS Intermediate Holdings LLC : PPC 316 W Illinois Street LLC,,,Other (Income) / Expense,Other Expenses,Other Expense,Interest Expense,851000 Other Expense : Interest Expense,
920,General and Admin : Marketing : Other Marketing,751000,23,WagWay Group : WagWay Group LLC : PUPS Holdings LLC : CHI-PUPS Intermediate Holdings LLC : PPC 316 W Illinois Street LLC,,,Operating Expenses,Operations Expense,General and Admin,Marketing,Other Marketing,751000 General and Admin : Marketing : Other Marketing
1018,Operating Expenses : Facility Expense : Repair and Maintenance,623500,23,WagWay Group : WagWay Group LLC : PUPS Holdings LLC : CHI-PUPS Intermediate Holdings LLC : PPC 316 W Illinois Street LLC,,,Operating Expenses,Facility Expense,Repair and Maintenance,623500 Operating Expenses : Facility Expense : Repair and Maintenance,,
1023,General and Admin : Marketing : Brand Materials,750500,23,WagWay Group : WagWay Group LLC : PUPS Holdings LLC : CHI-PUPS Intermediate Holdings LLC : PPC 316 W Illinois Street LLC,,,Operating Expenses,Operations Expense,General and Admin,Marketing,Brand Materials,750500 General and Admin : Marketing : Brand Materials
1026,General and Admin : Advertising : Other Advertising,761000,23,WagWay Group : WagWay Group LLC : PUPS Holdings LLC : CHI-PUPS Intermediate Holdings LLC : PPC 316 W Illinois Street LLC,,,Operating Expenses,Operations Expense,General and Admin,Advertising,Other Advertising,761000 General and Admin : Advertising : Other Advertising
1030,General and Admin : Professional Services : Recruiting,772000,23,WagWay Group : WagWay Group LLC : PUPS Holdings LLC : CHI-PUPS Intermediate Holdings LLC : PPC 316 W Illinois Street LLC,,,Operating Expenses,Professional Fees,General and Admin,Recruiting,772000 General and Admin : Professional Services : Recruiting,
1031,General and Admin : Professional Services : Employee Training and Development,772500,23,WagWay Group : WagWay Group LLC : PUPS Holdings LLC : CHI-PUPS Intermediate Holdings LLC : PPC 316 W Illinois Street LLC,,,Operating Expenses,Professional Fees,General and Admin,Employee Training and Development,772500 General and Admin : Professional Services : Employee Training and Development,
1032,General and Admin : Professional Services : Other Professional Services,773000,23,WagWay Group : WagWay Group LLC : PUPS Holdings LLC : CHI-PUPS Intermediate Holdings LLC : PPC 316 W Illinois Street LLC,,,Operating Expenses,Professional Fees,General and Admin,Other Professional Services,773000 General and Admin : Professional Services : Other Professional Services,
1033,General and Admin : Other G&A Expenses : Bank Fees and Charges,780500,23,WagWay Group : WagWay Group LLC : PUPS Holdings LLC : CHI-PUPS Intermediate Holdings LLC : PPC 316 W Illinois Street LLC,,,Operating Expenses,Operations Expense,General and Admin,Other G&A Expenses,Bank Fees and Charges,780500 General and Admin : Other G&A Expenses : Bank Fees and Charges
1035,General and Admin : Other G&A Expenses : Dues and Subscriptions,781500,23,WagWay Group : WagWay Group LLC : PUPS Holdings LLC : CHI-PUPS Intermediate Holdings LLC : PPC 316 W Illinois Street LLC,,,Operating Expenses,Operations Expense,General and Admin,Other G&A Expenses,Dues and Subscriptions,781500 General and Admin : Other G&A Expenses : Dues and Subscriptions
1037,General and Admin : Other G&A Expenses : Taxes and Licenses,782500,23,WagWay Group : WagWay Group LLC : PUPS Holdings LLC : CHI-PUPS Intermediate Holdings LLC : PPC 316 W Illinois Street LLC,,,Operating Expenses,Operations Expense,General and Admin,Other G&A Expenses,Taxes and Licenses,782500 General and Admin : Other G&A Expenses : Taxes and Licenses
1038,Other Expense : Depreciation : Depreciation -Equipment,852010,23,WagWay Group : WagWay Group LLC : PUPS Holdings LLC : CHI-PUPS Intermediate Holdings LLC : PPC 316 W Illinois Street LLC,,,Other (Income) / Expense,Other Expenses,Other Expense,Depreciation,Depreciation -Equipment,852010 Other Expense : Depreciation : Depreciation -Equipment
1040,Other Expense : Depreciation : Depreciation - Leasehold Improvements,852030,23,WagWay Group : WagWay Group LLC : PUPS Holdings LLC : CHI-PUPS Intermediate Holdings LLC : PPC 316 W Illinois Street LLC,,,Other (Income) / Expense,Other Expenses,Other Expense,Depreciation,Depreciation - Leasehold Improvements,852030 Other Expense : Depreciation : Depreciation - Leasehold Improvements
1160,Cash : Collections : PPC 316 W Illinois Street LLC,100504,23,WagWay Group : WagWay Group LLC : PUPS Holdings LLC : CHI-PUPS Intermediate Holdings LLC : PPC 316 W Illinois Street LLC,,,Current Assets,Cash,Collections,PPC 316 W Illinois Street LLC,100504 Cash : Collections : PPC 316 W Illinois Street LLC,100504 Cash : Collections : PPC 316 W Illinois Street LLC
1253,Revenue : Sales Discounts,460000,23,WagWay Group : WagWay Group LLC : PUPS Holdings LLC : CHI-PUPS Intermediate Holdings LLC : PPC 316 W Illinois Street LLC,1,Grooming,Revenue,Grooming,Sales Discounts,460000 Revenue : Sales Discounts,,
1253,Revenue : Sales Discounts,460000,23,WagWay Group : WagWay Group LLC : PUPS Holdings LLC : CHI-PUPS Intermediate Holdings LLC : PPC 316 W Illinois Street LLC,26,Other Revenue,Revenue,Other Revenue,Sales Discounts,460000 Revenue : Sales Discounts,,
1253,Revenue : Sales Discounts,460000,23,WagWay Group : WagWay Group LLC : PUPS Holdings LLC : CHI-PUPS Intermediate Holdings LLC : PPC 316 W Illinois Street LLC,23,Retail,Revenue,Retail,Sales Discounts,460000 Revenue : Sales Discounts,,
1253,Revenue : Sales Discounts,460000,23,WagWay Group : WagWay Group LLC : PUPS Holdings LLC : CHI-PUPS Intermediate Holdings LLC : PPC 316 W Illinois Street LLC,18,Daycare,Revenue,Pet Care : Daycare,Sales Discounts,460000 Revenue : Sales Discounts,,
1255,Other Expense,850000,23,WagWay Group : WagWay Group LLC : PUPS Holdings LLC : CHI-PUPS Intermediate Holdings LLC : PPC 316 W Illinois Street LLC,,,Other (Income) / Expense,Other Expenses,Other Expense,850000 Other Expense,,
1256,Inventory : Retail Inventory,120250,23,WagWay Group : WagWay Group LLC : PUPS Holdings LLC : CHI-PUPS Intermediate Holdings LLC : PPC 316 W Illinois Street LLC,,,Current Assets,Other Current Assets,Inventory,Retail Inventory,120250 Inventory : Retail Inventory,120250 Inventory : Retail Inventory
1258,Other Long term Assets : ASC 842 - ROU Asset Account,171000,23,WagWay Group : WagWay Group LLC : PUPS Holdings LLC : CHI-PUPS Intermediate Holdings LLC : PPC 316 W Illinois Street LLC,,,Non-Current Assets,Other Assets,Other Long term Assets,ASC 842 - ROU Asset Account,171000 Other Long term Assets : ASC 842 - ROU Asset Account,
1259,Accounts Payable : Accounts Payable Trade,200250,23,WagWay Group : WagWay Group LLC : PUPS Holdings LLC : CHI-PUPS Intermediate Holdings LLC : PPC 316 W Illinois Street LLC,,,Current Liabilities,Accounts Payable,Accounts Payable Trade,200250 Accounts Payable : Accounts Payable Trade,,
1353,Accounts Receivable : Accounts Receivable Trade,110250,23,WagWay Group : WagWay Group LLC : PUPS Holdings LLC : CHI-PUPS Intermediate Holdings LLC : PPC 316 W Illinois Street LLC,19,Pet Sitting,Current Assets,Accounts Receivable,Accounts Receivable,Accounts Receivable Trade,110250 Accounts Receivable : Accounts Receivable Trade,
1353,Accounts Receivable : Accounts Receivable Trade,110250,23,WagWay Group : WagWay Group LLC : PUPS Holdings LLC : CHI-PUPS Intermediate Holdings LLC : PPC 316 W Illinois Street LLC,18,Daycare,Current Assets,Accounts Receivable,Accounts Receivable,Accounts Receivable Trade,110250 Accounts Receivable : Accounts Receivable Trade,
1353,Accounts Receivable : Accounts Receivable Trade,110250,23,WagWay Group : WagWay Group LLC : PUPS Holdings LLC : CHI-PUPS Intermediate Holdings LLC : PPC 316 W Illinois Street LLC,,,Current Assets,Accounts Receivable,Accounts Receivable,Accounts Receivable Trade,110250 Accounts Receivable : Accounts Receivable Trade,
1353,Accounts Receivable : Accounts Receivable Trade,110250,23,WagWay Group : WagWay Group LLC : PUPS Holdings LLC : CHI-PUPS Intermediate Holdings LLC : PPC 316 W Illinois Street LLC,24,Training,Current Assets,Accounts Receivable,Accounts Receivable,Accounts Receivable Trade,110250 Accounts Receivable : Accounts Receivable Trade,
1353,Accounts Receivable : Accounts Receivable Trade,110250,23,WagWay Group : WagWay Group LLC : PUPS Holdings LLC : CHI-PUPS Intermediate Holdings LLC : PPC 316 W Illinois Street LLC,1,Grooming,Current Assets,Accounts Receivable,Accounts Receivable,Accounts Receivable Trade,110250 Accounts Receivable : Accounts Receivable Trade,
1353,Accounts Receivable : Accounts Receivable Trade,110250,23,WagWay Group : WagWay Group LLC : PUPS Holdings LLC : CHI-PUPS Intermediate Holdings LLC : PPC 316 W Illinois Street LLC,20,Playcare,Current Assets,Accounts Receivable,Accounts Receivable,Accounts Receivable Trade,110250 Accounts Receivable : Accounts Receivable Trade,
1353,Accounts Receivable : Accounts Receivable Trade,110250,23,WagWay Group : WagWay Group LLC : PUPS Holdings LLC : CHI-PUPS Intermediate Holdings LLC : PPC 316 W Illinois Street LLC,2,Memberships,Current Assets,Accounts Receivable,Accounts Receivable,Accounts Receivable Trade,110250 Accounts Receivable : Accounts Receivable Trade,
1369,Other Long term Assets : ASC 842 - ROU Accumulated Amortization Acccount,171500,23,WagWay Group : WagWay Group LLC : PUPS Holdings LLC : CHI-PUPS Intermediate Holdings LLC : PPC 316 W Illinois Street LLC,,,Non-Current Assets,Other Assets,Other Long term Assets,ASC 842 - ROU Accumulated Amortization Acccount,171500 Other Long term Assets : ASC 842 - ROU Accumulated Amortization Acccount,
1373,Other Current Liabilities : ASC 842 - Lease Liability Short-Term Account,221000,23,WagWay Group : WagWay Group LLC : PUPS Holdings LLC : CHI-PUPS Intermediate Holdings LLC : PPC 316 W Illinois Street LLC,,,Current Liabilities,Other Current Liabilities,ASC 842 - Lease Liability Short-Term Account,221000 Other Current Liabilities : ASC 842 - Lease Liability Short-Term Account,,
1381,Other Long term Liabilities : ASC 842 - Lease Liability Long-Term Account,290250,23,WagWay Group : WagWay Group LLC : PUPS Holdings LLC : CHI-PUPS Intermediate Holdings LLC : PPC 316 W Illinois Street LLC,,,Non-Current Liabilities,Long Term Liabilities,Other Long term Liabilities,ASC 842 - Lease Liability Long-Term Account,290250 Other Long term Liabilities : ASC 842 - Lease Liability Long-Term Account,
1382,Other Long term Liabilities : ASC 842 - Lease Liability Long-Term Contra Account ST Reclas,290500,23,WagWay Group : WagWay Group LLC : PUPS Holdings LLC : CHI-PUPS Intermediate Holdings LLC : PPC 316 W Illinois Street LLC,,,Non-Current Liabilities,Long Term Liabilities,Other Long term Liabilities,ASC 842 - Lease Liability Long-Term Contra Account ST Reclas,290500 Other Long term Liabilities : ASC 842 - Lease Liability Long-Term Contra Account ST Reclas,
1397,Intercompany AR_x,111000,23,WagWay Group : WagWay Group LLC : PUPS Holdings LLC : CHI-PUPS Intermediate Holdings LLC : PPC 316 W Illinois Street LLC,,,Current Assets,Other Current Assets,Intercompany AR_x,111000 Intercompany AR_x,,
1398,Intercompany AP_x,200500,23,WagWay Group : WagWay Group LLC : PUPS Holdings LLC : CHI-PUPS Intermediate Holdings LLC : PPC 316 W Illinois Street LLC,16,Pet Care,Non-Current Liabilities,Other Liabilities,Intercompany AP_x,200500 Intercompany AP_x,,
1398,Intercompany AP_x,200500,23,WagWay Group : WagWay Group LLC : PUPS Holdings LLC : CHI-PUPS Intermediate Holdings LLC : PPC 316 W Illinois Street LLC,,,Non-Current Liabilities,Other Liabilities,Intercompany AP_x,200500 Intercompany AP_x,,
1398,Intercompany AP_x,200500,23,WagWay Group : WagWay Group LLC : PUPS Holdings LLC : CHI-PUPS Intermediate Holdings LLC : PPC 316 W Illinois Street LLC,1,Grooming,Non-Current Liabilities,Other Liabilities,Intercompany AP_x,200500 Intercompany AP_x,,
1398,Intercompany AP_x,200500,23,WagWay Group : WagWay Group LLC : PUPS Holdings LLC : CHI-PUPS Intermediate Holdings LLC : PPC 316 W Illinois Street LLC,20,Playcare,Non-Current Liabilities,Other Liabilities,Intercompany AP_x,200500 Intercompany AP_x,,
1399,General and Admin : Travel : Vehicle/Toll/Parking,721750,23,WagWay Group : WagWay Group LLC : PUPS Holdings LLC : CHI-PUPS Intermediate Holdings LLC : PPC 316 W Illinois Street LLC,,,Operating Expenses,Operations Expense,General and Admin,Travel,Vehicle/Toll/Parking,721750 General and Admin : Travel : Vehicle/Toll/Parking
1499,General and Admin : Other G&A Expenses : Office Supplies,783000,23,WagWay Group : WagWay Group LLC : PUPS Holdings LLC : CHI-PUPS Intermediate Holdings LLC : PPC 316 W Illinois Street LLC,,,Operating Expenses,Operations Expense,General and Admin,Other G&A Expenses,Office Supplies,783000 General and Admin : Other G&A Expenses : Office Supplies
1702,Ramp Card - PPC 316 W Illinois Street LLC,Ramp Card - PPC 316 W Illinois Street LLC,23,WagWay Group : WagWay Group LLC : PUPS Holdings LLC : CHI-PUPS Intermediate Holdings LLC : PPC 316 W Illinois Street LLC,,,Current Liabilities,Credit Card,Ramp Card,PPC 316 W Illinois Street LLC,Ramp Card - PPC 316 W Illinois Street LLC Ramp Card - PPC 316 W Illinois Street LLC,
2003,Intercompany AP - RAMP,200501,23,WagWay Group : WagWay Group LLC : PUPS Holdings LLC : CHI-PUPS Intermediate Holdings LLC : PPC 316 W Illinois Street LLC,,,Current Liabilities,Accounts Payable,Intercompany AP,RAMP,200501 Intercompany AP - RAMP,
2007,Cash : Collections : PPC 316 W Illinois Street LLC : W Illinois St Clearing Account,100504.1,23,WagWay Group : WagWay Group LLC : PUPS Holdings LLC : CHI-PUPS Intermediate Holdings LLC : PPC 316 W Illinois Street LLC,,,Current Assets,Cash,Collections,PPC 316 W Illinois Street LLC,W Illinois St Clearing Account,
,,,23,WagWay Group : WagWay Group LLC : PUPS Holdings LLC : CHI-PUPS Intermediate Holdings LLC : PPC 316 W Illinois Street LLC,,,,,,,,
52,Equity : Retained Earnings,310000,24,WagWay Group : WagWay Group LLC : PUPS Holdings LLC : CHI-PUPS Intermediate Holdings LLC : PPC 468 N New Street LLC,,,Equity,Equity,Retained Earnings,310000 Equity : Retained Earnings,,
221,COGS : COGS Wages : Regular Wages,510500,24,WagWay Group : WagWay Group LLC : PUPS Holdings LLC : CHI-PUPS Intermediate Holdings LLC : PPC 468 N New Street LLC,1,Grooming,COGS,Grooming,COGS Wages,Regular Wages,510500 COGS : COGS Wages : Regular Wages,
221,COGS : COGS Wages : Regular Wages,510500,24,WagWay Group : WagWay Group LLC : PUPS Holdings LLC : CHI-PUPS Intermediate Holdings LLC : PPC 468 N New Street LLC,16,Pet Care,COGS,Pet Care,COGS Wages,Regular Wages,510500 COGS : COGS Wages : Regular Wages,
221,COGS : COGS Wages : Regular Wages,510500,24,WagWay Group : WagWay Group LLC : PUPS Holdings LLC : CHI-PUPS Intermediate Holdings LLC : PPC 468 N New Street LLC,,,COGS,No Revenue Stream,COGS Wages,Regular Wages,510500 COGS : COGS Wages : Regular Wages,
221,COGS : COGS Wages : Regular Wages,510500,24,WagWay Group : WagWay Group LLC : PUPS Holdings LLC : CHI-PUPS Intermediate Holdings LLC : PPC 468 N New Street LLC,24,Training,COGS,Training,COGS Wages,Regular Wages,510500 COGS : COGS Wages : Regular Wages,
226,COGS : COGS Wages : Employer Taxes,513000,24,WagWay Group : WagWay Group LLC : PUPS Holdings LLC : CHI-PUPS Intermediate Holdings LLC : PPC 468 N New Street LLC,,,COGS,No Revenue Stream,COGS Wages,Employer Taxes,513000 COGS : COGS Wages : Employer Taxes,
226,COGS : COGS Wages : Employer Taxes,513000,24,WagWay Group : WagWay Group LLC : PUPS Holdings LLC : CHI-PUPS Intermediate Holdings LLC : PPC 468 N New Street LLC,24,Training,COGS,Training,COGS Wages,Employer Taxes,513000 COGS : COGS Wages : Employer Taxes,
226,COGS : COGS Wages : Employer Taxes,513000,24,WagWay Group : WagWay Group LLC : PUPS Holdings LLC : CHI-PUPS Intermediate Holdings LLC : PPC 468 N New Street LLC,16,Pet Care,COGS,Pet Care,COGS Wages,Employer Taxes,513000 COGS : COGS Wages : Employer Taxes,
226,COGS : COGS Wages : Employer Taxes,513000,24,WagWay Group : WagWay Group LLC : PUPS Holdings LLC : CHI-PUPS Intermediate Holdings LLC : PPC 468 N New Street LLC,1,Grooming,COGS,Grooming,COGS Wages,Employer Taxes,513000 COGS : COGS Wages : Employer Taxes,
227,COGS : COGS Wages : Employer Medical/Dental/Vision,513500,24,WagWay Group : WagWay Group LLC : PUPS Holdings LLC : CHI-PUPS Intermediate Holdings LLC : PPC 468 N New Street LLC,16,Pet Care,COGS,Pet Care,COGS Wages,Employer Medical/Dental/Vision,513500 COGS : COGS Wages : Employer Medical/Dental/Vision,
227,COGS : COGS Wages : Employer Medical/Dental/Vision,513500,24,WagWay Group : WagWay Group LLC : PUPS Holdings LLC : CHI-PUPS Intermediate Holdings LLC : PPC 468 N New Street LLC,1,Grooming,COGS,Grooming,COGS Wages,Employer Medical/Dental/Vision,513500 COGS : COGS Wages : Employer Medical/Dental/Vision,
227,COGS : COGS Wages : Employer Medical/Dental/Vision,513500,24,WagWay Group : WagWay Group LLC : PUPS Holdings LLC : CHI-PUPS Intermediate Holdings LLC : PPC 468 N New Street LLC,,,COGS,No Revenue Stream,COGS Wages,Employer Medical/Dental/Vision,513500 COGS : COGS Wages : Employer Medical/Dental/Vision,
227,COGS : COGS Wages : Employer Medical/Dental/Vision,513500,24,WagWay Group : WagWay Group LLC : PUPS Holdings LLC : CHI-PUPS Intermediate Holdings LLC : PPC 468 N New Street LLC,24,Training,COGS,Training,COGS Wages,Employer Medical/Dental/Vision,513500 COGS : COGS Wages : Employer Medical/Dental/Vision,
231,COGS : COGS Wages : Employer 401k,515500,24,WagWay Group : WagWay Group LLC : PUPS Holdings LLC : CHI-PUPS Intermediate Holdings LLC : PPC 468 N New Street LLC,,,COGS,No Revenue Stream,COGS Wages,Employer 401k,515500 COGS : COGS Wages : Employer 401k,
231,COGS : COGS Wages : Employer 401k,515500,24,WagWay Group : WagWay Group LLC : PUPS Holdings LLC : CHI-PUPS Intermediate Holdings LLC : PPC 468 N New Street LLC,16,Pet Care,COGS,Pet Care,COGS Wages,Employer 401k,515500 COGS : COGS Wages : Employer 401k,
231,COGS : COGS Wages : Employer 401k,515500,24,WagWay Group : WagWay Group LLC : PUPS Holdings LLC : CHI-PUPS Intermediate Holdings LLC : PPC 468 N New Street LLC,24,Training,COGS,Training,COGS Wages,Employer 401k,515500 COGS : COGS Wages : Employer 401k,
231,COGS : COGS Wages : Employer 401k,515500,24,WagWay Group : WagWay Group LLC : PUPS Holdings LLC : CHI-PUPS Intermediate Holdings LLC : PPC 468 N New Street LLC,1,Grooming,COGS,Grooming,COGS Wages,Employer 401k,515500 COGS : COGS Wages : Employer 401k,
233,COGS : COGS Consumables : Grooming Supplies,520500,24,WagWay Group : WagWay Group LLC : PUPS Holdings LLC : CHI-PUPS Intermediate Holdings LLC : PPC 468 N New Street LLC,,,COGS,No Revenue Stream,COGS Consumables,Grooming Supplies,520500 COGS : COGS Consumables : Grooming Supplies,
233,COGS : COGS Consumables : Grooming Supplies,520500,24,WagWay Group : WagWay Group LLC : PUPS Holdings LLC : CHI-PUPS Intermediate Holdings LLC : PPC 468 N New Street LLC,1,Grooming,COGS,Grooming,COGS Consumables,Grooming Supplies,520500 COGS : COGS Consumables : Grooming Supplies,
235,COGS : COGS Consumables : Other Supplies,521500,24,WagWay Group : WagWay Group LLC : PUPS Holdings LLC : CHI-PUPS Intermediate Holdings LLC : PPC 468 N New Street LLC,25,Vet Services,COGS,Vet Services,COGS Consumables,Other Supplies,521500 COGS : COGS Consumables : Other Supplies,
235,COGS : COGS Consumables : Other Supplies,521500,24,WagWay Group : WagWay Group LLC : PUPS Holdings LLC : CHI-PUPS Intermediate Holdings LLC : PPC 468 N New Street LLC,16,Pet Care,COGS,Pet Care,COGS Consumables,Other Supplies,521500 COGS : COGS Consumables : Other Supplies,
235,COGS : COGS Consumables : Other Supplies,521500,24,WagWay Group : WagWay Group LLC : PUPS Holdings LLC : CHI-PUPS Intermediate Holdings LLC : PPC 468 N New Street LLC,,,COGS,No Revenue Stream,COGS Consumables,Other Supplies,521500 COGS : COGS Consumables : Other Supplies,
235,COGS : COGS Consumables : Other Supplies,521500,24,WagWay Group : WagWay Group LLC : PUPS Holdings LLC : CHI-PUPS Intermediate Holdings LLC : PPC 468 N New Street LLC,20,Playcare,COGS,Pet Care : Playcare,COGS Consumables,Other Supplies,521500 COGS : COGS Consumables : Other Supplies,
241,Fixed Assets : Equipment,151000,24,WagWay Group : WagWay Group LLC : PUPS Holdings LLC : CHI-PUPS Intermediate Holdings LLC : PPC 468 N New Street LLC,,,Non-Current Assets,Fixed Assets,Equipment,151000 Fixed Assets : Equipment,,
243,Fixed Assets : Leasehold Improvements,152000,24,WagWay Group : WagWay Group LLC : PUPS Holdings LLC : CHI-PUPS Intermediate Holdings LLC : PPC 468 N New Street LLC,,,Non-Current Assets,Fixed Assets,Leasehold Improvements,152000 Fixed Assets : Leasehold Improvements,,
244,Fixed Assets : Software,152500,24,WagWay Group : WagWay Group LLC : PUPS Holdings LLC : CHI-PUPS Intermediate Holdings LLC : PPC 468 N New Street LLC,,,Non-Current Assets,Fixed Assets,Software,152500 Fixed Assets : Software,,
246,Fixed Assets : Accumulated Depreciation - Equipment,153500,24,WagWay Group : WagWay Group LLC : PUPS Holdings LLC : CHI-PUPS Intermediate Holdings LLC : PPC 468 N New Street LLC,,,Non-Current Assets,Fixed Assets,Accumulated Depreciation - Equipment,153500 Fixed Assets : Accumulated Depreciation - Equipment,,
248,Fixed Assets : Accumulated Depreciation - Leasehold Improvements,154500,24,WagWay Group : WagWay Group LLC : PUPS Holdings LLC : CHI-PUPS Intermediate Holdings LLC : PPC 468 N New Street LLC,,,Non-Current Assets,Fixed Assets,Accumulated Depreciation - Leasehold Improvements,154500 Fixed Assets : Accumulated Depreciation - Leasehold Improvements,,
250,Fixed Assets : Accumulated Depreciation - Vehicles,155500,24,WagWay Group : WagWay Group LLC : PUPS Holdings LLC : CHI-PUPS Intermediate Holdings LLC : PPC 468 N New Street LLC,,,Non-Current Assets,Fixed Assets,Accumulated Depreciation - Vehicles,155500 Fixed Assets : Accumulated Depreciation - Vehicles,,
424,Other Current Assets,140000,24,WagWay Group : WagWay Group LLC : PUPS Holdings LLC : CHI-PUPS Intermediate Holdings LLC : PPC 468 N New Street LLC,,,Current Assets,Other Current Assets,Other Current Assets,140000 Other Current Assets,,
433,Other Long term Assets : Security Deposits,170500,24,WagWay Group : WagWay Group LLC : PUPS Holdings LLC : CHI-PUPS Intermediate Holdings LLC : PPC 468 N New Street LLC,,,Non-Current Assets,Other Assets,Other Long term Assets,Security Deposits,170500 Other Long term Assets : Security Deposits,
437,Deferred Revenue : Memberships,231000,24,WagWay Group : WagWay Group LLC : PUPS Holdings LLC : CHI-PUPS Intermediate Holdings LLC : PPC 468 N New Street LLC,2,Memberships,Non-Current Liabilities,Other Liabilities,Deferred Revenue,Memberships,231000 Deferred Revenue : Memberships,
437,Deferred Revenue : Memberships,231000,24,WagWay Group : WagWay Group LLC : PUPS Holdings LLC : CHI-PUPS Intermediate Holdings LLC : PPC 468 N New Street LLC,,,Non-Current Liabilities,Other Liabilities,Deferred Revenue,Memberships,231000 Deferred Revenue : Memberships,
438,Deferred Revenue : Packages,231500,24,WagWay Group : WagWay Group LLC : PUPS Holdings LLC : CHI-PUPS Intermediate Holdings LLC : PPC 468 N New Street LLC,18,Daycare,Non-Current Liabilities,Other Liabilities,Deferred Revenue,Packages,231500 Deferred Revenue : Packages,
438,Deferred Revenue : Packages,231500,24,WagWay Group : WagWay Group LLC : PUPS Holdings LLC : CHI-PUPS Intermediate Holdings LLC : PPC 468 N New Street LLC,,,Non-Current Liabilities,Other Liabilities,Deferred Revenue,Packages,231500 Deferred Revenue : Packages,
438,Deferred Revenue : Packages,231500,24,WagWay Group : WagWay Group LLC : PUPS Holdings LLC : CHI-PUPS Intermediate Holdings LLC : PPC 468 N New Street LLC,24,Training,Non-Current Liabilities,Other Liabilities,Deferred Revenue,Packages,231500 Deferred Revenue : Packages,
440,Accrued Expenses,250000,24,WagWay Group : WagWay Group LLC : PUPS Holdings LLC : CHI-PUPS Intermediate Holdings LLC : PPC 468 N New Street LLC,,,Non-Current Liabilities,Other Liabilities,Accrued Expenses,250000 Accrued Expenses,,
618,Payroll Liabilities : Accrued Payroll,260500,24,WagWay Group : WagWay Group LLC : PUPS Holdings LLC : CHI-PUPS Intermediate Holdings LLC : PPC 468 N New Street LLC,,,Non-Current Liabilities,Other Liabilities,Payroll Liabilities,Accrued Payroll,260500 Payroll Liabilities : Accrued Payroll,
621,Payroll Liabilities : Accrued Bonuses,262000,24,WagWay Group : WagWay Group LLC : PUPS Holdings LLC : CHI-PUPS Intermediate Holdings LLC : PPC 468 N New Street LLC,,,Non-Current Liabilities,Other Liabilities,Payroll Liabilities,Accrued Bonuses,262000 Payroll Liabilities : Accrued Bonuses,
622,Payroll Liabilities : Accrued Payroll Taxes - Federal,262500,24,WagWay Group : WagWay Group LLC : PUPS Holdings LLC : CHI-PUPS Intermediate Holdings LLC : PPC 468 N New Street LLC,,,Non-Current Liabilities,Other Liabilities,Payroll Liabilities,Accrued Payroll Taxes - Federal,262500 Payroll Liabilities : Accrued Payroll Taxes - Federal,
629,Payroll Liabilities : Accrued 401k,266000,24,WagWay Group : WagWay Group LLC : PUPS Holdings LLC : CHI-PUPS Intermediate Holdings LLC : PPC 468 N New Street LLC,,,Non-Current Liabilities,Other Liabilities,Payroll Liabilities,Accrued 401k,266000 Payroll Liabilities : Accrued 401k,
630,Payroll Liabilities : Accrued Tips,266500,24,WagWay Group : WagWay Group LLC : PUPS Holdings LLC : CHI-PUPS Intermediate Holdings LLC : PPC 468 N New Street LLC,,,Non-Current Liabilities,Other Liabilities,Payroll Liabilities,Accrued Tips,266500 Payroll Liabilities : Accrued Tips,
718,Revenue : Service Revenue,410000,24,WagWay Group : WagWay Group LLC : PUPS Holdings LLC : CHI-PUPS Intermediate Holdings LLC : PPC 468 N New Street LLC,18,Daycare,Revenue,Pet Care : Daycare,Service Revenue,410000 Revenue : Service Revenue,,
718,Revenue : Service Revenue,410000,24,WagWay Group : WagWay Group LLC : PUPS Holdings LLC : CHI-PUPS Intermediate Holdings LLC : PPC 468 N New Street LLC,1,Grooming,Revenue,Grooming,Service Revenue,410000 Revenue : Service Revenue,,
718,Revenue : Service Revenue,410000,24,WagWay Group : WagWay Group LLC : PUPS Holdings LLC : CHI-PUPS Intermediate Holdings LLC : PPC 468 N New Street LLC,24,Training,Revenue,Training,Service Revenue,410000 Revenue : Service Revenue,,
718,Revenue : Service Revenue,410000,24,WagWay Group : WagWay Group LLC : PUPS Holdings LLC : CHI-PUPS Intermediate Holdings LLC : PPC 468 N New Street LLC,20,Playcare,Revenue,Pet Care : Playcare,Service Revenue,410000 Revenue : Service Revenue,,
718,Revenue : Service Revenue,410000,24,WagWay Group : WagWay Group LLC : PUPS Holdings LLC : CHI-PUPS Intermediate Holdings LLC : PPC 468 N New Street LLC,22,Walking,Revenue,Pet Care,Service Revenue,410000 Revenue : Service Revenue,,
718,Revenue : Service Revenue,410000,24,WagWay Group : WagWay Group LLC : PUPS Holdings LLC : CHI-PUPS Intermediate Holdings LLC : PPC 468 N New Street LLC,17,Boarding,Revenue,Pet Care,Service Revenue,410000 Revenue : Service Revenue,,
718,Revenue : Service Revenue,410000,24,WagWay Group : WagWay Group LLC : PUPS Holdings LLC : CHI-PUPS Intermediate Holdings LLC : PPC 468 N New Street LLC,21,Transportation,Revenue,Pet Care,Service Revenue,410000 Revenue : Service Revenue,,
718,Revenue : Service Revenue,410000,24,WagWay Group : WagWay Group LLC : PUPS Holdings LLC : CHI-PUPS Intermediate Holdings LLC : PPC 468 N New Street LLC,19,Pet Sitting,Revenue,Pet Care,Service Revenue,410000 Revenue : Service Revenue,,
718,Revenue : Service Revenue,410000,24,WagWay Group : WagWay Group LLC : PUPS Holdings LLC : CHI-PUPS Intermediate Holdings LLC : PPC 468 N New Street LLC,,,Revenue,No Revenue Stream,Service Revenue,410000 Revenue : Service Revenue,,
718,Revenue : Service Revenue,410000,24,WagWay Group : WagWay Group LLC : PUPS Holdings LLC : CHI-PUPS Intermediate Holdings LLC : PPC 468 N New Street LLC,2,Memberships,Revenue,Memberships,Service Revenue,410000 Revenue : Service Revenue,,
719,Revenue : Retail,420000,24,WagWay Group : WagWay Group LLC : PUPS Holdings LLC : CHI-PUPS Intermediate Holdings LLC : PPC 468 N New Street LLC,,,Revenue,No Revenue Stream,Retail,420000 Revenue : Retail,,
719,Revenue : Retail,420000,24,WagWay Group : WagWay Group LLC : PUPS Holdings LLC : CHI-PUPS Intermediate Holdings LLC : PPC 468 N New Street LLC,23,Retail,Revenue,Retail,Retail,420000 Revenue : Retail,,
720,Revenue : Expired Packages,430000,24,WagWay Group : WagWay Group LLC : PUPS Holdings LLC : CHI-PUPS Intermediate Holdings LLC : PPC 468 N New Street LLC,,,Revenue,No Revenue Stream,Expired Packages,430000 Revenue : Expired Packages,,
720,Revenue : Expired Packages,430000,24,WagWay Group : WagWay Group LLC : PUPS Holdings LLC : CHI-PUPS Intermediate Holdings LLC : PPC 468 N New Street LLC,18,Daycare,Revenue,Pet Care : Daycare,Expired Packages,430000 Revenue : Expired Packages,,
720,Revenue : Expired Packages,430000,24,WagWay Group : WagWay Group LLC : PUPS Holdings LLC : CHI-PUPS Intermediate Holdings LLC : PPC 468 N New Street LLC,26,Other Revenue,Revenue,Other Revenue,Expired Packages,430000 Revenue : Expired Packages,,
721,Revenue : Other Revenue,440000,24,WagWay Group : WagWay Group LLC : PUPS Holdings LLC : CHI-PUPS Intermediate Holdings LLC : PPC 468 N New Street LLC,21,Transportation,Revenue,Pet Care,Other Revenue,440000 Revenue : Other Revenue,,
721,Revenue : Other Revenue,440000,24,WagWay Group : WagWay Group LLC : PUPS Holdings LLC : CHI-PUPS Intermediate Holdings LLC : PPC 468 N New Street LLC,,,Revenue,No Revenue Stream,Other Revenue,440000 Revenue : Other Revenue,,
721,Revenue : Other Revenue,440000,24,WagWay Group : WagWay Group LLC : PUPS Holdings LLC : CHI-PUPS Intermediate Holdings LLC : PPC 468 N New Street LLC,2,Memberships,Revenue,Memberships,Other Revenue,440000 Revenue : Other Revenue,,
721,Revenue : Other Revenue,440000,24,WagWay Group : WagWay Group LLC : PUPS Holdings LLC : CHI-PUPS Intermediate Holdings LLC : PPC 468 N New Street LLC,26,Other Revenue,Revenue,Other Revenue,Other Revenue,440000 Revenue : Other Revenue,,
820,Operating Expenses : OPEX Wages : Regular Wages,610500,24,WagWay Group : WagWay Group LLC : PUPS Holdings LLC : CHI-PUPS Intermediate Holdings LLC : PPC 468 N New Street LLC,,,Operating Expenses,Ops Labour Expense,Regular Wages,610500 Operating Expenses : OPEX Wages : Regular Wages,,
825,Operating Expenses : OPEX Wages : Employer Taxes,613000,24,WagWay Group : WagWay Group LLC : PUPS Holdings LLC : CHI-PUPS Intermediate Holdings LLC : PPC 468 N New Street LLC,,,Operating Expenses,Ops Labour Expense,Employer Taxes,613000 Operating Expenses : OPEX Wages : Employer Taxes,,
826,Operating Expenses : OPEX Wages : Employer Medical/Dental/Vision,613500,24,WagWay Group : WagWay Group LLC : PUPS Holdings LLC : CHI-PUPS Intermediate Holdings LLC : PPC 468 N New Street LLC,,,Operating Expenses,Ops Labour Expense,Employer Medical/Dental/Vision,613500 Operating Expenses : OPEX Wages : Employer Medical/Dental/Vision,,
830,Operating Expenses : OPEX Wages : Employer 401k,615500,24,WagWay Group : WagWay Group LLC : PUPS Holdings LLC : CHI-PUPS Intermediate Holdings LLC : PPC 468 N New Street LLC,,,Operating Expenses,Ops Labour Expense,Employer 401k,615500 Operating Expenses : OPEX Wages : Employer 401k,,
832,Operating Expenses : Facility Expense : Rent,620500,24,WagWay Group : WagWay Group LLC : PUPS Holdings LLC : CHI-PUPS Intermediate Holdings LLC : PPC 468 N New Street LLC,,,Operating Expenses,Facility Expense,Rent,620500 Operating Expenses : Facility Expense : Rent,,
833,Operating Expenses : Facility Expense : Electric,621000,24,WagWay Group : WagWay Group LLC : PUPS Holdings LLC : CHI-PUPS Intermediate Holdings LLC : PPC 468 N New Street LLC,,,Operating Expenses,Facility Expense,Electric,621000 Operating Expenses : Facility Expense : Electric,,
834,Operating Expenses : Facility Expense : Gas,621500,24,WagWay Group : WagWay Group LLC : PUPS Holdings LLC : CHI-PUPS Intermediate Holdings LLC : PPC 468 N New Street LLC,,,Operating Expenses,Facility Expense,Gas,621500 Operating Expenses : Facility Expense : Gas,,
836,Operating Expenses : Facility Expense : Data,622500,24,WagWay Group : WagWay Group LLC : PUPS Holdings LLC : CHI-PUPS Intermediate Holdings LLC : PPC 468 N New Street LLC,,,Operating Expenses,Facility Expense,Data,622500 Operating Expenses : Facility Expense : Data,,
837,Operating Expenses : Facility Expense : Phone,623000,24,WagWay Group : WagWay Group LLC : PUPS Holdings LLC : CHI-PUPS Intermediate Holdings LLC : PPC 468 N New Street LLC,,,Operating Expenses,Facility Expense,Phone,623000 Operating Expenses : Facility Expense : Phone,,
841,General and Admin : G&A Wages : Regular Wages,710500,24,WagWay Group : WagWay Group LLC : PUPS Holdings LLC : CHI-PUPS Intermediate Holdings LLC : PPC 468 N New Street LLC,,,Operating Expenses,Operations Expense,General and Admin,G&A Wages,Regular Wages,710500 General and Admin : G&A Wages : Regular Wages
846,General and Admin : G&A Wages : Employer Taxes,713000,24,WagWay Group : WagWay Group LLC : PUPS Holdings LLC : CHI-PUPS Intermediate Holdings LLC : PPC 468 N New Street LLC,,,Operating Expenses,Operations Expense,General and Admin,G&A Wages,Employer Taxes,713000 General and Admin : G&A Wages : Employer Taxes
847,General and Admin : G&A Wages : Employer Medical/Dental/Vision,713500,24,WagWay Group : WagWay Group LLC : PUPS Holdings LLC : CHI-PUPS Intermediate Holdings LLC : PPC 468 N New Street LLC,,,Operating Expenses,Operations Expense,General and Admin,G&A Wages,Employer Medical/Dental/Vision,713500 General and Admin : G&A Wages : Employer Medical/Dental/Vision
854,General and Admin : Travel : Lodging,721000,24,WagWay Group : WagWay Group LLC : PUPS Holdings LLC : CHI-PUPS Intermediate Holdings LLC : PPC 468 N New Street LLC,,,Operating Expenses,Operations Expense,General and Admin,Travel,Lodging,721000 General and Admin : Travel : Lodging
855,General and Admin : Travel : Meals,721500,24,WagWay Group : WagWay Group LLC : PUPS Holdings LLC : CHI-PUPS Intermediate Holdings LLC : PPC 468 N New Street LLC,,,Operating Expenses,Operations Expense,General and Admin,Travel,Meals,721500 General and Admin : Travel : Meals
856,General and Admin : Travel : Entertainment,722000,24,WagWay Group : WagWay Group LLC : PUPS Holdings LLC : CHI-PUPS Intermediate Holdings LLC : PPC 468 N New Street LLC,,,Operating Expenses,Operations Expense,General and Admin,Travel,Entertainment,722000 General and Admin : Travel : Entertainment
857,General and Admin : Systems,730000,24,WagWay Group : WagWay Group LLC : PUPS Holdings LLC : CHI-PUPS Intermediate Holdings LLC : PPC 468 N New Street LLC,,,Operating Expenses,Operations Expense,General and Admin,Systems,730000 General and Admin : Systems,
865,Other Expense : Interest Expense,851000,24,WagWay Group : WagWay Group LLC : PUPS Holdings LLC : CHI-PUPS Intermediate Holdings LLC : PPC 468 N New Street LLC,,,Other (Income) / Expense,Other Expenses,Other Expense,Interest Expense,851000 Other Expense : Interest Expense,
920,General and Admin : Marketing : Other Marketing,751000,24,WagWay Group : WagWay Group LLC : PUPS Holdings LLC : CHI-PUPS Intermediate Holdings LLC : PPC 468 N New Street LLC,,,Operating Expenses,Operations Expense,General and Admin,Marketing,Other Marketing,751000 General and Admin : Marketing : Other Marketing
924,General and Admin : Transaction Expenses,790000,24,WagWay Group : WagWay Group LLC : PUPS Holdings LLC : CHI-PUPS Intermediate Holdings LLC : PPC 468 N New Street LLC,,,Operating Expenses,Operations Expense,General and Admin,Transaction Expenses,790000 General and Admin : Transaction Expenses,
1018,Operating Expenses : Facility Expense : Repair and Maintenance,623500,24,WagWay Group : WagWay Group LLC : PUPS Holdings LLC : CHI-PUPS Intermediate Holdings LLC : PPC 468 N New Street LLC,,,Operating Expenses,Facility Expense,Repair and Maintenance,623500 Operating Expenses : Facility Expense : Repair and Maintenance,,
1023,General and Admin : Marketing : Brand Materials,750500,24,WagWay Group : WagWay Group LLC : PUPS Holdings LLC : CHI-PUPS Intermediate Holdings LLC : PPC 468 N New Street LLC,,,Operating Expenses,Operations Expense,General and Admin,Marketing,Brand Materials,750500 General and Admin : Marketing : Brand Materials
1026,General and Admin : Advertising : Other Advertising,761000,24,WagWay Group : WagWay Group LLC : PUPS Holdings LLC : CHI-PUPS Intermediate Holdings LLC : PPC 468 N New Street LLC,,,Operating Expenses,Operations Expense,General and Admin,Advertising,Other Advertising,761000 General and Admin : Advertising : Other Advertising
1031,General and Admin : Professional Services : Employee Training and Development,772500,24,WagWay Group : WagWay Group LLC : PUPS Holdings LLC : CHI-PUPS Intermediate Holdings LLC : PPC 468 N New Street LLC,,,Operating Expenses,Professional Fees,General and Admin,Employee Training and Development,772500 General and Admin : Professional Services : Employee Training and Development,
1032,General and Admin : Professional Services : Other Professional Services,773000,24,WagWay Group : WagWay Group LLC : PUPS Holdings LLC : CHI-PUPS Intermediate Holdings LLC : PPC 468 N New Street LLC,,,Operating Expenses,Professional Fees,General and Admin,Other Professional Services,773000 General and Admin : Professional Services : Other Professional Services,
1033,General and Admin : Other G&A Expenses : Bank Fees and Charges,780500,24,WagWay Group : WagWay Group LLC : PUPS Holdings LLC : CHI-PUPS Intermediate Holdings LLC : PPC 468 N New Street LLC,,,Operating Expenses,Operations Expense,General and Admin,Other G&A Expenses,Bank Fees and Charges,780500 General and Admin : Other G&A Expenses : Bank Fees and Charges
1035,General and Admin : Other G&A Expenses : Dues and Subscriptions,781500,24,WagWay Group : WagWay Group LLC : PUPS Holdings LLC : CHI-PUPS Intermediate Holdings LLC : PPC 468 N New Street LLC,,,Operating Expenses,Operations Expense,General and Admin,Other G&A Expenses,Dues and Subscriptions,781500 General and Admin : Other G&A Expenses : Dues and Subscriptions
1036,General and Admin : Other G&A Expenses : Charitable Contributions,782000,24,WagWay Group : WagWay Group LLC : PUPS Holdings LLC : CHI-PUPS Intermediate Holdings LLC : PPC 468 N New Street LLC,,,Operating Expenses,Operations Expense,General and Admin,Other G&A Expenses,Charitable Contributions,782000 General and Admin : Other G&A Expenses : Charitable Contributions
1037,General and Admin : Other G&A Expenses : Taxes and Licenses,782500,24,WagWay Group : WagWay Group LLC : PUPS Holdings LLC : CHI-PUPS Intermediate Holdings LLC : PPC 468 N New Street LLC,,,Operating Expenses,Operations Expense,General and Admin,Other G&A Expenses,Taxes and Licenses,782500 General and Admin : Other G&A Expenses : Taxes and Licenses
1038,Other Expense : Depreciation : Depreciation -Equipment,852010,24,WagWay Group : WagWay Group LLC : PUPS Holdings LLC : CHI-PUPS Intermediate Holdings LLC : PPC 468 N New Street LLC,,,Other (Income) / Expense,Other Expenses,Other Expense,Depreciation,Depreciation -Equipment,852010 Other Expense : Depreciation : Depreciation -Equipment
1040,Other Expense : Depreciation : Depreciation - Leasehold Improvements,852030,24,WagWay Group : WagWay Group LLC : PUPS Holdings LLC : CHI-PUPS Intermediate Holdings LLC : PPC 468 N New Street LLC,,,Other (Income) / Expense,Other Expenses,Other Expense,Depreciation,Depreciation - Leasehold Improvements,852030 Other Expense : Depreciation : Depreciation - Leasehold Improvements
1161,Cash : Collections : PPC 468 N New Street LLC,100505,24,WagWay Group : WagWay Group LLC : PUPS Holdings LLC : CHI-PUPS Intermediate Holdings LLC : PPC 468 N New Street LLC,,,Current Assets,Cash,Collections,PPC 468 N New Street LLC,100505 Cash : Collections : PPC 468 N New Street LLC,100505 Cash : Collections : PPC 468 N New Street LLC
1253,Revenue : Sales Discounts,460000,24,WagWay Group : WagWay Group LLC : PUPS Holdings LLC : CHI-PUPS Intermediate Holdings LLC : PPC 468 N New Street LLC,18,Daycare,Revenue,Pet Care : Daycare,Sales Discounts,460000 Revenue : Sales Discounts,,
1253,Revenue : Sales Discounts,460000,24,WagWay Group : WagWay Group LLC : PUPS Holdings LLC : CHI-PUPS Intermediate Holdings LLC : PPC 468 N New Street LLC,26,Other Revenue,Revenue,Other Revenue,Sales Discounts,460000 Revenue : Sales Discounts,,
1253,Revenue : Sales Discounts,460000,24,WagWay Group : WagWay Group LLC : PUPS Holdings LLC : CHI-PUPS Intermediate Holdings LLC : PPC 468 N New Street LLC,1,Grooming,Revenue,Grooming,Sales Discounts,460000 Revenue : Sales Discounts,,
1253,Revenue : Sales Discounts,460000,24,WagWay Group : WagWay Group LLC : PUPS Holdings LLC : CHI-PUPS Intermediate Holdings LLC : PPC 468 N New Street LLC,23,Retail,Revenue,Retail,Sales Discounts,460000 Revenue : Sales Discounts,,
1255,Other Expense,850000,24,WagWay Group : WagWay Group LLC : PUPS Holdings LLC : CHI-PUPS Intermediate Holdings LLC : PPC 468 N New Street LLC,,,Other (Income) / Expense,Other Expenses,Other Expense,850000 Other Expense,,
1256,Inventory : Retail Inventory,120250,24,WagWay Group : WagWay Group LLC : PUPS Holdings LLC : CHI-PUPS Intermediate Holdings LLC : PPC 468 N New Street LLC,,,Current Assets,Other Current Assets,Inventory,Retail Inventory,120250 Inventory : Retail Inventory,120250 Inventory : Retail Inventory
1258,Other Long term Assets : ASC 842 - ROU Asset Account,171000,24,WagWay Group : WagWay Group LLC : PUPS Holdings LLC : CHI-PUPS Intermediate Holdings LLC : PPC 468 N New Street LLC,,,Non-Current Assets,Other Assets,Other Long term Assets,ASC 842 - ROU Asset Account,171000 Other Long term Assets : ASC 842 - ROU Asset Account,
1259,Accounts Payable : Accounts Payable Trade,200250,24,WagWay Group : WagWay Group LLC : PUPS Holdings LLC : CHI-PUPS Intermediate Holdings LLC : PPC 468 N New Street LLC,,,Current Liabilities,Accounts Payable,Accounts Payable Trade,200250 Accounts Payable : Accounts Payable Trade,,
1353,Accounts Receivable : Accounts Receivable Trade,110250,24,WagWay Group : WagWay Group LLC : PUPS Holdings LLC : CHI-PUPS Intermediate Holdings LLC : PPC 468 N New Street LLC,2,Memberships,Current Assets,Accounts Receivable,Accounts Receivable,Accounts Receivable Trade,110250 Accounts Receivable : Accounts Receivable Trade,
1353,Accounts Receivable : Accounts Receivable Trade,110250,24,WagWay Group : WagWay Group LLC : PUPS Holdings LLC : CHI-PUPS Intermediate Holdings LLC : PPC 468 N New Street LLC,,,Current Assets,Accounts Receivable,Accounts Receivable,Accounts Receivable Trade,110250 Accounts Receivable : Accounts Receivable Trade,
1353,Accounts Receivable : Accounts Receivable Trade,110250,24,WagWay Group : WagWay Group LLC : PUPS Holdings LLC : CHI-PUPS Intermediate Holdings LLC : PPC 468 N New Street LLC,24,Training,Current Assets,Accounts Receivable,Accounts Receivable,Accounts Receivable Trade,110250 Accounts Receivable : Accounts Receivable Trade,
1353,Accounts Receivable : Accounts Receivable Trade,110250,24,WagWay Group : WagWay Group LLC : PUPS Holdings LLC : CHI-PUPS Intermediate Holdings LLC : PPC 468 N New Street LLC,20,Playcare,Current Assets,Accounts Receivable,Accounts Receivable,Accounts Receivable Trade,110250 Accounts Receivable : Accounts Receivable Trade,
1353,Accounts Receivable : Accounts Receivable Trade,110250,24,WagWay Group : WagWay Group LLC : PUPS Holdings LLC : CHI-PUPS Intermediate Holdings LLC : PPC 468 N New Street LLC,1,Grooming,Current Assets,Accounts Receivable,Accounts Receivable,Accounts Receivable Trade,110250 Accounts Receivable : Accounts Receivable Trade,
1353,Accounts Receivable : Accounts Receivable Trade,110250,24,WagWay Group : WagWay Group LLC : PUPS Holdings LLC : CHI-PUPS Intermediate Holdings LLC : PPC 468 N New Street LLC,19,Pet Sitting,Current Assets,Accounts Receivable,Accounts Receivable,Accounts Receivable Trade,110250 Accounts Receivable : Accounts Receivable Trade,
1353,Accounts Receivable : Accounts Receivable Trade,110250,24,WagWay Group : WagWay Group LLC : PUPS Holdings LLC : CHI-PUPS Intermediate Holdings LLC : PPC 468 N New Street LLC,18,Daycare,Current Assets,Accounts Receivable,Accounts Receivable,Accounts Receivable Trade,110250 Accounts Receivable : Accounts Receivable Trade,
1369,Other Long term Assets : ASC 842 - ROU Accumulated Amortization Acccount,171500,24,WagWay Group : WagWay Group LLC : PUPS Holdings LLC : CHI-PUPS Intermediate Holdings LLC : PPC 468 N New Street LLC,,,Non-Current Assets,Other Assets,Other Long term Assets,ASC 842 - ROU Accumulated Amortization Acccount,171500 Other Long term Assets : ASC 842 - ROU Accumulated Amortization Acccount,
1373,Other Current Liabilities : ASC 842 - Lease Liability Short-Term Account,221000,24,WagWay Group : WagWay Group LLC : PUPS Holdings LLC : CHI-PUPS Intermediate Holdings LLC : PPC 468 N New Street LLC,,,Current Liabilities,Other Current Liabilities,ASC 842 - Lease Liability Short-Term Account,221000 Other Current Liabilities : ASC 842 - Lease Liability Short-Term Account,,
1381,Other Long term Liabilities : ASC 842 - Lease Liability Long-Term Account,290250,24,WagWay Group : WagWay Group LLC : PUPS Holdings LLC : CHI-PUPS Intermediate Holdings LLC : PPC 468 N New Street LLC,,,Non-Current Liabilities,Long Term Liabilities,Other Long term Liabilities,ASC 842 - Lease Liability Long-Term Account,290250 Other Long term Liabilities : ASC 842 - Lease Liability Long-Term Account,
1382,Other Long term Liabilities : ASC 842 - Lease Liability Long-Term Contra Account ST Reclas,290500,24,WagWay Group : WagWay Group LLC : PUPS Holdings LLC : CHI-PUPS Intermediate Holdings LLC : PPC 468 N New Street LLC,,,Non-Current Liabilities,Long Term Liabilities,Other Long term Liabilities,ASC 842 - Lease Liability Long-Term Contra Account ST Reclas,290500 Other Long term Liabilities : ASC 842 - Lease Liability Long-Term Contra Account ST Reclas,
1397,Intercompany AR_x,111000,24,WagWay Group : WagWay Group LLC : PUPS Holdings LLC : CHI-PUPS Intermediate Holdings LLC : PPC 468 N New Street LLC,,,Current Assets,Other Current Assets,Intercompany AR_x,111000 Intercompany AR_x,,
1398,Intercompany AP_x,200500,24,WagWay Group : WagWay Group LLC : PUPS Holdings LLC : CHI-PUPS Intermediate Holdings LLC : PPC 468 N New Street LLC,,,Non-Current Liabilities,Other Liabilities,Intercompany AP_x,200500 Intercompany AP_x,,
1398,Intercompany AP_x,200500,24,WagWay Group : WagWay Group LLC : PUPS Holdings LLC : CHI-PUPS Intermediate Holdings LLC : PPC 468 N New Street LLC,1,Grooming,Non-Current Liabilities,Other Liabilities,Intercompany AP_x,200500 Intercompany AP_x,,
1398,Intercompany AP_x,200500,24,WagWay Group : WagWay Group LLC : PUPS Holdings LLC : CHI-PUPS Intermediate Holdings LLC : PPC 468 N New Street LLC,16,Pet Care,Non-Current Liabilities,Other Liabilities,Intercompany AP_x,200500 Intercompany AP_x,,
1398,Intercompany AP_x,200500,24,WagWay Group : WagWay Group LLC : PUPS Holdings LLC : CHI-PUPS Intermediate Holdings LLC : PPC 468 N New Street LLC,20,Playcare,Non-Current Liabilities,Other Liabilities,Intercompany AP_x,200500 Intercompany AP_x,,
1399,General and Admin : Travel : Vehicle/Toll/Parking,721750,24,WagWay Group : WagWay Group LLC : PUPS Holdings LLC : CHI-PUPS Intermediate Holdings LLC : PPC 468 N New Street LLC,,,Operating Expenses,Operations Expense,General and Admin,Travel,Vehicle/Toll/Parking,721750 General and Admin : Travel : Vehicle/Toll/Parking
1499,General and Admin : Other G&A Expenses : Office Supplies,783000,24,WagWay Group : WagWay Group LLC : PUPS Holdings LLC : CHI-PUPS Intermediate Holdings LLC : PPC 468 N New Street LLC,,,Operating Expenses,Operations Expense,General and Admin,Other G&A Expenses,Office Supplies,783000 General and Admin : Other G&A Expenses : Office Supplies
1604,Ramp Card - PPC 468 N New Street LLC,Ramp Card - PPC 468 N New Street LLC,24,WagWay Group : WagWay Group LLC : PUPS Holdings LLC : CHI-PUPS Intermediate Holdings LLC : PPC 468 N New Street LLC,,,Current Liabilities,Credit Card,Ramp Card,PPC 468 N New Street LLC,Ramp Card - PPC 468 N New Street LLC Ramp Card - PPC 468 N New Street LLC,
2003,Intercompany AP - RAMP,200501,24,WagWay Group : WagWay Group LLC : PUPS Holdings LLC : CHI-PUPS Intermediate Holdings LLC : PPC 468 N New Street LLC,,,Current Liabilities,Accounts Payable,Intercompany AP,RAMP,200501 Intercompany AP - RAMP,
2008,Cash : Collections : PPC 468 N New Street LLC : N New Street Clearing Account,100505.1,24,WagWay Group : WagWay Group LLC : PUPS Holdings LLC : CHI-PUPS Intermediate Holdings LLC : PPC 468 N New Street LLC,,,Current Assets,Cash,Collections,PPC 468 N New Street LLC,N New Street Clearing Account,
,,,24,WagWay Group : WagWay Group LLC : PUPS Holdings LLC : CHI-PUPS Intermediate Holdings LLC : PPC 468 N New Street LLC,,,,,,,,
52,Equity : Retained Earnings,310000,25,WagWay Group : WagWay Group LLC : PUPS Holdings LLC : CHI-PUPS Intermediate Holdings LLC : PPC 850 N State Street LLC,,,Equity,Equity,Retained Earnings,310000 Equity : Retained Earnings,,
221,COGS : COGS Wages : Regular Wages,510500,25,WagWay Group : WagWay Group LLC : PUPS Holdings LLC : CHI-PUPS Intermediate Holdings LLC : PPC 850 N State Street LLC,16,Pet Care,COGS,Pet Care,COGS Wages,Regular Wages,510500 COGS : COGS Wages : Regular Wages,
221,COGS : COGS Wages : Regular Wages,510500,25,WagWay Group : WagWay Group LLC : PUPS Holdings LLC : CHI-PUPS Intermediate Holdings LLC : PPC 850 N State Street LLC,,,COGS,No Revenue Stream,COGS Wages,Regular Wages,510500 COGS : COGS Wages : Regular Wages,
221,COGS : COGS Wages : Regular Wages,510500,25,WagWay Group : WagWay Group LLC : PUPS Holdings LLC : CHI-PUPS Intermediate Holdings LLC : PPC 850 N State Street LLC,1,Grooming,COGS,Grooming,COGS Wages,Regular Wages,510500 COGS : COGS Wages : Regular Wages,
221,COGS : COGS Wages : Regular Wages,510500,25,WagWay Group : WagWay Group LLC : PUPS Holdings LLC : CHI-PUPS Intermediate Holdings LLC : PPC 850 N State Street LLC,24,Training,COGS,Training,COGS Wages,Regular Wages,510500 COGS : COGS Wages : Regular Wages,
226,COGS : COGS Wages : Employer Taxes,513000,25,WagWay Group : WagWay Group LLC : PUPS Holdings LLC : CHI-PUPS Intermediate Holdings LLC : PPC 850 N State Street LLC,,,COGS,No Revenue Stream,COGS Wages,Employer Taxes,513000 COGS : COGS Wages : Employer Taxes,
226,COGS : COGS Wages : Employer Taxes,513000,25,WagWay Group : WagWay Group LLC : PUPS Holdings LLC : CHI-PUPS Intermediate Holdings LLC : PPC 850 N State Street LLC,16,Pet Care,COGS,Pet Care,COGS Wages,Employer Taxes,513000 COGS : COGS Wages : Employer Taxes,
226,COGS : COGS Wages : Employer Taxes,513000,25,WagWay Group : WagWay Group LLC : PUPS Holdings LLC : CHI-PUPS Intermediate Holdings LLC : PPC 850 N State Street LLC,1,Grooming,COGS,Grooming,COGS Wages,Employer Taxes,513000 COGS : COGS Wages : Employer Taxes,
226,COGS : COGS Wages : Employer Taxes,513000,25,WagWay Group : WagWay Group LLC : PUPS Holdings LLC : CHI-PUPS Intermediate Holdings LLC : PPC 850 N State Street LLC,24,Training,COGS,Training,COGS Wages,Employer Taxes,513000 COGS : COGS Wages : Employer Taxes,
227,COGS : COGS Wages : Employer Medical/Dental/Vision,513500,25,WagWay Group : WagWay Group LLC : PUPS Holdings LLC : CHI-PUPS Intermediate Holdings LLC : PPC 850 N State Street LLC,16,Pet Care,COGS,Pet Care,COGS Wages,Employer Medical/Dental/Vision,513500 COGS : COGS Wages : Employer Medical/Dental/Vision,
227,COGS : COGS Wages : Employer Medical/Dental/Vision,513500,25,WagWay Group : WagWay Group LLC : PUPS Holdings LLC : CHI-PUPS Intermediate Holdings LLC : PPC 850 N State Street LLC,24,Training,COGS,Training,COGS Wages,Employer Medical/Dental/Vision,513500 COGS : COGS Wages : Employer Medical/Dental/Vision,
227,COGS : COGS Wages : Employer Medical/Dental/Vision,513500,25,WagWay Group : WagWay Group LLC : PUPS Holdings LLC : CHI-PUPS Intermediate Holdings LLC : PPC 850 N State Street LLC,,,COGS,No Revenue Stream,COGS Wages,Employer Medical/Dental/Vision,513500 COGS : COGS Wages : Employer Medical/Dental/Vision,
227,COGS : COGS Wages : Employer Medical/Dental/Vision,513500,25,WagWay Group : WagWay Group LLC : PUPS Holdings LLC : CHI-PUPS Intermediate Holdings LLC : PPC 850 N State Street LLC,1,Grooming,COGS,Grooming,COGS Wages,Employer Medical/Dental/Vision,513500 COGS : COGS Wages : Employer Medical/Dental/Vision,
231,COGS : COGS Wages : Employer 401k,515500,25,WagWay Group : WagWay Group LLC : PUPS Holdings LLC : CHI-PUPS Intermediate Holdings LLC : PPC 850 N State Street LLC,16,Pet Care,COGS,Pet Care,COGS Wages,Employer 401k,515500 COGS : COGS Wages : Employer 401k,
231,COGS : COGS Wages : Employer 401k,515500,25,WagWay Group : WagWay Group LLC : PUPS Holdings LLC : CHI-PUPS Intermediate Holdings LLC : PPC 850 N State Street LLC,1,Grooming,COGS,Grooming,COGS Wages,Employer 401k,515500 COGS : COGS Wages : Employer 401k,
231,COGS : COGS Wages : Employer 401k,515500,25,WagWay Group : WagWay Group LLC : PUPS Holdings LLC : CHI-PUPS Intermediate Holdings LLC : PPC 850 N State Street LLC,24,Training,COGS,Training,COGS Wages,Employer 401k,515500 COGS : COGS Wages : Employer 401k,
231,COGS : COGS Wages : Employer 401k,515500,25,WagWay Group : WagWay Group LLC : PUPS Holdings LLC : CHI-PUPS Intermediate Holdings LLC : PPC 850 N State Street LLC,,,COGS,No Revenue Stream,COGS Wages,Employer 401k,515500 COGS : COGS Wages : Employer 401k,
233,COGS : COGS Consumables : Grooming Supplies,520500,25,WagWay Group : WagWay Group LLC : PUPS Holdings LLC : CHI-PUPS Intermediate Holdings LLC : PPC 850 N State Street LLC,,,COGS,No Revenue Stream,COGS Consumables,Grooming Supplies,520500 COGS : COGS Consumables : Grooming Supplies,
233,COGS : COGS Consumables : Grooming Supplies,520500,25,WagWay Group : WagWay Group LLC : PUPS Holdings LLC : CHI-PUPS Intermediate Holdings LLC : PPC 850 N State Street LLC,1,Grooming,COGS,Grooming,COGS Consumables,Grooming Supplies,520500 COGS : COGS Consumables : Grooming Supplies,
235,COGS : COGS Consumables : Other Supplies,521500,25,WagWay Group : WagWay Group LLC : PUPS Holdings LLC : CHI-PUPS Intermediate Holdings LLC : PPC 850 N State Street LLC,16,Pet Care,COGS,Pet Care,COGS Consumables,Other Supplies,521500 COGS : COGS Consumables : Other Supplies,
235,COGS : COGS Consumables : Other Supplies,521500,25,WagWay Group : WagWay Group LLC : PUPS Holdings LLC : CHI-PUPS Intermediate Holdings LLC : PPC 850 N State Street LLC,,,COGS,No Revenue Stream,COGS Consumables,Other Supplies,521500 COGS : COGS Consumables : Other Supplies,
235,COGS : COGS Consumables : Other Supplies,521500,25,WagWay Group : WagWay Group LLC : PUPS Holdings LLC : CHI-PUPS Intermediate Holdings LLC : PPC 850 N State Street LLC,25,Vet Services,COGS,Vet Services,COGS Consumables,Other Supplies,521500 COGS : COGS Consumables : Other Supplies,
235,COGS : COGS Consumables : Other Supplies,521500,25,WagWay Group : WagWay Group LLC : PUPS Holdings LLC : CHI-PUPS Intermediate Holdings LLC : PPC 850 N State Street LLC,20,Playcare,COGS,Pet Care : Playcare,COGS Consumables,Other Supplies,521500 COGS : COGS Consumables : Other Supplies,
241,Fixed Assets : Equipment,151000,25,WagWay Group : WagWay Group LLC : PUPS Holdings LLC : CHI-PUPS Intermediate Holdings LLC : PPC 850 N State Street LLC,,,Non-Current Assets,Fixed Assets,Equipment,151000 Fixed Assets : Equipment,,
243,Fixed Assets : Leasehold Improvements,152000,25,WagWay Group : WagWay Group LLC : PUPS Holdings LLC : CHI-PUPS Intermediate Holdings LLC : PPC 850 N State Street LLC,,,Non-Current Assets,Fixed Assets,Leasehold Improvements,152000 Fixed Assets : Leasehold Improvements,,
244,Fixed Assets : Software,152500,25,WagWay Group : WagWay Group LLC : PUPS Holdings LLC : CHI-PUPS Intermediate Holdings LLC : PPC 850 N State Street LLC,,,Non-Current Assets,Fixed Assets,Software,152500 Fixed Assets : Software,,
246,Fixed Assets : Accumulated Depreciation - Equipment,153500,25,WagWay Group : WagWay Group LLC : PUPS Holdings LLC : CHI-PUPS Intermediate Holdings LLC : PPC 850 N State Street LLC,,,Non-Current Assets,Fixed Assets,Accumulated Depreciation - Equipment,153500 Fixed Assets : Accumulated Depreciation - Equipment,,
248,Fixed Assets : Accumulated Depreciation - Leasehold Improvements,154500,25,WagWay Group : WagWay Group LLC : PUPS Holdings LLC : CHI-PUPS Intermediate Holdings LLC : PPC 850 N State Street LLC,,,Non-Current Assets,Fixed Assets,Accumulated Depreciation - Leasehold Improvements,154500 Fixed Assets : Accumulated Depreciation - Leasehold Improvements,,
250,Fixed Assets : Accumulated Depreciation - Vehicles,155500,25,WagWay Group : WagWay Group LLC : PUPS Holdings LLC : CHI-PUPS Intermediate Holdings LLC : PPC 850 N State Street LLC,,,Non-Current Assets,Fixed Assets,Accumulated Depreciation - Vehicles,155500 Fixed Assets : Accumulated Depreciation - Vehicles,,
424,Other Current Assets,140000,25,WagWay Group : WagWay Group LLC : PUPS Holdings LLC : CHI-PUPS Intermediate Holdings LLC : PPC 850 N State Street LLC,,,Current Assets,Other Current Assets,Other Current Assets,140000 Other Current Assets,,
437,Deferred Revenue : Memberships,231000,25,WagWay Group : WagWay Group LLC : PUPS Holdings LLC : CHI-PUPS Intermediate Holdings LLC : PPC 850 N State Street LLC,2,Memberships,Non-Current Liabilities,Other Liabilities,Deferred Revenue,Memberships,231000 Deferred Revenue : Memberships,
437,Deferred Revenue : Memberships,231000,25,WagWay Group : WagWay Group LLC : PUPS Holdings LLC : CHI-PUPS Intermediate Holdings LLC : PPC 850 N State Street LLC,,,Non-Current Liabilities,Other Liabilities,Deferred Revenue,Memberships,231000 Deferred Revenue : Memberships,
438,Deferred Revenue : Packages,231500,25,WagWay Group : WagWay Group LLC : PUPS Holdings LLC : CHI-PUPS Intermediate Holdings LLC : PPC 850 N State Street LLC,,,Non-Current Liabilities,Other Liabilities,Deferred Revenue,Packages,231500 Deferred Revenue : Packages,
438,Deferred Revenue : Packages,231500,25,WagWay Group : WagWay Group LLC : PUPS Holdings LLC : CHI-PUPS Intermediate Holdings LLC : PPC 850 N State Street LLC,24,Training,Non-Current Liabilities,Other Liabilities,Deferred Revenue,Packages,231500 Deferred Revenue : Packages,
438,Deferred Revenue : Packages,231500,25,WagWay Group : WagWay Group LLC : PUPS Holdings LLC : CHI-PUPS Intermediate Holdings LLC : PPC 850 N State Street LLC,18,Daycare,Non-Current Liabilities,Other Liabilities,Deferred Revenue,Packages,231500 Deferred Revenue : Packages,
440,Accrued Expenses,250000,25,WagWay Group : WagWay Group LLC : PUPS Holdings LLC : CHI-PUPS Intermediate Holdings LLC : PPC 850 N State Street LLC,,,Non-Current Liabilities,Other Liabilities,Accrued Expenses,250000 Accrued Expenses,,
618,Payroll Liabilities : Accrued Payroll,260500,25,WagWay Group : WagWay Group LLC : PUPS Holdings LLC : CHI-PUPS Intermediate Holdings LLC : PPC 850 N State Street LLC,,,Non-Current Liabilities,Other Liabilities,Payroll Liabilities,Accrued Payroll,260500 Payroll Liabilities : Accrued Payroll,
621,Payroll Liabilities : Accrued Bonuses,262000,25,WagWay Group : WagWay Group LLC : PUPS Holdings LLC : CHI-PUPS Intermediate Holdings LLC : PPC 850 N State Street LLC,,,Non-Current Liabilities,Other Liabilities,Payroll Liabilities,Accrued Bonuses,262000 Payroll Liabilities : Accrued Bonuses,
622,Payroll Liabilities : Accrued Payroll Taxes - Federal,262500,25,WagWay Group : WagWay Group LLC : PUPS Holdings LLC : CHI-PUPS Intermediate Holdings LLC : PPC 850 N State Street LLC,,,Non-Current Liabilities,Other Liabilities,Payroll Liabilities,Accrued Payroll Taxes - Federal,262500 Payroll Liabilities : Accrued Payroll Taxes - Federal,
629,Payroll Liabilities : Accrued 401k,266000,25,WagWay Group : WagWay Group LLC : PUPS Holdings LLC : CHI-PUPS Intermediate Holdings LLC : PPC 850 N State Street LLC,,,Non-Current Liabilities,Other Liabilities,Payroll Liabilities,Accrued 401k,266000 Payroll Liabilities : Accrued 401k,
630,Payroll Liabilities : Accrued Tips,266500,25,WagWay Group : WagWay Group LLC : PUPS Holdings LLC : CHI-PUPS Intermediate Holdings LLC : PPC 850 N State Street LLC,,,Non-Current Liabilities,Other Liabilities,Payroll Liabilities,Accrued Tips,266500 Payroll Liabilities : Accrued Tips,
718,Revenue : Service Revenue,410000,25,WagWay Group : WagWay Group LLC : PUPS Holdings LLC : CHI-PUPS Intermediate Holdings LLC : PPC 850 N State Street LLC,,,Revenue,No Revenue Stream,Service Revenue,410000 Revenue : Service Revenue,,
718,Revenue : Service Revenue,410000,25,WagWay Group : WagWay Group LLC : PUPS Holdings LLC : CHI-PUPS Intermediate Holdings LLC : PPC 850 N State Street LLC,17,Boarding,Revenue,Pet Care,Service Revenue,410000 Revenue : Service Revenue,,
718,Revenue : Service Revenue,410000,25,WagWay Group : WagWay Group LLC : PUPS Holdings LLC : CHI-PUPS Intermediate Holdings LLC : PPC 850 N State Street LLC,24,Training,Revenue,Training,Service Revenue,410000 Revenue : Service Revenue,,
718,Revenue : Service Revenue,410000,25,WagWay Group : WagWay Group LLC : PUPS Holdings LLC : CHI-PUPS Intermediate Holdings LLC : PPC 850 N State Street LLC,20,Playcare,Revenue,Pet Care : Playcare,Service Revenue,410000 Revenue : Service Revenue,,
718,Revenue : Service Revenue,410000,25,WagWay Group : WagWay Group LLC : PUPS Holdings LLC : CHI-PUPS Intermediate Holdings LLC : PPC 850 N State Street LLC,2,Memberships,Revenue,Memberships,Service Revenue,410000 Revenue : Service Revenue,,
718,Revenue : Service Revenue,410000,25,WagWay Group : WagWay Group LLC : PUPS Holdings LLC : CHI-PUPS Intermediate Holdings LLC : PPC 850 N State Street LLC,18,Daycare,Revenue,Pet Care : Daycare,Service Revenue,410000 Revenue : Service Revenue,,
718,Revenue : Service Revenue,410000,25,WagWay Group : WagWay Group LLC : PUPS Holdings LLC : CHI-PUPS Intermediate Holdings LLC : PPC 850 N State Street LLC,21,Transportation,Revenue,Pet Care,Service Revenue,410000 Revenue : Service Revenue,,
718,Revenue : Service Revenue,410000,25,WagWay Group : WagWay Group LLC : PUPS Holdings LLC : CHI-PUPS Intermediate Holdings LLC : PPC 850 N State Street LLC,19,Pet Sitting,Revenue,Pet Care,Service Revenue,410000 Revenue : Service Revenue,,
718,Revenue : Service Revenue,410000,25,WagWay Group : WagWay Group LLC : PUPS Holdings LLC : CHI-PUPS Intermediate Holdings LLC : PPC 850 N State Street LLC,22,Walking,Revenue,Pet Care,Service Revenue,410000 Revenue : Service Revenue,,
718,Revenue : Service Revenue,410000,25,WagWay Group : WagWay Group LLC : PUPS Holdings LLC : CHI-PUPS Intermediate Holdings LLC : PPC 850 N State Street LLC,1,Grooming,Revenue,Grooming,Service Revenue,410000 Revenue : Service Revenue,,
718,Revenue : Service Revenue,410000,25,WagWay Group : WagWay Group LLC : PUPS Holdings LLC : CHI-PUPS Intermediate Holdings LLC : PPC 850 N State Street LLC,25,Vet Services,Revenue,Vet Services,Service Revenue,410000 Revenue : Service Revenue,,
719,Revenue : Retail,420000,25,WagWay Group : WagWay Group LLC : PUPS Holdings LLC : CHI-PUPS Intermediate Holdings LLC : PPC 850 N State Street LLC,,,Revenue,No Revenue Stream,Retail,420000 Revenue : Retail,,
719,Revenue : Retail,420000,25,WagWay Group : WagWay Group LLC : PUPS Holdings LLC : CHI-PUPS Intermediate Holdings LLC : PPC 850 N State Street LLC,23,Retail,Revenue,Retail,Retail,420000 Revenue : Retail,,
720,Revenue : Expired Packages,430000,25,WagWay Group : WagWay Group LLC : PUPS Holdings LLC : CHI-PUPS Intermediate Holdings LLC : PPC 850 N State Street LLC,26,Other Revenue,Revenue,Other Revenue,Expired Packages,430000 Revenue : Expired Packages,,
720,Revenue : Expired Packages,430000,25,WagWay Group : WagWay Group LLC : PUPS Holdings LLC : CHI-PUPS Intermediate Holdings LLC : PPC 850 N State Street LLC,24,Training,Revenue,Training,Expired Packages,430000 Revenue : Expired Packages,,
720,Revenue : Expired Packages,430000,25,WagWay Group : WagWay Group LLC : PUPS Holdings LLC : CHI-PUPS Intermediate Holdings LLC : PPC 850 N State Street LLC,,,Revenue,No Revenue Stream,Expired Packages,430000 Revenue : Expired Packages,,
720,Revenue : Expired Packages,430000,25,WagWay Group : WagWay Group LLC : PUPS Holdings LLC : CHI-PUPS Intermediate Holdings LLC : PPC 850 N State Street LLC,18,Daycare,Revenue,Pet Care : Daycare,Expired Packages,430000 Revenue : Expired Packages,,
721,Revenue : Other Revenue,440000,25,WagWay Group : WagWay Group LLC : PUPS Holdings LLC : CHI-PUPS Intermediate Holdings LLC : PPC 850 N State Street LLC,,,Revenue,No Revenue Stream,Other Revenue,440000 Revenue : Other Revenue,,
721,Revenue : Other Revenue,440000,25,WagWay Group : WagWay Group LLC : PUPS Holdings LLC : CHI-PUPS Intermediate Holdings LLC : PPC 850 N State Street LLC,21,Transportation,Revenue,Pet Care,Other Revenue,440000 Revenue : Other Revenue,,
721,Revenue : Other Revenue,440000,25,WagWay Group : WagWay Group LLC : PUPS Holdings LLC : CHI-PUPS Intermediate Holdings LLC : PPC 850 N State Street LLC,26,Other Revenue,Revenue,Other Revenue,Other Revenue,440000 Revenue : Other Revenue,,
721,Revenue : Other Revenue,440000,25,WagWay Group : WagWay Group LLC : PUPS Holdings LLC : CHI-PUPS Intermediate Holdings LLC : PPC 850 N State Street LLC,2,Memberships,Revenue,Memberships,Other Revenue,440000 Revenue : Other Revenue,,
820,Operating Expenses : OPEX Wages : Regular Wages,610500,25,WagWay Group : WagWay Group LLC : PUPS Holdings LLC : CHI-PUPS Intermediate Holdings LLC : PPC 850 N State Street LLC,,,Operating Expenses,Ops Labour Expense,Regular Wages,610500 Operating Expenses : OPEX Wages : Regular Wages,,
825,Operating Expenses : OPEX Wages : Employer Taxes,613000,25,WagWay Group : WagWay Group LLC : PUPS Holdings LLC : CHI-PUPS Intermediate Holdings LLC : PPC 850 N State Street LLC,,,Operating Expenses,Ops Labour Expense,Employer Taxes,613000 Operating Expenses : OPEX Wages : Employer Taxes,,
826,Operating Expenses : OPEX Wages : Employer Medical/Dental/Vision,613500,25,WagWay Group : WagWay Group LLC : PUPS Holdings LLC : CHI-PUPS Intermediate Holdings LLC : PPC 850 N State Street LLC,,,Operating Expenses,Ops Labour Expense,Employer Medical/Dental/Vision,613500 Operating Expenses : OPEX Wages : Employer Medical/Dental/Vision,,
830,Operating Expenses : OPEX Wages : Employer 401k,615500,25,WagWay Group : WagWay Group LLC : PUPS Holdings LLC : CHI-PUPS Intermediate Holdings LLC : PPC 850 N State Street LLC,,,Operating Expenses,Ops Labour Expense,Employer 401k,615500 Operating Expenses : OPEX Wages : Employer 401k,,
832,Operating Expenses : Facility Expense : Rent,620500,25,WagWay Group : WagWay Group LLC : PUPS Holdings LLC : CHI-PUPS Intermediate Holdings LLC : PPC 850 N State Street LLC,,,Operating Expenses,Facility Expense,Rent,620500 Operating Expenses : Facility Expense : Rent,,
833,Operating Expenses : Facility Expense : Electric,621000,25,WagWay Group : WagWay Group LLC : PUPS Holdings LLC : CHI-PUPS Intermediate Holdings LLC : PPC 850 N State Street LLC,,,Operating Expenses,Facility Expense,Electric,621000 Operating Expenses : Facility Expense : Electric,,
836,Operating Expenses : Facility Expense : Data,622500,25,WagWay Group : WagWay Group LLC : PUPS Holdings LLC : CHI-PUPS Intermediate Holdings LLC : PPC 850 N State Street LLC,,,Operating Expenses,Facility Expense,Data,622500 Operating Expenses : Facility Expense : Data,,
837,Operating Expenses : Facility Expense : Phone,623000,25,WagWay Group : WagWay Group LLC : PUPS Holdings LLC : CHI-PUPS Intermediate Holdings LLC : PPC 850 N State Street LLC,,,Operating Expenses,Facility Expense,Phone,623000 Operating Expenses : Facility Expense : Phone,,
841,General and Admin : G&A Wages : Regular Wages,710500,25,WagWay Group : WagWay Group LLC : PUPS Holdings LLC : CHI-PUPS Intermediate Holdings LLC : PPC 850 N State Street LLC,,,Operating Expenses,Operations Expense,General and Admin,G&A Wages,Regular Wages,710500 General and Admin : G&A Wages : Regular Wages
845,General and Admin : G&A Wages : Bonuses,712500,25,WagWay Group : WagWay Group LLC : PUPS Holdings LLC : CHI-PUPS Intermediate Holdings LLC : PPC 850 N State Street LLC,,,Operating Expenses,Operations Expense,General and Admin,G&A Wages,Bonuses,712500 General and Admin : G&A Wages : Bonuses
846,General and Admin : G&A Wages : Employer Taxes,713000,25,WagWay Group : WagWay Group LLC : PUPS Holdings LLC : CHI-PUPS Intermediate Holdings LLC : PPC 850 N State Street LLC,,,Operating Expenses,Operations Expense,General and Admin,G&A Wages,Employer Taxes,713000 General and Admin : G&A Wages : Employer Taxes
847,General and Admin : G&A Wages : Employer Medical/Dental/Vision,713500,25,WagWay Group : WagWay Group LLC : PUPS Holdings LLC : CHI-PUPS Intermediate Holdings LLC : PPC 850 N State Street LLC,,,Operating Expenses,Operations Expense,General and Admin,G&A Wages,Employer Medical/Dental/Vision,713500 General and Admin : G&A Wages : Employer Medical/Dental/Vision
854,General and Admin : Travel : Lodging,721000,25,WagWay Group : WagWay Group LLC : PUPS Holdings LLC : CHI-PUPS Intermediate Holdings LLC : PPC 850 N State Street LLC,,,Operating Expenses,Operations Expense,General and Admin,Travel,Lodging,721000 General and Admin : Travel : Lodging
855,General and Admin : Travel : Meals,721500,25,WagWay Group : WagWay Group LLC : PUPS Holdings LLC : CHI-PUPS Intermediate Holdings LLC : PPC 850 N State Street LLC,,,Operating Expenses,Operations Expense,General and Admin,Travel,Meals,721500 General and Admin : Travel : Meals
856,General and Admin : Travel : Entertainment,722000,25,WagWay Group : WagWay Group LLC : PUPS Holdings LLC : CHI-PUPS Intermediate Holdings LLC : PPC 850 N State Street LLC,,,Operating Expenses,Operations Expense,General and Admin,Travel,Entertainment,722000 General and Admin : Travel : Entertainment
857,General and Admin : Systems,730000,25,WagWay Group : WagWay Group LLC : PUPS Holdings LLC : CHI-PUPS Intermediate Holdings LLC : PPC 850 N State Street LLC,,,Operating Expenses,Operations Expense,General and Admin,Systems,730000 General and Admin : Systems,
920,General and Admin : Marketing : Other Marketing,751000,25,WagWay Group : WagWay Group LLC : PUPS Holdings LLC : CHI-PUPS Intermediate Holdings LLC : PPC 850 N State Street LLC,,,Operating Expenses,Operations Expense,General and Admin,Marketing,Other Marketing,751000 General and Admin : Marketing : Other Marketing
1018,Operating Expenses : Facility Expense : Repair and Maintenance,623500,25,WagWay Group : WagWay Group LLC : PUPS Holdings LLC : CHI-PUPS Intermediate Holdings LLC : PPC 850 N State Street LLC,,,Operating Expenses,Facility Expense,Repair and Maintenance,623500 Operating Expenses : Facility Expense : Repair and Maintenance,,
1027,General and Admin : Professional Services : Legal,770500,25,WagWay Group : WagWay Group LLC : PUPS Holdings LLC : CHI-PUPS Intermediate Holdings LLC : PPC 850 N State Street LLC,,,Operating Expenses,Professional Fees,General and Admin,Legal,770500 General and Admin : Professional Services : Legal,
1028,General and Admin : Professional Services : IT,771000,25,WagWay Group : WagWay Group LLC : PUPS Holdings LLC : CHI-PUPS Intermediate Holdings LLC : PPC 850 N State Street LLC,,,Operating Expenses,Professional Fees,General and Admin,IT,771000 General and Admin : Professional Services : IT,
1030,General and Admin : Professional Services : Recruiting,772000,25,WagWay Group : WagWay Group LLC : PUPS Holdings LLC : CHI-PUPS Intermediate Holdings LLC : PPC 850 N State Street LLC,,,Operating Expenses,Professional Fees,General and Admin,Recruiting,772000 General and Admin : Professional Services : Recruiting,
1031,General and Admin : Professional Services : Employee Training and Development,772500,25,WagWay Group : WagWay Group LLC : PUPS Holdings LLC : CHI-PUPS Intermediate Holdings LLC : PPC 850 N State Street LLC,,,Operating Expenses,Professional Fees,General and Admin,Employee Training and Development,772500 General and Admin : Professional Services : Employee Training and Development,
1032,General and Admin : Professional Services : Other Professional Services,773000,25,WagWay Group : WagWay Group LLC : PUPS Holdings LLC : CHI-PUPS Intermediate Holdings LLC : PPC 850 N State Street LLC,,,Operating Expenses,Professional Fees,General and Admin,Other Professional Services,773000 General and Admin : Professional Services : Other Professional Services,
1033,General and Admin : Other G&A Expenses : Bank Fees and Charges,780500,25,WagWay Group : WagWay Group LLC : PUPS Holdings LLC : CHI-PUPS Intermediate Holdings LLC : PPC 850 N State Street LLC,,,Operating Expenses,Operations Expense,General and Admin,Other G&A Expenses,Bank Fees and Charges,780500 General and Admin : Other G&A Expenses : Bank Fees and Charges
1037,General and Admin : Other G&A Expenses : Taxes and Licenses,782500,25,WagWay Group : WagWay Group LLC : PUPS Holdings LLC : CHI-PUPS Intermediate Holdings LLC : PPC 850 N State Street LLC,,,Operating Expenses,Operations Expense,General and Admin,Other G&A Expenses,Taxes and Licenses,782500 General and Admin : Other G&A Expenses : Taxes and Licenses
1038,Other Expense : Depreciation : Depreciation -Equipment,852010,25,WagWay Group : WagWay Group LLC : PUPS Holdings LLC : CHI-PUPS Intermediate Holdings LLC : PPC 850 N State Street LLC,,,Other (Income) / Expense,Other Expenses,Other Expense,Depreciation,Depreciation -Equipment,852010 Other Expense : Depreciation : Depreciation -Equipment
1040,Other Expense : Depreciation : Depreciation - Leasehold Improvements,852030,25,WagWay Group : WagWay Group LLC : PUPS Holdings LLC : CHI-PUPS Intermediate Holdings LLC : PPC 850 N State Street LLC,,,Other (Income) / Expense,Other Expenses,Other Expense,Depreciation,Depreciation - Leasehold Improvements,852030 Other Expense : Depreciation : Depreciation - Leasehold Improvements
1162,Cash : Collections : PPC 850 N State Street LLC,100506,25,WagWay Group : WagWay Group LLC : PUPS Holdings LLC : CHI-PUPS Intermediate Holdings LLC : PPC 850 N State Street LLC,,,Current Assets,Cash,Collections,PPC 850 N State Street LLC,100506 Cash : Collections : PPC 850 N State Street LLC,100506 Cash : Collections : PPC 850 N State Street LLC
1253,Revenue : Sales Discounts,460000,25,WagWay Group : WagWay Group LLC : PUPS Holdings LLC : CHI-PUPS Intermediate Holdings LLC : PPC 850 N State Street LLC,1,Grooming,Revenue,Grooming,Sales Discounts,460000 Revenue : Sales Discounts,,
1253,Revenue : Sales Discounts,460000,25,WagWay Group : WagWay Group LLC : PUPS Holdings LLC : CHI-PUPS Intermediate Holdings LLC : PPC 850 N State Street LLC,18,Daycare,Revenue,Pet Care : Daycare,Sales Discounts,460000 Revenue : Sales Discounts,,
1253,Revenue : Sales Discounts,460000,25,WagWay Group : WagWay Group LLC : PUPS Holdings LLC : CHI-PUPS Intermediate Holdings LLC : PPC 850 N State Street LLC,17,Boarding,Revenue,Pet Care,Sales Discounts,460000 Revenue : Sales Discounts,,
1253,Revenue : Sales Discounts,460000,25,WagWay Group : WagWay Group LLC : PUPS Holdings LLC : CHI-PUPS Intermediate Holdings LLC : PPC 850 N State Street LLC,26,Other Revenue,Revenue,Other Revenue,Sales Discounts,460000 Revenue : Sales Discounts,,
1253,Revenue : Sales Discounts,460000,25,WagWay Group : WagWay Group LLC : PUPS Holdings LLC : CHI-PUPS Intermediate Holdings LLC : PPC 850 N State Street LLC,20,Playcare,Revenue,Pet Care : Playcare,Sales Discounts,460000 Revenue : Sales Discounts,,
1255,Other Expense,850000,25,WagWay Group : WagWay Group LLC : PUPS Holdings LLC : CHI-PUPS Intermediate Holdings LLC : PPC 850 N State Street LLC,,,Other (Income) / Expense,Other Expenses,Other Expense,850000 Other Expense,,
1256,Inventory : Retail Inventory,120250,25,WagWay Group : WagWay Group LLC : PUPS Holdings LLC : CHI-PUPS Intermediate Holdings LLC : PPC 850 N State Street LLC,,,Current Assets,Other Current Assets,Inventory,Retail Inventory,120250 Inventory : Retail Inventory,120250 Inventory : Retail Inventory
1258,Other Long term Assets : ASC 842 - ROU Asset Account,171000,25,WagWay Group : WagWay Group LLC : PUPS Holdings LLC : CHI-PUPS Intermediate Holdings LLC : PPC 850 N State Street LLC,,,Non-Current Assets,Other Assets,Other Long term Assets,ASC 842 - ROU Asset Account,171000 Other Long term Assets : ASC 842 - ROU Asset Account,
1259,Accounts Payable : Accounts Payable Trade,200250,25,WagWay Group : WagWay Group LLC : PUPS Holdings LLC : CHI-PUPS Intermediate Holdings LLC : PPC 850 N State Street LLC,,,Current Liabilities,Accounts Payable,Accounts Payable Trade,200250 Accounts Payable : Accounts Payable Trade,,
1353,Accounts Receivable : Accounts Receivable Trade,110250,25,WagWay Group : WagWay Group LLC : PUPS Holdings LLC : CHI-PUPS Intermediate Holdings LLC : PPC 850 N State Street LLC,18,Daycare,Current Assets,Accounts Receivable,Accounts Receivable,Accounts Receivable Trade,110250 Accounts Receivable : Accounts Receivable Trade,
1353,Accounts Receivable : Accounts Receivable Trade,110250,25,WagWay Group : WagWay Group LLC : PUPS Holdings LLC : CHI-PUPS Intermediate Holdings LLC : PPC 850 N State Street LLC,,,Current Assets,Accounts Receivable,Accounts Receivable,Accounts Receivable Trade,110250 Accounts Receivable : Accounts Receivable Trade,
1353,Accounts Receivable : Accounts Receivable Trade,110250,25,WagWay Group : WagWay Group LLC : PUPS Holdings LLC : CHI-PUPS Intermediate Holdings LLC : PPC 850 N State Street LLC,2,Memberships,Current Assets,Accounts Receivable,Accounts Receivable,Accounts Receivable Trade,110250 Accounts Receivable : Accounts Receivable Trade,
1353,Accounts Receivable : Accounts Receivable Trade,110250,25,WagWay Group : WagWay Group LLC : PUPS Holdings LLC : CHI-PUPS Intermediate Holdings LLC : PPC 850 N State Street LLC,24,Training,Current Assets,Accounts Receivable,Accounts Receivable,Accounts Receivable Trade,110250 Accounts Receivable : Accounts Receivable Trade,
1353,Accounts Receivable : Accounts Receivable Trade,110250,25,WagWay Group : WagWay Group LLC : PUPS Holdings LLC : CHI-PUPS Intermediate Holdings LLC : PPC 850 N State Street LLC,1,Grooming,Current Assets,Accounts Receivable,Accounts Receivable,Accounts Receivable Trade,110250 Accounts Receivable : Accounts Receivable Trade,
1353,Accounts Receivable : Accounts Receivable Trade,110250,25,WagWay Group : WagWay Group LLC : PUPS Holdings LLC : CHI-PUPS Intermediate Holdings LLC : PPC 850 N State Street LLC,19,Pet Sitting,Current Assets,Accounts Receivable,Accounts Receivable,Accounts Receivable Trade,110250 Accounts Receivable : Accounts Receivable Trade,
1369,Other Long term Assets : ASC 842 - ROU Accumulated Amortization Acccount,171500,25,WagWay Group : WagWay Group LLC : PUPS Holdings LLC : CHI-PUPS Intermediate Holdings LLC : PPC 850 N State Street LLC,,,Non-Current Assets,Other Assets,Other Long term Assets,ASC 842 - ROU Accumulated Amortization Acccount,171500 Other Long term Assets : ASC 842 - ROU Accumulated Amortization Acccount,
1373,Other Current Liabilities : ASC 842 - Lease Liability Short-Term Account,221000,25,WagWay Group : WagWay Group LLC : PUPS Holdings LLC : CHI-PUPS Intermediate Holdings LLC : PPC 850 N State Street LLC,,,Current Liabilities,Other Current Liabilities,ASC 842 - Lease Liability Short-Term Account,221000 Other Current Liabilities : ASC 842 - Lease Liability Short-Term Account,,
1381,Other Long term Liabilities : ASC 842 - Lease Liability Long-Term Account,290250,25,WagWay Group : WagWay Group LLC : PUPS Holdings LLC : CHI-PUPS Intermediate Holdings LLC : PPC 850 N State Street LLC,,,Non-Current Liabilities,Long Term Liabilities,Other Long term Liabilities,ASC 842 - Lease Liability Long-Term Account,290250 Other Long term Liabilities : ASC 842 - Lease Liability Long-Term Account,
1382,Other Long term Liabilities : ASC 842 - Lease Liability Long-Term Contra Account ST Reclas,290500,25,WagWay Group : WagWay Group LLC : PUPS Holdings LLC : CHI-PUPS Intermediate Holdings LLC : PPC 850 N State Street LLC,,,Non-Current Liabilities,Long Term Liabilities,Other Long term Liabilities,ASC 842 - Lease Liability Long-Term Contra Account ST Reclas,290500 Other Long term Liabilities : ASC 842 - Lease Liability Long-Term Contra Account ST Reclas,
1397,Intercompany AR_x,111000,25,WagWay Group : WagWay Group LLC : PUPS Holdings LLC : CHI-PUPS Intermediate Holdings LLC : PPC 850 N State Street LLC,,,Current Assets,Other Current Assets,Intercompany AR_x,111000 Intercompany AR_x,,
1398,Intercompany AP_x,200500,25,WagWay Group : WagWay Group LLC : PUPS Holdings LLC : CHI-PUPS Intermediate Holdings LLC : PPC 850 N State Street LLC,,,Non-Current Liabilities,Other Liabilities,Intercompany AP_x,200500 Intercompany AP_x,,
1398,Intercompany AP_x,200500,25,WagWay Group : WagWay Group LLC : PUPS Holdings LLC : CHI-PUPS Intermediate Holdings LLC : PPC 850 N State Street LLC,18,Daycare,Non-Current Liabilities,Other Liabilities,Intercompany AP_x,200500 Intercompany AP_x,,
1398,Intercompany AP_x,200500,25,WagWay Group : WagWay Group LLC : PUPS Holdings LLC : CHI-PUPS Intermediate Holdings LLC : PPC 850 N State Street LLC,20,Playcare,Non-Current Liabilities,Other Liabilities,Intercompany AP_x,200500 Intercompany AP_x,,
1398,Intercompany AP_x,200500,25,WagWay Group : WagWay Group LLC : PUPS Holdings LLC : CHI-PUPS Intermediate Holdings LLC : PPC 850 N State Street LLC,1,Grooming,Non-Current Liabilities,Other Liabilities,Intercompany AP_x,200500 Intercompany AP_x,,
1398,Intercompany AP_x,200500,25,WagWay Group : WagWay Group LLC : PUPS Holdings LLC : CHI-PUPS Intermediate Holdings LLC : PPC 850 N State Street LLC,16,Pet Care,Non-Current Liabilities,Other Liabilities,Intercompany AP_x,200500 Intercompany AP_x,,
1399,General and Admin : Travel : Vehicle/Toll/Parking,721750,25,WagWay Group : WagWay Group LLC : PUPS Holdings LLC : CHI-PUPS Intermediate Holdings LLC : PPC 850 N State Street LLC,,,Operating Expenses,Operations Expense,General and Admin,Travel,Vehicle/Toll/Parking,721750 General and Admin : Travel : Vehicle/Toll/Parking
1499,General and Admin : Other G&A Expenses : Office Supplies,783000,25,WagWay Group : WagWay Group LLC : PUPS Holdings LLC : CHI-PUPS Intermediate Holdings LLC : PPC 850 N State Street LLC,,,Operating Expenses,Operations Expense,General and Admin,Other G&A Expenses,Office Supplies,783000 General and Admin : Other G&A Expenses : Office Supplies
1602,Ramp Card - PPC 850 N State Street LLC,Ramp Card - PPC 850 N State Street LLC,25,WagWay Group : WagWay Group LLC : PUPS Holdings LLC : CHI-PUPS Intermediate Holdings LLC : PPC 850 N State Street LLC,,,Current Liabilities,Credit Card,Ramp Card,PPC 850 N State Street LLC,Ramp Card - PPC 850 N State Street LLC Ramp Card - PPC 850 N State Street LLC,
2003,Intercompany AP - RAMP,200501,25,WagWay Group : WagWay Group LLC : PUPS Holdings LLC : CHI-PUPS Intermediate Holdings LLC : PPC 850 N State Street LLC,,,Current Liabilities,Accounts Payable,Intercompany AP,RAMP,200501 Intercompany AP - RAMP,
2009,Cash : Collections : PPC 850 N State Street LLC : N State Street Clearing Account,100506.1,25,WagWay Group : WagWay Group LLC : PUPS Holdings LLC : CHI-PUPS Intermediate Holdings LLC : PPC 850 N State Street LLC,,,Current Assets,Cash,Collections,PPC 850 N State Street LLC,N State Street Clearing Account,
,,,25,WagWay Group : WagWay Group LLC : PUPS Holdings LLC : CHI-PUPS Intermediate Holdings LLC : PPC 850 N State Street LLC,,,,,,,,
52,Equity : Retained Earnings,310000,26,WagWay Group : WagWay Group LLC : PUPS Holdings LLC : Williamsburg PUPS Holdings LLC : PPC 87 Kent Avenue LLC,,,Equity,Equity,Retained Earnings,310000 Equity : Retained Earnings,,
221,COGS : COGS Wages : Regular Wages,510500,26,WagWay Group : WagWay Group LLC : PUPS Holdings LLC : Williamsburg PUPS Holdings LLC : PPC 87 Kent Avenue LLC,,,COGS,No Revenue Stream,COGS Wages,Regular Wages,510500 COGS : COGS Wages : Regular Wages,
221,COGS : COGS Wages : Regular Wages,510500,26,WagWay Group : WagWay Group LLC : PUPS Holdings LLC : Williamsburg PUPS Holdings LLC : PPC 87 Kent Avenue LLC,16,Pet Care,COGS,Pet Care,COGS Wages,Regular Wages,510500 COGS : COGS Wages : Regular Wages,
221,COGS : COGS Wages : Regular Wages,510500,26,WagWay Group : WagWay Group LLC : PUPS Holdings LLC : Williamsburg PUPS Holdings LLC : PPC 87 Kent Avenue LLC,24,Training,COGS,Training,COGS Wages,Regular Wages,510500 COGS : COGS Wages : Regular Wages,
221,COGS : COGS Wages : Regular Wages,510500,26,WagWay Group : WagWay Group LLC : PUPS Holdings LLC : Williamsburg PUPS Holdings LLC : PPC 87 Kent Avenue LLC,1,Grooming,COGS,Grooming,COGS Wages,Regular Wages,510500 COGS : COGS Wages : Regular Wages,
226,COGS : COGS Wages : Employer Taxes,513000,26,WagWay Group : WagWay Group LLC : PUPS Holdings LLC : Williamsburg PUPS Holdings LLC : PPC 87 Kent Avenue LLC,,,COGS,No Revenue Stream,COGS Wages,Employer Taxes,513000 COGS : COGS Wages : Employer Taxes,
226,COGS : COGS Wages : Employer Taxes,513000,26,WagWay Group : WagWay Group LLC : PUPS Holdings LLC : Williamsburg PUPS Holdings LLC : PPC 87 Kent Avenue LLC,1,Grooming,COGS,Grooming,COGS Wages,Employer Taxes,513000 COGS : COGS Wages : Employer Taxes,
226,COGS : COGS Wages : Employer Taxes,513000,26,WagWay Group : WagWay Group LLC : PUPS Holdings LLC : Williamsburg PUPS Holdings LLC : PPC 87 Kent Avenue LLC,24,Training,COGS,Training,COGS Wages,Employer Taxes,513000 COGS : COGS Wages : Employer Taxes,
226,COGS : COGS Wages : Employer Taxes,513000,26,WagWay Group : WagWay Group LLC : PUPS Holdings LLC : Williamsburg PUPS Holdings LLC : PPC 87 Kent Avenue LLC,16,Pet Care,COGS,Pet Care,COGS Wages,Employer Taxes,513000 COGS : COGS Wages : Employer Taxes,
227,COGS : COGS Wages : Employer Medical/Dental/Vision,513500,26,WagWay Group : WagWay Group LLC : PUPS Holdings LLC : Williamsburg PUPS Holdings LLC : PPC 87 Kent Avenue LLC,,,COGS,No Revenue Stream,COGS Wages,Employer Medical/Dental/Vision,513500 COGS : COGS Wages : Employer Medical/Dental/Vision,
227,COGS : COGS Wages : Employer Medical/Dental/Vision,513500,26,WagWay Group : WagWay Group LLC : PUPS Holdings LLC : Williamsburg PUPS Holdings LLC : PPC 87 Kent Avenue LLC,16,Pet Care,COGS,Pet Care,COGS Wages,Employer Medical/Dental/Vision,513500 COGS : COGS Wages : Employer Medical/Dental/Vision,
227,COGS : COGS Wages : Employer Medical/Dental/Vision,513500,26,WagWay Group : WagWay Group LLC : PUPS Holdings LLC : Williamsburg PUPS Holdings LLC : PPC 87 Kent Avenue LLC,24,Training,COGS,Training,COGS Wages,Employer Medical/Dental/Vision,513500 COGS : COGS Wages : Employer Medical/Dental/Vision,
227,COGS : COGS Wages : Employer Medical/Dental/Vision,513500,26,WagWay Group : WagWay Group LLC : PUPS Holdings LLC : Williamsburg PUPS Holdings LLC : PPC 87 Kent Avenue LLC,1,Grooming,COGS,Grooming,COGS Wages,Employer Medical/Dental/Vision,513500 COGS : COGS Wages : Employer Medical/Dental/Vision,
231,COGS : COGS Wages : Employer 401k,515500,26,WagWay Group : WagWay Group LLC : PUPS Holdings LLC : Williamsburg PUPS Holdings LLC : PPC 87 Kent Avenue LLC,16,Pet Care,COGS,Pet Care,COGS Wages,Employer 401k,515500 COGS : COGS Wages : Employer 401k,
231,COGS : COGS Wages : Employer 401k,515500,26,WagWay Group : WagWay Group LLC : PUPS Holdings LLC : Williamsburg PUPS Holdings LLC : PPC 87 Kent Avenue LLC,24,Training,COGS,Training,COGS Wages,Employer 401k,515500 COGS : COGS Wages : Employer 401k,
231,COGS : COGS Wages : Employer 401k,515500,26,WagWay Group : WagWay Group LLC : PUPS Holdings LLC : Williamsburg PUPS Holdings LLC : PPC 87 Kent Avenue LLC,1,Grooming,COGS,Grooming,COGS Wages,Employer 401k,515500 COGS : COGS Wages : Employer 401k,
231,COGS : COGS Wages : Employer 401k,515500,26,WagWay Group : WagWay Group LLC : PUPS Holdings LLC : Williamsburg PUPS Holdings LLC : PPC 87 Kent Avenue LLC,,,COGS,No Revenue Stream,COGS Wages,Employer 401k,515500 COGS : COGS Wages : Employer 401k,
233,COGS : COGS Consumables : Grooming Supplies,520500,26,WagWay Group : WagWay Group LLC : PUPS Holdings LLC : Williamsburg PUPS Holdings LLC : PPC 87 Kent Avenue LLC,,,COGS,No Revenue Stream,COGS Consumables,Grooming Supplies,520500 COGS : COGS Consumables : Grooming Supplies,
233,COGS : COGS Consumables : Grooming Supplies,520500,26,WagWay Group : WagWay Group LLC : PUPS Holdings LLC : Williamsburg PUPS Holdings LLC : PPC 87 Kent Avenue LLC,1,Grooming,COGS,Grooming,COGS Consumables,Grooming Supplies,520500 COGS : COGS Consumables : Grooming Supplies,
235,COGS : COGS Consumables : Other Supplies,521500,26,WagWay Group : WagWay Group LLC : PUPS Holdings LLC : Williamsburg PUPS Holdings LLC : PPC 87 Kent Avenue LLC,,,COGS,No Revenue Stream,COGS Consumables,Other Supplies,521500 COGS : COGS Consumables : Other Supplies,
235,COGS : COGS Consumables : Other Supplies,521500,26,WagWay Group : WagWay Group LLC : PUPS Holdings LLC : Williamsburg PUPS Holdings LLC : PPC 87 Kent Avenue LLC,25,Vet Services,COGS,Vet Services,COGS Consumables,Other Supplies,521500 COGS : COGS Consumables : Other Supplies,
235,COGS : COGS Consumables : Other Supplies,521500,26,WagWay Group : WagWay Group LLC : PUPS Holdings LLC : Williamsburg PUPS Holdings LLC : PPC 87 Kent Avenue LLC,16,Pet Care,COGS,Pet Care,COGS Consumables,Other Supplies,521500 COGS : COGS Consumables : Other Supplies,
240,Fixed Assets : Construction in Progress,150500,26,WagWay Group : WagWay Group LLC : PUPS Holdings LLC : Williamsburg PUPS Holdings LLC : PPC 87 Kent Avenue LLC,,,Non-Current Assets,Fixed Assets,Construction in Progress,150500 Fixed Assets : Construction in Progress,,
241,Fixed Assets : Equipment,151000,26,WagWay Group : WagWay Group LLC : PUPS Holdings LLC : Williamsburg PUPS Holdings LLC : PPC 87 Kent Avenue LLC,,,Non-Current Assets,Fixed Assets,Equipment,151000 Fixed Assets : Equipment,,
243,Fixed Assets : Leasehold Improvements,152000,26,WagWay Group : WagWay Group LLC : PUPS Holdings LLC : Williamsburg PUPS Holdings LLC : PPC 87 Kent Avenue LLC,,,Non-Current Assets,Fixed Assets,Leasehold Improvements,152000 Fixed Assets : Leasehold Improvements,,
246,Fixed Assets : Accumulated Depreciation - Equipment,153500,26,WagWay Group : WagWay Group LLC : PUPS Holdings LLC : Williamsburg PUPS Holdings LLC : PPC 87 Kent Avenue LLC,,,Non-Current Assets,Fixed Assets,Accumulated Depreciation - Equipment,153500 Fixed Assets : Accumulated Depreciation - Equipment,,
248,Fixed Assets : Accumulated Depreciation - Leasehold Improvements,154500,26,WagWay Group : WagWay Group LLC : PUPS Holdings LLC : Williamsburg PUPS Holdings LLC : PPC 87 Kent Avenue LLC,,,Non-Current Assets,Fixed Assets,Accumulated Depreciation - Leasehold Improvements,154500 Fixed Assets : Accumulated Depreciation - Leasehold Improvements,,
250,Fixed Assets : Accumulated Depreciation - Vehicles,155500,26,WagWay Group : WagWay Group LLC : PUPS Holdings LLC : Williamsburg PUPS Holdings LLC : PPC 87 Kent Avenue LLC,,,Non-Current Assets,Fixed Assets,Accumulated Depreciation - Vehicles,155500 Fixed Assets : Accumulated Depreciation - Vehicles,,
423,Prepaid Expenses : Prepaid Other,132000,26,WagWay Group : WagWay Group LLC : PUPS Holdings LLC : Williamsburg PUPS Holdings LLC : PPC 87 Kent Avenue LLC,,,Current Assets,Other Current Assets,Prepaid Expenses,Prepaid Other,132000 Prepaid Expenses : Prepaid Other,132000 Prepaid Expenses : Prepaid Other
424,Other Current Assets,140000,26,WagWay Group : WagWay Group LLC : PUPS Holdings LLC : Williamsburg PUPS Holdings LLC : PPC 87 Kent Avenue LLC,,,Current Assets,Other Current Assets,Other Current Assets,140000 Other Current Assets,,
429,Intangibles : Accumulated Amortization - Goodwill,162000,26,WagWay Group : WagWay Group LLC : PUPS Holdings LLC : Williamsburg PUPS Holdings LLC : PPC 87 Kent Avenue LLC,,,Non-Current Assets,Other Assets,Intangibles,Accumulated Amortization - Goodwill,162000 Intangibles : Accumulated Amortization - Goodwill,
437,Deferred Revenue : Memberships,231000,26,WagWay Group : WagWay Group LLC : PUPS Holdings LLC : Williamsburg PUPS Holdings LLC : PPC 87 Kent Avenue LLC,,,Non-Current Liabilities,Other Liabilities,Deferred Revenue,Memberships,231000 Deferred Revenue : Memberships,
437,Deferred Revenue : Memberships,231000,26,WagWay Group : WagWay Group LLC : PUPS Holdings LLC : Williamsburg PUPS Holdings LLC : PPC 87 Kent Avenue LLC,2,Memberships,Non-Current Liabilities,Other Liabilities,Deferred Revenue,Memberships,231000 Deferred Revenue : Memberships,
438,Deferred Revenue : Packages,231500,26,WagWay Group : WagWay Group LLC : PUPS Holdings LLC : Williamsburg PUPS Holdings LLC : PPC 87 Kent Avenue LLC,18,Daycare,Non-Current Liabilities,Other Liabilities,Deferred Revenue,Packages,231500 Deferred Revenue : Packages,
438,Deferred Revenue : Packages,231500,26,WagWay Group : WagWay Group LLC : PUPS Holdings LLC : Williamsburg PUPS Holdings LLC : PPC 87 Kent Avenue LLC,24,Training,Non-Current Liabilities,Other Liabilities,Deferred Revenue,Packages,231500 Deferred Revenue : Packages,
438,Deferred Revenue : Packages,231500,26,WagWay Group : WagWay Group LLC : PUPS Holdings LLC : Williamsburg PUPS Holdings LLC : PPC 87 Kent Avenue LLC,,,Non-Current Liabilities,Other Liabilities,Deferred Revenue,Packages,231500 Deferred Revenue : Packages,
440,Accrued Expenses,250000,26,WagWay Group : WagWay Group LLC : PUPS Holdings LLC : Williamsburg PUPS Holdings LLC : PPC 87 Kent Avenue LLC,,,Non-Current Liabilities,Other Liabilities,Accrued Expenses,250000 Accrued Expenses,,
618,Payroll Liabilities : Accrued Payroll,260500,26,WagWay Group : WagWay Group LLC : PUPS Holdings LLC : Williamsburg PUPS Holdings LLC : PPC 87 Kent Avenue LLC,,,Non-Current Liabilities,Other Liabilities,Payroll Liabilities,Accrued Payroll,260500 Payroll Liabilities : Accrued Payroll,
621,Payroll Liabilities : Accrued Bonuses,262000,26,WagWay Group : WagWay Group LLC : PUPS Holdings LLC : Williamsburg PUPS Holdings LLC : PPC 87 Kent Avenue LLC,,,Non-Current Liabilities,Other Liabilities,Payroll Liabilities,Accrued Bonuses,262000 Payroll Liabilities : Accrued Bonuses,
622,Payroll Liabilities : Accrued Payroll Taxes - Federal,262500,26,WagWay Group : WagWay Group LLC : PUPS Holdings LLC : Williamsburg PUPS Holdings LLC : PPC 87 Kent Avenue LLC,,,Non-Current Liabilities,Other Liabilities,Payroll Liabilities,Accrued Payroll Taxes - Federal,262500 Payroll Liabilities : Accrued Payroll Taxes - Federal,
629,Payroll Liabilities : Accrued 401k,266000,26,WagWay Group : WagWay Group LLC : PUPS Holdings LLC : Williamsburg PUPS Holdings LLC : PPC 87 Kent Avenue LLC,,,Non-Current Liabilities,Other Liabilities,Payroll Liabilities,Accrued 401k,266000 Payroll Liabilities : Accrued 401k,
630,Payroll Liabilities : Accrued Tips,266500,26,WagWay Group : WagWay Group LLC : PUPS Holdings LLC : Williamsburg PUPS Holdings LLC : PPC 87 Kent Avenue LLC,,,Non-Current Liabilities,Other Liabilities,Payroll Liabilities,Accrued Tips,266500 Payroll Liabilities : Accrued Tips,
718,Revenue : Service Revenue,410000,26,WagWay Group : WagWay Group LLC : PUPS Holdings LLC : Williamsburg PUPS Holdings LLC : PPC 87 Kent Avenue LLC,17,Boarding,Revenue,Pet Care,Service Revenue,410000 Revenue : Service Revenue,,
718,Revenue : Service Revenue,410000,26,WagWay Group : WagWay Group LLC : PUPS Holdings LLC : Williamsburg PUPS Holdings LLC : PPC 87 Kent Avenue LLC,20,Playcare,Revenue,Pet Care : Playcare,Service Revenue,410000 Revenue : Service Revenue,,
718,Revenue : Service Revenue,410000,26,WagWay Group : WagWay Group LLC : PUPS Holdings LLC : Williamsburg PUPS Holdings LLC : PPC 87 Kent Avenue LLC,,,Revenue,No Revenue Stream,Service Revenue,410000 Revenue : Service Revenue,,
718,Revenue : Service Revenue,410000,26,WagWay Group : WagWay Group LLC : PUPS Holdings LLC : Williamsburg PUPS Holdings LLC : PPC 87 Kent Avenue LLC,1,Grooming,Revenue,Grooming,Service Revenue,410000 Revenue : Service Revenue,,
718,Revenue : Service Revenue,410000,26,WagWay Group : WagWay Group LLC : PUPS Holdings LLC : Williamsburg PUPS Holdings LLC : PPC 87 Kent Avenue LLC,19,Pet Sitting,Revenue,Pet Care,Service Revenue,410000 Revenue : Service Revenue,,
718,Revenue : Service Revenue,410000,26,WagWay Group : WagWay Group LLC : PUPS Holdings LLC : Williamsburg PUPS Holdings LLC : PPC 87 Kent Avenue LLC,24,Training,Revenue,Training,Service Revenue,410000 Revenue : Service Revenue,,
718,Revenue : Service Revenue,410000,26,WagWay Group : WagWay Group LLC : PUPS Holdings LLC : Williamsburg PUPS Holdings LLC : PPC 87 Kent Avenue LLC,22,Walking,Revenue,Pet Care,Service Revenue,410000 Revenue : Service Revenue,,
718,Revenue : Service Revenue,410000,26,WagWay Group : WagWay Group LLC : PUPS Holdings LLC : Williamsburg PUPS Holdings LLC : PPC 87 Kent Avenue LLC,21,Transportation,Revenue,Pet Care,Service Revenue,410000 Revenue : Service Revenue,,
718,Revenue : Service Revenue,410000,26,WagWay Group : WagWay Group LLC : PUPS Holdings LLC : Williamsburg PUPS Holdings LLC : PPC 87 Kent Avenue LLC,18,Daycare,Revenue,Pet Care : Daycare,Service Revenue,410000 Revenue : Service Revenue,,
718,Revenue : Service Revenue,410000,26,WagWay Group : WagWay Group LLC : PUPS Holdings LLC : Williamsburg PUPS Holdings LLC : PPC 87 Kent Avenue LLC,25,Vet Services,Revenue,Vet Services,Service Revenue,410000 Revenue : Service Revenue,,
718,Revenue : Service Revenue,410000,26,WagWay Group : WagWay Group LLC : PUPS Holdings LLC : Williamsburg PUPS Holdings LLC : PPC 87 Kent Avenue LLC,2,Memberships,Revenue,Memberships,Service Revenue,410000 Revenue : Service Revenue,,
719,Revenue : Retail,420000,26,WagWay Group : WagWay Group LLC : PUPS Holdings LLC : Williamsburg PUPS Holdings LLC : PPC 87 Kent Avenue LLC,,,Revenue,No Revenue Stream,Retail,420000 Revenue : Retail,,
719,Revenue : Retail,420000,26,WagWay Group : WagWay Group LLC : PUPS Holdings LLC : Williamsburg PUPS Holdings LLC : PPC 87 Kent Avenue LLC,23,Retail,Revenue,Retail,Retail,420000 Revenue : Retail,,
720,Revenue : Expired Packages,430000,26,WagWay Group : WagWay Group LLC : PUPS Holdings LLC : Williamsburg PUPS Holdings LLC : PPC 87 Kent Avenue LLC,,,Revenue,No Revenue Stream,Expired Packages,430000 Revenue : Expired Packages,,
720,Revenue : Expired Packages,430000,26,WagWay Group : WagWay Group LLC : PUPS Holdings LLC : Williamsburg PUPS Holdings LLC : PPC 87 Kent Avenue LLC,26,Other Revenue,Revenue,Other Revenue,Expired Packages,430000 Revenue : Expired Packages,,
720,Revenue : Expired Packages,430000,26,WagWay Group : WagWay Group LLC : PUPS Holdings LLC : Williamsburg PUPS Holdings LLC : PPC 87 Kent Avenue LLC,24,Training,Revenue,Training,Expired Packages,430000 Revenue : Expired Packages,,
720,Revenue : Expired Packages,430000,26,WagWay Group : WagWay Group LLC : PUPS Holdings LLC : Williamsburg PUPS Holdings LLC : PPC 87 Kent Avenue LLC,18,Daycare,Revenue,Pet Care : Daycare,Expired Packages,430000 Revenue : Expired Packages,,
721,Revenue : Other Revenue,440000,26,WagWay Group : WagWay Group LLC : PUPS Holdings LLC : Williamsburg PUPS Holdings LLC : PPC 87 Kent Avenue LLC,,,Revenue,No Revenue Stream,Other Revenue,440000 Revenue : Other Revenue,,
721,Revenue : Other Revenue,440000,26,WagWay Group : WagWay Group LLC : PUPS Holdings LLC : Williamsburg PUPS Holdings LLC : PPC 87 Kent Avenue LLC,26,Other Revenue,Revenue,Other Revenue,Other Revenue,440000 Revenue : Other Revenue,,
721,Revenue : Other Revenue,440000,26,WagWay Group : WagWay Group LLC : PUPS Holdings LLC : Williamsburg PUPS Holdings LLC : PPC 87 Kent Avenue LLC,2,Memberships,Revenue,Memberships,Other Revenue,440000 Revenue : Other Revenue,,
721,Revenue : Other Revenue,440000,26,WagWay Group : WagWay Group LLC : PUPS Holdings LLC : Williamsburg PUPS Holdings LLC : PPC 87 Kent Avenue LLC,21,Transportation,Revenue,Pet Care,Other Revenue,440000 Revenue : Other Revenue,,
820,Operating Expenses : OPEX Wages : Regular Wages,610500,26,WagWay Group : WagWay Group LLC : PUPS Holdings LLC : Williamsburg PUPS Holdings LLC : PPC 87 Kent Avenue LLC,,,Operating Expenses,Ops Labour Expense,Regular Wages,610500 Operating Expenses : OPEX Wages : Regular Wages,,
825,Operating Expenses : OPEX Wages : Employer Taxes,613000,26,WagWay Group : WagWay Group LLC : PUPS Holdings LLC : Williamsburg PUPS Holdings LLC : PPC 87 Kent Avenue LLC,,,Operating Expenses,Ops Labour Expense,Employer Taxes,613000 Operating Expenses : OPEX Wages : Employer Taxes,,
826,Operating Expenses : OPEX Wages : Employer Medical/Dental/Vision,613500,26,WagWay Group : WagWay Group LLC : PUPS Holdings LLC : Williamsburg PUPS Holdings LLC : PPC 87 Kent Avenue LLC,,,Operating Expenses,Ops Labour Expense,Employer Medical/Dental/Vision,613500 Operating Expenses : OPEX Wages : Employer Medical/Dental/Vision,,
830,Operating Expenses : OPEX Wages : Employer 401k,615500,26,WagWay Group : WagWay Group LLC : PUPS Holdings LLC : Williamsburg PUPS Holdings LLC : PPC 87 Kent Avenue LLC,,,Operating Expenses,Ops Labour Expense,Employer 401k,615500 Operating Expenses : OPEX Wages : Employer 401k,,
832,Operating Expenses : Facility Expense : Rent,620500,26,WagWay Group : WagWay Group LLC : PUPS Holdings LLC : Williamsburg PUPS Holdings LLC : PPC 87 Kent Avenue LLC,,,Operating Expenses,Facility Expense,Rent,620500 Operating Expenses : Facility Expense : Rent,,
833,Operating Expenses : Facility Expense : Electric,621000,26,WagWay Group : WagWay Group LLC : PUPS Holdings LLC : Williamsburg PUPS Holdings LLC : PPC 87 Kent Avenue LLC,,,Operating Expenses,Facility Expense,Electric,621000 Operating Expenses : Facility Expense : Electric,,
837,Operating Expenses : Facility Expense : Phone,623000,26,WagWay Group : WagWay Group LLC : PUPS Holdings LLC : Williamsburg PUPS Holdings LLC : PPC 87 Kent Avenue LLC,,,Operating Expenses,Facility Expense,Phone,623000 Operating Expenses : Facility Expense : Phone,,
841,General and Admin : G&A Wages : Regular Wages,710500,26,WagWay Group : WagWay Group LLC : PUPS Holdings LLC : Williamsburg PUPS Holdings LLC : PPC 87 Kent Avenue LLC,,,Operating Expenses,Operations Expense,General and Admin,G&A Wages,Regular Wages,710500 General and Admin : G&A Wages : Regular Wages
846,General and Admin : G&A Wages : Employer Taxes,713000,26,WagWay Group : WagWay Group LLC : PUPS Holdings LLC : Williamsburg PUPS Holdings LLC : PPC 87 Kent Avenue LLC,,,Operating Expenses,Operations Expense,General and Admin,G&A Wages,Employer Taxes,713000 General and Admin : G&A Wages : Employer Taxes
847,General and Admin : G&A Wages : Employer Medical/Dental/Vision,713500,26,WagWay Group : WagWay Group LLC : PUPS Holdings LLC : Williamsburg PUPS Holdings LLC : PPC 87 Kent Avenue LLC,,,Operating Expenses,Operations Expense,General and Admin,G&A Wages,Employer Medical/Dental/Vision,713500 General and Admin : G&A Wages : Employer Medical/Dental/Vision
854,General and Admin : Travel : Lodging,721000,26,WagWay Group : WagWay Group LLC : PUPS Holdings LLC : Williamsburg PUPS Holdings LLC : PPC 87 Kent Avenue LLC,,,Operating Expenses,Operations Expense,General and Admin,Travel,Lodging,721000 General and Admin : Travel : Lodging
855,General and Admin : Travel : Meals,721500,26,WagWay Group : WagWay Group LLC : PUPS Holdings LLC : Williamsburg PUPS Holdings LLC : PPC 87 Kent Avenue LLC,,,Operating Expenses,Operations Expense,General and Admin,Travel,Meals,721500 General and Admin : Travel : Meals
856,General and Admin : Travel : Entertainment,722000,26,WagWay Group : WagWay Group LLC : PUPS Holdings LLC : Williamsburg PUPS Holdings LLC : PPC 87 Kent Avenue LLC,,,Operating Expenses,Operations Expense,General and Admin,Travel,Entertainment,722000 General and Admin : Travel : Entertainment
857,General and Admin : Systems,730000,26,WagWay Group : WagWay Group LLC : PUPS Holdings LLC : Williamsburg PUPS Holdings LLC : PPC 87 Kent Avenue LLC,,,Operating Expenses,Operations Expense,General and Admin,Systems,730000 General and Admin : Systems,
862,General and Admin : Insurance : Other Insurance,742000,26,WagWay Group : WagWay Group LLC : PUPS Holdings LLC : Williamsburg PUPS Holdings LLC : PPC 87 Kent Avenue LLC,,,Operating Expenses,Operations Expense,General and Admin,Insurance,Other Insurance,742000 General and Admin : Insurance : Other Insurance
865,Other Expense : Interest Expense,851000,26,WagWay Group : WagWay Group LLC : PUPS Holdings LLC : Williamsburg PUPS Holdings LLC : PPC 87 Kent Avenue LLC,,,Other (Income) / Expense,Other Expenses,Other Expense,Interest Expense,851000 Other Expense : Interest Expense,
920,General and Admin : Marketing : Other Marketing,751000,26,WagWay Group : WagWay Group LLC : PUPS Holdings LLC : Williamsburg PUPS Holdings LLC : PPC 87 Kent Avenue LLC,,,Operating Expenses,Operations Expense,General and Admin,Marketing,Other Marketing,751000 General and Admin : Marketing : Other Marketing
1018,Operating Expenses : Facility Expense : Repair and Maintenance,623500,26,WagWay Group : WagWay Group LLC : PUPS Holdings LLC : Williamsburg PUPS Holdings LLC : PPC 87 Kent Avenue LLC,,,Operating Expenses,Facility Expense,Repair and Maintenance,623500 Operating Expenses : Facility Expense : Repair and Maintenance,,
1023,General and Admin : Marketing : Brand Materials,750500,26,WagWay Group : WagWay Group LLC : PUPS Holdings LLC : Williamsburg PUPS Holdings LLC : PPC 87 Kent Avenue LLC,,,Operating Expenses,Operations Expense,General and Admin,Marketing,Brand Materials,750500 General and Admin : Marketing : Brand Materials
1026,General and Admin : Advertising : Other Advertising,761000,26,WagWay Group : WagWay Group LLC : PUPS Holdings LLC : Williamsburg PUPS Holdings LLC : PPC 87 Kent Avenue LLC,,,Operating Expenses,Operations Expense,General and Admin,Advertising,Other Advertising,761000 General and Admin : Advertising : Other Advertising
1030,General and Admin : Professional Services : Recruiting,772000,26,WagWay Group : WagWay Group LLC : PUPS Holdings LLC : Williamsburg PUPS Holdings LLC : PPC 87 Kent Avenue LLC,,,Operating Expenses,Professional Fees,General and Admin,Recruiting,772000 General and Admin : Professional Services : Recruiting,
1031,General and Admin : Professional Services : Employee Training and Development,772500,26,WagWay Group : WagWay Group LLC : PUPS Holdings LLC : Williamsburg PUPS Holdings LLC : PPC 87 Kent Avenue LLC,,,Operating Expenses,Professional Fees,General and Admin,Employee Training and Development,772500 General and Admin : Professional Services : Employee Training and Development,
1032,General and Admin : Professional Services : Other Professional Services,773000,26,WagWay Group : WagWay Group LLC : PUPS Holdings LLC : Williamsburg PUPS Holdings LLC : PPC 87 Kent Avenue LLC,,,Operating Expenses,Professional Fees,General and Admin,Other Professional Services,773000 General and Admin : Professional Services : Other Professional Services,
1033,General and Admin : Other G&A Expenses : Bank Fees and Charges,780500,26,WagWay Group : WagWay Group LLC : PUPS Holdings LLC : Williamsburg PUPS Holdings LLC : PPC 87 Kent Avenue LLC,,,Operating Expenses,Operations Expense,General and Admin,Other G&A Expenses,Bank Fees and Charges,780500 General and Admin : Other G&A Expenses : Bank Fees and Charges
1037,General and Admin : Other G&A Expenses : Taxes and Licenses,782500,26,WagWay Group : WagWay Group LLC : PUPS Holdings LLC : Williamsburg PUPS Holdings LLC : PPC 87 Kent Avenue LLC,,,Operating Expenses,Operations Expense,General and Admin,Other G&A Expenses,Taxes and Licenses,782500 General and Admin : Other G&A Expenses : Taxes and Licenses
1038,Other Expense : Depreciation : Depreciation -Equipment,852010,26,WagWay Group : WagWay Group LLC : PUPS Holdings LLC : Williamsburg PUPS Holdings LLC : PPC 87 Kent Avenue LLC,,,Other (Income) / Expense,Other Expenses,Other Expense,Depreciation,Depreciation -Equipment,852010 Other Expense : Depreciation : Depreciation -Equipment
1040,Other Expense : Depreciation : Depreciation - Leasehold Improvements,852030,26,WagWay Group : WagWay Group LLC : PUPS Holdings LLC : Williamsburg PUPS Holdings LLC : PPC 87 Kent Avenue LLC,,,Other (Income) / Expense,Other Expenses,Other Expense,Depreciation,Depreciation - Leasehold Improvements,852030 Other Expense : Depreciation : Depreciation - Leasehold Improvements
1044,Other Expense : Amortization : Amortization - Goodwill,854010,26,WagWay Group : WagWay Group LLC : PUPS Holdings LLC : Williamsburg PUPS Holdings LLC : PPC 87 Kent Avenue LLC,,,Other (Income) / Expense,Other Expenses,Other Expense,Amortization,Amortization - Goodwill,854010 Other Expense : Amortization : Amortization - Goodwill
1163,Cash : Collections : PPC 87 Kent Avenue LLC,100507,26,WagWay Group : WagWay Group LLC : PUPS Holdings LLC : Williamsburg PUPS Holdings LLC : PPC 87 Kent Avenue LLC,,,Current Assets,Cash,Collections,PPC 87 Kent Avenue LLC,100507 Cash : Collections : PPC 87 Kent Avenue LLC,100507 Cash : Collections : PPC 87 Kent Avenue LLC
1253,Revenue : Sales Discounts,460000,26,WagWay Group : WagWay Group LLC : PUPS Holdings LLC : Williamsburg PUPS Holdings LLC : PPC 87 Kent Avenue LLC,18,Daycare,Revenue,Pet Care : Daycare,Sales Discounts,460000 Revenue : Sales Discounts,,
1253,Revenue : Sales Discounts,460000,26,WagWay Group : WagWay Group LLC : PUPS Holdings LLC : Williamsburg PUPS Holdings LLC : PPC 87 Kent Avenue LLC,23,Retail,Revenue,Retail,Sales Discounts,460000 Revenue : Sales Discounts,,
1253,Revenue : Sales Discounts,460000,26,WagWay Group : WagWay Group LLC : PUPS Holdings LLC : Williamsburg PUPS Holdings LLC : PPC 87 Kent Avenue LLC,1,Grooming,Revenue,Grooming,Sales Discounts,460000 Revenue : Sales Discounts,,
1253,Revenue : Sales Discounts,460000,26,WagWay Group : WagWay Group LLC : PUPS Holdings LLC : Williamsburg PUPS Holdings LLC : PPC 87 Kent Avenue LLC,26,Other Revenue,Revenue,Other Revenue,Sales Discounts,460000 Revenue : Sales Discounts,,
1253,Revenue : Sales Discounts,460000,26,WagWay Group : WagWay Group LLC : PUPS Holdings LLC : Williamsburg PUPS Holdings LLC : PPC 87 Kent Avenue LLC,17,Boarding,Revenue,Pet Care,Sales Discounts,460000 Revenue : Sales Discounts,,
1255,Other Expense,850000,26,WagWay Group : WagWay Group LLC : PUPS Holdings LLC : Williamsburg PUPS Holdings LLC : PPC 87 Kent Avenue LLC,,,Other (Income) / Expense,Other Expenses,Other Expense,850000 Other Expense,,
1256,Inventory : Retail Inventory,120250,26,WagWay Group : WagWay Group LLC : PUPS Holdings LLC : Williamsburg PUPS Holdings LLC : PPC 87 Kent Avenue LLC,,,Current Assets,Other Current Assets,Inventory,Retail Inventory,120250 Inventory : Retail Inventory,120250 Inventory : Retail Inventory
1258,Other Long term Assets : ASC 842 - ROU Asset Account,171000,26,WagWay Group : WagWay Group LLC : PUPS Holdings LLC : Williamsburg PUPS Holdings LLC : PPC 87 Kent Avenue LLC,,,Non-Current Assets,Other Assets,Other Long term Assets,ASC 842 - ROU Asset Account,171000 Other Long term Assets : ASC 842 - ROU Asset Account,
1259,Accounts Payable : Accounts Payable Trade,200250,26,WagWay Group : WagWay Group LLC : PUPS Holdings LLC : Williamsburg PUPS Holdings LLC : PPC 87 Kent Avenue LLC,,,Current Liabilities,Accounts Payable,Accounts Payable Trade,200250 Accounts Payable : Accounts Payable Trade,,
1353,Accounts Receivable : Accounts Receivable Trade,110250,26,WagWay Group : WagWay Group LLC : PUPS Holdings LLC : Williamsburg PUPS Holdings LLC : PPC 87 Kent Avenue LLC,1,Grooming,Current Assets,Accounts Receivable,Accounts Receivable,Accounts Receivable Trade,110250 Accounts Receivable : Accounts Receivable Trade,
1353,Accounts Receivable : Accounts Receivable Trade,110250,26,WagWay Group : WagWay Group LLC : PUPS Holdings LLC : Williamsburg PUPS Holdings LLC : PPC 87 Kent Avenue LLC,18,Daycare,Current Assets,Accounts Receivable,Accounts Receivable,Accounts Receivable Trade,110250 Accounts Receivable : Accounts Receivable Trade,
1353,Accounts Receivable : Accounts Receivable Trade,110250,26,WagWay Group : WagWay Group LLC : PUPS Holdings LLC : Williamsburg PUPS Holdings LLC : PPC 87 Kent Avenue LLC,19,Pet Sitting,Current Assets,Accounts Receivable,Accounts Receivable,Accounts Receivable Trade,110250 Accounts Receivable : Accounts Receivable Trade,
1353,Accounts Receivable : Accounts Receivable Trade,110250,26,WagWay Group : WagWay Group LLC : PUPS Holdings LLC : Williamsburg PUPS Holdings LLC : PPC 87 Kent Avenue LLC,,,Current Assets,Accounts Receivable,Accounts Receivable,Accounts Receivable Trade,110250 Accounts Receivable : Accounts Receivable Trade,
1353,Accounts Receivable : Accounts Receivable Trade,110250,26,WagWay Group : WagWay Group LLC : PUPS Holdings LLC : Williamsburg PUPS Holdings LLC : PPC 87 Kent Avenue LLC,2,Memberships,Current Assets,Accounts Receivable,Accounts Receivable,Accounts Receivable Trade,110250 Accounts Receivable : Accounts Receivable Trade,
1353,Accounts Receivable : Accounts Receivable Trade,110250,26,WagWay Group : WagWay Group LLC : PUPS Holdings LLC : Williamsburg PUPS Holdings LLC : PPC 87 Kent Avenue LLC,24,Training,Current Assets,Accounts Receivable,Accounts Receivable,Accounts Receivable Trade,110250 Accounts Receivable : Accounts Receivable Trade,
1369,Other Long term Assets : ASC 842 - ROU Accumulated Amortization Acccount,171500,26,WagWay Group : WagWay Group LLC : PUPS Holdings LLC : Williamsburg PUPS Holdings LLC : PPC 87 Kent Avenue LLC,,,Non-Current Assets,Other Assets,Other Long term Assets,ASC 842 - ROU Accumulated Amortization Acccount,171500 Other Long term Assets : ASC 842 - ROU Accumulated Amortization Acccount,
1373,Other Current Liabilities : ASC 842 - Lease Liability Short-Term Account,221000,26,WagWay Group : WagWay Group LLC : PUPS Holdings LLC : Williamsburg PUPS Holdings LLC : PPC 87 Kent Avenue LLC,,,Current Liabilities,Other Current Liabilities,ASC 842 - Lease Liability Short-Term Account,221000 Other Current Liabilities : ASC 842 - Lease Liability Short-Term Account,,
1381,Other Long term Liabilities : ASC 842 - Lease Liability Long-Term Account,290250,26,WagWay Group : WagWay Group LLC : PUPS Holdings LLC : Williamsburg PUPS Holdings LLC : PPC 87 Kent Avenue LLC,,,Non-Current Liabilities,Long Term Liabilities,Other Long term Liabilities,ASC 842 - Lease Liability Long-Term Account,290250 Other Long term Liabilities : ASC 842 - Lease Liability Long-Term Account,
1382,Other Long term Liabilities : ASC 842 - Lease Liability Long-Term Contra Account ST Reclas,290500,26,WagWay Group : WagWay Group LLC : PUPS Holdings LLC : Williamsburg PUPS Holdings LLC : PPC 87 Kent Avenue LLC,,,Non-Current Liabilities,Long Term Liabilities,Other Long term Liabilities,ASC 842 - Lease Liability Long-Term Contra Account ST Reclas,290500 Other Long term Liabilities : ASC 842 - Lease Liability Long-Term Contra Account ST Reclas,
1397,Intercompany AR_x,111000,26,WagWay Group : WagWay Group LLC : PUPS Holdings LLC : Williamsburg PUPS Holdings LLC : PPC 87 Kent Avenue LLC,,,Current Assets,Other Current Assets,Intercompany AR_x,111000 Intercompany AR_x,,
1398,Intercompany AP_x,200500,26,WagWay Group : WagWay Group LLC : PUPS Holdings LLC : Williamsburg PUPS Holdings LLC : PPC 87 Kent Avenue LLC,24,Training,Non-Current Liabilities,Other Liabilities,Intercompany AP_x,200500 Intercompany AP_x,,
1398,Intercompany AP_x,200500,26,WagWay Group : WagWay Group LLC : PUPS Holdings LLC : Williamsburg PUPS Holdings LLC : PPC 87 Kent Avenue LLC,16,Pet Care,Non-Current Liabilities,Other Liabilities,Intercompany AP_x,200500 Intercompany AP_x,,
1398,Intercompany AP_x,200500,26,WagWay Group : WagWay Group LLC : PUPS Holdings LLC : Williamsburg PUPS Holdings LLC : PPC 87 Kent Avenue LLC,,,Non-Current Liabilities,Other Liabilities,Intercompany AP_x,200500 Intercompany AP_x,,
1499,General and Admin : Other G&A Expenses : Office Supplies,783000,26,WagWay Group : WagWay Group LLC : PUPS Holdings LLC : Williamsburg PUPS Holdings LLC : PPC 87 Kent Avenue LLC,,,Operating Expenses,Operations Expense,General and Admin,Other G&A Expenses,Office Supplies,783000 General and Admin : Other G&A Expenses : Office Supplies
1601,Ramp Card - PPC 87 Kent Avenue LLC,Ramp Card - PPC 87 Kent Avenue LLC,26,WagWay Group : WagWay Group LLC : PUPS Holdings LLC : Williamsburg PUPS Holdings LLC : PPC 87 Kent Avenue LLC,,,Current Liabilities,Credit Card,Ramp Card,PPC 87 Kent Avenue LLC,Ramp Card - PPC 87 Kent Avenue LLC Ramp Card - PPC 87 Kent Avenue LLC,
2003,Intercompany AP - RAMP,200501,26,WagWay Group : WagWay Group LLC : PUPS Holdings LLC : Williamsburg PUPS Holdings LLC : PPC 87 Kent Avenue LLC,,,Current Liabilities,Accounts Payable,Intercompany AP,RAMP,200501 Intercompany AP - RAMP,
2010,Cash : Collections : PPC 87 Kent Avenue LLC : 87 Kent Avenue Clearing Account,100507.1,26,WagWay Group : WagWay Group LLC : PUPS Holdings LLC : Williamsburg PUPS Holdings LLC : PPC 87 Kent Avenue LLC,,,Current Assets,Cash,Collections,PPC 87 Kent Avenue LLC,87 Kent Avenue Clearing Account,
,,,26,WagWay Group : WagWay Group LLC : PUPS Holdings LLC : Williamsburg PUPS Holdings LLC : PPC 87 Kent Avenue LLC,,,,,,,,
52,Equity : Retained Earnings,310000,28,WagWay Group : WagWay Group LLC : PUPS Holdings LLC : CHI-PUPS Intermediate Holdings LLC : PPC 211 N Harbor Drive LLC,,,Equity,Equity,Retained Earnings,310000 Equity : Retained Earnings,,
221,COGS : COGS Wages : Regular Wages,510500,28,WagWay Group : WagWay Group LLC : PUPS Holdings LLC : CHI-PUPS Intermediate Holdings LLC : PPC 211 N Harbor Drive LLC,1,Grooming,COGS,Grooming,COGS Wages,Regular Wages,510500 COGS : COGS Wages : Regular Wages,
221,COGS : COGS Wages : Regular Wages,510500,28,WagWay Group : WagWay Group LLC : PUPS Holdings LLC : CHI-PUPS Intermediate Holdings LLC : PPC 211 N Harbor Drive LLC,16,Pet Care,COGS,Pet Care,COGS Wages,Regular Wages,510500 COGS : COGS Wages : Regular Wages,
221,COGS : COGS Wages : Regular Wages,510500,28,WagWay Group : WagWay Group LLC : PUPS Holdings LLC : CHI-PUPS Intermediate Holdings LLC : PPC 211 N Harbor Drive LLC,24,Training,COGS,Training,COGS Wages,Regular Wages,510500 COGS : COGS Wages : Regular Wages,
226,COGS : COGS Wages : Employer Taxes,513000,28,WagWay Group : WagWay Group LLC : PUPS Holdings LLC : CHI-PUPS Intermediate Holdings LLC : PPC 211 N Harbor Drive LLC,24,Training,COGS,Training,COGS Wages,Employer Taxes,513000 COGS : COGS Wages : Employer Taxes,
226,COGS : COGS Wages : Employer Taxes,513000,28,WagWay Group : WagWay Group LLC : PUPS Holdings LLC : CHI-PUPS Intermediate Holdings LLC : PPC 211 N Harbor Drive LLC,1,Grooming,COGS,Grooming,COGS Wages,Employer Taxes,513000 COGS : COGS Wages : Employer Taxes,
226,COGS : COGS Wages : Employer Taxes,513000,28,WagWay Group : WagWay Group LLC : PUPS Holdings LLC : CHI-PUPS Intermediate Holdings LLC : PPC 211 N Harbor Drive LLC,16,Pet Care,COGS,Pet Care,COGS Wages,Employer Taxes,513000 COGS : COGS Wages : Employer Taxes,
227,COGS : COGS Wages : Employer Medical/Dental/Vision,513500,28,WagWay Group : WagWay Group LLC : PUPS Holdings LLC : CHI-PUPS Intermediate Holdings LLC : PPC 211 N Harbor Drive LLC,1,Grooming,COGS,Grooming,COGS Wages,Employer Medical/Dental/Vision,513500 COGS : COGS Wages : Employer Medical/Dental/Vision,
227,COGS : COGS Wages : Employer Medical/Dental/Vision,513500,28,WagWay Group : WagWay Group LLC : PUPS Holdings LLC : CHI-PUPS Intermediate Holdings LLC : PPC 211 N Harbor Drive LLC,24,Training,COGS,Training,COGS Wages,Employer Medical/Dental/Vision,513500 COGS : COGS Wages : Employer Medical/Dental/Vision,
227,COGS : COGS Wages : Employer Medical/Dental/Vision,513500,28,WagWay Group : WagWay Group LLC : PUPS Holdings LLC : CHI-PUPS Intermediate Holdings LLC : PPC 211 N Harbor Drive LLC,16,Pet Care,COGS,Pet Care,COGS Wages,Employer Medical/Dental/Vision,513500 COGS : COGS Wages : Employer Medical/Dental/Vision,
231,COGS : COGS Wages : Employer 401k,515500,28,WagWay Group : WagWay Group LLC : PUPS Holdings LLC : CHI-PUPS Intermediate Holdings LLC : PPC 211 N Harbor Drive LLC,16,Pet Care,COGS,Pet Care,COGS Wages,Employer 401k,515500 COGS : COGS Wages : Employer 401k,
231,COGS : COGS Wages : Employer 401k,515500,28,WagWay Group : WagWay Group LLC : PUPS Holdings LLC : CHI-PUPS Intermediate Holdings LLC : PPC 211 N Harbor Drive LLC,1,Grooming,COGS,Grooming,COGS Wages,Employer 401k,515500 COGS : COGS Wages : Employer 401k,
231,COGS : COGS Wages : Employer 401k,515500,28,WagWay Group : WagWay Group LLC : PUPS Holdings LLC : CHI-PUPS Intermediate Holdings LLC : PPC 211 N Harbor Drive LLC,24,Training,COGS,Training,COGS Wages,Employer 401k,515500 COGS : COGS Wages : Employer 401k,
233,COGS : COGS Consumables : Grooming Supplies,520500,28,WagWay Group : WagWay Group LLC : PUPS Holdings LLC : CHI-PUPS Intermediate Holdings LLC : PPC 211 N Harbor Drive LLC,1,Grooming,COGS,Grooming,COGS Consumables,Grooming Supplies,520500 COGS : COGS Consumables : Grooming Supplies,
235,COGS : COGS Consumables : Other Supplies,521500,28,WagWay Group : WagWay Group LLC : PUPS Holdings LLC : CHI-PUPS Intermediate Holdings LLC : PPC 211 N Harbor Drive LLC,,,COGS,No Revenue Stream,COGS Consumables,Other Supplies,521500 COGS : COGS Consumables : Other Supplies,
235,COGS : COGS Consumables : Other Supplies,521500,28,WagWay Group : WagWay Group LLC : PUPS Holdings LLC : CHI-PUPS Intermediate Holdings LLC : PPC 211 N Harbor Drive LLC,16,Pet Care,COGS,Pet Care,COGS Consumables,Other Supplies,521500 COGS : COGS Consumables : Other Supplies,
235,COGS : COGS Consumables : Other Supplies,521500,28,WagWay Group : WagWay Group LLC : PUPS Holdings LLC : CHI-PUPS Intermediate Holdings LLC : PPC 211 N Harbor Drive LLC,20,Playcare,COGS,Pet Care : Playcare,COGS Consumables,Other Supplies,521500 COGS : COGS Consumables : Other Supplies,
240,Fixed Assets : Construction in Progress,150500,28,WagWay Group : WagWay Group LLC : PUPS Holdings LLC : CHI-PUPS Intermediate Holdings LLC : PPC 211 N Harbor Drive LLC,,,Non-Current Assets,Fixed Assets,Construction in Progress,150500 Fixed Assets : Construction in Progress,,
241,Fixed Assets : Equipment,151000,28,WagWay Group : WagWay Group LLC : PUPS Holdings LLC : CHI-PUPS Intermediate Holdings LLC : PPC 211 N Harbor Drive LLC,,,Non-Current Assets,Fixed Assets,Equipment,151000 Fixed Assets : Equipment,,
242,Fixed Assets : Furniture & Fixtures,151500,28,WagWay Group : WagWay Group LLC : PUPS Holdings LLC : CHI-PUPS Intermediate Holdings LLC : PPC 211 N Harbor Drive LLC,,,Non-Current Assets,Fixed Assets,Furniture & Fixtures,151500 Fixed Assets : Furniture & Fixtures,,
243,Fixed Assets : Leasehold Improvements,152000,28,WagWay Group : WagWay Group LLC : PUPS Holdings LLC : CHI-PUPS Intermediate Holdings LLC : PPC 211 N Harbor Drive LLC,,,Non-Current Assets,Fixed Assets,Leasehold Improvements,152000 Fixed Assets : Leasehold Improvements,,
244,Fixed Assets : Software,152500,28,WagWay Group : WagWay Group LLC : PUPS Holdings LLC : CHI-PUPS Intermediate Holdings LLC : PPC 211 N Harbor Drive LLC,,,Non-Current Assets,Fixed Assets,Software,152500 Fixed Assets : Software,,
246,Fixed Assets : Accumulated Depreciation - Equipment,153500,28,WagWay Group : WagWay Group LLC : PUPS Holdings LLC : CHI-PUPS Intermediate Holdings LLC : PPC 211 N Harbor Drive LLC,,,Non-Current Assets,Fixed Assets,Accumulated Depreciation - Equipment,153500 Fixed Assets : Accumulated Depreciation - Equipment,,
247,Fixed Assets : Accumulated Depreciation - Furniture & Fixtures,154000,28,WagWay Group : WagWay Group LLC : PUPS Holdings LLC : CHI-PUPS Intermediate Holdings LLC : PPC 211 N Harbor Drive LLC,,,Non-Current Assets,Fixed Assets,Accumulated Depreciation - Furniture & Fixtures,154000 Fixed Assets : Accumulated Depreciation - Furniture & Fixtures,,
248,Fixed Assets : Accumulated Depreciation - Leasehold Improvements,154500,28,WagWay Group : WagWay Group LLC : PUPS Holdings LLC : CHI-PUPS Intermediate Holdings LLC : PPC 211 N Harbor Drive LLC,,,Non-Current Assets,Fixed Assets,Accumulated Depreciation - Leasehold Improvements,154500 Fixed Assets : Accumulated Depreciation - Leasehold Improvements,,
249,Fixed Assets : Accumulated Depreciation - Software,155000,28,WagWay Group : WagWay Group LLC : PUPS Holdings LLC : CHI-PUPS Intermediate Holdings LLC : PPC 211 N Harbor Drive LLC,,,Non-Current Assets,Fixed Assets,Accumulated Depreciation - Software,155000 Fixed Assets : Accumulated Depreciation - Software,,
424,Other Current Assets,140000,28,WagWay Group : WagWay Group LLC : PUPS Holdings LLC : CHI-PUPS Intermediate Holdings LLC : PPC 211 N Harbor Drive LLC,,,Current Assets,Other Current Assets,Other Current Assets,140000 Other Current Assets,,
433,Other Long term Assets : Security Deposits,170500,28,WagWay Group : WagWay Group LLC : PUPS Holdings LLC : CHI-PUPS Intermediate Holdings LLC : PPC 211 N Harbor Drive LLC,,,Non-Current Assets,Other Assets,Other Long term Assets,Security Deposits,170500 Other Long term Assets : Security Deposits,
437,Deferred Revenue : Memberships,231000,28,WagWay Group : WagWay Group LLC : PUPS Holdings LLC : CHI-PUPS Intermediate Holdings LLC : PPC 211 N Harbor Drive LLC,2,Memberships,Non-Current Liabilities,Other Liabilities,Deferred Revenue,Memberships,231000 Deferred Revenue : Memberships,
437,Deferred Revenue : Memberships,231000,28,WagWay Group : WagWay Group LLC : PUPS Holdings LLC : CHI-PUPS Intermediate Holdings LLC : PPC 211 N Harbor Drive LLC,,,Non-Current Liabilities,Other Liabilities,Deferred Revenue,Memberships,231000 Deferred Revenue : Memberships,
438,Deferred Revenue : Packages,231500,28,WagWay Group : WagWay Group LLC : PUPS Holdings LLC : CHI-PUPS Intermediate Holdings LLC : PPC 211 N Harbor Drive LLC,,,Non-Current Liabilities,Other Liabilities,Deferred Revenue,Packages,231500 Deferred Revenue : Packages,
438,Deferred Revenue : Packages,231500,28,WagWay Group : WagWay Group LLC : PUPS Holdings LLC : CHI-PUPS Intermediate Holdings LLC : PPC 211 N Harbor Drive LLC,18,Daycare,Non-Current Liabilities,Other Liabilities,Deferred Revenue,Packages,231500 Deferred Revenue : Packages,
438,Deferred Revenue : Packages,231500,28,WagWay Group : WagWay Group LLC : PUPS Holdings LLC : CHI-PUPS Intermediate Holdings LLC : PPC 211 N Harbor Drive LLC,24,Training,Non-Current Liabilities,Other Liabilities,Deferred Revenue,Packages,231500 Deferred Revenue : Packages,
440,Accrued Expenses,250000,28,WagWay Group : WagWay Group LLC : PUPS Holdings LLC : CHI-PUPS Intermediate Holdings LLC : PPC 211 N Harbor Drive LLC,,,Non-Current Liabilities,Other Liabilities,Accrued Expenses,250000 Accrued Expenses,,
618,Payroll Liabilities : Accrued Payroll,260500,28,WagWay Group : WagWay Group LLC : PUPS Holdings LLC : CHI-PUPS Intermediate Holdings LLC : PPC 211 N Harbor Drive LLC,,,Non-Current Liabilities,Other Liabilities,Payroll Liabilities,Accrued Payroll,260500 Payroll Liabilities : Accrued Payroll,
621,Payroll Liabilities : Accrued Bonuses,262000,28,WagWay Group : WagWay Group LLC : PUPS Holdings LLC : CHI-PUPS Intermediate Holdings LLC : PPC 211 N Harbor Drive LLC,,,Non-Current Liabilities,Other Liabilities,Payroll Liabilities,Accrued Bonuses,262000 Payroll Liabilities : Accrued Bonuses,
622,Payroll Liabilities : Accrued Payroll Taxes - Federal,262500,28,WagWay Group : WagWay Group LLC : PUPS Holdings LLC : CHI-PUPS Intermediate Holdings LLC : PPC 211 N Harbor Drive LLC,,,Non-Current Liabilities,Other Liabilities,Payroll Liabilities,Accrued Payroll Taxes - Federal,262500 Payroll Liabilities : Accrued Payroll Taxes - Federal,
629,Payroll Liabilities : Accrued 401k,266000,28,WagWay Group : WagWay Group LLC : PUPS Holdings LLC : CHI-PUPS Intermediate Holdings LLC : PPC 211 N Harbor Drive LLC,,,Non-Current Liabilities,Other Liabilities,Payroll Liabilities,Accrued 401k,266000 Payroll Liabilities : Accrued 401k,
630,Payroll Liabilities : Accrued Tips,266500,28,WagWay Group : WagWay Group LLC : PUPS Holdings LLC : CHI-PUPS Intermediate Holdings LLC : PPC 211 N Harbor Drive LLC,,,Non-Current Liabilities,Other Liabilities,Payroll Liabilities,Accrued Tips,266500 Payroll Liabilities : Accrued Tips,
718,Revenue : Service Revenue,410000,28,WagWay Group : WagWay Group LLC : PUPS Holdings LLC : CHI-PUPS Intermediate Holdings LLC : PPC 211 N Harbor Drive LLC,21,Transportation,Revenue,Pet Care,Service Revenue,410000 Revenue : Service Revenue,,
718,Revenue : Service Revenue,410000,28,WagWay Group : WagWay Group LLC : PUPS Holdings LLC : CHI-PUPS Intermediate Holdings LLC : PPC 211 N Harbor Drive LLC,,,Revenue,No Revenue Stream,Service Revenue,410000 Revenue : Service Revenue,,
718,Revenue : Service Revenue,410000,28,WagWay Group : WagWay Group LLC : PUPS Holdings LLC : CHI-PUPS Intermediate Holdings LLC : PPC 211 N Harbor Drive LLC,24,Training,Revenue,Training,Service Revenue,410000 Revenue : Service Revenue,,
718,Revenue : Service Revenue,410000,28,WagWay Group : WagWay Group LLC : PUPS Holdings LLC : CHI-PUPS Intermediate Holdings LLC : PPC 211 N Harbor Drive LLC,18,Daycare,Revenue,Pet Care : Daycare,Service Revenue,410000 Revenue : Service Revenue,,
718,Revenue : Service Revenue,410000,28,WagWay Group : WagWay Group LLC : PUPS Holdings LLC : CHI-PUPS Intermediate Holdings LLC : PPC 211 N Harbor Drive LLC,2,Memberships,Revenue,Memberships,Service Revenue,410000 Revenue : Service Revenue,,
718,Revenue : Service Revenue,410000,28,WagWay Group : WagWay Group LLC : PUPS Holdings LLC : CHI-PUPS Intermediate Holdings LLC : PPC 211 N Harbor Drive LLC,1,Grooming,Revenue,Grooming,Service Revenue,410000 Revenue : Service Revenue,,
718,Revenue : Service Revenue,410000,28,WagWay Group : WagWay Group LLC : PUPS Holdings LLC : CHI-PUPS Intermediate Holdings LLC : PPC 211 N Harbor Drive LLC,17,Boarding,Revenue,Pet Care,Service Revenue,410000 Revenue : Service Revenue,,
718,Revenue : Service Revenue,410000,28,WagWay Group : WagWay Group LLC : PUPS Holdings LLC : CHI-PUPS Intermediate Holdings LLC : PPC 211 N Harbor Drive LLC,20,Playcare,Revenue,Pet Care : Playcare,Service Revenue,410000 Revenue : Service Revenue,,
718,Revenue : Service Revenue,410000,28,WagWay Group : WagWay Group LLC : PUPS Holdings LLC : CHI-PUPS Intermediate Holdings LLC : PPC 211 N Harbor Drive LLC,19,Pet Sitting,Revenue,Pet Care,Service Revenue,410000 Revenue : Service Revenue,,
719,Revenue : Retail,420000,28,WagWay Group : WagWay Group LLC : PUPS Holdings LLC : CHI-PUPS Intermediate Holdings LLC : PPC 211 N Harbor Drive LLC,23,Retail,Revenue,Retail,Retail,420000 Revenue : Retail,,
720,Revenue : Expired Packages,430000,28,WagWay Group : WagWay Group LLC : PUPS Holdings LLC : CHI-PUPS Intermediate Holdings LLC : PPC 211 N Harbor Drive LLC,26,Other Revenue,Revenue,Other Revenue,Expired Packages,430000 Revenue : Expired Packages,,
720,Revenue : Expired Packages,430000,28,WagWay Group : WagWay Group LLC : PUPS Holdings LLC : CHI-PUPS Intermediate Holdings LLC : PPC 211 N Harbor Drive LLC,24,Training,Revenue,Training,Expired Packages,430000 Revenue : Expired Packages,,
720,Revenue : Expired Packages,430000,28,WagWay Group : WagWay Group LLC : PUPS Holdings LLC : CHI-PUPS Intermediate Holdings LLC : PPC 211 N Harbor Drive LLC,18,Daycare,Revenue,Pet Care : Daycare,Expired Packages,430000 Revenue : Expired Packages,,
721,Revenue : Other Revenue,440000,28,WagWay Group : WagWay Group LLC : PUPS Holdings LLC : CHI-PUPS Intermediate Holdings LLC : PPC 211 N Harbor Drive LLC,21,Transportation,Revenue,Pet Care,Other Revenue,440000 Revenue : Other Revenue,,
721,Revenue : Other Revenue,440000,28,WagWay Group : WagWay Group LLC : PUPS Holdings LLC : CHI-PUPS Intermediate Holdings LLC : PPC 211 N Harbor Drive LLC,26,Other Revenue,Revenue,Other Revenue,Other Revenue,440000 Revenue : Other Revenue,,
820,Operating Expenses : OPEX Wages : Regular Wages,610500,28,WagWay Group : WagWay Group LLC : PUPS Holdings LLC : CHI-PUPS Intermediate Holdings LLC : PPC 211 N Harbor Drive LLC,,,Operating Expenses,Ops Labour Expense,Regular Wages,610500 Operating Expenses : OPEX Wages : Regular Wages,,
825,Operating Expenses : OPEX Wages : Employer Taxes,613000,28,WagWay Group : WagWay Group LLC : PUPS Holdings LLC : CHI-PUPS Intermediate Holdings LLC : PPC 211 N Harbor Drive LLC,,,Operating Expenses,Ops Labour Expense,Employer Taxes,613000 Operating Expenses : OPEX Wages : Employer Taxes,,
826,Operating Expenses : OPEX Wages : Employer Medical/Dental/Vision,613500,28,WagWay Group : WagWay Group LLC : PUPS Holdings LLC : CHI-PUPS Intermediate Holdings LLC : PPC 211 N Harbor Drive LLC,,,Operating Expenses,Ops Labour Expense,Employer Medical/Dental/Vision,613500 Operating Expenses : OPEX Wages : Employer Medical/Dental/Vision,,
830,Operating Expenses : OPEX Wages : Employer 401k,615500,28,WagWay Group : WagWay Group LLC : PUPS Holdings LLC : CHI-PUPS Intermediate Holdings LLC : PPC 211 N Harbor Drive LLC,,,Operating Expenses,Ops Labour Expense,Employer 401k,615500 Operating Expenses : OPEX Wages : Employer 401k,,
832,Operating Expenses : Facility Expense : Rent,620500,28,WagWay Group : WagWay Group LLC : PUPS Holdings LLC : CHI-PUPS Intermediate Holdings LLC : PPC 211 N Harbor Drive LLC,,,Operating Expenses,Facility Expense,Rent,620500 Operating Expenses : Facility Expense : Rent,,
835,Operating Expenses : Facility Expense : Water,622000,28,WagWay Group : WagWay Group LLC : PUPS Holdings LLC : CHI-PUPS Intermediate Holdings LLC : PPC 211 N Harbor Drive LLC,,,Operating Expenses,Facility Expense,Water,622000 Operating Expenses : Facility Expense : Water,,
837,Operating Expenses : Facility Expense : Phone,623000,28,WagWay Group : WagWay Group LLC : PUPS Holdings LLC : CHI-PUPS Intermediate Holdings LLC : PPC 211 N Harbor Drive LLC,,,Operating Expenses,Facility Expense,Phone,623000 Operating Expenses : Facility Expense : Phone,,
854,General and Admin : Travel : Lodging,721000,28,WagWay Group : WagWay Group LLC : PUPS Holdings LLC : CHI-PUPS Intermediate Holdings LLC : PPC 211 N Harbor Drive LLC,,,Operating Expenses,Operations Expense,General and Admin,Travel,Lodging,721000 General and Admin : Travel : Lodging
855,General and Admin : Travel : Meals,721500,28,WagWay Group : WagWay Group LLC : PUPS Holdings LLC : CHI-PUPS Intermediate Holdings LLC : PPC 211 N Harbor Drive LLC,,,Operating Expenses,Operations Expense,General and Admin,Travel,Meals,721500 General and Admin : Travel : Meals
856,General and Admin : Travel : Entertainment,722000,28,WagWay Group : WagWay Group LLC : PUPS Holdings LLC : CHI-PUPS Intermediate Holdings LLC : PPC 211 N Harbor Drive LLC,,,Operating Expenses,Operations Expense,General and Admin,Travel,Entertainment,722000 General and Admin : Travel : Entertainment
857,General and Admin : Systems,730000,28,WagWay Group : WagWay Group LLC : PUPS Holdings LLC : CHI-PUPS Intermediate Holdings LLC : PPC 211 N Harbor Drive LLC,,,Operating Expenses,Operations Expense,General and Admin,Systems,730000 General and Admin : Systems,
920,General and Admin : Marketing : Other Marketing,751000,28,WagWay Group : WagWay Group LLC : PUPS Holdings LLC : CHI-PUPS Intermediate Holdings LLC : PPC 211 N Harbor Drive LLC,,,Operating Expenses,Operations Expense,General and Admin,Marketing,Other Marketing,751000 General and Admin : Marketing : Other Marketing
1018,Operating Expenses : Facility Expense : Repair and Maintenance,623500,28,WagWay Group : WagWay Group LLC : PUPS Holdings LLC : CHI-PUPS Intermediate Holdings LLC : PPC 211 N Harbor Drive LLC,,,Operating Expenses,Facility Expense,Repair and Maintenance,623500 Operating Expenses : Facility Expense : Repair and Maintenance,,
1021,Operating Expenses : Other Operating Expense : Fuel,631500,28,WagWay Group : WagWay Group LLC : PUPS Holdings LLC : CHI-PUPS Intermediate Holdings LLC : PPC 211 N Harbor Drive LLC,,,Operating Expenses,Other Operating Expense,Fuel,631500 Operating Expenses : Other Operating Expense : Fuel,,
1023,General and Admin : Marketing : Brand Materials,750500,28,WagWay Group : WagWay Group LLC : PUPS Holdings LLC : CHI-PUPS Intermediate Holdings LLC : PPC 211 N Harbor Drive LLC,,,Operating Expenses,Operations Expense,General and Admin,Marketing,Brand Materials,750500 General and Admin : Marketing : Brand Materials
1026,General and Admin : Advertising : Other Advertising,761000,28,WagWay Group : WagWay Group LLC : PUPS Holdings LLC : CHI-PUPS Intermediate Holdings LLC : PPC 211 N Harbor Drive LLC,,,Operating Expenses,Operations Expense,General and Admin,Advertising,Other Advertising,761000 General and Admin : Advertising : Other Advertising
1027,General and Admin : Professional Services : Legal,770500,28,WagWay Group : WagWay Group LLC : PUPS Holdings LLC : CHI-PUPS Intermediate Holdings LLC : PPC 211 N Harbor Drive LLC,,,Operating Expenses,Professional Fees,General and Admin,Legal,770500 General and Admin : Professional Services : Legal,
1028,General and Admin : Professional Services : IT,771000,28,WagWay Group : WagWay Group LLC : PUPS Holdings LLC : CHI-PUPS Intermediate Holdings LLC : PPC 211 N Harbor Drive LLC,,,Operating Expenses,Professional Fees,General and Admin,IT,771000 General and Admin : Professional Services : IT,
1030,General and Admin : Professional Services : Recruiting,772000,28,WagWay Group : WagWay Group LLC : PUPS Holdings LLC : CHI-PUPS Intermediate Holdings LLC : PPC 211 N Harbor Drive LLC,,,Operating Expenses,Professional Fees,General and Admin,Recruiting,772000 General and Admin : Professional Services : Recruiting,
1031,General and Admin : Professional Services : Employee Training and Development,772500,28,WagWay Group : WagWay Group LLC : PUPS Holdings LLC : CHI-PUPS Intermediate Holdings LLC : PPC 211 N Harbor Drive LLC,,,Operating Expenses,Professional Fees,General and Admin,Employee Training and Development,772500 General and Admin : Professional Services : Employee Training and Development,
1032,General and Admin : Professional Services : Other Professional Services,773000,28,WagWay Group : WagWay Group LLC : PUPS Holdings LLC : CHI-PUPS Intermediate Holdings LLC : PPC 211 N Harbor Drive LLC,,,Operating Expenses,Professional Fees,General and Admin,Other Professional Services,773000 General and Admin : Professional Services : Other Professional Services,
1033,General and Admin : Other G&A Expenses : Bank Fees and Charges,780500,28,WagWay Group : WagWay Group LLC : PUPS Holdings LLC : CHI-PUPS Intermediate Holdings LLC : PPC 211 N Harbor Drive LLC,,,Operating Expenses,Operations Expense,General and Admin,Other G&A Expenses,Bank Fees and Charges,780500 General and Admin : Other G&A Expenses : Bank Fees and Charges
1035,General and Admin : Other G&A Expenses : Dues and Subscriptions,781500,28,WagWay Group : WagWay Group LLC : PUPS Holdings LLC : CHI-PUPS Intermediate Holdings LLC : PPC 211 N Harbor Drive LLC,,,Operating Expenses,Operations Expense,General and Admin,Other G&A Expenses,Dues and Subscriptions,781500 General and Admin : Other G&A Expenses : Dues and Subscriptions
1037,General and Admin : Other G&A Expenses : Taxes and Licenses,782500,28,WagWay Group : WagWay Group LLC : PUPS Holdings LLC : CHI-PUPS Intermediate Holdings LLC : PPC 211 N Harbor Drive LLC,,,Operating Expenses,Operations Expense,General and Admin,Other G&A Expenses,Taxes and Licenses,782500 General and Admin : Other G&A Expenses : Taxes and Licenses
1038,Other Expense : Depreciation : Depreciation -Equipment,852010,28,WagWay Group : WagWay Group LLC : PUPS Holdings LLC : CHI-PUPS Intermediate Holdings LLC : PPC 211 N Harbor Drive LLC,,,Other (Income) / Expense,Other Expenses,Other Expense,Depreciation,Depreciation -Equipment,852010 Other Expense : Depreciation : Depreciation -Equipment
1039,Other Expense : Depreciation : Depreciation - Furniture & Fixtures,852020,28,WagWay Group : WagWay Group LLC : PUPS Holdings LLC : CHI-PUPS Intermediate Holdings LLC : PPC 211 N Harbor Drive LLC,,,Other (Income) / Expense,Other Expenses,Other Expense,Depreciation,Depreciation - Furniture & Fixtures,852020 Other Expense : Depreciation : Depreciation - Furniture & Fixtures
1040,Other Expense : Depreciation : Depreciation - Leasehold Improvements,852030,28,WagWay Group : WagWay Group LLC : PUPS Holdings LLC : CHI-PUPS Intermediate Holdings LLC : PPC 211 N Harbor Drive LLC,,,Other (Income) / Expense,Other Expenses,Other Expense,Depreciation,Depreciation - Leasehold Improvements,852030 Other Expense : Depreciation : Depreciation - Leasehold Improvements
1041,Other Expense : Depreciation : Depreciation - Software,852040,28,WagWay Group : WagWay Group LLC : PUPS Holdings LLC : CHI-PUPS Intermediate Holdings LLC : PPC 211 N Harbor Drive LLC,,,Other (Income) / Expense,Other Expenses,Other Expense,Depreciation,Depreciation - Software,852040 Other Expense : Depreciation : Depreciation - Software
1165,Cash : Collections : PPC 211 N Harbor Drive LLC,100509,28,WagWay Group : WagWay Group LLC : PUPS Holdings LLC : CHI-PUPS Intermediate Holdings LLC : PPC 211 N Harbor Drive LLC,,,Current Assets,Cash,Collections,PPC 211 N Harbor Drive LLC,100509 Cash : Collections : PPC 211 N Harbor Drive LLC,100509 Cash : Collections : PPC 211 N Harbor Drive LLC
1253,Revenue : Sales Discounts,460000,28,WagWay Group : WagWay Group LLC : PUPS Holdings LLC : CHI-PUPS Intermediate Holdings LLC : PPC 211 N Harbor Drive LLC,1,Grooming,Revenue,Grooming,Sales Discounts,460000 Revenue : Sales Discounts,,
1253,Revenue : Sales Discounts,460000,28,WagWay Group : WagWay Group LLC : PUPS Holdings LLC : CHI-PUPS Intermediate Holdings LLC : PPC 211 N Harbor Drive LLC,17,Boarding,Revenue,Pet Care,Sales Discounts,460000 Revenue : Sales Discounts,,
1253,Revenue : Sales Discounts,460000,28,WagWay Group : WagWay Group LLC : PUPS Holdings LLC : CHI-PUPS Intermediate Holdings LLC : PPC 211 N Harbor Drive LLC,26,Other Revenue,Revenue,Other Revenue,Sales Discounts,460000 Revenue : Sales Discounts,,
1253,Revenue : Sales Discounts,460000,28,WagWay Group : WagWay Group LLC : PUPS Holdings LLC : CHI-PUPS Intermediate Holdings LLC : PPC 211 N Harbor Drive LLC,18,Daycare,Revenue,Pet Care : Daycare,Sales Discounts,460000 Revenue : Sales Discounts,,
1253,Revenue : Sales Discounts,460000,28,WagWay Group : WagWay Group LLC : PUPS Holdings LLC : CHI-PUPS Intermediate Holdings LLC : PPC 211 N Harbor Drive LLC,23,Retail,Revenue,Retail,Sales Discounts,460000 Revenue : Sales Discounts,,
1258,Other Long term Assets : ASC 842 - ROU Asset Account,171000,28,WagWay Group : WagWay Group LLC : PUPS Holdings LLC : CHI-PUPS Intermediate Holdings LLC : PPC 211 N Harbor Drive LLC,,,Non-Current Assets,Other Assets,Other Long term Assets,ASC 842 - ROU Asset Account,171000 Other Long term Assets : ASC 842 - ROU Asset Account,
1259,Accounts Payable : Accounts Payable Trade,200250,28,WagWay Group : WagWay Group LLC : PUPS Holdings LLC : CHI-PUPS Intermediate Holdings LLC : PPC 211 N Harbor Drive LLC,,,Current Liabilities,Accounts Payable,Accounts Payable Trade,200250 Accounts Payable : Accounts Payable Trade,,
1353,Accounts Receivable : Accounts Receivable Trade,110250,28,WagWay Group : WagWay Group LLC : PUPS Holdings LLC : CHI-PUPS Intermediate Holdings LLC : PPC 211 N Harbor Drive LLC,1,Grooming,Current Assets,Accounts Receivable,Accounts Receivable,Accounts Receivable Trade,110250 Accounts Receivable : Accounts Receivable Trade,
1353,Accounts Receivable : Accounts Receivable Trade,110250,28,WagWay Group : WagWay Group LLC : PUPS Holdings LLC : CHI-PUPS Intermediate Holdings LLC : PPC 211 N Harbor Drive LLC,18,Daycare,Current Assets,Accounts Receivable,Accounts Receivable,Accounts Receivable Trade,110250 Accounts Receivable : Accounts Receivable Trade,
1353,Accounts Receivable : Accounts Receivable Trade,110250,28,WagWay Group : WagWay Group LLC : PUPS Holdings LLC : CHI-PUPS Intermediate Holdings LLC : PPC 211 N Harbor Drive LLC,24,Training,Current Assets,Accounts Receivable,Accounts Receivable,Accounts Receivable Trade,110250 Accounts Receivable : Accounts Receivable Trade,
1353,Accounts Receivable : Accounts Receivable Trade,110250,28,WagWay Group : WagWay Group LLC : PUPS Holdings LLC : CHI-PUPS Intermediate Holdings LLC : PPC 211 N Harbor Drive LLC,,,Current Assets,Accounts Receivable,Accounts Receivable,Accounts Receivable Trade,110250 Accounts Receivable : Accounts Receivable Trade,
1353,Accounts Receivable : Accounts Receivable Trade,110250,28,WagWay Group : WagWay Group LLC : PUPS Holdings LLC : CHI-PUPS Intermediate Holdings LLC : PPC 211 N Harbor Drive LLC,19,Pet Sitting,Current Assets,Accounts Receivable,Accounts Receivable,Accounts Receivable Trade,110250 Accounts Receivable : Accounts Receivable Trade,
1369,Other Long term Assets : ASC 842 - ROU Accumulated Amortization Acccount,171500,28,WagWay Group : WagWay Group LLC : PUPS Holdings LLC : CHI-PUPS Intermediate Holdings LLC : PPC 211 N Harbor Drive LLC,,,Non-Current Assets,Other Assets,Other Long term Assets,ASC 842 - ROU Accumulated Amortization Acccount,171500 Other Long term Assets : ASC 842 - ROU Accumulated Amortization Acccount,
1372,Other Current Liabilities : ASC 842 - Lease Payable Clearing Account,220500,28,WagWay Group : WagWay Group LLC : PUPS Holdings LLC : CHI-PUPS Intermediate Holdings LLC : PPC 211 N Harbor Drive LLC,,,Current Liabilities,Other Current Liabilities,ASC 842 - Lease Payable Clearing Account,220500 Other Current Liabilities : ASC 842 - Lease Payable Clearing Account,,
1373,Other Current Liabilities : ASC 842 - Lease Liability Short-Term Account,221000,28,WagWay Group : WagWay Group LLC : PUPS Holdings LLC : CHI-PUPS Intermediate Holdings LLC : PPC 211 N Harbor Drive LLC,,,Current Liabilities,Other Current Liabilities,ASC 842 - Lease Liability Short-Term Account,221000 Other Current Liabilities : ASC 842 - Lease Liability Short-Term Account,,
1381,Other Long term Liabilities : ASC 842 - Lease Liability Long-Term Account,290250,28,WagWay Group : WagWay Group LLC : PUPS Holdings LLC : CHI-PUPS Intermediate Holdings LLC : PPC 211 N Harbor Drive LLC,,,Non-Current Liabilities,Long Term Liabilities,Other Long term Liabilities,ASC 842 - Lease Liability Long-Term Account,290250 Other Long term Liabilities : ASC 842 - Lease Liability Long-Term Account,
1382,Other Long term Liabilities : ASC 842 - Lease Liability Long-Term Contra Account ST Reclas,290500,28,WagWay Group : WagWay Group LLC : PUPS Holdings LLC : CHI-PUPS Intermediate Holdings LLC : PPC 211 N Harbor Drive LLC,,,Non-Current Liabilities,Long Term Liabilities,Other Long term Liabilities,ASC 842 - Lease Liability Long-Term Contra Account ST Reclas,290500 Other Long term Liabilities : ASC 842 - Lease Liability Long-Term Contra Account ST Reclas,
1397,Intercompany AR_x,111000,28,WagWay Group : WagWay Group LLC : PUPS Holdings LLC : CHI-PUPS Intermediate Holdings LLC : PPC 211 N Harbor Drive LLC,,,Current Assets,Other Current Assets,Intercompany AR_x,111000 Intercompany AR_x,,
1398,Intercompany AP_x,200500,28,WagWay Group : WagWay Group LLC : PUPS Holdings LLC : CHI-PUPS Intermediate Holdings LLC : PPC 211 N Harbor Drive LLC,,,Non-Current Liabilities,Other Liabilities,Intercompany AP_x,200500 Intercompany AP_x,,
1398,Intercompany AP_x,200500,28,WagWay Group : WagWay Group LLC : PUPS Holdings LLC : CHI-PUPS Intermediate Holdings LLC : PPC 211 N Harbor Drive LLC,1,Grooming,Non-Current Liabilities,Other Liabilities,Intercompany AP_x,200500 Intercompany AP_x,,
1398,Intercompany AP_x,200500,28,WagWay Group : WagWay Group LLC : PUPS Holdings LLC : CHI-PUPS Intermediate Holdings LLC : PPC 211 N Harbor Drive LLC,16,Pet Care,Non-Current Liabilities,Other Liabilities,Intercompany AP_x,200500 Intercompany AP_x,,
1398,Intercompany AP_x,200500,28,WagWay Group : WagWay Group LLC : PUPS Holdings LLC : CHI-PUPS Intermediate Holdings LLC : PPC 211 N Harbor Drive LLC,20,Playcare,Non-Current Liabilities,Other Liabilities,Intercompany AP_x,200500 Intercompany AP_x,,
1399,General and Admin : Travel : Vehicle/Toll/Parking,721750,28,WagWay Group : WagWay Group LLC : PUPS Holdings LLC : CHI-PUPS Intermediate Holdings LLC : PPC 211 N Harbor Drive LLC,,,Operating Expenses,Operations Expense,General and Admin,Travel,Vehicle/Toll/Parking,721750 General and Admin : Travel : Vehicle/Toll/Parking
1499,General and Admin : Other G&A Expenses : Office Supplies,783000,28,WagWay Group : WagWay Group LLC : PUPS Holdings LLC : CHI-PUPS Intermediate Holdings LLC : PPC 211 N Harbor Drive LLC,,,Operating Expenses,Operations Expense,General and Admin,Other G&A Expenses,Office Supplies,783000 General and Admin : Other G&A Expenses : Office Supplies
1605,Ramp Card - PPC 211 N Harbor Drive LLC,Ramp Card - PPC 211 N Harbor Drive LLC,28,WagWay Group : WagWay Group LLC : PUPS Holdings LLC : CHI-PUPS Intermediate Holdings LLC : PPC 211 N Harbor Drive LLC,,,Current Liabilities,Credit Card,Ramp Card,PPC 211 N Harbor Drive LLC,Ramp Card - PPC 211 N Harbor Drive LLC Ramp Card - PPC 211 N Harbor Drive LLC,
2003,Intercompany AP - RAMP,200501,28,WagWay Group : WagWay Group LLC : PUPS Holdings LLC : CHI-PUPS Intermediate Holdings LLC : PPC 211 N Harbor Drive LLC,,,Current Liabilities,Accounts Payable,Intercompany AP,RAMP,200501 Intercompany AP - RAMP,
2012,Cash : Collections : PPC 211 N Harbor Drive LLC : 211 N Harbor Drive Clearing Account,100509.1,28,WagWay Group : WagWay Group LLC : PUPS Holdings LLC : CHI-PUPS Intermediate Holdings LLC : PPC 211 N Harbor Drive LLC,,,Current Assets,Cash,Collections,PPC 211 N Harbor Drive LLC,211 N Harbor Drive Clearing Account,
,,,28,WagWay Group : WagWay Group LLC : PUPS Holdings LLC : CHI-PUPS Intermediate Holdings LLC : PPC 211 N Harbor Drive LLC,,,,,,,,
52,Equity : Retained Earnings,310000,29,WagWay Group : WagWay Group LLC : PUPS Holdings LLC : PUPS Intermediate Holdings LLC : PPC 302 Livingston Street LLC,,,Equity,Equity,Retained Earnings,310000 Equity : Retained Earnings,,
221,COGS : COGS Wages : Regular Wages,510500,29,WagWay Group : WagWay Group LLC : PUPS Holdings LLC : PUPS Intermediate Holdings LLC : PPC 302 Livingston Street LLC,,,COGS,No Revenue Stream,COGS Wages,Regular Wages,510500 COGS : COGS Wages : Regular Wages,
221,COGS : COGS Wages : Regular Wages,510500,29,WagWay Group : WagWay Group LLC : PUPS Holdings LLC : PUPS Intermediate Holdings LLC : PPC 302 Livingston Street LLC,24,Training,COGS,Training,COGS Wages,Regular Wages,510500 COGS : COGS Wages : Regular Wages,
221,COGS : COGS Wages : Regular Wages,510500,29,WagWay Group : WagWay Group LLC : PUPS Holdings LLC : PUPS Intermediate Holdings LLC : PPC 302 Livingston Street LLC,1,Grooming,COGS,Grooming,COGS Wages,Regular Wages,510500 COGS : COGS Wages : Regular Wages,
221,COGS : COGS Wages : Regular Wages,510500,29,WagWay Group : WagWay Group LLC : PUPS Holdings LLC : PUPS Intermediate Holdings LLC : PPC 302 Livingston Street LLC,16,Pet Care,COGS,Pet Care,COGS Wages,Regular Wages,510500 COGS : COGS Wages : Regular Wages,
226,COGS : COGS Wages : Employer Taxes,513000,29,WagWay Group : WagWay Group LLC : PUPS Holdings LLC : PUPS Intermediate Holdings LLC : PPC 302 Livingston Street LLC,,,COGS,No Revenue Stream,COGS Wages,Employer Taxes,513000 COGS : COGS Wages : Employer Taxes,
226,COGS : COGS Wages : Employer Taxes,513000,29,WagWay Group : WagWay Group LLC : PUPS Holdings LLC : PUPS Intermediate Holdings LLC : PPC 302 Livingston Street LLC,1,Grooming,COGS,Grooming,COGS Wages,Employer Taxes,513000 COGS : COGS Wages : Employer Taxes,
226,COGS : COGS Wages : Employer Taxes,513000,29,WagWay Group : WagWay Group LLC : PUPS Holdings LLC : PUPS Intermediate Holdings LLC : PPC 302 Livingston Street LLC,16,Pet Care,COGS,Pet Care,COGS Wages,Employer Taxes,513000 COGS : COGS Wages : Employer Taxes,
226,COGS : COGS Wages : Employer Taxes,513000,29,WagWay Group : WagWay Group LLC : PUPS Holdings LLC : PUPS Intermediate Holdings LLC : PPC 302 Livingston Street LLC,24,Training,COGS,Training,COGS Wages,Employer Taxes,513000 COGS : COGS Wages : Employer Taxes,
227,COGS : COGS Wages : Employer Medical/Dental/Vision,513500,29,WagWay Group : WagWay Group LLC : PUPS Holdings LLC : PUPS Intermediate Holdings LLC : PPC 302 Livingston Street LLC,,,COGS,No Revenue Stream,COGS Wages,Employer Medical/Dental/Vision,513500 COGS : COGS Wages : Employer Medical/Dental/Vision,
227,COGS : COGS Wages : Employer Medical/Dental/Vision,513500,29,WagWay Group : WagWay Group LLC : PUPS Holdings LLC : PUPS Intermediate Holdings LLC : PPC 302 Livingston Street LLC,16,Pet Care,COGS,Pet Care,COGS Wages,Employer Medical/Dental/Vision,513500 COGS : COGS Wages : Employer Medical/Dental/Vision,
227,COGS : COGS Wages : Employer Medical/Dental/Vision,513500,29,WagWay Group : WagWay Group LLC : PUPS Holdings LLC : PUPS Intermediate Holdings LLC : PPC 302 Livingston Street LLC,24,Training,COGS,Training,COGS Wages,Employer Medical/Dental/Vision,513500 COGS : COGS Wages : Employer Medical/Dental/Vision,
227,COGS : COGS Wages : Employer Medical/Dental/Vision,513500,29,WagWay Group : WagWay Group LLC : PUPS Holdings LLC : PUPS Intermediate Holdings LLC : PPC 302 Livingston Street LLC,1,Grooming,COGS,Grooming,COGS Wages,Employer Medical/Dental/Vision,513500 COGS : COGS Wages : Employer Medical/Dental/Vision,
231,COGS : COGS Wages : Employer 401k,515500,29,WagWay Group : WagWay Group LLC : PUPS Holdings LLC : PUPS Intermediate Holdings LLC : PPC 302 Livingston Street LLC,16,Pet Care,COGS,Pet Care,COGS Wages,Employer 401k,515500 COGS : COGS Wages : Employer 401k,
231,COGS : COGS Wages : Employer 401k,515500,29,WagWay Group : WagWay Group LLC : PUPS Holdings LLC : PUPS Intermediate Holdings LLC : PPC 302 Livingston Street LLC,24,Training,COGS,Training,COGS Wages,Employer 401k,515500 COGS : COGS Wages : Employer 401k,
231,COGS : COGS Wages : Employer 401k,515500,29,WagWay Group : WagWay Group LLC : PUPS Holdings LLC : PUPS Intermediate Holdings LLC : PPC 302 Livingston Street LLC,,,COGS,No Revenue Stream,COGS Wages,Employer 401k,515500 COGS : COGS Wages : Employer 401k,
231,COGS : COGS Wages : Employer 401k,515500,29,WagWay Group : WagWay Group LLC : PUPS Holdings LLC : PUPS Intermediate Holdings LLC : PPC 302 Livingston Street LLC,1,Grooming,COGS,Grooming,COGS Wages,Employer 401k,515500 COGS : COGS Wages : Employer 401k,
233,COGS : COGS Consumables : Grooming Supplies,520500,29,WagWay Group : WagWay Group LLC : PUPS Holdings LLC : PUPS Intermediate Holdings LLC : PPC 302 Livingston Street LLC,,,COGS,No Revenue Stream,COGS Consumables,Grooming Supplies,520500 COGS : COGS Consumables : Grooming Supplies,
233,COGS : COGS Consumables : Grooming Supplies,520500,29,WagWay Group : WagWay Group LLC : PUPS Holdings LLC : PUPS Intermediate Holdings LLC : PPC 302 Livingston Street LLC,1,Grooming,COGS,Grooming,COGS Consumables,Grooming Supplies,520500 COGS : COGS Consumables : Grooming Supplies,
235,COGS : COGS Consumables : Other Supplies,521500,29,WagWay Group : WagWay Group LLC : PUPS Holdings LLC : PUPS Intermediate Holdings LLC : PPC 302 Livingston Street LLC,,,COGS,No Revenue Stream,COGS Consumables,Other Supplies,521500 COGS : COGS Consumables : Other Supplies,
235,COGS : COGS Consumables : Other Supplies,521500,29,WagWay Group : WagWay Group LLC : PUPS Holdings LLC : PUPS Intermediate Holdings LLC : PPC 302 Livingston Street LLC,20,Playcare,COGS,Pet Care : Playcare,COGS Consumables,Other Supplies,521500 COGS : COGS Consumables : Other Supplies,
235,COGS : COGS Consumables : Other Supplies,521500,29,WagWay Group : WagWay Group LLC : PUPS Holdings LLC : PUPS Intermediate Holdings LLC : PPC 302 Livingston Street LLC,16,Pet Care,COGS,Pet Care,COGS Consumables,Other Supplies,521500 COGS : COGS Consumables : Other Supplies,
235,COGS : COGS Consumables : Other Supplies,521500,29,WagWay Group : WagWay Group LLC : PUPS Holdings LLC : PUPS Intermediate Holdings LLC : PPC 302 Livingston Street LLC,1,Grooming,COGS,Grooming,COGS Consumables,Other Supplies,521500 COGS : COGS Consumables : Other Supplies,
240,Fixed Assets : Construction in Progress,150500,29,WagWay Group : WagWay Group LLC : PUPS Holdings LLC : PUPS Intermediate Holdings LLC : PPC 302 Livingston Street LLC,,,Non-Current Assets,Fixed Assets,Construction in Progress,150500 Fixed Assets : Construction in Progress,,
241,Fixed Assets : Equipment,151000,29,WagWay Group : WagWay Group LLC : PUPS Holdings LLC : PUPS Intermediate Holdings LLC : PPC 302 Livingston Street LLC,,,Non-Current Assets,Fixed Assets,Equipment,151000 Fixed Assets : Equipment,,
242,Fixed Assets : Furniture & Fixtures,151500,29,WagWay Group : WagWay Group LLC : PUPS Holdings LLC : PUPS Intermediate Holdings LLC : PPC 302 Livingston Street LLC,,,Non-Current Assets,Fixed Assets,Furniture & Fixtures,151500 Fixed Assets : Furniture & Fixtures,,
243,Fixed Assets : Leasehold Improvements,152000,29,WagWay Group : WagWay Group LLC : PUPS Holdings LLC : PUPS Intermediate Holdings LLC : PPC 302 Livingston Street LLC,,,Non-Current Assets,Fixed Assets,Leasehold Improvements,152000 Fixed Assets : Leasehold Improvements,,
244,Fixed Assets : Software,152500,29,WagWay Group : WagWay Group LLC : PUPS Holdings LLC : PUPS Intermediate Holdings LLC : PPC 302 Livingston Street LLC,,,Non-Current Assets,Fixed Assets,Software,152500 Fixed Assets : Software,,
246,Fixed Assets : Accumulated Depreciation - Equipment,153500,29,WagWay Group : WagWay Group LLC : PUPS Holdings LLC : PUPS Intermediate Holdings LLC : PPC 302 Livingston Street LLC,,,Non-Current Assets,Fixed Assets,Accumulated Depreciation - Equipment,153500 Fixed Assets : Accumulated Depreciation - Equipment,,
247,Fixed Assets : Accumulated Depreciation - Furniture & Fixtures,154000,29,WagWay Group : WagWay Group LLC : PUPS Holdings LLC : PUPS Intermediate Holdings LLC : PPC 302 Livingston Street LLC,,,Non-Current Assets,Fixed Assets,Accumulated Depreciation - Furniture & Fixtures,154000 Fixed Assets : Accumulated Depreciation - Furniture & Fixtures,,
248,Fixed Assets : Accumulated Depreciation - Leasehold Improvements,154500,29,WagWay Group : WagWay Group LLC : PUPS Holdings LLC : PUPS Intermediate Holdings LLC : PPC 302 Livingston Street LLC,,,Non-Current Assets,Fixed Assets,Accumulated Depreciation - Leasehold Improvements,154500 Fixed Assets : Accumulated Depreciation - Leasehold Improvements,,
250,Fixed Assets : Accumulated Depreciation - Vehicles,155500,29,WagWay Group : WagWay Group LLC : PUPS Holdings LLC : PUPS Intermediate Holdings LLC : PPC 302 Livingston Street LLC,,,Non-Current Assets,Fixed Assets,Accumulated Depreciation - Vehicles,155500 Fixed Assets : Accumulated Depreciation - Vehicles,,
423,Prepaid Expenses : Prepaid Other,132000,29,WagWay Group : WagWay Group LLC : PUPS Holdings LLC : PUPS Intermediate Holdings LLC : PPC 302 Livingston Street LLC,,,Current Assets,Other Current Assets,Prepaid Expenses,Prepaid Other,132000 Prepaid Expenses : Prepaid Other,132000 Prepaid Expenses : Prepaid Other
424,Other Current Assets,140000,29,WagWay Group : WagWay Group LLC : PUPS Holdings LLC : PUPS Intermediate Holdings LLC : PPC 302 Livingston Street LLC,,,Current Assets,Other Current Assets,Other Current Assets,140000 Other Current Assets,,
429,Intangibles : Accumulated Amortization - Goodwill,162000,29,WagWay Group : WagWay Group LLC : PUPS Holdings LLC : PUPS Intermediate Holdings LLC : PPC 302 Livingston Street LLC,,,Non-Current Assets,Other Assets,Intangibles,Accumulated Amortization - Goodwill,162000 Intangibles : Accumulated Amortization - Goodwill,
433,Other Long term Assets : Security Deposits,170500,29,WagWay Group : WagWay Group LLC : PUPS Holdings LLC : PUPS Intermediate Holdings LLC : PPC 302 Livingston Street LLC,,,Non-Current Assets,Other Assets,Other Long term Assets,Security Deposits,170500 Other Long term Assets : Security Deposits,
437,Deferred Revenue : Memberships,231000,29,WagWay Group : WagWay Group LLC : PUPS Holdings LLC : PUPS Intermediate Holdings LLC : PPC 302 Livingston Street LLC,,,Non-Current Liabilities,Other Liabilities,Deferred Revenue,Memberships,231000 Deferred Revenue : Memberships,
437,Deferred Revenue : Memberships,231000,29,WagWay Group : WagWay Group LLC : PUPS Holdings LLC : PUPS Intermediate Holdings LLC : PPC 302 Livingston Street LLC,2,Memberships,Non-Current Liabilities,Other Liabilities,Deferred Revenue,Memberships,231000 Deferred Revenue : Memberships,
438,Deferred Revenue : Packages,231500,29,WagWay Group : WagWay Group LLC : PUPS Holdings LLC : PUPS Intermediate Holdings LLC : PPC 302 Livingston Street LLC,18,Daycare,Non-Current Liabilities,Other Liabilities,Deferred Revenue,Packages,231500 Deferred Revenue : Packages,
438,Deferred Revenue : Packages,231500,29,WagWay Group : WagWay Group LLC : PUPS Holdings LLC : PUPS Intermediate Holdings LLC : PPC 302 Livingston Street LLC,,,Non-Current Liabilities,Other Liabilities,Deferred Revenue,Packages,231500 Deferred Revenue : Packages,
438,Deferred Revenue : Packages,231500,29,WagWay Group : WagWay Group LLC : PUPS Holdings LLC : PUPS Intermediate Holdings LLC : PPC 302 Livingston Street LLC,24,Training,Non-Current Liabilities,Other Liabilities,Deferred Revenue,Packages,231500 Deferred Revenue : Packages,
440,Accrued Expenses,250000,29,WagWay Group : WagWay Group LLC : PUPS Holdings LLC : PUPS Intermediate Holdings LLC : PPC 302 Livingston Street LLC,,,Non-Current Liabilities,Other Liabilities,Accrued Expenses,250000 Accrued Expenses,,
618,Payroll Liabilities : Accrued Payroll,260500,29,WagWay Group : WagWay Group LLC : PUPS Holdings LLC : PUPS Intermediate Holdings LLC : PPC 302 Livingston Street LLC,,,Non-Current Liabilities,Other Liabilities,Payroll Liabilities,Accrued Payroll,260500 Payroll Liabilities : Accrued Payroll,
621,Payroll Liabilities : Accrued Bonuses,262000,29,WagWay Group : WagWay Group LLC : PUPS Holdings LLC : PUPS Intermediate Holdings LLC : PPC 302 Livingston Street LLC,,,Non-Current Liabilities,Other Liabilities,Payroll Liabilities,Accrued Bonuses,262000 Payroll Liabilities : Accrued Bonuses,
622,Payroll Liabilities : Accrued Payroll Taxes - Federal,262500,29,WagWay Group : WagWay Group LLC : PUPS Holdings LLC : PUPS Intermediate Holdings LLC : PPC 302 Livingston Street LLC,,,Non-Current Liabilities,Other Liabilities,Payroll Liabilities,Accrued Payroll Taxes - Federal,262500 Payroll Liabilities : Accrued Payroll Taxes - Federal,
629,Payroll Liabilities : Accrued 401k,266000,29,WagWay Group : WagWay Group LLC : PUPS Holdings LLC : PUPS Intermediate Holdings LLC : PPC 302 Livingston Street LLC,,,Non-Current Liabilities,Other Liabilities,Payroll Liabilities,Accrued 401k,266000 Payroll Liabilities : Accrued 401k,
630,Payroll Liabilities : Accrued Tips,266500,29,WagWay Group : WagWay Group LLC : PUPS Holdings LLC : PUPS Intermediate Holdings LLC : PPC 302 Livingston Street LLC,,,Non-Current Liabilities,Other Liabilities,Payroll Liabilities,Accrued Tips,266500 Payroll Liabilities : Accrued Tips,
718,Revenue : Service Revenue,410000,29,WagWay Group : WagWay Group LLC : PUPS Holdings LLC : PUPS Intermediate Holdings LLC : PPC 302 Livingston Street LLC,21,Transportation,Revenue,Pet Care,Service Revenue,410000 Revenue : Service Revenue,,
718,Revenue : Service Revenue,410000,29,WagWay Group : WagWay Group LLC : PUPS Holdings LLC : PUPS Intermediate Holdings LLC : PPC 302 Livingston Street LLC,20,Playcare,Revenue,Pet Care : Playcare,Service Revenue,410000 Revenue : Service Revenue,,
718,Revenue : Service Revenue,410000,29,WagWay Group : WagWay Group LLC : PUPS Holdings LLC : PUPS Intermediate Holdings LLC : PPC 302 Livingston Street LLC,24,Training,Revenue,Training,Service Revenue,410000 Revenue : Service Revenue,,
718,Revenue : Service Revenue,410000,29,WagWay Group : WagWay Group LLC : PUPS Holdings LLC : PUPS Intermediate Holdings LLC : PPC 302 Livingston Street LLC,19,Pet Sitting,Revenue,Pet Care,Service Revenue,410000 Revenue : Service Revenue,,
718,Revenue : Service Revenue,410000,29,WagWay Group : WagWay Group LLC : PUPS Holdings LLC : PUPS Intermediate Holdings LLC : PPC 302 Livingston Street LLC,17,Boarding,Revenue,Pet Care,Service Revenue,410000 Revenue : Service Revenue,,
718,Revenue : Service Revenue,410000,29,WagWay Group : WagWay Group LLC : PUPS Holdings LLC : PUPS Intermediate Holdings LLC : PPC 302 Livingston Street LLC,2,Memberships,Revenue,Memberships,Service Revenue,410000 Revenue : Service Revenue,,
718,Revenue : Service Revenue,410000,29,WagWay Group : WagWay Group LLC : PUPS Holdings LLC : PUPS Intermediate Holdings LLC : PPC 302 Livingston Street LLC,,,Revenue,No Revenue Stream,Service Revenue,410000 Revenue : Service Revenue,,
718,Revenue : Service Revenue,410000,29,WagWay Group : WagWay Group LLC : PUPS Holdings LLC : PUPS Intermediate Holdings LLC : PPC 302 Livingston Street LLC,22,Walking,Revenue,Pet Care,Service Revenue,410000 Revenue : Service Revenue,,
718,Revenue : Service Revenue,410000,29,WagWay Group : WagWay Group LLC : PUPS Holdings LLC : PUPS Intermediate Holdings LLC : PPC 302 Livingston Street LLC,18,Daycare,Revenue,Pet Care : Daycare,Service Revenue,410000 Revenue : Service Revenue,,
718,Revenue : Service Revenue,410000,29,WagWay Group : WagWay Group LLC : PUPS Holdings LLC : PUPS Intermediate Holdings LLC : PPC 302 Livingston Street LLC,1,Grooming,Revenue,Grooming,Service Revenue,410000 Revenue : Service Revenue,,
719,Revenue : Retail,420000,29,WagWay Group : WagWay Group LLC : PUPS Holdings LLC : PUPS Intermediate Holdings LLC : PPC 302 Livingston Street LLC,,,Revenue,No Revenue Stream,Retail,420000 Revenue : Retail,,
719,Revenue : Retail,420000,29,WagWay Group : WagWay Group LLC : PUPS Holdings LLC : PUPS Intermediate Holdings LLC : PPC 302 Livingston Street LLC,23,Retail,Revenue,Retail,Retail,420000 Revenue : Retail,,
720,Revenue : Expired Packages,430000,29,WagWay Group : WagWay Group LLC : PUPS Holdings LLC : PUPS Intermediate Holdings LLC : PPC 302 Livingston Street LLC,,,Revenue,No Revenue Stream,Expired Packages,430000 Revenue : Expired Packages,,
720,Revenue : Expired Packages,430000,29,WagWay Group : WagWay Group LLC : PUPS Holdings LLC : PUPS Intermediate Holdings LLC : PPC 302 Livingston Street LLC,18,Daycare,Revenue,Pet Care : Daycare,Expired Packages,430000 Revenue : Expired Packages,,
720,Revenue : Expired Packages,430000,29,WagWay Group : WagWay Group LLC : PUPS Holdings LLC : PUPS Intermediate Holdings LLC : PPC 302 Livingston Street LLC,26,Other Revenue,Revenue,Other Revenue,Expired Packages,430000 Revenue : Expired Packages,,
720,Revenue : Expired Packages,430000,29,WagWay Group : WagWay Group LLC : PUPS Holdings LLC : PUPS Intermediate Holdings LLC : PPC 302 Livingston Street LLC,24,Training,Revenue,Training,Expired Packages,430000 Revenue : Expired Packages,,
721,Revenue : Other Revenue,440000,29,WagWay Group : WagWay Group LLC : PUPS Holdings LLC : PUPS Intermediate Holdings LLC : PPC 302 Livingston Street LLC,2,Memberships,Revenue,Memberships,Other Revenue,440000 Revenue : Other Revenue,,
721,Revenue : Other Revenue,440000,29,WagWay Group : WagWay Group LLC : PUPS Holdings LLC : PUPS Intermediate Holdings LLC : PPC 302 Livingston Street LLC,,,Revenue,No Revenue Stream,Other Revenue,440000 Revenue : Other Revenue,,
721,Revenue : Other Revenue,440000,29,WagWay Group : WagWay Group LLC : PUPS Holdings LLC : PUPS Intermediate Holdings LLC : PPC 302 Livingston Street LLC,26,Other Revenue,Revenue,Other Revenue,Other Revenue,440000 Revenue : Other Revenue,,
721,Revenue : Other Revenue,440000,29,WagWay Group : WagWay Group LLC : PUPS Holdings LLC : PUPS Intermediate Holdings LLC : PPC 302 Livingston Street LLC,21,Transportation,Revenue,Pet Care,Other Revenue,440000 Revenue : Other Revenue,,
820,Operating Expenses : OPEX Wages : Regular Wages,610500,29,WagWay Group : WagWay Group LLC : PUPS Holdings LLC : PUPS Intermediate Holdings LLC : PPC 302 Livingston Street LLC,,,Operating Expenses,Ops Labour Expense,Regular Wages,610500 Operating Expenses : OPEX Wages : Regular Wages,,
825,Operating Expenses : OPEX Wages : Employer Taxes,613000,29,WagWay Group : WagWay Group LLC : PUPS Holdings LLC : PUPS Intermediate Holdings LLC : PPC 302 Livingston Street LLC,,,Operating Expenses,Ops Labour Expense,Employer Taxes,613000 Operating Expenses : OPEX Wages : Employer Taxes,,
826,Operating Expenses : OPEX Wages : Employer Medical/Dental/Vision,613500,29,WagWay Group : WagWay Group LLC : PUPS Holdings LLC : PUPS Intermediate Holdings LLC : PPC 302 Livingston Street LLC,,,Operating Expenses,Ops Labour Expense,Employer Medical/Dental/Vision,613500 Operating Expenses : OPEX Wages : Employer Medical/Dental/Vision,,
830,Operating Expenses : OPEX Wages : Employer 401k,615500,29,WagWay Group : WagWay Group LLC : PUPS Holdings LLC : PUPS Intermediate Holdings LLC : PPC 302 Livingston Street LLC,,,Operating Expenses,Ops Labour Expense,Employer 401k,615500 Operating Expenses : OPEX Wages : Employer 401k,,
832,Operating Expenses : Facility Expense : Rent,620500,29,WagWay Group : WagWay Group LLC : PUPS Holdings LLC : PUPS Intermediate Holdings LLC : PPC 302 Livingston Street LLC,,,Operating Expenses,Facility Expense,Rent,620500 Operating Expenses : Facility Expense : Rent,,
833,Operating Expenses : Facility Expense : Electric,621000,29,WagWay Group : WagWay Group LLC : PUPS Holdings LLC : PUPS Intermediate Holdings LLC : PPC 302 Livingston Street LLC,,,Operating Expenses,Facility Expense,Electric,621000 Operating Expenses : Facility Expense : Electric,,
836,Operating Expenses : Facility Expense : Data,622500,29,WagWay Group : WagWay Group LLC : PUPS Holdings LLC : PUPS Intermediate Holdings LLC : PPC 302 Livingston Street LLC,,,Operating Expenses,Facility Expense,Data,622500 Operating Expenses : Facility Expense : Data,,
837,Operating Expenses : Facility Expense : Phone,623000,29,WagWay Group : WagWay Group LLC : PUPS Holdings LLC : PUPS Intermediate Holdings LLC : PPC 302 Livingston Street LLC,,,Operating Expenses,Facility Expense,Phone,623000 Operating Expenses : Facility Expense : Phone,,
846,General and Admin : G&A Wages : Employer Taxes,713000,29,WagWay Group : WagWay Group LLC : PUPS Holdings LLC : PUPS Intermediate Holdings LLC : PPC 302 Livingston Street LLC,,,Operating Expenses,Operations Expense,General and Admin,G&A Wages,Employer Taxes,713000 General and Admin : G&A Wages : Employer Taxes
847,General and Admin : G&A Wages : Employer Medical/Dental/Vision,713500,29,WagWay Group : WagWay Group LLC : PUPS Holdings LLC : PUPS Intermediate Holdings LLC : PPC 302 Livingston Street LLC,,,Operating Expenses,Operations Expense,General and Admin,G&A Wages,Employer Medical/Dental/Vision,713500 General and Admin : G&A Wages : Employer Medical/Dental/Vision
854,General and Admin : Travel : Lodging,721000,29,WagWay Group : WagWay Group LLC : PUPS Holdings LLC : PUPS Intermediate Holdings LLC : PPC 302 Livingston Street LLC,,,Operating Expenses,Operations Expense,General and Admin,Travel,Lodging,721000 General and Admin : Travel : Lodging
855,General and Admin : Travel : Meals,721500,29,WagWay Group : WagWay Group LLC : PUPS Holdings LLC : PUPS Intermediate Holdings LLC : PPC 302 Livingston Street LLC,,,Operating Expenses,Operations Expense,General and Admin,Travel,Meals,721500 General and Admin : Travel : Meals
856,General and Admin : Travel : Entertainment,722000,29,WagWay Group : WagWay Group LLC : PUPS Holdings LLC : PUPS Intermediate Holdings LLC : PPC 302 Livingston Street LLC,,,Operating Expenses,Operations Expense,General and Admin,Travel,Entertainment,722000 General and Admin : Travel : Entertainment
857,General and Admin : Systems,730000,29,WagWay Group : WagWay Group LLC : PUPS Holdings LLC : PUPS Intermediate Holdings LLC : PPC 302 Livingston Street LLC,,,Operating Expenses,Operations Expense,General and Admin,Systems,730000 General and Admin : Systems,
862,General and Admin : Insurance : Other Insurance,742000,29,WagWay Group : WagWay Group LLC : PUPS Holdings LLC : PUPS Intermediate Holdings LLC : PPC 302 Livingston Street LLC,,,Operating Expenses,Operations Expense,General and Admin,Insurance,Other Insurance,742000 General and Admin : Insurance : Other Insurance
920,General and Admin : Marketing : Other Marketing,751000,29,WagWay Group : WagWay Group LLC : PUPS Holdings LLC : PUPS Intermediate Holdings LLC : PPC 302 Livingston Street LLC,,,Operating Expenses,Operations Expense,General and Admin,Marketing,Other Marketing,751000 General and Admin : Marketing : Other Marketing
1018,Operating Expenses : Facility Expense : Repair and Maintenance,623500,29,WagWay Group : WagWay Group LLC : PUPS Holdings LLC : PUPS Intermediate Holdings LLC : PPC 302 Livingston Street LLC,,,Operating Expenses,Facility Expense,Repair and Maintenance,623500 Operating Expenses : Facility Expense : Repair and Maintenance,,
1026,General and Admin : Advertising : Other Advertising,761000,29,WagWay Group : WagWay Group LLC : PUPS Holdings LLC : PUPS Intermediate Holdings LLC : PPC 302 Livingston Street LLC,,,Operating Expenses,Operations Expense,General and Admin,Advertising,Other Advertising,761000 General and Admin : Advertising : Other Advertising
1030,General and Admin : Professional Services : Recruiting,772000,29,WagWay Group : WagWay Group LLC : PUPS Holdings LLC : PUPS Intermediate Holdings LLC : PPC 302 Livingston Street LLC,,,Operating Expenses,Professional Fees,General and Admin,Recruiting,772000 General and Admin : Professional Services : Recruiting,
1031,General and Admin : Professional Services : Employee Training and Development,772500,29,WagWay Group : WagWay Group LLC : PUPS Holdings LLC : PUPS Intermediate Holdings LLC : PPC 302 Livingston Street LLC,,,Operating Expenses,Professional Fees,General and Admin,Employee Training and Development,772500 General and Admin : Professional Services : Employee Training and Development,
1032,General and Admin : Professional Services : Other Professional Services,773000,29,WagWay Group : WagWay Group LLC : PUPS Holdings LLC : PUPS Intermediate Holdings LLC : PPC 302 Livingston Street LLC,,,Operating Expenses,Professional Fees,General and Admin,Other Professional Services,773000 General and Admin : Professional Services : Other Professional Services,
1033,General and Admin : Other G&A Expenses : Bank Fees and Charges,780500,29,WagWay Group : WagWay Group LLC : PUPS Holdings LLC : PUPS Intermediate Holdings LLC : PPC 302 Livingston Street LLC,,,Operating Expenses,Operations Expense,General and Admin,Other G&A Expenses,Bank Fees and Charges,780500 General and Admin : Other G&A Expenses : Bank Fees and Charges
1037,General and Admin : Other G&A Expenses : Taxes and Licenses,782500,29,WagWay Group : WagWay Group LLC : PUPS Holdings LLC : PUPS Intermediate Holdings LLC : PPC 302 Livingston Street LLC,,,Operating Expenses,Operations Expense,General and Admin,Other G&A Expenses,Taxes and Licenses,782500 General and Admin : Other G&A Expenses : Taxes and Licenses
1038,Other Expense : Depreciation : Depreciation -Equipment,852010,29,WagWay Group : WagWay Group LLC : PUPS Holdings LLC : PUPS Intermediate Holdings LLC : PPC 302 Livingston Street LLC,,,Other (Income) / Expense,Other Expenses,Other Expense,Depreciation,Depreciation -Equipment,852010 Other Expense : Depreciation : Depreciation -Equipment
1039,Other Expense : Depreciation : Depreciation - Furniture & Fixtures,852020,29,WagWay Group : WagWay Group LLC : PUPS Holdings LLC : PUPS Intermediate Holdings LLC : PPC 302 Livingston Street LLC,,,Other (Income) / Expense,Other Expenses,Other Expense,Depreciation,Depreciation - Furniture & Fixtures,852020 Other Expense : Depreciation : Depreciation - Furniture & Fixtures
1040,Other Expense : Depreciation : Depreciation - Leasehold Improvements,852030,29,WagWay Group : WagWay Group LLC : PUPS Holdings LLC : PUPS Intermediate Holdings LLC : PPC 302 Livingston Street LLC,,,Other (Income) / Expense,Other Expenses,Other Expense,Depreciation,Depreciation - Leasehold Improvements,852030 Other Expense : Depreciation : Depreciation - Leasehold Improvements
1044,Other Expense : Amortization : Amortization - Goodwill,854010,29,WagWay Group : WagWay Group LLC : PUPS Holdings LLC : PUPS Intermediate Holdings LLC : PPC 302 Livingston Street LLC,,,Other (Income) / Expense,Other Expenses,Other Expense,Amortization,Amortization - Goodwill,854010 Other Expense : Amortization : Amortization - Goodwill
1164,Cash : Collections : PPC 302 Livingston Street LLC,100508,29,WagWay Group : WagWay Group LLC : PUPS Holdings LLC : PUPS Intermediate Holdings LLC : PPC 302 Livingston Street LLC,,,Current Assets,Cash,Collections,PPC 302 Livingston Street LLC,100508 Cash : Collections : PPC 302 Livingston Street LLC,100508 Cash : Collections : PPC 302 Livingston Street LLC
1164,Cash : Collections : PPC 302 Livingston Street LLC,100508,29,WagWay Group : WagWay Group LLC : PUPS Holdings LLC : PUPS Intermediate Holdings LLC : PPC 302 Livingston Street LLC,26,Other Revenue,Current Assets,Cash,Collections,PPC 302 Livingston Street LLC,100508 Cash : Collections : PPC 302 Livingston Street LLC,100508 Cash : Collections : PPC 302 Livingston Street LLC
1253,Revenue : Sales Discounts,460000,29,WagWay Group : WagWay Group LLC : PUPS Holdings LLC : PUPS Intermediate Holdings LLC : PPC 302 Livingston Street LLC,26,Other Revenue,Revenue,Other Revenue,Sales Discounts,460000 Revenue : Sales Discounts,,
1256,Inventory : Retail Inventory,120250,29,WagWay Group : WagWay Group LLC : PUPS Holdings LLC : PUPS Intermediate Holdings LLC : PPC 302 Livingston Street LLC,,,Current Assets,Other Current Assets,Inventory,Retail Inventory,120250 Inventory : Retail Inventory,120250 Inventory : Retail Inventory
1258,Other Long term Assets : ASC 842 - ROU Asset Account,171000,29,WagWay Group : WagWay Group LLC : PUPS Holdings LLC : PUPS Intermediate Holdings LLC : PPC 302 Livingston Street LLC,,,Non-Current Assets,Other Assets,Other Long term Assets,ASC 842 - ROU Asset Account,171000 Other Long term Assets : ASC 842 - ROU Asset Account,
1259,Accounts Payable : Accounts Payable Trade,200250,29,WagWay Group : WagWay Group LLC : PUPS Holdings LLC : PUPS Intermediate Holdings LLC : PPC 302 Livingston Street LLC,,,Current Liabilities,Accounts Payable,Accounts Payable Trade,200250 Accounts Payable : Accounts Payable Trade,,
1353,Accounts Receivable : Accounts Receivable Trade,110250,29,WagWay Group : WagWay Group LLC : PUPS Holdings LLC : PUPS Intermediate Holdings LLC : PPC 302 Livingston Street LLC,18,Daycare,Current Assets,Accounts Receivable,Accounts Receivable,Accounts Receivable Trade,110250 Accounts Receivable : Accounts Receivable Trade,
1353,Accounts Receivable : Accounts Receivable Trade,110250,29,WagWay Group : WagWay Group LLC : PUPS Holdings LLC : PUPS Intermediate Holdings LLC : PPC 302 Livingston Street LLC,1,Grooming,Current Assets,Accounts Receivable,Accounts Receivable,Accounts Receivable Trade,110250 Accounts Receivable : Accounts Receivable Trade,
1353,Accounts Receivable : Accounts Receivable Trade,110250,29,WagWay Group : WagWay Group LLC : PUPS Holdings LLC : PUPS Intermediate Holdings LLC : PPC 302 Livingston Street LLC,20,Playcare,Current Assets,Accounts Receivable,Accounts Receivable,Accounts Receivable Trade,110250 Accounts Receivable : Accounts Receivable Trade,
1353,Accounts Receivable : Accounts Receivable Trade,110250,29,WagWay Group : WagWay Group LLC : PUPS Holdings LLC : PUPS Intermediate Holdings LLC : PPC 302 Livingston Street LLC,,,Current Assets,Accounts Receivable,Accounts Receivable,Accounts Receivable Trade,110250 Accounts Receivable : Accounts Receivable Trade,
1353,Accounts Receivable : Accounts Receivable Trade,110250,29,WagWay Group : WagWay Group LLC : PUPS Holdings LLC : PUPS Intermediate Holdings LLC : PPC 302 Livingston Street LLC,2,Memberships,Current Assets,Accounts Receivable,Accounts Receivable,Accounts Receivable Trade,110250 Accounts Receivable : Accounts Receivable Trade,
1353,Accounts Receivable : Accounts Receivable Trade,110250,29,WagWay Group : WagWay Group LLC : PUPS Holdings LLC : PUPS Intermediate Holdings LLC : PPC 302 Livingston Street LLC,24,Training,Current Assets,Accounts Receivable,Accounts Receivable,Accounts Receivable Trade,110250 Accounts Receivable : Accounts Receivable Trade,
1369,Other Long term Assets : ASC 842 - ROU Accumulated Amortization Acccount,171500,29,WagWay Group : WagWay Group LLC : PUPS Holdings LLC : PUPS Intermediate Holdings LLC : PPC 302 Livingston Street LLC,,,Non-Current Assets,Other Assets,Other Long term Assets,ASC 842 - ROU Accumulated Amortization Acccount,171500 Other Long term Assets : ASC 842 - ROU Accumulated Amortization Acccount,
1373,Other Current Liabilities : ASC 842 - Lease Liability Short-Term Account,221000,29,WagWay Group : WagWay Group LLC : PUPS Holdings LLC : PUPS Intermediate Holdings LLC : PPC 302 Livingston Street LLC,,,Current Liabilities,Other Current Liabilities,ASC 842 - Lease Liability Short-Term Account,221000 Other Current Liabilities : ASC 842 - Lease Liability Short-Term Account,,
1381,Other Long term Liabilities : ASC 842 - Lease Liability Long-Term Account,290250,29,WagWay Group : WagWay Group LLC : PUPS Holdings LLC : PUPS Intermediate Holdings LLC : PPC 302 Livingston Street LLC,,,Non-Current Liabilities,Long Term Liabilities,Other Long term Liabilities,ASC 842 - Lease Liability Long-Term Account,290250 Other Long term Liabilities : ASC 842 - Lease Liability Long-Term Account,
1382,Other Long term Liabilities : ASC 842 - Lease Liability Long-Term Contra Account ST Reclas,290500,29,WagWay Group : WagWay Group LLC : PUPS Holdings LLC : PUPS Intermediate Holdings LLC : PPC 302 Livingston Street LLC,,,Non-Current Liabilities,Long Term Liabilities,Other Long term Liabilities,ASC 842 - Lease Liability Long-Term Contra Account ST Reclas,290500 Other Long term Liabilities : ASC 842 - Lease Liability Long-Term Contra Account ST Reclas,
1397,Intercompany AR_x,111000,29,WagWay Group : WagWay Group LLC : PUPS Holdings LLC : PUPS Intermediate Holdings LLC : PPC 302 Livingston Street LLC,,,Current Assets,Other Current Assets,Intercompany AR_x,111000 Intercompany AR_x,,
1398,Intercompany AP_x,200500,29,WagWay Group : WagWay Group LLC : PUPS Holdings LLC : PUPS Intermediate Holdings LLC : PPC 302 Livingston Street LLC,16,Pet Care,Non-Current Liabilities,Other Liabilities,Intercompany AP_x,200500 Intercompany AP_x,,
1398,Intercompany AP_x,200500,29,WagWay Group : WagWay Group LLC : PUPS Holdings LLC : PUPS Intermediate Holdings LLC : PPC 302 Livingston Street LLC,,,Non-Current Liabilities,Other Liabilities,Intercompany AP_x,200500 Intercompany AP_x,,
1398,Intercompany AP_x,200500,29,WagWay Group : WagWay Group LLC : PUPS Holdings LLC : PUPS Intermediate Holdings LLC : PPC 302 Livingston Street LLC,1,Grooming,Non-Current Liabilities,Other Liabilities,Intercompany AP_x,200500 Intercompany AP_x,,
1398,Intercompany AP_x,200500,29,WagWay Group : WagWay Group LLC : PUPS Holdings LLC : PUPS Intermediate Holdings LLC : PPC 302 Livingston Street LLC,24,Training,Non-Current Liabilities,Other Liabilities,Intercompany AP_x,200500 Intercompany AP_x,,
1398,Intercompany AP_x,200500,29,WagWay Group : WagWay Group LLC : PUPS Holdings LLC : PUPS Intermediate Holdings LLC : PPC 302 Livingston Street LLC,20,Playcare,Non-Current Liabilities,Other Liabilities,Intercompany AP_x,200500 Intercompany AP_x,,
1399,General and Admin : Travel : Vehicle/Toll/Parking,721750,29,WagWay Group : WagWay Group LLC : PUPS Holdings LLC : PUPS Intermediate Holdings LLC : PPC 302 Livingston Street LLC,,,Operating Expenses,Operations Expense,General and Admin,Travel,Vehicle/Toll/Parking,721750 General and Admin : Travel : Vehicle/Toll/Parking
1499,General and Admin : Other G&A Expenses : Office Supplies,783000,29,WagWay Group : WagWay Group LLC : PUPS Holdings LLC : PUPS Intermediate Holdings LLC : PPC 302 Livingston Street LLC,,,Operating Expenses,Operations Expense,General and Admin,Other G&A Expenses,Office Supplies,783000 General and Admin : Other G&A Expenses : Office Supplies
1606,Ramp Card - PPC 302 Livingston Street LLC,Ramp Card - PPC 302 Livingston Street LLC,29,WagWay Group : WagWay Group LLC : PUPS Holdings LLC : PUPS Intermediate Holdings LLC : PPC 302 Livingston Street LLC,,,Current Liabilities,Credit Card,Ramp Card,PPC 302 Livingston Street LLC,Ramp Card - PPC 302 Livingston Street LLC Ramp Card - PPC 302 Livingston Street LLC,
2003,Intercompany AP - RAMP,200501,29,WagWay Group : WagWay Group LLC : PUPS Holdings LLC : PUPS Intermediate Holdings LLC : PPC 302 Livingston Street LLC,,,Current Liabilities,Accounts Payable,Intercompany AP,RAMP,200501 Intercompany AP - RAMP,
2011,Cash : Collections : PPC 302 Livingston Street LLC : 302 Livingston Street Clearing Account,100508.1,29,WagWay Group : WagWay Group LLC : PUPS Holdings LLC : PUPS Intermediate Holdings LLC : PPC 302 Livingston Street LLC,,,Current Assets,Cash,Collections,PPC 302 Livingston Street LLC,302 Livingston Street Clearing Account,
,,,29,WagWay Group : WagWay Group LLC : PUPS Holdings LLC : PUPS Intermediate Holdings LLC : PPC 302 Livingston Street LLC,,,,,,,,
52,Equity : Retained Earnings,310000,31,WagWay Group : WagWay Group LLC : Pawville Holdings LLC : Pawville Intermediate Holdings LLC : Pawville Florida LLC,,,Equity,Equity,Retained Earnings,310000 Equity : Retained Earnings,,
221,COGS : COGS Wages : Regular Wages,510500,31,WagWay Group : WagWay Group LLC : Pawville Holdings LLC : Pawville Intermediate Holdings LLC : Pawville Florida LLC,1,Grooming,COGS,Grooming,COGS Wages,Regular Wages,510500 COGS : COGS Wages : Regular Wages,
221,COGS : COGS Wages : Regular Wages,510500,31,WagWay Group : WagWay Group LLC : Pawville Holdings LLC : Pawville Intermediate Holdings LLC : Pawville Florida LLC,25,Vet Services,COGS,Vet Services,COGS Wages,Regular Wages,510500 COGS : COGS Wages : Regular Wages,
221,COGS : COGS Wages : Regular Wages,510500,31,WagWay Group : WagWay Group LLC : Pawville Holdings LLC : Pawville Intermediate Holdings LLC : Pawville Florida LLC,16,Pet Care,COGS,Pet Care,COGS Wages,Regular Wages,510500 COGS : COGS Wages : Regular Wages,
226,COGS : COGS Wages : Employer Taxes,513000,31,WagWay Group : WagWay Group LLC : Pawville Holdings LLC : Pawville Intermediate Holdings LLC : Pawville Florida LLC,16,Pet Care,COGS,Pet Care,COGS Wages,Employer Taxes,513000 COGS : COGS Wages : Employer Taxes,
226,COGS : COGS Wages : Employer Taxes,513000,31,WagWay Group : WagWay Group LLC : Pawville Holdings LLC : Pawville Intermediate Holdings LLC : Pawville Florida LLC,1,Grooming,COGS,Grooming,COGS Wages,Employer Taxes,513000 COGS : COGS Wages : Employer Taxes,
227,COGS : COGS Wages : Employer Medical/Dental/Vision,513500,31,WagWay Group : WagWay Group LLC : Pawville Holdings LLC : Pawville Intermediate Holdings LLC : Pawville Florida LLC,16,Pet Care,COGS,Pet Care,COGS Wages,Employer Medical/Dental/Vision,513500 COGS : COGS Wages : Employer Medical/Dental/Vision,
227,COGS : COGS Wages : Employer Medical/Dental/Vision,513500,31,WagWay Group : WagWay Group LLC : Pawville Holdings LLC : Pawville Intermediate Holdings LLC : Pawville Florida LLC,1,Grooming,COGS,Grooming,COGS Wages,Employer Medical/Dental/Vision,513500 COGS : COGS Wages : Employer Medical/Dental/Vision,
231,COGS : COGS Wages : Employer 401k,515500,31,WagWay Group : WagWay Group LLC : Pawville Holdings LLC : Pawville Intermediate Holdings LLC : Pawville Florida LLC,16,Pet Care,COGS,Pet Care,COGS Wages,Employer 401k,515500 COGS : COGS Wages : Employer 401k,
231,COGS : COGS Wages : Employer 401k,515500,31,WagWay Group : WagWay Group LLC : Pawville Holdings LLC : Pawville Intermediate Holdings LLC : Pawville Florida LLC,1,Grooming,COGS,Grooming,COGS Wages,Employer 401k,515500 COGS : COGS Wages : Employer 401k,
233,COGS : COGS Consumables : Grooming Supplies,520500,31,WagWay Group : WagWay Group LLC : Pawville Holdings LLC : Pawville Intermediate Holdings LLC : Pawville Florida LLC,1,Grooming,COGS,Grooming,COGS Consumables,Grooming Supplies,520500 COGS : COGS Consumables : Grooming Supplies,
233,COGS : COGS Consumables : Grooming Supplies,520500,31,WagWay Group : WagWay Group LLC : Pawville Holdings LLC : Pawville Intermediate Holdings LLC : Pawville Florida LLC,16,Pet Care,COGS,Pet Care,COGS Consumables,Grooming Supplies,520500 COGS : COGS Consumables : Grooming Supplies,
235,COGS : COGS Consumables : Other Supplies,521500,31,WagWay Group : WagWay Group LLC : Pawville Holdings LLC : Pawville Intermediate Holdings LLC : Pawville Florida LLC,,,COGS,No Revenue Stream,COGS Consumables,Other Supplies,521500 COGS : COGS Consumables : Other Supplies,
235,COGS : COGS Consumables : Other Supplies,521500,31,WagWay Group : WagWay Group LLC : Pawville Holdings LLC : Pawville Intermediate Holdings LLC : Pawville Florida LLC,16,Pet Care,COGS,Pet Care,COGS Consumables,Other Supplies,521500 COGS : COGS Consumables : Other Supplies,
235,COGS : COGS Consumables : Other Supplies,521500,31,WagWay Group : WagWay Group LLC : Pawville Holdings LLC : Pawville Intermediate Holdings LLC : Pawville Florida LLC,25,Vet Services,COGS,Vet Services,COGS Consumables,Other Supplies,521500 COGS : COGS Consumables : Other Supplies,
236,COGS : COGS Consumables : Retail,522000,31,WagWay Group : WagWay Group LLC : Pawville Holdings LLC : Pawville Intermediate Holdings LLC : Pawville Florida LLC,23,Retail,COGS,Retail,COGS Consumables,Retail,522000 COGS : COGS Consumables : Retail,
236,COGS : COGS Consumables : Retail,522000,31,WagWay Group : WagWay Group LLC : Pawville Holdings LLC : Pawville Intermediate Holdings LLC : Pawville Florida LLC,,,COGS,No Revenue Stream,COGS Consumables,Retail,522000 COGS : COGS Consumables : Retail,
240,Fixed Assets : Construction in Progress,150500,31,WagWay Group : WagWay Group LLC : Pawville Holdings LLC : Pawville Intermediate Holdings LLC : Pawville Florida LLC,,,Non-Current Assets,Fixed Assets,Construction in Progress,150500 Fixed Assets : Construction in Progress,,
241,Fixed Assets : Equipment,151000,31,WagWay Group : WagWay Group LLC : Pawville Holdings LLC : Pawville Intermediate Holdings LLC : Pawville Florida LLC,,,Non-Current Assets,Fixed Assets,Equipment,151000 Fixed Assets : Equipment,,
243,Fixed Assets : Leasehold Improvements,152000,31,WagWay Group : WagWay Group LLC : Pawville Holdings LLC : Pawville Intermediate Holdings LLC : Pawville Florida LLC,,,Non-Current Assets,Fixed Assets,Leasehold Improvements,152000 Fixed Assets : Leasehold Improvements,,
246,Fixed Assets : Accumulated Depreciation - Equipment,153500,31,WagWay Group : WagWay Group LLC : Pawville Holdings LLC : Pawville Intermediate Holdings LLC : Pawville Florida LLC,,,Non-Current Assets,Fixed Assets,Accumulated Depreciation - Equipment,153500 Fixed Assets : Accumulated Depreciation - Equipment,,
248,Fixed Assets : Accumulated Depreciation - Leasehold Improvements,154500,31,WagWay Group : WagWay Group LLC : Pawville Holdings LLC : Pawville Intermediate Holdings LLC : Pawville Florida LLC,,,Non-Current Assets,Fixed Assets,Accumulated Depreciation - Leasehold Improvements,154500 Fixed Assets : Accumulated Depreciation - Leasehold Improvements,,
250,Fixed Assets : Accumulated Depreciation - Vehicles,155500,31,WagWay Group : WagWay Group LLC : Pawville Holdings LLC : Pawville Intermediate Holdings LLC : Pawville Florida LLC,,,Non-Current Assets,Fixed Assets,Accumulated Depreciation - Vehicles,155500 Fixed Assets : Accumulated Depreciation - Vehicles,,
424,Other Current Assets,140000,31,WagWay Group : WagWay Group LLC : Pawville Holdings LLC : Pawville Intermediate Holdings LLC : Pawville Florida LLC,,,Current Assets,Other Current Assets,Other Current Assets,140000 Other Current Assets,,
440,Accrued Expenses,250000,31,WagWay Group : WagWay Group LLC : Pawville Holdings LLC : Pawville Intermediate Holdings LLC : Pawville Florida LLC,,,Non-Current Liabilities,Other Liabilities,Accrued Expenses,250000 Accrued Expenses,,
618,Payroll Liabilities : Accrued Payroll,260500,31,WagWay Group : WagWay Group LLC : Pawville Holdings LLC : Pawville Intermediate Holdings LLC : Pawville Florida LLC,,,Non-Current Liabilities,Other Liabilities,Payroll Liabilities,Accrued Payroll,260500 Payroll Liabilities : Accrued Payroll,
621,Payroll Liabilities : Accrued Bonuses,262000,31,WagWay Group : WagWay Group LLC : Pawville Holdings LLC : Pawville Intermediate Holdings LLC : Pawville Florida LLC,,,Non-Current Liabilities,Other Liabilities,Payroll Liabilities,Accrued Bonuses,262000 Payroll Liabilities : Accrued Bonuses,
622,Payroll Liabilities : Accrued Payroll Taxes - Federal,262500,31,WagWay Group : WagWay Group LLC : Pawville Holdings LLC : Pawville Intermediate Holdings LLC : Pawville Florida LLC,,,Non-Current Liabilities,Other Liabilities,Payroll Liabilities,Accrued Payroll Taxes - Federal,262500 Payroll Liabilities : Accrued Payroll Taxes - Federal,
629,Payroll Liabilities : Accrued 401k,266000,31,WagWay Group : WagWay Group LLC : Pawville Holdings LLC : Pawville Intermediate Holdings LLC : Pawville Florida LLC,,,Non-Current Liabilities,Other Liabilities,Payroll Liabilities,Accrued 401k,266000 Payroll Liabilities : Accrued 401k,
630,Payroll Liabilities : Accrued Tips,266500,31,WagWay Group : WagWay Group LLC : Pawville Holdings LLC : Pawville Intermediate Holdings LLC : Pawville Florida LLC,,,Non-Current Liabilities,Other Liabilities,Payroll Liabilities,Accrued Tips,266500 Payroll Liabilities : Accrued Tips,
718,Revenue : Service Revenue,410000,31,WagWay Group : WagWay Group LLC : Pawville Holdings LLC : Pawville Intermediate Holdings LLC : Pawville Florida LLC,23,Retail,Revenue,Retail,Service Revenue,410000 Revenue : Service Revenue,,
718,Revenue : Service Revenue,410000,31,WagWay Group : WagWay Group LLC : Pawville Holdings LLC : Pawville Intermediate Holdings LLC : Pawville Florida LLC,25,Vet Services,Revenue,Vet Services,Service Revenue,410000 Revenue : Service Revenue,,
718,Revenue : Service Revenue,410000,31,WagWay Group : WagWay Group LLC : Pawville Holdings LLC : Pawville Intermediate Holdings LLC : Pawville Florida LLC,1,Grooming,Revenue,Grooming,Service Revenue,410000 Revenue : Service Revenue,,
718,Revenue : Service Revenue,410000,31,WagWay Group : WagWay Group LLC : Pawville Holdings LLC : Pawville Intermediate Holdings LLC : Pawville Florida LLC,26,Other Revenue,Revenue,Other Revenue,Service Revenue,410000 Revenue : Service Revenue,,
718,Revenue : Service Revenue,410000,31,WagWay Group : WagWay Group LLC : Pawville Holdings LLC : Pawville Intermediate Holdings LLC : Pawville Florida LLC,18,Daycare,Revenue,Pet Care : Daycare,Service Revenue,410000 Revenue : Service Revenue,,
718,Revenue : Service Revenue,410000,31,WagWay Group : WagWay Group LLC : Pawville Holdings LLC : Pawville Intermediate Holdings LLC : Pawville Florida LLC,17,Boarding,Revenue,Pet Care,Service Revenue,410000 Revenue : Service Revenue,,
719,Revenue : Retail,420000,31,WagWay Group : WagWay Group LLC : Pawville Holdings LLC : Pawville Intermediate Holdings LLC : Pawville Florida LLC,23,Retail,Revenue,Retail,Retail,420000 Revenue : Retail,,
721,Revenue : Other Revenue,440000,31,WagWay Group : WagWay Group LLC : Pawville Holdings LLC : Pawville Intermediate Holdings LLC : Pawville Florida LLC,26,Other Revenue,Revenue,Other Revenue,Other Revenue,440000 Revenue : Other Revenue,,
820,Operating Expenses : OPEX Wages : Regular Wages,610500,31,WagWay Group : WagWay Group LLC : Pawville Holdings LLC : Pawville Intermediate Holdings LLC : Pawville Florida LLC,,,Operating Expenses,Ops Labour Expense,Regular Wages,610500 Operating Expenses : OPEX Wages : Regular Wages,,
825,Operating Expenses : OPEX Wages : Employer Taxes,613000,31,WagWay Group : WagWay Group LLC : Pawville Holdings LLC : Pawville Intermediate Holdings LLC : Pawville Florida LLC,,,Operating Expenses,Ops Labour Expense,Employer Taxes,613000 Operating Expenses : OPEX Wages : Employer Taxes,,
826,Operating Expenses : OPEX Wages : Employer Medical/Dental/Vision,613500,31,WagWay Group : WagWay Group LLC : Pawville Holdings LLC : Pawville Intermediate Holdings LLC : Pawville Florida LLC,,,Operating Expenses,Ops Labour Expense,Employer Medical/Dental/Vision,613500 Operating Expenses : OPEX Wages : Employer Medical/Dental/Vision,,
830,Operating Expenses : OPEX Wages : Employer 401k,615500,31,WagWay Group : WagWay Group LLC : Pawville Holdings LLC : Pawville Intermediate Holdings LLC : Pawville Florida LLC,,,Operating Expenses,Ops Labour Expense,Employer 401k,615500 Operating Expenses : OPEX Wages : Employer 401k,,
832,Operating Expenses : Facility Expense : Rent,620500,31,WagWay Group : WagWay Group LLC : Pawville Holdings LLC : Pawville Intermediate Holdings LLC : Pawville Florida LLC,,,Operating Expenses,Facility Expense,Rent,620500 Operating Expenses : Facility Expense : Rent,,
833,Operating Expenses : Facility Expense : Electric,621000,31,WagWay Group : WagWay Group LLC : Pawville Holdings LLC : Pawville Intermediate Holdings LLC : Pawville Florida LLC,,,Operating Expenses,Facility Expense,Electric,621000 Operating Expenses : Facility Expense : Electric,,
834,Operating Expenses : Facility Expense : Gas,621500,31,WagWay Group : WagWay Group LLC : Pawville Holdings LLC : Pawville Intermediate Holdings LLC : Pawville Florida LLC,,,Operating Expenses,Facility Expense,Gas,621500 Operating Expenses : Facility Expense : Gas,,
835,Operating Expenses : Facility Expense : Water,622000,31,WagWay Group : WagWay Group LLC : Pawville Holdings LLC : Pawville Intermediate Holdings LLC : Pawville Florida LLC,,,Operating Expenses,Facility Expense,Water,622000 Operating Expenses : Facility Expense : Water,,
836,Operating Expenses : Facility Expense : Data,622500,31,WagWay Group : WagWay Group LLC : Pawville Holdings LLC : Pawville Intermediate Holdings LLC : Pawville Florida LLC,,,Operating Expenses,Facility Expense,Data,622500 Operating Expenses : Facility Expense : Data,,
837,Operating Expenses : Facility Expense : Phone,623000,31,WagWay Group : WagWay Group LLC : Pawville Holdings LLC : Pawville Intermediate Holdings LLC : Pawville Florida LLC,,,Operating Expenses,Facility Expense,Phone,623000 Operating Expenses : Facility Expense : Phone,,
838,Operating Expenses : Facility Expense : Property Insurance,624000,31,WagWay Group : WagWay Group LLC : Pawville Holdings LLC : Pawville Intermediate Holdings LLC : Pawville Florida LLC,,,Operating Expenses,Facility Expense,Property Insurance,624000 Operating Expenses : Facility Expense : Property Insurance,,
841,General and Admin : G&A Wages : Regular Wages,710500,31,WagWay Group : WagWay Group LLC : Pawville Holdings LLC : Pawville Intermediate Holdings LLC : Pawville Florida LLC,,,Operating Expenses,Operations Expense,General and Admin,G&A Wages,Regular Wages,710500 General and Admin : G&A Wages : Regular Wages
846,General and Admin : G&A Wages : Employer Taxes,713000,31,WagWay Group : WagWay Group LLC : Pawville Holdings LLC : Pawville Intermediate Holdings LLC : Pawville Florida LLC,,,Operating Expenses,Operations Expense,General and Admin,G&A Wages,Employer Taxes,713000 General and Admin : G&A Wages : Employer Taxes
847,General and Admin : G&A Wages : Employer Medical/Dental/Vision,713500,31,WagWay Group : WagWay Group LLC : Pawville Holdings LLC : Pawville Intermediate Holdings LLC : Pawville Florida LLC,,,Operating Expenses,Operations Expense,General and Admin,G&A Wages,Employer Medical/Dental/Vision,713500 General and Admin : G&A Wages : Employer Medical/Dental/Vision
851,General and Admin : G&A Wages : Employer 401k,715500,31,WagWay Group : WagWay Group LLC : Pawville Holdings LLC : Pawville Intermediate Holdings LLC : Pawville Florida LLC,,,Operating Expenses,Operations Expense,General and Admin,G&A Wages,Employer 401k,715500 General and Admin : G&A Wages : Employer 401k
854,General and Admin : Travel : Lodging,721000,31,WagWay Group : WagWay Group LLC : Pawville Holdings LLC : Pawville Intermediate Holdings LLC : Pawville Florida LLC,,,Operating Expenses,Operations Expense,General and Admin,Travel,Lodging,721000 General and Admin : Travel : Lodging
855,General and Admin : Travel : Meals,721500,31,WagWay Group : WagWay Group LLC : Pawville Holdings LLC : Pawville Intermediate Holdings LLC : Pawville Florida LLC,,,Operating Expenses,Operations Expense,General and Admin,Travel,Meals,721500 General and Admin : Travel : Meals
856,General and Admin : Travel : Entertainment,722000,31,WagWay Group : WagWay Group LLC : Pawville Holdings LLC : Pawville Intermediate Holdings LLC : Pawville Florida LLC,,,Operating Expenses,Operations Expense,General and Admin,Travel,Entertainment,722000 General and Admin : Travel : Entertainment
857,General and Admin : Systems,730000,31,WagWay Group : WagWay Group LLC : Pawville Holdings LLC : Pawville Intermediate Holdings LLC : Pawville Florida LLC,,,Operating Expenses,Operations Expense,General and Admin,Systems,730000 General and Admin : Systems,
862,General and Admin : Insurance : Other Insurance,742000,31,WagWay Group : WagWay Group LLC : Pawville Holdings LLC : Pawville Intermediate Holdings LLC : Pawville Florida LLC,,,Operating Expenses,Operations Expense,General and Admin,Insurance,Other Insurance,742000 General and Admin : Insurance : Other Insurance
920,General and Admin : Marketing : Other Marketing,751000,31,WagWay Group : WagWay Group LLC : Pawville Holdings LLC : Pawville Intermediate Holdings LLC : Pawville Florida LLC,,,Operating Expenses,Operations Expense,General and Admin,Marketing,Other Marketing,751000 General and Admin : Marketing : Other Marketing
924,General and Admin : Transaction Expenses,790000,31,WagWay Group : WagWay Group LLC : Pawville Holdings LLC : Pawville Intermediate Holdings LLC : Pawville Florida LLC,,,Operating Expenses,Operations Expense,General and Admin,Transaction Expenses,790000 General and Admin : Transaction Expenses,
1018,Operating Expenses : Facility Expense : Repair and Maintenance,623500,31,WagWay Group : WagWay Group LLC : Pawville Holdings LLC : Pawville Intermediate Holdings LLC : Pawville Florida LLC,,,Operating Expenses,Facility Expense,Repair and Maintenance,623500 Operating Expenses : Facility Expense : Repair and Maintenance,,
1019,Operating Expenses : Other Operating Expense : Auto Insurance,630500,31,WagWay Group : WagWay Group LLC : Pawville Holdings LLC : Pawville Intermediate Holdings LLC : Pawville Florida LLC,,,Operating Expenses,Other Operating Expense,Auto Insurance,630500 Operating Expenses : Other Operating Expense : Auto Insurance,,
1021,Operating Expenses : Other Operating Expense : Fuel,631500,31,WagWay Group : WagWay Group LLC : Pawville Holdings LLC : Pawville Intermediate Holdings LLC : Pawville Florida LLC,,,Operating Expenses,Other Operating Expense,Fuel,631500 Operating Expenses : Other Operating Expense : Fuel,,
1026,General and Admin : Advertising : Other Advertising,761000,31,WagWay Group : WagWay Group LLC : Pawville Holdings LLC : Pawville Intermediate Holdings LLC : Pawville Florida LLC,,,Operating Expenses,Operations Expense,General and Admin,Advertising,Other Advertising,761000 General and Admin : Advertising : Other Advertising
1027,General and Admin : Professional Services : Legal,770500,31,WagWay Group : WagWay Group LLC : Pawville Holdings LLC : Pawville Intermediate Holdings LLC : Pawville Florida LLC,,,Operating Expenses,Professional Fees,General and Admin,Legal,770500 General and Admin : Professional Services : Legal,
1030,General and Admin : Professional Services : Recruiting,772000,31,WagWay Group : WagWay Group LLC : Pawville Holdings LLC : Pawville Intermediate Holdings LLC : Pawville Florida LLC,,,Operating Expenses,Professional Fees,General and Admin,Recruiting,772000 General and Admin : Professional Services : Recruiting,
1031,General and Admin : Professional Services : Employee Training and Development,772500,31,WagWay Group : WagWay Group LLC : Pawville Holdings LLC : Pawville Intermediate Holdings LLC : Pawville Florida LLC,,,Operating Expenses,Professional Fees,General and Admin,Employee Training and Development,772500 General and Admin : Professional Services : Employee Training and Development,
1032,General and Admin : Professional Services : Other Professional Services,773000,31,WagWay Group : WagWay Group LLC : Pawville Holdings LLC : Pawville Intermediate Holdings LLC : Pawville Florida LLC,,,Operating Expenses,Professional Fees,General and Admin,Other Professional Services,773000 General and Admin : Professional Services : Other Professional Services,
1033,General and Admin : Other G&A Expenses : Bank Fees and Charges,780500,31,WagWay Group : WagWay Group LLC : Pawville Holdings LLC : Pawville Intermediate Holdings LLC : Pawville Florida LLC,,,Operating Expenses,Operations Expense,General and Admin,Other G&A Expenses,Bank Fees and Charges,780500 General and Admin : Other G&A Expenses : Bank Fees and Charges
1035,General and Admin : Other G&A Expenses : Dues and Subscriptions,781500,31,WagWay Group : WagWay Group LLC : Pawville Holdings LLC : Pawville Intermediate Holdings LLC : Pawville Florida LLC,,,Operating Expenses,Operations Expense,General and Admin,Other G&A Expenses,Dues and Subscriptions,781500 General and Admin : Other G&A Expenses : Dues and Subscriptions
1036,General and Admin : Other G&A Expenses : Charitable Contributions,782000,31,WagWay Group : WagWay Group LLC : Pawville Holdings LLC : Pawville Intermediate Holdings LLC : Pawville Florida LLC,,,Operating Expenses,Operations Expense,General and Admin,Other G&A Expenses,Charitable Contributions,782000 General and Admin : Other G&A Expenses : Charitable Contributions
1037,General and Admin : Other G&A Expenses : Taxes and Licenses,782500,31,WagWay Group : WagWay Group LLC : Pawville Holdings LLC : Pawville Intermediate Holdings LLC : Pawville Florida LLC,,,Operating Expenses,Operations Expense,General and Admin,Other G&A Expenses,Taxes and Licenses,782500 General and Admin : Other G&A Expenses : Taxes and Licenses
1038,Other Expense : Depreciation : Depreciation -Equipment,852010,31,WagWay Group : WagWay Group LLC : Pawville Holdings LLC : Pawville Intermediate Holdings LLC : Pawville Florida LLC,,,Other (Income) / Expense,Other Expenses,Other Expense,Depreciation,Depreciation -Equipment,852010 Other Expense : Depreciation : Depreciation -Equipment
1040,Other Expense : Depreciation : Depreciation - Leasehold Improvements,852030,31,WagWay Group : WagWay Group LLC : Pawville Holdings LLC : Pawville Intermediate Holdings LLC : Pawville Florida LLC,,,Other (Income) / Expense,Other Expenses,Other Expense,Depreciation,Depreciation - Leasehold Improvements,852030 Other Expense : Depreciation : Depreciation - Leasehold Improvements
1042,Other Expense : Depreciation : Depreciation - Vehicles,852050,31,WagWay Group : WagWay Group LLC : Pawville Holdings LLC : Pawville Intermediate Holdings LLC : Pawville Florida LLC,,,Other (Income) / Expense,Other Expenses,Other Expense,Depreciation,Depreciation - Vehicles,852050 Other Expense : Depreciation : Depreciation - Vehicles
1166,Cash : Collections : Pawville Citrus,100601,31,WagWay Group : WagWay Group LLC : Pawville Holdings LLC : Pawville Intermediate Holdings LLC : Pawville Florida LLC,,,Current Assets,Cash,Collections,Pawville Citrus,100601 Cash : Collections : Pawville Citrus,100601 Cash : Collections : Pawville Citrus
1253,Revenue : Sales Discounts,460000,31,WagWay Group : WagWay Group LLC : Pawville Holdings LLC : Pawville Intermediate Holdings LLC : Pawville Florida LLC,26,Other Revenue,Revenue,Other Revenue,Sales Discounts,460000 Revenue : Sales Discounts,,
1255,Other Expense,850000,31,WagWay Group : WagWay Group LLC : Pawville Holdings LLC : Pawville Intermediate Holdings LLC : Pawville Florida LLC,,,Other (Income) / Expense,Other Expenses,Other Expense,850000 Other Expense,,
1256,Inventory : Retail Inventory,120250,31,WagWay Group : WagWay Group LLC : Pawville Holdings LLC : Pawville Intermediate Holdings LLC : Pawville Florida LLC,,,Current Assets,Other Current Assets,Inventory,Retail Inventory,120250 Inventory : Retail Inventory,120250 Inventory : Retail Inventory
1258,Other Long term Assets : ASC 842 - ROU Asset Account,171000,31,WagWay Group : WagWay Group LLC : Pawville Holdings LLC : Pawville Intermediate Holdings LLC : Pawville Florida LLC,,,Non-Current Assets,Other Assets,Other Long term Assets,ASC 842 - ROU Asset Account,171000 Other Long term Assets : ASC 842 - ROU Asset Account,
1259,Accounts Payable : Accounts Payable Trade,200250,31,WagWay Group : WagWay Group LLC : Pawville Holdings LLC : Pawville Intermediate Holdings LLC : Pawville Florida LLC,,,Current Liabilities,Accounts Payable,Accounts Payable Trade,200250 Accounts Payable : Accounts Payable Trade,,
1353,Accounts Receivable : Accounts Receivable Trade,110250,31,WagWay Group : WagWay Group LLC : Pawville Holdings LLC : Pawville Intermediate Holdings LLC : Pawville Florida LLC,,,Current Assets,Accounts Receivable,Accounts Receivable,Accounts Receivable Trade,110250 Accounts Receivable : Accounts Receivable Trade,
1373,Other Current Liabilities : ASC 842 - Lease Liability Short-Term Account,221000,31,WagWay Group : WagWay Group LLC : Pawville Holdings LLC : Pawville Intermediate Holdings LLC : Pawville Florida LLC,,,Current Liabilities,Other Current Liabilities,ASC 842 - Lease Liability Short-Term Account,221000 Other Current Liabilities : ASC 842 - Lease Liability Short-Term Account,,
1378,Accrued Expenses : Accrued Expenses - Other,250750,31,WagWay Group : WagWay Group LLC : Pawville Holdings LLC : Pawville Intermediate Holdings LLC : Pawville Florida LLC,,,Non-Current Liabilities,Other Liabilities,Accrued Expenses,Accrued Expenses - Other,250750 Accrued Expenses : Accrued Expenses - Other,
1381,Other Long term Liabilities : ASC 842 - Lease Liability Long-Term Account,290250,31,WagWay Group : WagWay Group LLC : Pawville Holdings LLC : Pawville Intermediate Holdings LLC : Pawville Florida LLC,,,Non-Current Liabilities,Long Term Liabilities,Other Long term Liabilities,ASC 842 - Lease Liability Long-Term Account,290250 Other Long term Liabilities : ASC 842 - Lease Liability Long-Term Account,
1397,Intercompany AR_x,111000,31,WagWay Group : WagWay Group LLC : Pawville Holdings LLC : Pawville Intermediate Holdings LLC : Pawville Florida LLC,,,Current Assets,Other Current Assets,Intercompany AR_x,111000 Intercompany AR_x,,
1398,Intercompany AP_x,200500,31,WagWay Group : WagWay Group LLC : Pawville Holdings LLC : Pawville Intermediate Holdings LLC : Pawville Florida LLC,16,Pet Care,Non-Current Liabilities,Other Liabilities,Intercompany AP_x,200500 Intercompany AP_x,,
1398,Intercompany AP_x,200500,31,WagWay Group : WagWay Group LLC : Pawville Holdings LLC : Pawville Intermediate Holdings LLC : Pawville Florida LLC,,,Non-Current Liabilities,Other Liabilities,Intercompany AP_x,200500 Intercompany AP_x,,
1398,Intercompany AP_x,200500,31,WagWay Group : WagWay Group LLC : Pawville Holdings LLC : Pawville Intermediate Holdings LLC : Pawville Florida LLC,1,Grooming,Non-Current Liabilities,Other Liabilities,Intercompany AP_x,200500 Intercompany AP_x,,
1399,General and Admin : Travel : Vehicle/Toll/Parking,721750,31,WagWay Group : WagWay Group LLC : Pawville Holdings LLC : Pawville Intermediate Holdings LLC : Pawville Florida LLC,,,Operating Expenses,Operations Expense,General and Admin,Travel,Vehicle/Toll/Parking,721750 General and Admin : Travel : Vehicle/Toll/Parking
1499,General and Admin : Other G&A Expenses : Office Supplies,783000,31,WagWay Group : WagWay Group LLC : Pawville Holdings LLC : Pawville Intermediate Holdings LLC : Pawville Florida LLC,,,Operating Expenses,Operations Expense,General and Admin,Other G&A Expenses,Office Supplies,783000 General and Admin : Other G&A Expenses : Office Supplies
1806,Ramp Card - Pawville Florida LLC,Ramp Card - Pawville Florida LLC,31,WagWay Group : WagWay Group LLC : Pawville Holdings LLC : Pawville Intermediate Holdings LLC : Pawville Florida LLC,,,Current Liabilities,Credit Card,Ramp Card,Pawville Florida LLC,Ramp Card - Pawville Florida LLC Ramp Card - Pawville Florida LLC,
2003,Intercompany AP - RAMP,200501,31,WagWay Group : WagWay Group LLC : Pawville Holdings LLC : Pawville Intermediate Holdings LLC : Pawville Florida LLC,,,Current Liabilities,Accounts Payable,Intercompany AP,RAMP,200501 Intercompany AP - RAMP,
2014,Cash : Collections : Pawville Citrus : Pawville Citrus Clearing Account,100601.1,31,WagWay Group : WagWay Group LLC : Pawville Holdings LLC : Pawville Intermediate Holdings LLC : Pawville Florida LLC,,,Current Assets,Cash,Collections,Pawville Citrus,Pawville Citrus Clearing Account,
,,,31,WagWay Group : WagWay Group LLC : Pawville Holdings LLC : Pawville Intermediate Holdings LLC : Pawville Florida LLC,1,Grooming,,,,,,
,,,31,WagWay Group : WagWay Group LLC : Pawville Holdings LLC : Pawville Intermediate Holdings LLC : Pawville Florida LLC,,,,,,,,
,,,31,WagWay Group : WagWay Group LLC : Pawville Holdings LLC : Pawville Intermediate Holdings LLC : Pawville Florida LLC,16,Pet Care,,,,,,
52,Equity : Retained Earnings,310000,32,WagWay Group : WagWay Group LLC : Pawville Holdings LLC : Pawville Intermediate Holdings LLC : Pawville Georgia LLC,,,Equity,Equity,Retained Earnings,310000 Equity : Retained Earnings,,
221,COGS : COGS Wages : Regular Wages,510500,32,WagWay Group : WagWay Group LLC : Pawville Holdings LLC : Pawville Intermediate Holdings LLC : Pawville Georgia LLC,16,Pet Care,COGS,Pet Care,COGS Wages,Regular Wages,510500 COGS : COGS Wages : Regular Wages,
221,COGS : COGS Wages : Regular Wages,510500,32,WagWay Group : WagWay Group LLC : Pawville Holdings LLC : Pawville Intermediate Holdings LLC : Pawville Georgia LLC,1,Grooming,COGS,Grooming,COGS Wages,Regular Wages,510500 COGS : COGS Wages : Regular Wages,
221,COGS : COGS Wages : Regular Wages,510500,32,WagWay Group : WagWay Group LLC : Pawville Holdings LLC : Pawville Intermediate Holdings LLC : Pawville Georgia LLC,25,Vet Services,COGS,Vet Services,COGS Wages,Regular Wages,510500 COGS : COGS Wages : Regular Wages,
226,COGS : COGS Wages : Employer Taxes,513000,32,WagWay Group : WagWay Group LLC : Pawville Holdings LLC : Pawville Intermediate Holdings LLC : Pawville Georgia LLC,16,Pet Care,COGS,Pet Care,COGS Wages,Employer Taxes,513000 COGS : COGS Wages : Employer Taxes,
226,COGS : COGS Wages : Employer Taxes,513000,32,WagWay Group : WagWay Group LLC : Pawville Holdings LLC : Pawville Intermediate Holdings LLC : Pawville Georgia LLC,1,Grooming,COGS,Grooming,COGS Wages,Employer Taxes,513000 COGS : COGS Wages : Employer Taxes,
227,COGS : COGS Wages : Employer Medical/Dental/Vision,513500,32,WagWay Group : WagWay Group LLC : Pawville Holdings LLC : Pawville Intermediate Holdings LLC : Pawville Georgia LLC,16,Pet Care,COGS,Pet Care,COGS Wages,Employer Medical/Dental/Vision,513500 COGS : COGS Wages : Employer Medical/Dental/Vision,
227,COGS : COGS Wages : Employer Medical/Dental/Vision,513500,32,WagWay Group : WagWay Group LLC : Pawville Holdings LLC : Pawville Intermediate Holdings LLC : Pawville Georgia LLC,1,Grooming,COGS,Grooming,COGS Wages,Employer Medical/Dental/Vision,513500 COGS : COGS Wages : Employer Medical/Dental/Vision,
231,COGS : COGS Wages : Employer 401k,515500,32,WagWay Group : WagWay Group LLC : Pawville Holdings LLC : Pawville Intermediate Holdings LLC : Pawville Georgia LLC,16,Pet Care,COGS,Pet Care,COGS Wages,Employer 401k,515500 COGS : COGS Wages : Employer 401k,
231,COGS : COGS Wages : Employer 401k,515500,32,WagWay Group : WagWay Group LLC : Pawville Holdings LLC : Pawville Intermediate Holdings LLC : Pawville Georgia LLC,1,Grooming,COGS,Grooming,COGS Wages,Employer 401k,515500 COGS : COGS Wages : Employer 401k,
233,COGS : COGS Consumables : Grooming Supplies,520500,32,WagWay Group : WagWay Group LLC : Pawville Holdings LLC : Pawville Intermediate Holdings LLC : Pawville Georgia LLC,1,Grooming,COGS,Grooming,COGS Consumables,Grooming Supplies,520500 COGS : COGS Consumables : Grooming Supplies,
235,COGS : COGS Consumables : Other Supplies,521500,32,WagWay Group : WagWay Group LLC : Pawville Holdings LLC : Pawville Intermediate Holdings LLC : Pawville Georgia LLC,,,COGS,No Revenue Stream,COGS Consumables,Other Supplies,521500 COGS : COGS Consumables : Other Supplies,
235,COGS : COGS Consumables : Other Supplies,521500,32,WagWay Group : WagWay Group LLC : Pawville Holdings LLC : Pawville Intermediate Holdings LLC : Pawville Georgia LLC,20,Playcare,COGS,Pet Care : Playcare,COGS Consumables,Other Supplies,521500 COGS : COGS Consumables : Other Supplies,
235,COGS : COGS Consumables : Other Supplies,521500,32,WagWay Group : WagWay Group LLC : Pawville Holdings LLC : Pawville Intermediate Holdings LLC : Pawville Georgia LLC,25,Vet Services,COGS,Vet Services,COGS Consumables,Other Supplies,521500 COGS : COGS Consumables : Other Supplies,
235,COGS : COGS Consumables : Other Supplies,521500,32,WagWay Group : WagWay Group LLC : Pawville Holdings LLC : Pawville Intermediate Holdings LLC : Pawville Georgia LLC,16,Pet Care,COGS,Pet Care,COGS Consumables,Other Supplies,521500 COGS : COGS Consumables : Other Supplies,
236,COGS : COGS Consumables : Retail,522000,32,WagWay Group : WagWay Group LLC : Pawville Holdings LLC : Pawville Intermediate Holdings LLC : Pawville Georgia LLC,23,Retail,COGS,Retail,COGS Consumables,Retail,522000 COGS : COGS Consumables : Retail,
236,COGS : COGS Consumables : Retail,522000,32,WagWay Group : WagWay Group LLC : Pawville Holdings LLC : Pawville Intermediate Holdings LLC : Pawville Georgia LLC,,,COGS,No Revenue Stream,COGS Consumables,Retail,522000 COGS : COGS Consumables : Retail,
240,Fixed Assets : Construction in Progress,150500,32,WagWay Group : WagWay Group LLC : Pawville Holdings LLC : Pawville Intermediate Holdings LLC : Pawville Georgia LLC,,,Non-Current Assets,Fixed Assets,Construction in Progress,150500 Fixed Assets : Construction in Progress,,
241,Fixed Assets : Equipment,151000,32,WagWay Group : WagWay Group LLC : Pawville Holdings LLC : Pawville Intermediate Holdings LLC : Pawville Georgia LLC,,,Non-Current Assets,Fixed Assets,Equipment,151000 Fixed Assets : Equipment,,
243,Fixed Assets : Leasehold Improvements,152000,32,WagWay Group : WagWay Group LLC : Pawville Holdings LLC : Pawville Intermediate Holdings LLC : Pawville Georgia LLC,,,Non-Current Assets,Fixed Assets,Leasehold Improvements,152000 Fixed Assets : Leasehold Improvements,,
246,Fixed Assets : Accumulated Depreciation - Equipment,153500,32,WagWay Group : WagWay Group LLC : Pawville Holdings LLC : Pawville Intermediate Holdings LLC : Pawville Georgia LLC,,,Non-Current Assets,Fixed Assets,Accumulated Depreciation - Equipment,153500 Fixed Assets : Accumulated Depreciation - Equipment,,
247,Fixed Assets : Accumulated Depreciation - Furniture & Fixtures,154000,32,WagWay Group : WagWay Group LLC : Pawville Holdings LLC : Pawville Intermediate Holdings LLC : Pawville Georgia LLC,,,Non-Current Assets,Fixed Assets,Accumulated Depreciation - Furniture & Fixtures,154000 Fixed Assets : Accumulated Depreciation - Furniture & Fixtures,,
424,Other Current Assets,140000,32,WagWay Group : WagWay Group LLC : Pawville Holdings LLC : Pawville Intermediate Holdings LLC : Pawville Georgia LLC,,,Current Assets,Other Current Assets,Other Current Assets,140000 Other Current Assets,,
440,Accrued Expenses,250000,32,WagWay Group : WagWay Group LLC : Pawville Holdings LLC : Pawville Intermediate Holdings LLC : Pawville Georgia LLC,,,Non-Current Liabilities,Other Liabilities,Accrued Expenses,250000 Accrued Expenses,,
618,Payroll Liabilities : Accrued Payroll,260500,32,WagWay Group : WagWay Group LLC : Pawville Holdings LLC : Pawville Intermediate Holdings LLC : Pawville Georgia LLC,,,Non-Current Liabilities,Other Liabilities,Payroll Liabilities,Accrued Payroll,260500 Payroll Liabilities : Accrued Payroll,
621,Payroll Liabilities : Accrued Bonuses,262000,32,WagWay Group : WagWay Group LLC : Pawville Holdings LLC : Pawville Intermediate Holdings LLC : Pawville Georgia LLC,,,Non-Current Liabilities,Other Liabilities,Payroll Liabilities,Accrued Bonuses,262000 Payroll Liabilities : Accrued Bonuses,
622,Payroll Liabilities : Accrued Payroll Taxes - Federal,262500,32,WagWay Group : WagWay Group LLC : Pawville Holdings LLC : Pawville Intermediate Holdings LLC : Pawville Georgia LLC,,,Non-Current Liabilities,Other Liabilities,Payroll Liabilities,Accrued Payroll Taxes - Federal,262500 Payroll Liabilities : Accrued Payroll Taxes - Federal,
629,Payroll Liabilities : Accrued 401k,266000,32,WagWay Group : WagWay Group LLC : Pawville Holdings LLC : Pawville Intermediate Holdings LLC : Pawville Georgia LLC,,,Non-Current Liabilities,Other Liabilities,Payroll Liabilities,Accrued 401k,266000 Payroll Liabilities : Accrued 401k,
630,Payroll Liabilities : Accrued Tips,266500,32,WagWay Group : WagWay Group LLC : Pawville Holdings LLC : Pawville Intermediate Holdings LLC : Pawville Georgia LLC,,,Non-Current Liabilities,Other Liabilities,Payroll Liabilities,Accrued Tips,266500 Payroll Liabilities : Accrued Tips,
718,Revenue : Service Revenue,410000,32,WagWay Group : WagWay Group LLC : Pawville Holdings LLC : Pawville Intermediate Holdings LLC : Pawville Georgia LLC,25,Vet Services,Revenue,Vet Services,Service Revenue,410000 Revenue : Service Revenue,,
718,Revenue : Service Revenue,410000,32,WagWay Group : WagWay Group LLC : Pawville Holdings LLC : Pawville Intermediate Holdings LLC : Pawville Georgia LLC,18,Daycare,Revenue,Pet Care : Daycare,Service Revenue,410000 Revenue : Service Revenue,,
718,Revenue : Service Revenue,410000,32,WagWay Group : WagWay Group LLC : Pawville Holdings LLC : Pawville Intermediate Holdings LLC : Pawville Georgia LLC,17,Boarding,Revenue,Pet Care,Service Revenue,410000 Revenue : Service Revenue,,
718,Revenue : Service Revenue,410000,32,WagWay Group : WagWay Group LLC : Pawville Holdings LLC : Pawville Intermediate Holdings LLC : Pawville Georgia LLC,26,Other Revenue,Revenue,Other Revenue,Service Revenue,410000 Revenue : Service Revenue,,
718,Revenue : Service Revenue,410000,32,WagWay Group : WagWay Group LLC : Pawville Holdings LLC : Pawville Intermediate Holdings LLC : Pawville Georgia LLC,23,Retail,Revenue,Retail,Service Revenue,410000 Revenue : Service Revenue,,
718,Revenue : Service Revenue,410000,32,WagWay Group : WagWay Group LLC : Pawville Holdings LLC : Pawville Intermediate Holdings LLC : Pawville Georgia LLC,1,Grooming,Revenue,Grooming,Service Revenue,410000 Revenue : Service Revenue,,
719,Revenue : Retail,420000,32,WagWay Group : WagWay Group LLC : Pawville Holdings LLC : Pawville Intermediate Holdings LLC : Pawville Georgia LLC,23,Retail,Revenue,Retail,Retail,420000 Revenue : Retail,,
721,Revenue : Other Revenue,440000,32,WagWay Group : WagWay Group LLC : Pawville Holdings LLC : Pawville Intermediate Holdings LLC : Pawville Georgia LLC,26,Other Revenue,Revenue,Other Revenue,Other Revenue,440000 Revenue : Other Revenue,,
820,Operating Expenses : OPEX Wages : Regular Wages,610500,32,WagWay Group : WagWay Group LLC : Pawville Holdings LLC : Pawville Intermediate Holdings LLC : Pawville Georgia LLC,,,Operating Expenses,Ops Labour Expense,Regular Wages,610500 Operating Expenses : OPEX Wages : Regular Wages,,
825,Operating Expenses : OPEX Wages : Employer Taxes,613000,32,WagWay Group : WagWay Group LLC : Pawville Holdings LLC : Pawville Intermediate Holdings LLC : Pawville Georgia LLC,,,Operating Expenses,Ops Labour Expense,Employer Taxes,613000 Operating Expenses : OPEX Wages : Employer Taxes,,
826,Operating Expenses : OPEX Wages : Employer Medical/Dental/Vision,613500,32,WagWay Group : WagWay Group LLC : Pawville Holdings LLC : Pawville Intermediate Holdings LLC : Pawville Georgia LLC,,,Operating Expenses,Ops Labour Expense,Employer Medical/Dental/Vision,613500 Operating Expenses : OPEX Wages : Employer Medical/Dental/Vision,,
830,Operating Expenses : OPEX Wages : Employer 401k,615500,32,WagWay Group : WagWay Group LLC : Pawville Holdings LLC : Pawville Intermediate Holdings LLC : Pawville Georgia LLC,,,Operating Expenses,Ops Labour Expense,Employer 401k,615500 Operating Expenses : OPEX Wages : Employer 401k,,
832,Operating Expenses : Facility Expense : Rent,620500,32,WagWay Group : WagWay Group LLC : Pawville Holdings LLC : Pawville Intermediate Holdings LLC : Pawville Georgia LLC,,,Operating Expenses,Facility Expense,Rent,620500 Operating Expenses : Facility Expense : Rent,,
833,Operating Expenses : Facility Expense : Electric,621000,32,WagWay Group : WagWay Group LLC : Pawville Holdings LLC : Pawville Intermediate Holdings LLC : Pawville Georgia LLC,,,Operating Expenses,Facility Expense,Electric,621000 Operating Expenses : Facility Expense : Electric,,
834,Operating Expenses : Facility Expense : Gas,621500,32,WagWay Group : WagWay Group LLC : Pawville Holdings LLC : Pawville Intermediate Holdings LLC : Pawville Georgia LLC,,,Operating Expenses,Facility Expense,Gas,621500 Operating Expenses : Facility Expense : Gas,,
835,Operating Expenses : Facility Expense : Water,622000,32,WagWay Group : WagWay Group LLC : Pawville Holdings LLC : Pawville Intermediate Holdings LLC : Pawville Georgia LLC,,,Operating Expenses,Facility Expense,Water,622000 Operating Expenses : Facility Expense : Water,,
836,Operating Expenses : Facility Expense : Data,622500,32,WagWay Group : WagWay Group LLC : Pawville Holdings LLC : Pawville Intermediate Holdings LLC : Pawville Georgia LLC,,,Operating Expenses,Facility Expense,Data,622500 Operating Expenses : Facility Expense : Data,,
837,Operating Expenses : Facility Expense : Phone,623000,32,WagWay Group : WagWay Group LLC : Pawville Holdings LLC : Pawville Intermediate Holdings LLC : Pawville Georgia LLC,,,Operating Expenses,Facility Expense,Phone,623000 Operating Expenses : Facility Expense : Phone,,
838,Operating Expenses : Facility Expense : Property Insurance,624000,32,WagWay Group : WagWay Group LLC : Pawville Holdings LLC : Pawville Intermediate Holdings LLC : Pawville Georgia LLC,,,Operating Expenses,Facility Expense,Property Insurance,624000 Operating Expenses : Facility Expense : Property Insurance,,
841,General and Admin : G&A Wages : Regular Wages,710500,32,WagWay Group : WagWay Group LLC : Pawville Holdings LLC : Pawville Intermediate Holdings LLC : Pawville Georgia LLC,,,Operating Expenses,Operations Expense,General and Admin,G&A Wages,Regular Wages,710500 General and Admin : G&A Wages : Regular Wages
845,General and Admin : G&A Wages : Bonuses,712500,32,WagWay Group : WagWay Group LLC : Pawville Holdings LLC : Pawville Intermediate Holdings LLC : Pawville Georgia LLC,,,Operating Expenses,Operations Expense,General and Admin,G&A Wages,Bonuses,712500 General and Admin : G&A Wages : Bonuses
846,General and Admin : G&A Wages : Employer Taxes,713000,32,WagWay Group : WagWay Group LLC : Pawville Holdings LLC : Pawville Intermediate Holdings LLC : Pawville Georgia LLC,,,Operating Expenses,Operations Expense,General and Admin,G&A Wages,Employer Taxes,713000 General and Admin : G&A Wages : Employer Taxes
851,General and Admin : G&A Wages : Employer 401k,715500,32,WagWay Group : WagWay Group LLC : Pawville Holdings LLC : Pawville Intermediate Holdings LLC : Pawville Georgia LLC,,,Operating Expenses,Operations Expense,General and Admin,G&A Wages,Employer 401k,715500 General and Admin : G&A Wages : Employer 401k
853,General and Admin : Travel : Airfare,720500,32,WagWay Group : WagWay Group LLC : Pawville Holdings LLC : Pawville Intermediate Holdings LLC : Pawville Georgia LLC,,,Operating Expenses,Operations Expense,General and Admin,Travel,Airfare,720500 General and Admin : Travel : Airfare
854,General and Admin : Travel : Lodging,721000,32,WagWay Group : WagWay Group LLC : Pawville Holdings LLC : Pawville Intermediate Holdings LLC : Pawville Georgia LLC,,,Operating Expenses,Operations Expense,General and Admin,Travel,Lodging,721000 General and Admin : Travel : Lodging
855,General and Admin : Travel : Meals,721500,32,WagWay Group : WagWay Group LLC : Pawville Holdings LLC : Pawville Intermediate Holdings LLC : Pawville Georgia LLC,,,Operating Expenses,Operations Expense,General and Admin,Travel,Meals,721500 General and Admin : Travel : Meals
856,General and Admin : Travel : Entertainment,722000,32,WagWay Group : WagWay Group LLC : Pawville Holdings LLC : Pawville Intermediate Holdings LLC : Pawville Georgia LLC,,,Operating Expenses,Operations Expense,General and Admin,Travel,Entertainment,722000 General and Admin : Travel : Entertainment
857,General and Admin : Systems,730000,32,WagWay Group : WagWay Group LLC : Pawville Holdings LLC : Pawville Intermediate Holdings LLC : Pawville Georgia LLC,,,Operating Expenses,Operations Expense,General and Admin,Systems,730000 General and Admin : Systems,
862,General and Admin : Insurance : Other Insurance,742000,32,WagWay Group : WagWay Group LLC : Pawville Holdings LLC : Pawville Intermediate Holdings LLC : Pawville Georgia LLC,,,Operating Expenses,Operations Expense,General and Admin,Insurance,Other Insurance,742000 General and Admin : Insurance : Other Insurance
920,General and Admin : Marketing : Other Marketing,751000,32,WagWay Group : WagWay Group LLC : Pawville Holdings LLC : Pawville Intermediate Holdings LLC : Pawville Georgia LLC,,,Operating Expenses,Operations Expense,General and Admin,Marketing,Other Marketing,751000 General and Admin : Marketing : Other Marketing
1018,Operating Expenses : Facility Expense : Repair and Maintenance,623500,32,WagWay Group : WagWay Group LLC : Pawville Holdings LLC : Pawville Intermediate Holdings LLC : Pawville Georgia LLC,,,Operating Expenses,Facility Expense,Repair and Maintenance,623500 Operating Expenses : Facility Expense : Repair and Maintenance,,
1018,Operating Expenses : Facility Expense : Repair and Maintenance,623500,32,WagWay Group : WagWay Group LLC : Pawville Holdings LLC : Pawville Intermediate Holdings LLC : Pawville Georgia LLC,16,Pet Care,Operating Expenses,Facility Expense,Repair and Maintenance,623500 Operating Expenses : Facility Expense : Repair and Maintenance,,
1019,Operating Expenses : Other Operating Expense : Auto Insurance,630500,32,WagWay Group : WagWay Group LLC : Pawville Holdings LLC : Pawville Intermediate Holdings LLC : Pawville Georgia LLC,,,Operating Expenses,Other Operating Expense,Auto Insurance,630500 Operating Expenses : Other Operating Expense : Auto Insurance,,
1021,Operating Expenses : Other Operating Expense : Fuel,631500,32,WagWay Group : WagWay Group LLC : Pawville Holdings LLC : Pawville Intermediate Holdings LLC : Pawville Georgia LLC,,,Operating Expenses,Other Operating Expense,Fuel,631500 Operating Expenses : Other Operating Expense : Fuel,,
1026,General and Admin : Advertising : Other Advertising,761000,32,WagWay Group : WagWay Group LLC : Pawville Holdings LLC : Pawville Intermediate Holdings LLC : Pawville Georgia LLC,,,Operating Expenses,Operations Expense,General and Admin,Advertising,Other Advertising,761000 General and Admin : Advertising : Other Advertising
1027,General and Admin : Professional Services : Legal,770500,32,WagWay Group : WagWay Group LLC : Pawville Holdings LLC : Pawville Intermediate Holdings LLC : Pawville Georgia LLC,,,Operating Expenses,Professional Fees,General and Admin,Legal,770500 General and Admin : Professional Services : Legal,
1028,General and Admin : Professional Services : IT,771000,32,WagWay Group : WagWay Group LLC : Pawville Holdings LLC : Pawville Intermediate Holdings LLC : Pawville Georgia LLC,,,Operating Expenses,Professional Fees,General and Admin,IT,771000 General and Admin : Professional Services : IT,
1030,General and Admin : Professional Services : Recruiting,772000,32,WagWay Group : WagWay Group LLC : Pawville Holdings LLC : Pawville Intermediate Holdings LLC : Pawville Georgia LLC,,,Operating Expenses,Professional Fees,General and Admin,Recruiting,772000 General and Admin : Professional Services : Recruiting,
1031,General and Admin : Professional Services : Employee Training and Development,772500,32,WagWay Group : WagWay Group LLC : Pawville Holdings LLC : Pawville Intermediate Holdings LLC : Pawville Georgia LLC,,,Operating Expenses,Professional Fees,General and Admin,Employee Training and Development,772500 General and Admin : Professional Services : Employee Training and Development,
1032,General and Admin : Professional Services : Other Professional Services,773000,32,WagWay Group : WagWay Group LLC : Pawville Holdings LLC : Pawville Intermediate Holdings LLC : Pawville Georgia LLC,,,Operating Expenses,Professional Fees,General and Admin,Other Professional Services,773000 General and Admin : Professional Services : Other Professional Services,
1033,General and Admin : Other G&A Expenses : Bank Fees and Charges,780500,32,WagWay Group : WagWay Group LLC : Pawville Holdings LLC : Pawville Intermediate Holdings LLC : Pawville Georgia LLC,,,Operating Expenses,Operations Expense,General and Admin,Other G&A Expenses,Bank Fees and Charges,780500 General and Admin : Other G&A Expenses : Bank Fees and Charges
1035,General and Admin : Other G&A Expenses : Dues and Subscriptions,781500,32,WagWay Group : WagWay Group LLC : Pawville Holdings LLC : Pawville Intermediate Holdings LLC : Pawville Georgia LLC,,,Operating Expenses,Operations Expense,General and Admin,Other G&A Expenses,Dues and Subscriptions,781500 General and Admin : Other G&A Expenses : Dues and Subscriptions
1036,General and Admin : Other G&A Expenses : Charitable Contributions,782000,32,WagWay Group : WagWay Group LLC : Pawville Holdings LLC : Pawville Intermediate Holdings LLC : Pawville Georgia LLC,,,Operating Expenses,Operations Expense,General and Admin,Other G&A Expenses,Charitable Contributions,782000 General and Admin : Other G&A Expenses : Charitable Contributions
1037,General and Admin : Other G&A Expenses : Taxes and Licenses,782500,32,WagWay Group : WagWay Group LLC : Pawville Holdings LLC : Pawville Intermediate Holdings LLC : Pawville Georgia LLC,,,Operating Expenses,Operations Expense,General and Admin,Other G&A Expenses,Taxes and Licenses,782500 General and Admin : Other G&A Expenses : Taxes and Licenses
1038,Other Expense : Depreciation : Depreciation -Equipment,852010,32,WagWay Group : WagWay Group LLC : Pawville Holdings LLC : Pawville Intermediate Holdings LLC : Pawville Georgia LLC,,,Other (Income) / Expense,Other Expenses,Other Expense,Depreciation,Depreciation -Equipment,852010 Other Expense : Depreciation : Depreciation -Equipment
1039,Other Expense : Depreciation : Depreciation - Furniture & Fixtures,852020,32,WagWay Group : WagWay Group LLC : Pawville Holdings LLC : Pawville Intermediate Holdings LLC : Pawville Georgia LLC,,,Other (Income) / Expense,Other Expenses,Other Expense,Depreciation,Depreciation - Furniture & Fixtures,852020 Other Expense : Depreciation : Depreciation - Furniture & Fixtures
1167,Cash : Collections : Pawville Winder,100602,32,WagWay Group : WagWay Group LLC : Pawville Holdings LLC : Pawville Intermediate Holdings LLC : Pawville Georgia LLC,,,Current Assets,Cash,Collections,Pawville Winder,100602 Cash : Collections : Pawville Winder,100602 Cash : Collections : Pawville Winder
1253,Revenue : Sales Discounts,460000,32,WagWay Group : WagWay Group LLC : Pawville Holdings LLC : Pawville Intermediate Holdings LLC : Pawville Georgia LLC,26,Other Revenue,Revenue,Other Revenue,Sales Discounts,460000 Revenue : Sales Discounts,,
1255,Other Expense,850000,32,WagWay Group : WagWay Group LLC : Pawville Holdings LLC : Pawville Intermediate Holdings LLC : Pawville Georgia LLC,,,Other (Income) / Expense,Other Expenses,Other Expense,850000 Other Expense,,
1256,Inventory : Retail Inventory,120250,32,WagWay Group : WagWay Group LLC : Pawville Holdings LLC : Pawville Intermediate Holdings LLC : Pawville Georgia LLC,,,Current Assets,Other Current Assets,Inventory,Retail Inventory,120250 Inventory : Retail Inventory,120250 Inventory : Retail Inventory
1257,Inventory : Veterinary Inventory,120500,32,WagWay Group : WagWay Group LLC : Pawville Holdings LLC : Pawville Intermediate Holdings LLC : Pawville Georgia LLC,,,Current Assets,Other Current Assets,Inventory,Veterinary Inventory,120500 Inventory : Veterinary Inventory,120500 Inventory : Veterinary Inventory
1258,Other Long term Assets : ASC 842 - ROU Asset Account,171000,32,WagWay Group : WagWay Group LLC : Pawville Holdings LLC : Pawville Intermediate Holdings LLC : Pawville Georgia LLC,,,Non-Current Assets,Other Assets,Other Long term Assets,ASC 842 - ROU Asset Account,171000 Other Long term Assets : ASC 842 - ROU Asset Account,
1353,Accounts Receivable : Accounts Receivable Trade,110250,32,WagWay Group : WagWay Group LLC : Pawville Holdings LLC : Pawville Intermediate Holdings LLC : Pawville Georgia LLC,,,Current Assets,Accounts Receivable,Accounts Receivable,Accounts Receivable Trade,110250 Accounts Receivable : Accounts Receivable Trade,
1373,Other Current Liabilities : ASC 842 - Lease Liability Short-Term Account,221000,32,WagWay Group : WagWay Group LLC : Pawville Holdings LLC : Pawville Intermediate Holdings LLC : Pawville Georgia LLC,,,Current Liabilities,Other Current Liabilities,ASC 842 - Lease Liability Short-Term Account,221000 Other Current Liabilities : ASC 842 - Lease Liability Short-Term Account,,
1378,Accrued Expenses : Accrued Expenses - Other,250750,32,WagWay Group : WagWay Group LLC : Pawville Holdings LLC : Pawville Intermediate Holdings LLC : Pawville Georgia LLC,,,Non-Current Liabilities,Other Liabilities,Accrued Expenses,Accrued Expenses - Other,250750 Accrued Expenses : Accrued Expenses - Other,
1381,Other Long term Liabilities : ASC 842 - Lease Liability Long-Term Account,290250,32,WagWay Group : WagWay Group LLC : Pawville Holdings LLC : Pawville Intermediate Holdings LLC : Pawville Georgia LLC,,,Non-Current Liabilities,Long Term Liabilities,Other Long term Liabilities,ASC 842 - Lease Liability Long-Term Account,290250 Other Long term Liabilities : ASC 842 - Lease Liability Long-Term Account,
1397,Intercompany AR_x,111000,32,WagWay Group : WagWay Group LLC : Pawville Holdings LLC : Pawville Intermediate Holdings LLC : Pawville Georgia LLC,,,Current Assets,Other Current Assets,Intercompany AR_x,111000 Intercompany AR_x,,
1398,Intercompany AP_x,200500,32,WagWay Group : WagWay Group LLC : Pawville Holdings LLC : Pawville Intermediate Holdings LLC : Pawville Georgia LLC,,,Non-Current Liabilities,Other Liabilities,Intercompany AP_x,200500 Intercompany AP_x,,
1398,Intercompany AP_x,200500,32,WagWay Group : WagWay Group LLC : Pawville Holdings LLC : Pawville Intermediate Holdings LLC : Pawville Georgia LLC,16,Pet Care,Non-Current Liabilities,Other Liabilities,Intercompany AP_x,200500 Intercompany AP_x,,
1398,Intercompany AP_x,200500,32,WagWay Group : WagWay Group LLC : Pawville Holdings LLC : Pawville Intermediate Holdings LLC : Pawville Georgia LLC,1,Grooming,Non-Current Liabilities,Other Liabilities,Intercompany AP_x,200500 Intercompany AP_x,,
1399,General and Admin : Travel : Vehicle/Toll/Parking,721750,32,WagWay Group : WagWay Group LLC : Pawville Holdings LLC : Pawville Intermediate Holdings LLC : Pawville Georgia LLC,,,Operating Expenses,Operations Expense,General and Admin,Travel,Vehicle/Toll/Parking,721750 General and Admin : Travel : Vehicle/Toll/Parking
1499,General and Admin : Other G&A Expenses : Office Supplies,783000,32,WagWay Group : WagWay Group LLC : Pawville Holdings LLC : Pawville Intermediate Holdings LLC : Pawville Georgia LLC,,,Operating Expenses,Operations Expense,General and Admin,Other G&A Expenses,Office Supplies,783000 General and Admin : Other G&A Expenses : Office Supplies
1805,Ramp Card - Pawville Georgia LLC,Ramp Card - Pawville Georgia LLC,32,WagWay Group : WagWay Group LLC : Pawville Holdings LLC : Pawville Intermediate Holdings LLC : Pawville Georgia LLC,,,Current Liabilities,Credit Card,Ramp Card,Pawville Georgia LLC,Ramp Card - Pawville Georgia LLC Ramp Card - Pawville Georgia LLC,
2003,Intercompany AP - RAMP,200501,32,WagWay Group : WagWay Group LLC : Pawville Holdings LLC : Pawville Intermediate Holdings LLC : Pawville Georgia LLC,,,Current Liabilities,Accounts Payable,Intercompany AP,RAMP,200501 Intercompany AP - RAMP,
2015,Cash : Collections : Pawville Winder : Pawville Winder Clearing Account,100602.1,32,WagWay Group : WagWay Group LLC : Pawville Holdings LLC : Pawville Intermediate Holdings LLC : Pawville Georgia LLC,,,Current Assets,Cash,Collections,Pawville Winder,Pawville Winder Clearing Account,
,,,32,WagWay Group : WagWay Group LLC : Pawville Holdings LLC : Pawville Intermediate Holdings LLC : Pawville Georgia LLC,,,,,,,,
,,,32,WagWay Group : WagWay Group LLC : Pawville Holdings LLC : Pawville Intermediate Holdings LLC : Pawville Georgia LLC,1,Grooming,,,,,,
,,,32,WagWay Group : WagWay Group LLC : Pawville Holdings LLC : Pawville Intermediate Holdings LLC : Pawville Georgia LLC,16,Pet Care,,,,,,
52,Equity : Retained Earnings,310000,33,WagWay Group : WagWay Group LLC : Pawville Holdings LLC : Pawville Intermediate Holdings LLC : Pawville South Carolina LLC,,,Equity,Equity,Retained Earnings,310000 Equity : Retained Earnings,,
221,COGS : COGS Wages : Regular Wages,510500,33,WagWay Group : WagWay Group LLC : Pawville Holdings LLC : Pawville Intermediate Holdings LLC : Pawville South Carolina LLC,1,Grooming,COGS,Grooming,COGS Wages,Regular Wages,510500 COGS : COGS Wages : Regular Wages,
221,COGS : COGS Wages : Regular Wages,510500,33,WagWay Group : WagWay Group LLC : Pawville Holdings LLC : Pawville Intermediate Holdings LLC : Pawville South Carolina LLC,16,Pet Care,COGS,Pet Care,COGS Wages,Regular Wages,510500 COGS : COGS Wages : Regular Wages,
221,COGS : COGS Wages : Regular Wages,510500,33,WagWay Group : WagWay Group LLC : Pawville Holdings LLC : Pawville Intermediate Holdings LLC : Pawville South Carolina LLC,25,Vet Services,COGS,Vet Services,COGS Wages,Regular Wages,510500 COGS : COGS Wages : Regular Wages,
226,COGS : COGS Wages : Employer Taxes,513000,33,WagWay Group : WagWay Group LLC : Pawville Holdings LLC : Pawville Intermediate Holdings LLC : Pawville South Carolina LLC,16,Pet Care,COGS,Pet Care,COGS Wages,Employer Taxes,513000 COGS : COGS Wages : Employer Taxes,
226,COGS : COGS Wages : Employer Taxes,513000,33,WagWay Group : WagWay Group LLC : Pawville Holdings LLC : Pawville Intermediate Holdings LLC : Pawville South Carolina LLC,1,Grooming,COGS,Grooming,COGS Wages,Employer Taxes,513000 COGS : COGS Wages : Employer Taxes,
227,COGS : COGS Wages : Employer Medical/Dental/Vision,513500,33,WagWay Group : WagWay Group LLC : Pawville Holdings LLC : Pawville Intermediate Holdings LLC : Pawville South Carolina LLC,1,Grooming,COGS,Grooming,COGS Wages,Employer Medical/Dental/Vision,513500 COGS : COGS Wages : Employer Medical/Dental/Vision,
227,COGS : COGS Wages : Employer Medical/Dental/Vision,513500,33,WagWay Group : WagWay Group LLC : Pawville Holdings LLC : Pawville Intermediate Holdings LLC : Pawville South Carolina LLC,16,Pet Care,COGS,Pet Care,COGS Wages,Employer Medical/Dental/Vision,513500 COGS : COGS Wages : Employer Medical/Dental/Vision,
231,COGS : COGS Wages : Employer 401k,515500,33,WagWay Group : WagWay Group LLC : Pawville Holdings LLC : Pawville Intermediate Holdings LLC : Pawville South Carolina LLC,16,Pet Care,COGS,Pet Care,COGS Wages,Employer 401k,515500 COGS : COGS Wages : Employer 401k,
231,COGS : COGS Wages : Employer 401k,515500,33,WagWay Group : WagWay Group LLC : Pawville Holdings LLC : Pawville Intermediate Holdings LLC : Pawville South Carolina LLC,1,Grooming,COGS,Grooming,COGS Wages,Employer 401k,515500 COGS : COGS Wages : Employer 401k,
233,COGS : COGS Consumables : Grooming Supplies,520500,33,WagWay Group : WagWay Group LLC : Pawville Holdings LLC : Pawville Intermediate Holdings LLC : Pawville South Carolina LLC,1,Grooming,COGS,Grooming,COGS Consumables,Grooming Supplies,520500 COGS : COGS Consumables : Grooming Supplies,
235,COGS : COGS Consumables : Other Supplies,521500,33,WagWay Group : WagWay Group LLC : Pawville Holdings LLC : Pawville Intermediate Holdings LLC : Pawville South Carolina LLC,,,COGS,No Revenue Stream,COGS Consumables,Other Supplies,521500 COGS : COGS Consumables : Other Supplies,
235,COGS : COGS Consumables : Other Supplies,521500,33,WagWay Group : WagWay Group LLC : Pawville Holdings LLC : Pawville Intermediate Holdings LLC : Pawville South Carolina LLC,16,Pet Care,COGS,Pet Care,COGS Consumables,Other Supplies,521500 COGS : COGS Consumables : Other Supplies,
235,COGS : COGS Consumables : Other Supplies,521500,33,WagWay Group : WagWay Group LLC : Pawville Holdings LLC : Pawville Intermediate Holdings LLC : Pawville South Carolina LLC,25,Vet Services,COGS,Vet Services,COGS Consumables,Other Supplies,521500 COGS : COGS Consumables : Other Supplies,
236,COGS : COGS Consumables : Retail,522000,33,WagWay Group : WagWay Group LLC : Pawville Holdings LLC : Pawville Intermediate Holdings LLC : Pawville South Carolina LLC,,,COGS,No Revenue Stream,COGS Consumables,Retail,522000 COGS : COGS Consumables : Retail,
236,COGS : COGS Consumables : Retail,522000,33,WagWay Group : WagWay Group LLC : Pawville Holdings LLC : Pawville Intermediate Holdings LLC : Pawville South Carolina LLC,23,Retail,COGS,Retail,COGS Consumables,Retail,522000 COGS : COGS Consumables : Retail,
244,Fixed Assets : Software,152500,33,WagWay Group : WagWay Group LLC : Pawville Holdings LLC : Pawville Intermediate Holdings LLC : Pawville South Carolina LLC,,,Non-Current Assets,Fixed Assets,Software,152500 Fixed Assets : Software,,
424,Other Current Assets,140000,33,WagWay Group : WagWay Group LLC : Pawville Holdings LLC : Pawville Intermediate Holdings LLC : Pawville South Carolina LLC,,,Current Assets,Other Current Assets,Other Current Assets,140000 Other Current Assets,,
440,Accrued Expenses,250000,33,WagWay Group : WagWay Group LLC : Pawville Holdings LLC : Pawville Intermediate Holdings LLC : Pawville South Carolina LLC,,,Non-Current Liabilities,Other Liabilities,Accrued Expenses,250000 Accrued Expenses,,
618,Payroll Liabilities : Accrued Payroll,260500,33,WagWay Group : WagWay Group LLC : Pawville Holdings LLC : Pawville Intermediate Holdings LLC : Pawville South Carolina LLC,,,Non-Current Liabilities,Other Liabilities,Payroll Liabilities,Accrued Payroll,260500 Payroll Liabilities : Accrued Payroll,
621,Payroll Liabilities : Accrued Bonuses,262000,33,WagWay Group : WagWay Group LLC : Pawville Holdings LLC : Pawville Intermediate Holdings LLC : Pawville South Carolina LLC,,,Non-Current Liabilities,Other Liabilities,Payroll Liabilities,Accrued Bonuses,262000 Payroll Liabilities : Accrued Bonuses,
622,Payroll Liabilities : Accrued Payroll Taxes - Federal,262500,33,WagWay Group : WagWay Group LLC : Pawville Holdings LLC : Pawville Intermediate Holdings LLC : Pawville South Carolina LLC,,,Non-Current Liabilities,Other Liabilities,Payroll Liabilities,Accrued Payroll Taxes - Federal,262500 Payroll Liabilities : Accrued Payroll Taxes - Federal,
629,Payroll Liabilities : Accrued 401k,266000,33,WagWay Group : WagWay Group LLC : Pawville Holdings LLC : Pawville Intermediate Holdings LLC : Pawville South Carolina LLC,,,Non-Current Liabilities,Other Liabilities,Payroll Liabilities,Accrued 401k,266000 Payroll Liabilities : Accrued 401k,
630,Payroll Liabilities : Accrued Tips,266500,33,WagWay Group : WagWay Group LLC : Pawville Holdings LLC : Pawville Intermediate Holdings LLC : Pawville South Carolina LLC,,,Non-Current Liabilities,Other Liabilities,Payroll Liabilities,Accrued Tips,266500 Payroll Liabilities : Accrued Tips,
718,Revenue : Service Revenue,410000,33,WagWay Group : WagWay Group LLC : Pawville Holdings LLC : Pawville Intermediate Holdings LLC : Pawville South Carolina LLC,23,Retail,Revenue,Retail,Service Revenue,410000 Revenue : Service Revenue,,
718,Revenue : Service Revenue,410000,33,WagWay Group : WagWay Group LLC : Pawville Holdings LLC : Pawville Intermediate Holdings LLC : Pawville South Carolina LLC,1,Grooming,Revenue,Grooming,Service Revenue,410000 Revenue : Service Revenue,,
718,Revenue : Service Revenue,410000,33,WagWay Group : WagWay Group LLC : Pawville Holdings LLC : Pawville Intermediate Holdings LLC : Pawville South Carolina LLC,25,Vet Services,Revenue,Vet Services,Service Revenue,410000 Revenue : Service Revenue,,
718,Revenue : Service Revenue,410000,33,WagWay Group : WagWay Group LLC : Pawville Holdings LLC : Pawville Intermediate Holdings LLC : Pawville South Carolina LLC,18,Daycare,Revenue,Pet Care : Daycare,Service Revenue,410000 Revenue : Service Revenue,,
718,Revenue : Service Revenue,410000,33,WagWay Group : WagWay Group LLC : Pawville Holdings LLC : Pawville Intermediate Holdings LLC : Pawville South Carolina LLC,17,Boarding,Revenue,Pet Care,Service Revenue,410000 Revenue : Service Revenue,,
718,Revenue : Service Revenue,410000,33,WagWay Group : WagWay Group LLC : Pawville Holdings LLC : Pawville Intermediate Holdings LLC : Pawville South Carolina LLC,26,Other Revenue,Revenue,Other Revenue,Service Revenue,410000 Revenue : Service Revenue,,
719,Revenue : Retail,420000,33,WagWay Group : WagWay Group LLC : Pawville Holdings LLC : Pawville Intermediate Holdings LLC : Pawville South Carolina LLC,23,Retail,Revenue,Retail,Retail,420000 Revenue : Retail,,
721,Revenue : Other Revenue,440000,33,WagWay Group : WagWay Group LLC : Pawville Holdings LLC : Pawville Intermediate Holdings LLC : Pawville South Carolina LLC,26,Other Revenue,Revenue,Other Revenue,Other Revenue,440000 Revenue : Other Revenue,,
820,Operating Expenses : OPEX Wages : Regular Wages,610500,33,WagWay Group : WagWay Group LLC : Pawville Holdings LLC : Pawville Intermediate Holdings LLC : Pawville South Carolina LLC,,,Operating Expenses,Ops Labour Expense,Regular Wages,610500 Operating Expenses : OPEX Wages : Regular Wages,,
825,Operating Expenses : OPEX Wages : Employer Taxes,613000,33,WagWay Group : WagWay Group LLC : Pawville Holdings LLC : Pawville Intermediate Holdings LLC : Pawville South Carolina LLC,,,Operating Expenses,Ops Labour Expense,Employer Taxes,613000 Operating Expenses : OPEX Wages : Employer Taxes,,
826,Operating Expenses : OPEX Wages : Employer Medical/Dental/Vision,613500,33,WagWay Group : WagWay Group LLC : Pawville Holdings LLC : Pawville Intermediate Holdings LLC : Pawville South Carolina LLC,,,Operating Expenses,Ops Labour Expense,Employer Medical/Dental/Vision,613500 Operating Expenses : OPEX Wages : Employer Medical/Dental/Vision,,
830,Operating Expenses : OPEX Wages : Employer 401k,615500,33,WagWay Group : WagWay Group LLC : Pawville Holdings LLC : Pawville Intermediate Holdings LLC : Pawville South Carolina LLC,,,Operating Expenses,Ops Labour Expense,Employer 401k,615500 Operating Expenses : OPEX Wages : Employer 401k,,
832,Operating Expenses : Facility Expense : Rent,620500,33,WagWay Group : WagWay Group LLC : Pawville Holdings LLC : Pawville Intermediate Holdings LLC : Pawville South Carolina LLC,,,Operating Expenses,Facility Expense,Rent,620500 Operating Expenses : Facility Expense : Rent,,
833,Operating Expenses : Facility Expense : Electric,621000,33,WagWay Group : WagWay Group LLC : Pawville Holdings LLC : Pawville Intermediate Holdings LLC : Pawville South Carolina LLC,,,Operating Expenses,Facility Expense,Electric,621000 Operating Expenses : Facility Expense : Electric,,
834,Operating Expenses : Facility Expense : Gas,621500,33,WagWay Group : WagWay Group LLC : Pawville Holdings LLC : Pawville Intermediate Holdings LLC : Pawville South Carolina LLC,,,Operating Expenses,Facility Expense,Gas,621500 Operating Expenses : Facility Expense : Gas,,
835,Operating Expenses : Facility Expense : Water,622000,33,WagWay Group : WagWay Group LLC : Pawville Holdings LLC : Pawville Intermediate Holdings LLC : Pawville South Carolina LLC,,,Operating Expenses,Facility Expense,Water,622000 Operating Expenses : Facility Expense : Water,,
836,Operating Expenses : Facility Expense : Data,622500,33,WagWay Group : WagWay Group LLC : Pawville Holdings LLC : Pawville Intermediate Holdings LLC : Pawville South Carolina LLC,,,Operating Expenses,Facility Expense,Data,622500 Operating Expenses : Facility Expense : Data,,
837,Operating Expenses : Facility Expense : Phone,623000,33,WagWay Group : WagWay Group LLC : Pawville Holdings LLC : Pawville Intermediate Holdings LLC : Pawville South Carolina LLC,,,Operating Expenses,Facility Expense,Phone,623000 Operating Expenses : Facility Expense : Phone,,
838,Operating Expenses : Facility Expense : Property Insurance,624000,33,WagWay Group : WagWay Group LLC : Pawville Holdings LLC : Pawville Intermediate Holdings LLC : Pawville South Carolina LLC,,,Operating Expenses,Facility Expense,Property Insurance,624000 Operating Expenses : Facility Expense : Property Insurance,,
841,General and Admin : G&A Wages : Regular Wages,710500,33,WagWay Group : WagWay Group LLC : Pawville Holdings LLC : Pawville Intermediate Holdings LLC : Pawville South Carolina LLC,,,Operating Expenses,Operations Expense,General and Admin,G&A Wages,Regular Wages,710500 General and Admin : G&A Wages : Regular Wages
845,General and Admin : G&A Wages : Bonuses,712500,33,WagWay Group : WagWay Group LLC : Pawville Holdings LLC : Pawville Intermediate Holdings LLC : Pawville South Carolina LLC,,,Operating Expenses,Operations Expense,General and Admin,G&A Wages,Bonuses,712500 General and Admin : G&A Wages : Bonuses
846,General and Admin : G&A Wages : Employer Taxes,713000,33,WagWay Group : WagWay Group LLC : Pawville Holdings LLC : Pawville Intermediate Holdings LLC : Pawville South Carolina LLC,,,Operating Expenses,Operations Expense,General and Admin,G&A Wages,Employer Taxes,713000 General and Admin : G&A Wages : Employer Taxes
847,General and Admin : G&A Wages : Employer Medical/Dental/Vision,713500,33,WagWay Group : WagWay Group LLC : Pawville Holdings LLC : Pawville Intermediate Holdings LLC : Pawville South Carolina LLC,,,Operating Expenses,Operations Expense,General and Admin,G&A Wages,Employer Medical/Dental/Vision,713500 General and Admin : G&A Wages : Employer Medical/Dental/Vision
851,General and Admin : G&A Wages : Employer 401k,715500,33,WagWay Group : WagWay Group LLC : Pawville Holdings LLC : Pawville Intermediate Holdings LLC : Pawville South Carolina LLC,,,Operating Expenses,Operations Expense,General and Admin,G&A Wages,Employer 401k,715500 General and Admin : G&A Wages : Employer 401k
854,General and Admin : Travel : Lodging,721000,33,WagWay Group : WagWay Group LLC : Pawville Holdings LLC : Pawville Intermediate Holdings LLC : Pawville South Carolina LLC,,,Operating Expenses,Operations Expense,General and Admin,Travel,Lodging,721000 General and Admin : Travel : Lodging
855,General and Admin : Travel : Meals,721500,33,WagWay Group : WagWay Group LLC : Pawville Holdings LLC : Pawville Intermediate Holdings LLC : Pawville South Carolina LLC,,,Operating Expenses,Operations Expense,General and Admin,Travel,Meals,721500 General and Admin : Travel : Meals
856,General and Admin : Travel : Entertainment,722000,33,WagWay Group : WagWay Group LLC : Pawville Holdings LLC : Pawville Intermediate Holdings LLC : Pawville South Carolina LLC,,,Operating Expenses,Operations Expense,General and Admin,Travel,Entertainment,722000 General and Admin : Travel : Entertainment
857,General and Admin : Systems,730000,33,WagWay Group : WagWay Group LLC : Pawville Holdings LLC : Pawville Intermediate Holdings LLC : Pawville South Carolina LLC,,,Operating Expenses,Operations Expense,General and Admin,Systems,730000 General and Admin : Systems,
862,General and Admin : Insurance : Other Insurance,742000,33,WagWay Group : WagWay Group LLC : Pawville Holdings LLC : Pawville Intermediate Holdings LLC : Pawville South Carolina LLC,,,Operating Expenses,Operations Expense,General and Admin,Insurance,Other Insurance,742000 General and Admin : Insurance : Other Insurance
920,General and Admin : Marketing : Other Marketing,751000,33,WagWay Group : WagWay Group LLC : Pawville Holdings LLC : Pawville Intermediate Holdings LLC : Pawville South Carolina LLC,,,Operating Expenses,Operations Expense,General and Admin,Marketing,Other Marketing,751000 General and Admin : Marketing : Other Marketing
1018,Operating Expenses : Facility Expense : Repair and Maintenance,623500,33,WagWay Group : WagWay Group LLC : Pawville Holdings LLC : Pawville Intermediate Holdings LLC : Pawville South Carolina LLC,,,Operating Expenses,Facility Expense,Repair and Maintenance,623500 Operating Expenses : Facility Expense : Repair and Maintenance,,
1019,Operating Expenses : Other Operating Expense : Auto Insurance,630500,33,WagWay Group : WagWay Group LLC : Pawville Holdings LLC : Pawville Intermediate Holdings LLC : Pawville South Carolina LLC,,,Operating Expenses,Other Operating Expense,Auto Insurance,630500 Operating Expenses : Other Operating Expense : Auto Insurance,,
1021,Operating Expenses : Other Operating Expense : Fuel,631500,33,WagWay Group : WagWay Group LLC : Pawville Holdings LLC : Pawville Intermediate Holdings LLC : Pawville South Carolina LLC,,,Operating Expenses,Other Operating Expense,Fuel,631500 Operating Expenses : Other Operating Expense : Fuel,,
1026,General and Admin : Advertising : Other Advertising,761000,33,WagWay Group : WagWay Group LLC : Pawville Holdings LLC : Pawville Intermediate Holdings LLC : Pawville South Carolina LLC,,,Operating Expenses,Operations Expense,General and Admin,Advertising,Other Advertising,761000 General and Admin : Advertising : Other Advertising
1027,General and Admin : Professional Services : Legal,770500,33,WagWay Group : WagWay Group LLC : Pawville Holdings LLC : Pawville Intermediate Holdings LLC : Pawville South Carolina LLC,,,Operating Expenses,Professional Fees,General and Admin,Legal,770500 General and Admin : Professional Services : Legal,
1031,General and Admin : Professional Services : Employee Training and Development,772500,33,WagWay Group : WagWay Group LLC : Pawville Holdings LLC : Pawville Intermediate Holdings LLC : Pawville South Carolina LLC,,,Operating Expenses,Professional Fees,General and Admin,Employee Training and Development,772500 General and Admin : Professional Services : Employee Training and Development,
1032,General and Admin : Professional Services : Other Professional Services,773000,33,WagWay Group : WagWay Group LLC : Pawville Holdings LLC : Pawville Intermediate Holdings LLC : Pawville South Carolina LLC,,,Operating Expenses,Professional Fees,General and Admin,Other Professional Services,773000 General and Admin : Professional Services : Other Professional Services,
1033,General and Admin : Other G&A Expenses : Bank Fees and Charges,780500,33,WagWay Group : WagWay Group LLC : Pawville Holdings LLC : Pawville Intermediate Holdings LLC : Pawville South Carolina LLC,,,Operating Expenses,Operations Expense,General and Admin,Other G&A Expenses,Bank Fees and Charges,780500 General and Admin : Other G&A Expenses : Bank Fees and Charges
1035,General and Admin : Other G&A Expenses : Dues and Subscriptions,781500,33,WagWay Group : WagWay Group LLC : Pawville Holdings LLC : Pawville Intermediate Holdings LLC : Pawville South Carolina LLC,,,Operating Expenses,Operations Expense,General and Admin,Other G&A Expenses,Dues and Subscriptions,781500 General and Admin : Other G&A Expenses : Dues and Subscriptions
1037,General and Admin : Other G&A Expenses : Taxes and Licenses,782500,33,WagWay Group : WagWay Group LLC : Pawville Holdings LLC : Pawville Intermediate Holdings LLC : Pawville South Carolina LLC,,,Operating Expenses,Operations Expense,General and Admin,Other G&A Expenses,Taxes and Licenses,782500 General and Admin : Other G&A Expenses : Taxes and Licenses
1038,Other Expense : Depreciation : Depreciation -Equipment,852010,33,WagWay Group : WagWay Group LLC : Pawville Holdings LLC : Pawville Intermediate Holdings LLC : Pawville South Carolina LLC,,,Other (Income) / Expense,Other Expenses,Other Expense,Depreciation,Depreciation -Equipment,852010 Other Expense : Depreciation : Depreciation -Equipment
1168,Cash : Collections : Pawville Pawley's,100603,33,WagWay Group : WagWay Group LLC : Pawville Holdings LLC : Pawville Intermediate Holdings LLC : Pawville South Carolina LLC,,,Current Assets,Cash,Collections,Pawville Pawley's,100603 Cash : Collections : Pawville Pawley's,100603 Cash : Collections : Pawville Pawley's
1253,Revenue : Sales Discounts,460000,33,WagWay Group : WagWay Group LLC : Pawville Holdings LLC : Pawville Intermediate Holdings LLC : Pawville South Carolina LLC,26,Other Revenue,Revenue,Other Revenue,Sales Discounts,460000 Revenue : Sales Discounts,,
1255,Other Expense,850000,33,WagWay Group : WagWay Group LLC : Pawville Holdings LLC : Pawville Intermediate Holdings LLC : Pawville South Carolina LLC,,,Other (Income) / Expense,Other Expenses,Other Expense,850000 Other Expense,,
1258,Other Long term Assets : ASC 842 - ROU Asset Account,171000,33,WagWay Group : WagWay Group LLC : Pawville Holdings LLC : Pawville Intermediate Holdings LLC : Pawville South Carolina LLC,,,Non-Current Assets,Other Assets,Other Long term Assets,ASC 842 - ROU Asset Account,171000 Other Long term Assets : ASC 842 - ROU Asset Account,
1353,Accounts Receivable : Accounts Receivable Trade,110250,33,WagWay Group : WagWay Group LLC : Pawville Holdings LLC : Pawville Intermediate Holdings LLC : Pawville South Carolina LLC,,,Current Assets,Accounts Receivable,Accounts Receivable,Accounts Receivable Trade,110250 Accounts Receivable : Accounts Receivable Trade,
1373,Other Current Liabilities : ASC 842 - Lease Liability Short-Term Account,221000,33,WagWay Group : WagWay Group LLC : Pawville Holdings LLC : Pawville Intermediate Holdings LLC : Pawville South Carolina LLC,,,Current Liabilities,Other Current Liabilities,ASC 842 - Lease Liability Short-Term Account,221000 Other Current Liabilities : ASC 842 - Lease Liability Short-Term Account,,
1378,Accrued Expenses : Accrued Expenses - Other,250750,33,WagWay Group : WagWay Group LLC : Pawville Holdings LLC : Pawville Intermediate Holdings LLC : Pawville South Carolina LLC,,,Non-Current Liabilities,Other Liabilities,Accrued Expenses,Accrued Expenses - Other,250750 Accrued Expenses : Accrued Expenses - Other,
1381,Other Long term Liabilities : ASC 842 - Lease Liability Long-Term Account,290250,33,WagWay Group : WagWay Group LLC : Pawville Holdings LLC : Pawville Intermediate Holdings LLC : Pawville South Carolina LLC,,,Non-Current Liabilities,Long Term Liabilities,Other Long term Liabilities,ASC 842 - Lease Liability Long-Term Account,290250 Other Long term Liabilities : ASC 842 - Lease Liability Long-Term Account,
1397,Intercompany AR_x,111000,33,WagWay Group : WagWay Group LLC : Pawville Holdings LLC : Pawville Intermediate Holdings LLC : Pawville South Carolina LLC,,,Current Assets,Other Current Assets,Intercompany AR_x,111000 Intercompany AR_x,,
1398,Intercompany AP_x,200500,33,WagWay Group : WagWay Group LLC : Pawville Holdings LLC : Pawville Intermediate Holdings LLC : Pawville South Carolina LLC,,,Non-Current Liabilities,Other Liabilities,Intercompany AP_x,200500 Intercompany AP_x,,
1398,Intercompany AP_x,200500,33,WagWay Group : WagWay Group LLC : Pawville Holdings LLC : Pawville Intermediate Holdings LLC : Pawville South Carolina LLC,16,Pet Care,Non-Current Liabilities,Other Liabilities,Intercompany AP_x,200500 Intercompany AP_x,,
1499,General and Admin : Other G&A Expenses : Office Supplies,783000,33,WagWay Group : WagWay Group LLC : Pawville Holdings LLC : Pawville Intermediate Holdings LLC : Pawville South Carolina LLC,,,Operating Expenses,Operations Expense,General and Admin,Other G&A Expenses,Office Supplies,783000 General and Admin : Other G&A Expenses : Office Supplies
1803,Ramp Card - Pawville South Carolina LLC,Ramp Card - Pawville South Carolina LLC,33,WagWay Group : WagWay Group LLC : Pawville Holdings LLC : Pawville Intermediate Holdings LLC : Pawville South Carolina LLC,,,Current Liabilities,Credit Card,Ramp Card,Pawville South Carolina LLC,Ramp Card - Pawville South Carolina LLC Ramp Card - Pawville South Carolina LLC,
2003,Intercompany AP - RAMP,200501,33,WagWay Group : WagWay Group LLC : Pawville Holdings LLC : Pawville Intermediate Holdings LLC : Pawville South Carolina LLC,,,Current Liabilities,Accounts Payable,Intercompany AP,RAMP,200501 Intercompany AP - RAMP,
2016,Cash : Collections : Pawville Pawley's : Pawville Pawley's Clearing Account,100603.1,33,WagWay Group : WagWay Group LLC : Pawville Holdings LLC : Pawville Intermediate Holdings LLC : Pawville South Carolina LLC,,,Current Assets,Cash,Collections,Pawville Pawley's,Pawville Pawley's Clearing Account,
,,,33,WagWay Group : WagWay Group LLC : Pawville Holdings LLC : Pawville Intermediate Holdings LLC : Pawville South Carolina LLC,,,,,,,,
,,,33,WagWay Group : WagWay Group LLC : Pawville Holdings LLC : Pawville Intermediate Holdings LLC : Pawville South Carolina LLC,16,Pet Care,,,,,,
52,Equity : Retained Earnings,310000,35,WagWay Group : WagWay Group LLC : Pawville Holdings LLC : Pawville Intermediate Holdings LLC : Pawville North Carolina LLC,,,Equity,Equity,Retained Earnings,310000 Equity : Retained Earnings,,
221,COGS : COGS Wages : Regular Wages,510500,35,WagWay Group : WagWay Group LLC : Pawville Holdings LLC : Pawville Intermediate Holdings LLC : Pawville North Carolina LLC,16,Pet Care,COGS,Pet Care,COGS Wages,Regular Wages,510500 COGS : COGS Wages : Regular Wages,
221,COGS : COGS Wages : Regular Wages,510500,35,WagWay Group : WagWay Group LLC : Pawville Holdings LLC : Pawville Intermediate Holdings LLC : Pawville North Carolina LLC,25,Vet Services,COGS,Vet Services,COGS Wages,Regular Wages,510500 COGS : COGS Wages : Regular Wages,
221,COGS : COGS Wages : Regular Wages,510500,35,WagWay Group : WagWay Group LLC : Pawville Holdings LLC : Pawville Intermediate Holdings LLC : Pawville North Carolina LLC,1,Grooming,COGS,Grooming,COGS Wages,Regular Wages,510500 COGS : COGS Wages : Regular Wages,
226,COGS : COGS Wages : Employer Taxes,513000,35,WagWay Group : WagWay Group LLC : Pawville Holdings LLC : Pawville Intermediate Holdings LLC : Pawville North Carolina LLC,16,Pet Care,COGS,Pet Care,COGS Wages,Employer Taxes,513000 COGS : COGS Wages : Employer Taxes,
226,COGS : COGS Wages : Employer Taxes,513000,35,WagWay Group : WagWay Group LLC : Pawville Holdings LLC : Pawville Intermediate Holdings LLC : Pawville North Carolina LLC,1,Grooming,COGS,Grooming,COGS Wages,Employer Taxes,513000 COGS : COGS Wages : Employer Taxes,
226,COGS : COGS Wages : Employer Taxes,513000,35,WagWay Group : WagWay Group LLC : Pawville Holdings LLC : Pawville Intermediate Holdings LLC : Pawville North Carolina LLC,25,Vet Services,COGS,Vet Services,COGS Wages,Employer Taxes,513000 COGS : COGS Wages : Employer Taxes,
227,COGS : COGS Wages : Employer Medical/Dental/Vision,513500,35,WagWay Group : WagWay Group LLC : Pawville Holdings LLC : Pawville Intermediate Holdings LLC : Pawville North Carolina LLC,1,Grooming,COGS,Grooming,COGS Wages,Employer Medical/Dental/Vision,513500 COGS : COGS Wages : Employer Medical/Dental/Vision,
227,COGS : COGS Wages : Employer Medical/Dental/Vision,513500,35,WagWay Group : WagWay Group LLC : Pawville Holdings LLC : Pawville Intermediate Holdings LLC : Pawville North Carolina LLC,25,Vet Services,COGS,Vet Services,COGS Wages,Employer Medical/Dental/Vision,513500 COGS : COGS Wages : Employer Medical/Dental/Vision,
227,COGS : COGS Wages : Employer Medical/Dental/Vision,513500,35,WagWay Group : WagWay Group LLC : Pawville Holdings LLC : Pawville Intermediate Holdings LLC : Pawville North Carolina LLC,16,Pet Care,COGS,Pet Care,COGS Wages,Employer Medical/Dental/Vision,513500 COGS : COGS Wages : Employer Medical/Dental/Vision,
231,COGS : COGS Wages : Employer 401k,515500,35,WagWay Group : WagWay Group LLC : Pawville Holdings LLC : Pawville Intermediate Holdings LLC : Pawville North Carolina LLC,1,Grooming,COGS,Grooming,COGS Wages,Employer 401k,515500 COGS : COGS Wages : Employer 401k,
231,COGS : COGS Wages : Employer 401k,515500,35,WagWay Group : WagWay Group LLC : Pawville Holdings LLC : Pawville Intermediate Holdings LLC : Pawville North Carolina LLC,16,Pet Care,COGS,Pet Care,COGS Wages,Employer 401k,515500 COGS : COGS Wages : Employer 401k,
231,COGS : COGS Wages : Employer 401k,515500,35,WagWay Group : WagWay Group LLC : Pawville Holdings LLC : Pawville Intermediate Holdings LLC : Pawville North Carolina LLC,25,Vet Services,COGS,Vet Services,COGS Wages,Employer 401k,515500 COGS : COGS Wages : Employer 401k,
233,COGS : COGS Consumables : Grooming Supplies,520500,35,WagWay Group : WagWay Group LLC : Pawville Holdings LLC : Pawville Intermediate Holdings LLC : Pawville North Carolina LLC,1,Grooming,COGS,Grooming,COGS Consumables,Grooming Supplies,520500 COGS : COGS Consumables : Grooming Supplies,
233,COGS : COGS Consumables : Grooming Supplies,520500,35,WagWay Group : WagWay Group LLC : Pawville Holdings LLC : Pawville Intermediate Holdings LLC : Pawville North Carolina LLC,16,Pet Care,COGS,Pet Care,COGS Consumables,Grooming Supplies,520500 COGS : COGS Consumables : Grooming Supplies,
234,COGS : COGS Consumables : Medication,521000,35,WagWay Group : WagWay Group LLC : Pawville Holdings LLC : Pawville Intermediate Holdings LLC : Pawville North Carolina LLC,16,Pet Care,COGS,Pet Care,COGS Consumables,Medication,521000 COGS : COGS Consumables : Medication,
235,COGS : COGS Consumables : Other Supplies,521500,35,WagWay Group : WagWay Group LLC : Pawville Holdings LLC : Pawville Intermediate Holdings LLC : Pawville North Carolina LLC,25,Vet Services,COGS,Vet Services,COGS Consumables,Other Supplies,521500 COGS : COGS Consumables : Other Supplies,
235,COGS : COGS Consumables : Other Supplies,521500,35,WagWay Group : WagWay Group LLC : Pawville Holdings LLC : Pawville Intermediate Holdings LLC : Pawville North Carolina LLC,,,COGS,No Revenue Stream,COGS Consumables,Other Supplies,521500 COGS : COGS Consumables : Other Supplies,
235,COGS : COGS Consumables : Other Supplies,521500,35,WagWay Group : WagWay Group LLC : Pawville Holdings LLC : Pawville Intermediate Holdings LLC : Pawville North Carolina LLC,16,Pet Care,COGS,Pet Care,COGS Consumables,Other Supplies,521500 COGS : COGS Consumables : Other Supplies,
236,COGS : COGS Consumables : Retail,522000,35,WagWay Group : WagWay Group LLC : Pawville Holdings LLC : Pawville Intermediate Holdings LLC : Pawville North Carolina LLC,23,Retail,COGS,Retail,COGS Consumables,Retail,522000 COGS : COGS Consumables : Retail,
236,COGS : COGS Consumables : Retail,522000,35,WagWay Group : WagWay Group LLC : Pawville Holdings LLC : Pawville Intermediate Holdings LLC : Pawville North Carolina LLC,,,COGS,No Revenue Stream,COGS Consumables,Retail,522000 COGS : COGS Consumables : Retail,
240,Fixed Assets : Construction in Progress,150500,35,WagWay Group : WagWay Group LLC : Pawville Holdings LLC : Pawville Intermediate Holdings LLC : Pawville North Carolina LLC,,,Non-Current Assets,Fixed Assets,Construction in Progress,150500 Fixed Assets : Construction in Progress,,
241,Fixed Assets : Equipment,151000,35,WagWay Group : WagWay Group LLC : Pawville Holdings LLC : Pawville Intermediate Holdings LLC : Pawville North Carolina LLC,,,Non-Current Assets,Fixed Assets,Equipment,151000 Fixed Assets : Equipment,,
242,Fixed Assets : Furniture & Fixtures,151500,35,WagWay Group : WagWay Group LLC : Pawville Holdings LLC : Pawville Intermediate Holdings LLC : Pawville North Carolina LLC,,,Non-Current Assets,Fixed Assets,Furniture & Fixtures,151500 Fixed Assets : Furniture & Fixtures,,
243,Fixed Assets : Leasehold Improvements,152000,35,WagWay Group : WagWay Group LLC : Pawville Holdings LLC : Pawville Intermediate Holdings LLC : Pawville North Carolina LLC,,,Non-Current Assets,Fixed Assets,Leasehold Improvements,152000 Fixed Assets : Leasehold Improvements,,
246,Fixed Assets : Accumulated Depreciation - Equipment,153500,35,WagWay Group : WagWay Group LLC : Pawville Holdings LLC : Pawville Intermediate Holdings LLC : Pawville North Carolina LLC,,,Non-Current Assets,Fixed Assets,Accumulated Depreciation - Equipment,153500 Fixed Assets : Accumulated Depreciation - Equipment,,
247,Fixed Assets : Accumulated Depreciation - Furniture & Fixtures,154000,35,WagWay Group : WagWay Group LLC : Pawville Holdings LLC : Pawville Intermediate Holdings LLC : Pawville North Carolina LLC,,,Non-Current Assets,Fixed Assets,Accumulated Depreciation - Furniture & Fixtures,154000 Fixed Assets : Accumulated Depreciation - Furniture & Fixtures,,
248,Fixed Assets : Accumulated Depreciation - Leasehold Improvements,154500,35,WagWay Group : WagWay Group LLC : Pawville Holdings LLC : Pawville Intermediate Holdings LLC : Pawville North Carolina LLC,,,Non-Current Assets,Fixed Assets,Accumulated Depreciation - Leasehold Improvements,154500 Fixed Assets : Accumulated Depreciation - Leasehold Improvements,,
424,Other Current Assets,140000,35,WagWay Group : WagWay Group LLC : Pawville Holdings LLC : Pawville Intermediate Holdings LLC : Pawville North Carolina LLC,,,Current Assets,Other Current Assets,Other Current Assets,140000 Other Current Assets,,
440,Accrued Expenses,250000,35,WagWay Group : WagWay Group LLC : Pawville Holdings LLC : Pawville Intermediate Holdings LLC : Pawville North Carolina LLC,,,Non-Current Liabilities,Other Liabilities,Accrued Expenses,250000 Accrued Expenses,,
618,Payroll Liabilities : Accrued Payroll,260500,35,WagWay Group : WagWay Group LLC : Pawville Holdings LLC : Pawville Intermediate Holdings LLC : Pawville North Carolina LLC,,,Non-Current Liabilities,Other Liabilities,Payroll Liabilities,Accrued Payroll,260500 Payroll Liabilities : Accrued Payroll,
621,Payroll Liabilities : Accrued Bonuses,262000,35,WagWay Group : WagWay Group LLC : Pawville Holdings LLC : Pawville Intermediate Holdings LLC : Pawville North Carolina LLC,,,Non-Current Liabilities,Other Liabilities,Payroll Liabilities,Accrued Bonuses,262000 Payroll Liabilities : Accrued Bonuses,
622,Payroll Liabilities : Accrued Payroll Taxes - Federal,262500,35,WagWay Group : WagWay Group LLC : Pawville Holdings LLC : Pawville Intermediate Holdings LLC : Pawville North Carolina LLC,,,Non-Current Liabilities,Other Liabilities,Payroll Liabilities,Accrued Payroll Taxes - Federal,262500 Payroll Liabilities : Accrued Payroll Taxes - Federal,
629,Payroll Liabilities : Accrued 401k,266000,35,WagWay Group : WagWay Group LLC : Pawville Holdings LLC : Pawville Intermediate Holdings LLC : Pawville North Carolina LLC,,,Non-Current Liabilities,Other Liabilities,Payroll Liabilities,Accrued 401k,266000 Payroll Liabilities : Accrued 401k,
630,Payroll Liabilities : Accrued Tips,266500,35,WagWay Group : WagWay Group LLC : Pawville Holdings LLC : Pawville Intermediate Holdings LLC : Pawville North Carolina LLC,,,Non-Current Liabilities,Other Liabilities,Payroll Liabilities,Accrued Tips,266500 Payroll Liabilities : Accrued Tips,
718,Revenue : Service Revenue,410000,35,WagWay Group : WagWay Group LLC : Pawville Holdings LLC : Pawville Intermediate Holdings LLC : Pawville North Carolina LLC,18,Daycare,Revenue,Pet Care : Daycare,Service Revenue,410000 Revenue : Service Revenue,,
718,Revenue : Service Revenue,410000,35,WagWay Group : WagWay Group LLC : Pawville Holdings LLC : Pawville Intermediate Holdings LLC : Pawville North Carolina LLC,26,Other Revenue,Revenue,Other Revenue,Service Revenue,410000 Revenue : Service Revenue,,
718,Revenue : Service Revenue,410000,35,WagWay Group : WagWay Group LLC : Pawville Holdings LLC : Pawville Intermediate Holdings LLC : Pawville North Carolina LLC,24,Training,Revenue,Training,Service Revenue,410000 Revenue : Service Revenue,,
718,Revenue : Service Revenue,410000,35,WagWay Group : WagWay Group LLC : Pawville Holdings LLC : Pawville Intermediate Holdings LLC : Pawville North Carolina LLC,23,Retail,Revenue,Retail,Service Revenue,410000 Revenue : Service Revenue,,
718,Revenue : Service Revenue,410000,35,WagWay Group : WagWay Group LLC : Pawville Holdings LLC : Pawville Intermediate Holdings LLC : Pawville North Carolina LLC,25,Vet Services,Revenue,Vet Services,Service Revenue,410000 Revenue : Service Revenue,,
718,Revenue : Service Revenue,410000,35,WagWay Group : WagWay Group LLC : Pawville Holdings LLC : Pawville Intermediate Holdings LLC : Pawville North Carolina LLC,17,Boarding,Revenue,Pet Care,Service Revenue,410000 Revenue : Service Revenue,,
718,Revenue : Service Revenue,410000,35,WagWay Group : WagWay Group LLC : Pawville Holdings LLC : Pawville Intermediate Holdings LLC : Pawville North Carolina LLC,1,Grooming,Revenue,Grooming,Service Revenue,410000 Revenue : Service Revenue,,
719,Revenue : Retail,420000,35,WagWay Group : WagWay Group LLC : Pawville Holdings LLC : Pawville Intermediate Holdings LLC : Pawville North Carolina LLC,23,Retail,Revenue,Retail,Retail,420000 Revenue : Retail,,
721,Revenue : Other Revenue,440000,35,WagWay Group : WagWay Group LLC : Pawville Holdings LLC : Pawville Intermediate Holdings LLC : Pawville North Carolina LLC,26,Other Revenue,Revenue,Other Revenue,Other Revenue,440000 Revenue : Other Revenue,,
820,Operating Expenses : OPEX Wages : Regular Wages,610500,35,WagWay Group : WagWay Group LLC : Pawville Holdings LLC : Pawville Intermediate Holdings LLC : Pawville North Carolina LLC,,,Operating Expenses,Ops Labour Expense,Regular Wages,610500 Operating Expenses : OPEX Wages : Regular Wages,,
825,Operating Expenses : OPEX Wages : Employer Taxes,613000,35,WagWay Group : WagWay Group LLC : Pawville Holdings LLC : Pawville Intermediate Holdings LLC : Pawville North Carolina LLC,,,Operating Expenses,Ops Labour Expense,Employer Taxes,613000 Operating Expenses : OPEX Wages : Employer Taxes,,
826,Operating Expenses : OPEX Wages : Employer Medical/Dental/Vision,613500,35,WagWay Group : WagWay Group LLC : Pawville Holdings LLC : Pawville Intermediate Holdings LLC : Pawville North Carolina LLC,,,Operating Expenses,Ops Labour Expense,Employer Medical/Dental/Vision,613500 Operating Expenses : OPEX Wages : Employer Medical/Dental/Vision,,
830,Operating Expenses : OPEX Wages : Employer 401k,615500,35,WagWay Group : WagWay Group LLC : Pawville Holdings LLC : Pawville Intermediate Holdings LLC : Pawville North Carolina LLC,,,Operating Expenses,Ops Labour Expense,Employer 401k,615500 Operating Expenses : OPEX Wages : Employer 401k,,
832,Operating Expenses : Facility Expense : Rent,620500,35,WagWay Group : WagWay Group LLC : Pawville Holdings LLC : Pawville Intermediate Holdings LLC : Pawville North Carolina LLC,,,Operating Expenses,Facility Expense,Rent,620500 Operating Expenses : Facility Expense : Rent,,
833,Operating Expenses : Facility Expense : Electric,621000,35,WagWay Group : WagWay Group LLC : Pawville Holdings LLC : Pawville Intermediate Holdings LLC : Pawville North Carolina LLC,,,Operating Expenses,Facility Expense,Electric,621000 Operating Expenses : Facility Expense : Electric,,
834,Operating Expenses : Facility Expense : Gas,621500,35,WagWay Group : WagWay Group LLC : Pawville Holdings LLC : Pawville Intermediate Holdings LLC : Pawville North Carolina LLC,,,Operating Expenses,Facility Expense,Gas,621500 Operating Expenses : Facility Expense : Gas,,
835,Operating Expenses : Facility Expense : Water,622000,35,WagWay Group : WagWay Group LLC : Pawville Holdings LLC : Pawville Intermediate Holdings LLC : Pawville North Carolina LLC,,,Operating Expenses,Facility Expense,Water,622000 Operating Expenses : Facility Expense : Water,,
836,Operating Expenses : Facility Expense : Data,622500,35,WagWay Group : WagWay Group LLC : Pawville Holdings LLC : Pawville Intermediate Holdings LLC : Pawville North Carolina LLC,,,Operating Expenses,Facility Expense,Data,622500 Operating Expenses : Facility Expense : Data,,
837,Operating Expenses : Facility Expense : Phone,623000,35,WagWay Group : WagWay Group LLC : Pawville Holdings LLC : Pawville Intermediate Holdings LLC : Pawville North Carolina LLC,,,Operating Expenses,Facility Expense,Phone,623000 Operating Expenses : Facility Expense : Phone,,
838,Operating Expenses : Facility Expense : Property Insurance,624000,35,WagWay Group : WagWay Group LLC : Pawville Holdings LLC : Pawville Intermediate Holdings LLC : Pawville North Carolina LLC,,,Operating Expenses,Facility Expense,Property Insurance,624000 Operating Expenses : Facility Expense : Property Insurance,,
841,General and Admin : G&A Wages : Regular Wages,710500,35,WagWay Group : WagWay Group LLC : Pawville Holdings LLC : Pawville Intermediate Holdings LLC : Pawville North Carolina LLC,,,Operating Expenses,Operations Expense,General and Admin,G&A Wages,Regular Wages,710500 General and Admin : G&A Wages : Regular Wages
845,General and Admin : G&A Wages : Bonuses,712500,35,WagWay Group : WagWay Group LLC : Pawville Holdings LLC : Pawville Intermediate Holdings LLC : Pawville North Carolina LLC,,,Operating Expenses,Operations Expense,General and Admin,G&A Wages,Bonuses,712500 General and Admin : G&A Wages : Bonuses
846,General and Admin : G&A Wages : Employer Taxes,713000,35,WagWay Group : WagWay Group LLC : Pawville Holdings LLC : Pawville Intermediate Holdings LLC : Pawville North Carolina LLC,,,Operating Expenses,Operations Expense,General and Admin,G&A Wages,Employer Taxes,713000 General and Admin : G&A Wages : Employer Taxes
847,General and Admin : G&A Wages : Employer Medical/Dental/Vision,713500,35,WagWay Group : WagWay Group LLC : Pawville Holdings LLC : Pawville Intermediate Holdings LLC : Pawville North Carolina LLC,,,Operating Expenses,Operations Expense,General and Admin,G&A Wages,Employer Medical/Dental/Vision,713500 General and Admin : G&A Wages : Employer Medical/Dental/Vision
854,General and Admin : Travel : Lodging,721000,35,WagWay Group : WagWay Group LLC : Pawville Holdings LLC : Pawville Intermediate Holdings LLC : Pawville North Carolina LLC,,,Operating Expenses,Operations Expense,General and Admin,Travel,Lodging,721000 General and Admin : Travel : Lodging
855,General and Admin : Travel : Meals,721500,35,WagWay Group : WagWay Group LLC : Pawville Holdings LLC : Pawville Intermediate Holdings LLC : Pawville North Carolina LLC,,,Operating Expenses,Operations Expense,General and Admin,Travel,Meals,721500 General and Admin : Travel : Meals
856,General and Admin : Travel : Entertainment,722000,35,WagWay Group : WagWay Group LLC : Pawville Holdings LLC : Pawville Intermediate Holdings LLC : Pawville North Carolina LLC,,,Operating Expenses,Operations Expense,General and Admin,Travel,Entertainment,722000 General and Admin : Travel : Entertainment
857,General and Admin : Systems,730000,35,WagWay Group : WagWay Group LLC : Pawville Holdings LLC : Pawville Intermediate Holdings LLC : Pawville North Carolina LLC,,,Operating Expenses,Operations Expense,General and Admin,Systems,730000 General and Admin : Systems,
862,General and Admin : Insurance : Other Insurance,742000,35,WagWay Group : WagWay Group LLC : Pawville Holdings LLC : Pawville Intermediate Holdings LLC : Pawville North Carolina LLC,,,Operating Expenses,Operations Expense,General and Admin,Insurance,Other Insurance,742000 General and Admin : Insurance : Other Insurance
920,General and Admin : Marketing : Other Marketing,751000,35,WagWay Group : WagWay Group LLC : Pawville Holdings LLC : Pawville Intermediate Holdings LLC : Pawville North Carolina LLC,,,Operating Expenses,Operations Expense,General and Admin,Marketing,Other Marketing,751000 General and Admin : Marketing : Other Marketing
1018,Operating Expenses : Facility Expense : Repair and Maintenance,623500,35,WagWay Group : WagWay Group LLC : Pawville Holdings LLC : Pawville Intermediate Holdings LLC : Pawville North Carolina LLC,,,Operating Expenses,Facility Expense,Repair and Maintenance,623500 Operating Expenses : Facility Expense : Repair and Maintenance,,
1019,Operating Expenses : Other Operating Expense : Auto Insurance,630500,35,WagWay Group : WagWay Group LLC : Pawville Holdings LLC : Pawville Intermediate Holdings LLC : Pawville North Carolina LLC,,,Operating Expenses,Other Operating Expense,Auto Insurance,630500 Operating Expenses : Other Operating Expense : Auto Insurance,,
1021,Operating Expenses : Other Operating Expense : Fuel,631500,35,WagWay Group : WagWay Group LLC : Pawville Holdings LLC : Pawville Intermediate Holdings LLC : Pawville North Carolina LLC,,,Operating Expenses,Other Operating Expense,Fuel,631500 Operating Expenses : Other Operating Expense : Fuel,,
1026,General and Admin : Advertising : Other Advertising,761000,35,WagWay Group : WagWay Group LLC : Pawville Holdings LLC : Pawville Intermediate Holdings LLC : Pawville North Carolina LLC,,,Operating Expenses,Operations Expense,General and Admin,Advertising,Other Advertising,761000 General and Admin : Advertising : Other Advertising
1027,General and Admin : Professional Services : Legal,770500,35,WagWay Group : WagWay Group LLC : Pawville Holdings LLC : Pawville Intermediate Holdings LLC : Pawville North Carolina LLC,,,Operating Expenses,Professional Fees,General and Admin,Legal,770500 General and Admin : Professional Services : Legal,
1028,General and Admin : Professional Services : IT,771000,35,WagWay Group : WagWay Group LLC : Pawville Holdings LLC : Pawville Intermediate Holdings LLC : Pawville North Carolina LLC,,,Operating Expenses,Professional Fees,General and Admin,IT,771000 General and Admin : Professional Services : IT,
1030,General and Admin : Professional Services : Recruiting,772000,35,WagWay Group : WagWay Group LLC : Pawville Holdings LLC : Pawville Intermediate Holdings LLC : Pawville North Carolina LLC,,,Operating Expenses,Professional Fees,General and Admin,Recruiting,772000 General and Admin : Professional Services : Recruiting,
1031,General and Admin : Professional Services : Employee Training and Development,772500,35,WagWay Group : WagWay Group LLC : Pawville Holdings LLC : Pawville Intermediate Holdings LLC : Pawville North Carolina LLC,,,Operating Expenses,Professional Fees,General and Admin,Employee Training and Development,772500 General and Admin : Professional Services : Employee Training and Development,
1032,General and Admin : Professional Services : Other Professional Services,773000,35,WagWay Group : WagWay Group LLC : Pawville Holdings LLC : Pawville Intermediate Holdings LLC : Pawville North Carolina LLC,,,Operating Expenses,Professional Fees,General and Admin,Other Professional Services,773000 General and Admin : Professional Services : Other Professional Services,
1033,General and Admin : Other G&A Expenses : Bank Fees and Charges,780500,35,WagWay Group : WagWay Group LLC : Pawville Holdings LLC : Pawville Intermediate Holdings LLC : Pawville North Carolina LLC,,,Operating Expenses,Operations Expense,General and Admin,Other G&A Expenses,Bank Fees and Charges,780500 General and Admin : Other G&A Expenses : Bank Fees and Charges
1035,General and Admin : Other G&A Expenses : Dues and Subscriptions,781500,35,WagWay Group : WagWay Group LLC : Pawville Holdings LLC : Pawville Intermediate Holdings LLC : Pawville North Carolina LLC,,,Operating Expenses,Operations Expense,General and Admin,Other G&A Expenses,Dues and Subscriptions,781500 General and Admin : Other G&A Expenses : Dues and Subscriptions
1036,General and Admin : Other G&A Expenses : Charitable Contributions,782000,35,WagWay Group : WagWay Group LLC : Pawville Holdings LLC : Pawville Intermediate Holdings LLC : Pawville North Carolina LLC,,,Operating Expenses,Operations Expense,General and Admin,Other G&A Expenses,Charitable Contributions,782000 General and Admin : Other G&A Expenses : Charitable Contributions
1037,General and Admin : Other G&A Expenses : Taxes and Licenses,782500,35,WagWay Group : WagWay Group LLC : Pawville Holdings LLC : Pawville Intermediate Holdings LLC : Pawville North Carolina LLC,,,Operating Expenses,Operations Expense,General and Admin,Other G&A Expenses,Taxes and Licenses,782500 General and Admin : Other G&A Expenses : Taxes and Licenses
1038,Other Expense : Depreciation : Depreciation -Equipment,852010,35,WagWay Group : WagWay Group LLC : Pawville Holdings LLC : Pawville Intermediate Holdings LLC : Pawville North Carolina LLC,,,Other (Income) / Expense,Other Expenses,Other Expense,Depreciation,Depreciation -Equipment,852010 Other Expense : Depreciation : Depreciation -Equipment
1039,Other Expense : Depreciation : Depreciation - Furniture & Fixtures,852020,35,WagWay Group : WagWay Group LLC : Pawville Holdings LLC : Pawville Intermediate Holdings LLC : Pawville North Carolina LLC,,,Other (Income) / Expense,Other Expenses,Other Expense,Depreciation,Depreciation - Furniture & Fixtures,852020 Other Expense : Depreciation : Depreciation - Furniture & Fixtures
1040,Other Expense : Depreciation : Depreciation - Leasehold Improvements,852030,35,WagWay Group : WagWay Group LLC : Pawville Holdings LLC : Pawville Intermediate Holdings LLC : Pawville North Carolina LLC,,,Other (Income) / Expense,Other Expenses,Other Expense,Depreciation,Depreciation - Leasehold Improvements,852030 Other Expense : Depreciation : Depreciation - Leasehold Improvements
1169,Cash : Collections : Pawville Surf City,100604,35,WagWay Group : WagWay Group LLC : Pawville Holdings LLC : Pawville Intermediate Holdings LLC : Pawville North Carolina LLC,,,Current Assets,Cash,Collections,Pawville Surf City,100604 Cash : Collections : Pawville Surf City,100604 Cash : Collections : Pawville Surf City
1170,Cash : Collections : Pawville Jacksonville,100605,35,WagWay Group : WagWay Group LLC : Pawville Holdings LLC : Pawville Intermediate Holdings LLC : Pawville North Carolina LLC,,,Current Assets,Cash,Collections,Pawville Jacksonville,100605 Cash : Collections : Pawville Jacksonville,100605 Cash : Collections : Pawville Jacksonville
1171,Cash : Collections : Pawville Northchase,100606,35,WagWay Group : WagWay Group LLC : Pawville Holdings LLC : Pawville Intermediate Holdings LLC : Pawville North Carolina LLC,,,Current Assets,Cash,Collections,Pawville Northchase,100606 Cash : Collections : Pawville Northchase,100606 Cash : Collections : Pawville Northchase
1172,Cash : Collections : Pawville North Shore,100607,35,WagWay Group : WagWay Group LLC : Pawville Holdings LLC : Pawville Intermediate Holdings LLC : Pawville North Carolina LLC,,,Current Assets,Cash,Collections,Pawville North Shore,100607 Cash : Collections : Pawville North Shore,100607 Cash : Collections : Pawville North Shore
1173,Cash : Collections : Pawville Scotts Hill,100608,35,WagWay Group : WagWay Group LLC : Pawville Holdings LLC : Pawville Intermediate Holdings LLC : Pawville North Carolina LLC,,,Current Assets,Cash,Collections,Pawville Scotts Hill,100608 Cash : Collections : Pawville Scotts Hill,100608 Cash : Collections : Pawville Scotts Hill
1174,Cash : Collections : Pawville Midtown,100609,35,WagWay Group : WagWay Group LLC : Pawville Holdings LLC : Pawville Intermediate Holdings LLC : Pawville North Carolina LLC,,,Current Assets,Cash,Collections,Pawville Midtown,100609 Cash : Collections : Pawville Midtown,100609 Cash : Collections : Pawville Midtown
1175,Cash : Collections : Pawville Clayton,100610,35,WagWay Group : WagWay Group LLC : Pawville Holdings LLC : Pawville Intermediate Holdings LLC : Pawville North Carolina LLC,,,Current Assets,Cash,Collections,Pawville Clayton,100610 Cash : Collections : Pawville Clayton,100610 Cash : Collections : Pawville Clayton
1253,Revenue : Sales Discounts,460000,35,WagWay Group : WagWay Group LLC : Pawville Holdings LLC : Pawville Intermediate Holdings LLC : Pawville North Carolina LLC,26,Other Revenue,Revenue,Other Revenue,Sales Discounts,460000 Revenue : Sales Discounts,,
1255,Other Expense,850000,35,WagWay Group : WagWay Group LLC : Pawville Holdings LLC : Pawville Intermediate Holdings LLC : Pawville North Carolina LLC,,,Other (Income) / Expense,Other Expenses,Other Expense,850000 Other Expense,,
1256,Inventory : Retail Inventory,120250,35,WagWay Group : WagWay Group LLC : Pawville Holdings LLC : Pawville Intermediate Holdings LLC : Pawville North Carolina LLC,,,Current Assets,Other Current Assets,Inventory,Retail Inventory,120250 Inventory : Retail Inventory,120250 Inventory : Retail Inventory
1258,Other Long term Assets : ASC 842 - ROU Asset Account,171000,35,WagWay Group : WagWay Group LLC : Pawville Holdings LLC : Pawville Intermediate Holdings LLC : Pawville North Carolina LLC,,,Non-Current Assets,Other Assets,Other Long term Assets,ASC 842 - ROU Asset Account,171000 Other Long term Assets : ASC 842 - ROU Asset Account,
1353,Accounts Receivable : Accounts Receivable Trade,110250,35,WagWay Group : WagWay Group LLC : Pawville Holdings LLC : Pawville Intermediate Holdings LLC : Pawville North Carolina LLC,,,Current Assets,Accounts Receivable,Accounts Receivable,Accounts Receivable Trade,110250 Accounts Receivable : Accounts Receivable Trade,
1373,Other Current Liabilities : ASC 842 - Lease Liability Short-Term Account,221000,35,WagWay Group : WagWay Group LLC : Pawville Holdings LLC : Pawville Intermediate Holdings LLC : Pawville North Carolina LLC,,,Current Liabilities,Other Current Liabilities,ASC 842 - Lease Liability Short-Term Account,221000 Other Current Liabilities : ASC 842 - Lease Liability Short-Term Account,,
1378,Accrued Expenses : Accrued Expenses - Other,250750,35,WagWay Group : WagWay Group LLC : Pawville Holdings LLC : Pawville Intermediate Holdings LLC : Pawville North Carolina LLC,,,Non-Current Liabilities,Other Liabilities,Accrued Expenses,Accrued Expenses - Other,250750 Accrued Expenses : Accrued Expenses - Other,
1381,Other Long term Liabilities : ASC 842 - Lease Liability Long-Term Account,290250,35,WagWay Group : WagWay Group LLC : Pawville Holdings LLC : Pawville Intermediate Holdings LLC : Pawville North Carolina LLC,,,Non-Current Liabilities,Long Term Liabilities,Other Long term Liabilities,ASC 842 - Lease Liability Long-Term Account,290250 Other Long term Liabilities : ASC 842 - Lease Liability Long-Term Account,
1397,Intercompany AR_x,111000,35,WagWay Group : WagWay Group LLC : Pawville Holdings LLC : Pawville Intermediate Holdings LLC : Pawville North Carolina LLC,,,Current Assets,Other Current Assets,Intercompany AR_x,111000 Intercompany AR_x,,
1398,Intercompany AP_x,200500,35,WagWay Group : WagWay Group LLC : Pawville Holdings LLC : Pawville Intermediate Holdings LLC : Pawville North Carolina LLC,16,Pet Care,Non-Current Liabilities,Other Liabilities,Intercompany AP_x,200500 Intercompany AP_x,,
1398,Intercompany AP_x,200500,35,WagWay Group : WagWay Group LLC : Pawville Holdings LLC : Pawville Intermediate Holdings LLC : Pawville North Carolina LLC,,,Non-Current Liabilities,Other Liabilities,Intercompany AP_x,200500 Intercompany AP_x,,
1398,Intercompany AP_x,200500,35,WagWay Group : WagWay Group LLC : Pawville Holdings LLC : Pawville Intermediate Holdings LLC : Pawville North Carolina LLC,1,Grooming,Non-Current Liabilities,Other Liabilities,Intercompany AP_x,200500 Intercompany AP_x,,
1399,General and Admin : Travel : Vehicle/Toll/Parking,721750,35,WagWay Group : WagWay Group LLC : Pawville Holdings LLC : Pawville Intermediate Holdings LLC : Pawville North Carolina LLC,,,Operating Expenses,Operations Expense,General and Admin,Travel,Vehicle/Toll/Parking,721750 General and Admin : Travel : Vehicle/Toll/Parking
1499,General and Admin : Other G&A Expenses : Office Supplies,783000,35,WagWay Group : WagWay Group LLC : Pawville Holdings LLC : Pawville Intermediate Holdings LLC : Pawville North Carolina LLC,,,Operating Expenses,Operations Expense,General and Admin,Other G&A Expenses,Office Supplies,783000 General and Admin : Other G&A Expenses : Office Supplies
1499,General and Admin : Other G&A Expenses : Office Supplies,783000,35,WagWay Group : WagWay Group LLC : Pawville Holdings LLC : Pawville Intermediate Holdings LLC : Pawville North Carolina LLC,16,Pet Care,Operating Expenses,Operations Expense,General and Admin,Other G&A Expenses,Office Supplies,783000 General and Admin : Other G&A Expenses : Office Supplies
1804,Ramp Card - Pawville North Carolina LLC,Ramp Card - Pawville North Carolina LLC,35,WagWay Group : WagWay Group LLC : Pawville Holdings LLC : Pawville Intermediate Holdings LLC : Pawville North Carolina LLC,,,Current Liabilities,Credit Card,Ramp Card,Pawville North Carolina LLC,Ramp Card - Pawville North Carolina LLC Ramp Card - Pawville North Carolina LLC,
2003,Intercompany AP - RAMP,200501,35,WagWay Group : WagWay Group LLC : Pawville Holdings LLC : Pawville Intermediate Holdings LLC : Pawville North Carolina LLC,,,Current Liabilities,Accounts Payable,Intercompany AP,RAMP,200501 Intercompany AP - RAMP,
2022,Cash : Collections : Pawville North Carolina Clearing Account,100703,35,WagWay Group : WagWay Group LLC : Pawville Holdings LLC : Pawville Intermediate Holdings LLC : Pawville North Carolina LLC,,,Current Assets,Cash,Collections,Pawville North Carolina Clearing Account,100703 Cash : Collections : Pawville North Carolina Clearing Account,100703 Cash : Collections : Pawville North Carolina Clearing Account
,,,35,WagWay Group : WagWay Group LLC : Pawville Holdings LLC : Pawville Intermediate Holdings LLC : Pawville North Carolina LLC,,,,,,,,
,,,35,WagWay Group : WagWay Group LLC : Pawville Holdings LLC : Pawville Intermediate Holdings LLC : Pawville North Carolina LLC,1,Grooming,,,,,,
,,,35,WagWay Group : WagWay Group LLC : Pawville Holdings LLC : Pawville Intermediate Holdings LLC : Pawville North Carolina LLC,16,Pet Care,,,,,,
424,Other Current Assets,140000,36,WagWay Group : WagWay Group LLC : Pawville Holdings LLC : Pawville Intermediate Holdings LLC : Pawville Property LLC,,,Current Assets,Other Current Assets,Other Current Assets,140000 Other Current Assets,,
832,Operating Expenses : Facility Expense : Rent,620500,36,WagWay Group : WagWay Group LLC : Pawville Holdings LLC : Pawville Intermediate Holdings LLC : Pawville Property LLC,,,Operating Expenses,Facility Expense,Rent,620500 Operating Expenses : Facility Expense : Rent,,
1018,Operating Expenses : Facility Expense : Repair and Maintenance,623500,36,WagWay Group : WagWay Group LLC : Pawville Holdings LLC : Pawville Intermediate Holdings LLC : Pawville Property LLC,,,Operating Expenses,Facility Expense,Repair and Maintenance,623500 Operating Expenses : Facility Expense : Repair and Maintenance,,
1033,General and Admin : Other G&A Expenses : Bank Fees and Charges,780500,36,WagWay Group : WagWay Group LLC : Pawville Holdings LLC : Pawville Intermediate Holdings LLC : Pawville Property LLC,,,Operating Expenses,Operations Expense,General and Admin,Other G&A Expenses,Bank Fees and Charges,780500 General and Admin : Other G&A Expenses : Bank Fees and Charges
1153,Cash : Operating : Pawville Property Operating,101035,36,WagWay Group : WagWay Group LLC : Pawville Holdings LLC : Pawville Intermediate Holdings LLC : Pawville Property LLC,,,Current Assets,Cash,Operating,Pawville Property Operating,101035 Cash : Operating : Pawville Property Operating,101035 Cash : Operating : Pawville Property Operating
1259,Accounts Payable : Accounts Payable Trade,200250,36,WagWay Group : WagWay Group LLC : Pawville Holdings LLC : Pawville Intermediate Holdings LLC : Pawville Property LLC,,,Current Liabilities,Accounts Payable,Accounts Payable Trade,200250 Accounts Payable : Accounts Payable Trade,,
1378,Accrued Expenses : Accrued Expenses - Other,250750,36,WagWay Group : WagWay Group LLC : Pawville Holdings LLC : Pawville Intermediate Holdings LLC : Pawville Property LLC,,,Non-Current Liabilities,Other Liabilities,Accrued Expenses,Accrued Expenses - Other,250750 Accrued Expenses : Accrued Expenses - Other,
1397,Intercompany AR_x,111000,36,WagWay Group : WagWay Group LLC : Pawville Holdings LLC : Pawville Intermediate Holdings LLC : Pawville Property LLC,,,Current Assets,Other Current Assets,Intercompany AR_x,111000 Intercompany AR_x,,
1398,Intercompany AP_x,200500,36,WagWay Group : WagWay Group LLC : Pawville Holdings LLC : Pawville Intermediate Holdings LLC : Pawville Property LLC,,,Non-Current Liabilities,Other Liabilities,Intercompany AP_x,200500 Intercompany AP_x,,
52,Equity : Retained Earnings,310000,37,WagWay Group : WagWay Group LLC : Pawville Holdings LLC : Pawville Intermediate Holdings LLC : Pawville Vet Services LLC,,,Equity,Equity,Retained Earnings,310000 Equity : Retained Earnings,,
221,COGS : COGS Wages : Regular Wages,510500,37,WagWay Group : WagWay Group LLC : Pawville Holdings LLC : Pawville Intermediate Holdings LLC : Pawville Vet Services LLC,16,Pet Care,COGS,Pet Care,COGS Wages,Regular Wages,510500 COGS : COGS Wages : Regular Wages,
226,COGS : COGS Wages : Employer Taxes,513000,37,WagWay Group : WagWay Group LLC : Pawville Holdings LLC : Pawville Intermediate Holdings LLC : Pawville Vet Services LLC,16,Pet Care,COGS,Pet Care,COGS Wages,Employer Taxes,513000 COGS : COGS Wages : Employer Taxes,
231,COGS : COGS Wages : Employer 401k,515500,37,WagWay Group : WagWay Group LLC : Pawville Holdings LLC : Pawville Intermediate Holdings LLC : Pawville Vet Services LLC,16,Pet Care,COGS,Pet Care,COGS Wages,Employer 401k,515500 COGS : COGS Wages : Employer 401k,
233,COGS : COGS Consumables : Grooming Supplies,520500,37,WagWay Group : WagWay Group LLC : Pawville Holdings LLC : Pawville Intermediate Holdings LLC : Pawville Vet Services LLC,1,Grooming,COGS,Grooming,COGS Consumables,Grooming Supplies,520500 COGS : COGS Consumables : Grooming Supplies,
234,COGS : COGS Consumables : Medication,521000,37,WagWay Group : WagWay Group LLC : Pawville Holdings LLC : Pawville Intermediate Holdings LLC : Pawville Vet Services LLC,25,Vet Services,COGS,Vet Services,COGS Consumables,Medication,521000 COGS : COGS Consumables : Medication,
234,COGS : COGS Consumables : Medication,521000,37,WagWay Group : WagWay Group LLC : Pawville Holdings LLC : Pawville Intermediate Holdings LLC : Pawville Vet Services LLC,,,COGS,No Revenue Stream,COGS Consumables,Medication,521000 COGS : COGS Consumables : Medication,
235,COGS : COGS Consumables : Other Supplies,521500,37,WagWay Group : WagWay Group LLC : Pawville Holdings LLC : Pawville Intermediate Holdings LLC : Pawville Vet Services LLC,25,Vet Services,COGS,Vet Services,COGS Consumables,Other Supplies,521500 COGS : COGS Consumables : Other Supplies,
235,COGS : COGS Consumables : Other Supplies,521500,37,WagWay Group : WagWay Group LLC : Pawville Holdings LLC : Pawville Intermediate Holdings LLC : Pawville Vet Services LLC,16,Pet Care,COGS,Pet Care,COGS Consumables,Other Supplies,521500 COGS : COGS Consumables : Other Supplies,
235,COGS : COGS Consumables : Other Supplies,521500,37,WagWay Group : WagWay Group LLC : Pawville Holdings LLC : Pawville Intermediate Holdings LLC : Pawville Vet Services LLC,,,COGS,No Revenue Stream,COGS Consumables,Other Supplies,521500 COGS : COGS Consumables : Other Supplies,
236,COGS : COGS Consumables : Retail,522000,37,WagWay Group : WagWay Group LLC : Pawville Holdings LLC : Pawville Intermediate Holdings LLC : Pawville Vet Services LLC,,,COGS,No Revenue Stream,COGS Consumables,Retail,522000 COGS : COGS Consumables : Retail,
241,Fixed Assets : Equipment,151000,37,WagWay Group : WagWay Group LLC : Pawville Holdings LLC : Pawville Intermediate Holdings LLC : Pawville Vet Services LLC,,,Non-Current Assets,Fixed Assets,Equipment,151000 Fixed Assets : Equipment,,
424,Other Current Assets,140000,37,WagWay Group : WagWay Group LLC : Pawville Holdings LLC : Pawville Intermediate Holdings LLC : Pawville Vet Services LLC,,,Current Assets,Other Current Assets,Other Current Assets,140000 Other Current Assets,,
618,Payroll Liabilities : Accrued Payroll,260500,37,WagWay Group : WagWay Group LLC : Pawville Holdings LLC : Pawville Intermediate Holdings LLC : Pawville Vet Services LLC,,,Non-Current Liabilities,Other Liabilities,Payroll Liabilities,Accrued Payroll,260500 Payroll Liabilities : Accrued Payroll,
622,Payroll Liabilities : Accrued Payroll Taxes - Federal,262500,37,WagWay Group : WagWay Group LLC : Pawville Holdings LLC : Pawville Intermediate Holdings LLC : Pawville Vet Services LLC,,,Non-Current Liabilities,Other Liabilities,Payroll Liabilities,Accrued Payroll Taxes - Federal,262500 Payroll Liabilities : Accrued Payroll Taxes - Federal,
629,Payroll Liabilities : Accrued 401k,266000,37,WagWay Group : WagWay Group LLC : Pawville Holdings LLC : Pawville Intermediate Holdings LLC : Pawville Vet Services LLC,,,Non-Current Liabilities,Other Liabilities,Payroll Liabilities,Accrued 401k,266000 Payroll Liabilities : Accrued 401k,
820,Operating Expenses : OPEX Wages : Regular Wages,610500,37,WagWay Group : WagWay Group LLC : Pawville Holdings LLC : Pawville Intermediate Holdings LLC : Pawville Vet Services LLC,,,Operating Expenses,Ops Labour Expense,Regular Wages,610500 Operating Expenses : OPEX Wages : Regular Wages,,
825,Operating Expenses : OPEX Wages : Employer Taxes,613000,37,WagWay Group : WagWay Group LLC : Pawville Holdings LLC : Pawville Intermediate Holdings LLC : Pawville Vet Services LLC,,,Operating Expenses,Ops Labour Expense,Employer Taxes,613000 Operating Expenses : OPEX Wages : Employer Taxes,,
826,Operating Expenses : OPEX Wages : Employer Medical/Dental/Vision,613500,37,WagWay Group : WagWay Group LLC : Pawville Holdings LLC : Pawville Intermediate Holdings LLC : Pawville Vet Services LLC,,,Operating Expenses,Ops Labour Expense,Employer Medical/Dental/Vision,613500 Operating Expenses : OPEX Wages : Employer Medical/Dental/Vision,,
830,Operating Expenses : OPEX Wages : Employer 401k,615500,37,WagWay Group : WagWay Group LLC : Pawville Holdings LLC : Pawville Intermediate Holdings LLC : Pawville Vet Services LLC,,,Operating Expenses,Ops Labour Expense,Employer 401k,615500 Operating Expenses : OPEX Wages : Employer 401k,,
832,Operating Expenses : Facility Expense : Rent,620500,37,WagWay Group : WagWay Group LLC : Pawville Holdings LLC : Pawville Intermediate Holdings LLC : Pawville Vet Services LLC,,,Operating Expenses,Facility Expense,Rent,620500 Operating Expenses : Facility Expense : Rent,,
841,General and Admin : G&A Wages : Regular Wages,710500,37,WagWay Group : WagWay Group LLC : Pawville Holdings LLC : Pawville Intermediate Holdings LLC : Pawville Vet Services LLC,,,Operating Expenses,Operations Expense,General and Admin,G&A Wages,Regular Wages,710500 General and Admin : G&A Wages : Regular Wages
845,General and Admin : G&A Wages : Bonuses,712500,37,WagWay Group : WagWay Group LLC : Pawville Holdings LLC : Pawville Intermediate Holdings LLC : Pawville Vet Services LLC,,,Operating Expenses,Operations Expense,General and Admin,G&A Wages,Bonuses,712500 General and Admin : G&A Wages : Bonuses
854,General and Admin : Travel : Lodging,721000,37,WagWay Group : WagWay Group LLC : Pawville Holdings LLC : Pawville Intermediate Holdings LLC : Pawville Vet Services LLC,,,Operating Expenses,Operations Expense,General and Admin,Travel,Lodging,721000 General and Admin : Travel : Lodging
855,General and Admin : Travel : Meals,721500,37,WagWay Group : WagWay Group LLC : Pawville Holdings LLC : Pawville Intermediate Holdings LLC : Pawville Vet Services LLC,,,Operating Expenses,Operations Expense,General and Admin,Travel,Meals,721500 General and Admin : Travel : Meals
857,General and Admin : Systems,730000,37,WagWay Group : WagWay Group LLC : Pawville Holdings LLC : Pawville Intermediate Holdings LLC : Pawville Vet Services LLC,,,Operating Expenses,Operations Expense,General and Admin,Systems,730000 General and Admin : Systems,
1018,Operating Expenses : Facility Expense : Repair and Maintenance,623500,37,WagWay Group : WagWay Group LLC : Pawville Holdings LLC : Pawville Intermediate Holdings LLC : Pawville Vet Services LLC,,,Operating Expenses,Facility Expense,Repair and Maintenance,623500 Operating Expenses : Facility Expense : Repair and Maintenance,,
1026,General and Admin : Advertising : Other Advertising,761000,37,WagWay Group : WagWay Group LLC : Pawville Holdings LLC : Pawville Intermediate Holdings LLC : Pawville Vet Services LLC,,,Operating Expenses,Operations Expense,General and Admin,Advertising,Other Advertising,761000 General and Admin : Advertising : Other Advertising
1030,General and Admin : Professional Services : Recruiting,772000,37,WagWay Group : WagWay Group LLC : Pawville Holdings LLC : Pawville Intermediate Holdings LLC : Pawville Vet Services LLC,,,Operating Expenses,Professional Fees,General and Admin,Recruiting,772000 General and Admin : Professional Services : Recruiting,
1031,General and Admin : Professional Services : Employee Training and Development,772500,37,WagWay Group : WagWay Group LLC : Pawville Holdings LLC : Pawville Intermediate Holdings LLC : Pawville Vet Services LLC,,,Operating Expenses,Professional Fees,General and Admin,Employee Training and Development,772500 General and Admin : Professional Services : Employee Training and Development,
1032,General and Admin : Professional Services : Other Professional Services,773000,37,WagWay Group : WagWay Group LLC : Pawville Holdings LLC : Pawville Intermediate Holdings LLC : Pawville Vet Services LLC,,,Operating Expenses,Professional Fees,General and Admin,Other Professional Services,773000 General and Admin : Professional Services : Other Professional Services,
1033,General and Admin : Other G&A Expenses : Bank Fees and Charges,780500,37,WagWay Group : WagWay Group LLC : Pawville Holdings LLC : Pawville Intermediate Holdings LLC : Pawville Vet Services LLC,,,Operating Expenses,Operations Expense,General and Admin,Other G&A Expenses,Bank Fees and Charges,780500 General and Admin : Other G&A Expenses : Bank Fees and Charges
1035,General and Admin : Other G&A Expenses : Dues and Subscriptions,781500,37,WagWay Group : WagWay Group LLC : Pawville Holdings LLC : Pawville Intermediate Holdings LLC : Pawville Vet Services LLC,,,Operating Expenses,Operations Expense,General and Admin,Other G&A Expenses,Dues and Subscriptions,781500 General and Admin : Other G&A Expenses : Dues and Subscriptions
1037,General and Admin : Other G&A Expenses : Taxes and Licenses,782500,37,WagWay Group : WagWay Group LLC : Pawville Holdings LLC : Pawville Intermediate Holdings LLC : Pawville Vet Services LLC,,,Operating Expenses,Operations Expense,General and Admin,Other G&A Expenses,Taxes and Licenses,782500 General and Admin : Other G&A Expenses : Taxes and Licenses
1152,Cash : Operating : Pawville Vet Services Operating,101030,37,WagWay Group : WagWay Group LLC : Pawville Holdings LLC : Pawville Intermediate Holdings LLC : Pawville Vet Services LLC,,,Current Assets,Cash,Operating,Pawville Vet Services Operating,101030 Cash : Operating : Pawville Vet Services Operating,101030 Cash : Operating : Pawville Vet Services Operating
1255,Other Expense,850000,37,WagWay Group : WagWay Group LLC : Pawville Holdings LLC : Pawville Intermediate Holdings LLC : Pawville Vet Services LLC,,,Other (Income) / Expense,Other Expenses,Other Expense,850000 Other Expense,,
1257,Inventory : Veterinary Inventory,120500,37,WagWay Group : WagWay Group LLC : Pawville Holdings LLC : Pawville Intermediate Holdings LLC : Pawville Vet Services LLC,,,Current Assets,Other Current Assets,Inventory,Veterinary Inventory,120500 Inventory : Veterinary Inventory,120500 Inventory : Veterinary Inventory
1378,Accrued Expenses : Accrued Expenses - Other,250750,37,WagWay Group : WagWay Group LLC : Pawville Holdings LLC : Pawville Intermediate Holdings LLC : Pawville Vet Services LLC,,,Non-Current Liabilities,Other Liabilities,Accrued Expenses,Accrued Expenses - Other,250750 Accrued Expenses : Accrued Expenses - Other,
1397,Intercompany AR_x,111000,37,WagWay Group : WagWay Group LLC : Pawville Holdings LLC : Pawville Intermediate Holdings LLC : Pawville Vet Services LLC,,,Current Assets,Other Current Assets,Intercompany AR_x,111000 Intercompany AR_x,,
1398,Intercompany AP_x,200500,37,WagWay Group : WagWay Group LLC : Pawville Holdings LLC : Pawville Intermediate Holdings LLC : Pawville Vet Services LLC,,,Non-Current Liabilities,Other Liabilities,Intercompany AP_x,200500 Intercompany AP_x,,
1499,General and Admin : Other G&A Expenses : Office Supplies,783000,37,WagWay Group : WagWay Group LLC : Pawville Holdings LLC : Pawville Intermediate Holdings LLC : Pawville Vet Services LLC,,,Operating Expenses,Operations Expense,General and Admin,Other G&A Expenses,Office Supplies,783000 General and Admin : Other G&A Expenses : Office Supplies
1801,Ramp Card - Pawville Vet Services LLC,Ramp Card - Pawville Vet Services LLC,37,WagWay Group : WagWay Group LLC : Pawville Holdings LLC : Pawville Intermediate Holdings LLC : Pawville Vet Services LLC,,,Current Liabilities,Credit Card,Ramp Card,Pawville Vet Services LLC,Ramp Card - Pawville Vet Services LLC Ramp Card - Pawville Vet Services LLC,
2003,Intercompany AP - RAMP,200501,37,WagWay Group : WagWay Group LLC : Pawville Holdings LLC : Pawville Intermediate Holdings LLC : Pawville Vet Services LLC,,,Current Liabilities,Accounts Payable,Intercompany AP,RAMP,200501 Intercompany AP - RAMP,
2023,Cash : Collections : Pawville Vet Services Clearing Account,100704,37,WagWay Group : WagWay Group LLC : Pawville Holdings LLC : Pawville Intermediate Holdings LLC : Pawville Vet Services LLC,,,Current Assets,Cash,Collections,Pawville Vet Services Clearing Account,100704 Cash : Collections : Pawville Vet Services Clearing Account,100704 Cash : Collections : Pawville Vet Services Clearing Account
52,Equity : Retained Earnings,310000,39,WagWay Group : WagWay Group LLC : Pawville Holdings LLC : Pawville Intermediate Holdings LLC : Pawville Vet Services LLC : Paw Springs Veterinary Clinics PLLC,,,Equity,Equity,Retained Earnings,310000 Equity : Retained Earnings,,
221,COGS : COGS Wages : Regular Wages,510500,39,WagWay Group : WagWay Group LLC : Pawville Holdings LLC : Pawville Intermediate Holdings LLC : Pawville Vet Services LLC : Paw Springs Veterinary Clinics PLLC,25,Vet Services,COGS,Vet Services,COGS Wages,Regular Wages,510500 COGS : COGS Wages : Regular Wages,
221,COGS : COGS Wages : Regular Wages,510500,39,WagWay Group : WagWay Group LLC : Pawville Holdings LLC : Pawville Intermediate Holdings LLC : Pawville Vet Services LLC : Paw Springs Veterinary Clinics PLLC,16,Pet Care,COGS,Pet Care,COGS Wages,Regular Wages,510500 COGS : COGS Wages : Regular Wages,
226,COGS : COGS Wages : Employer Taxes,513000,39,WagWay Group : WagWay Group LLC : Pawville Holdings LLC : Pawville Intermediate Holdings LLC : Pawville Vet Services LLC : Paw Springs Veterinary Clinics PLLC,16,Pet Care,COGS,Pet Care,COGS Wages,Employer Taxes,513000 COGS : COGS Wages : Employer Taxes,
226,COGS : COGS Wages : Employer Taxes,513000,39,WagWay Group : WagWay Group LLC : Pawville Holdings LLC : Pawville Intermediate Holdings LLC : Pawville Vet Services LLC : Paw Springs Veterinary Clinics PLLC,25,Vet Services,COGS,Vet Services,COGS Wages,Employer Taxes,513000 COGS : COGS Wages : Employer Taxes,
227,COGS : COGS Wages : Employer Medical/Dental/Vision,513500,39,WagWay Group : WagWay Group LLC : Pawville Holdings LLC : Pawville Intermediate Holdings LLC : Pawville Vet Services LLC : Paw Springs Veterinary Clinics PLLC,25,Vet Services,COGS,Vet Services,COGS Wages,Employer Medical/Dental/Vision,513500 COGS : COGS Wages : Employer Medical/Dental/Vision,
231,COGS : COGS Wages : Employer 401k,515500,39,WagWay Group : WagWay Group LLC : Pawville Holdings LLC : Pawville Intermediate Holdings LLC : Pawville Vet Services LLC : Paw Springs Veterinary Clinics PLLC,25,Vet Services,COGS,Vet Services,COGS Wages,Employer 401k,515500 COGS : COGS Wages : Employer 401k,
231,COGS : COGS Wages : Employer 401k,515500,39,WagWay Group : WagWay Group LLC : Pawville Holdings LLC : Pawville Intermediate Holdings LLC : Pawville Vet Services LLC : Paw Springs Veterinary Clinics PLLC,16,Pet Care,COGS,Pet Care,COGS Wages,Employer 401k,515500 COGS : COGS Wages : Employer 401k,
234,COGS : COGS Consumables : Medication,521000,39,WagWay Group : WagWay Group LLC : Pawville Holdings LLC : Pawville Intermediate Holdings LLC : Pawville Vet Services LLC : Paw Springs Veterinary Clinics PLLC,25,Vet Services,COGS,Vet Services,COGS Consumables,Medication,521000 COGS : COGS Consumables : Medication,
234,COGS : COGS Consumables : Medication,521000,39,WagWay Group : WagWay Group LLC : Pawville Holdings LLC : Pawville Intermediate Holdings LLC : Pawville Vet Services LLC : Paw Springs Veterinary Clinics PLLC,,,COGS,No Revenue Stream,COGS Consumables,Medication,521000 COGS : COGS Consumables : Medication,
235,COGS : COGS Consumables : Other Supplies,521500,39,WagWay Group : WagWay Group LLC : Pawville Holdings LLC : Pawville Intermediate Holdings LLC : Pawville Vet Services LLC : Paw Springs Veterinary Clinics PLLC,,,COGS,No Revenue Stream,COGS Consumables,Other Supplies,521500 COGS : COGS Consumables : Other Supplies,
235,COGS : COGS Consumables : Other Supplies,521500,39,WagWay Group : WagWay Group LLC : Pawville Holdings LLC : Pawville Intermediate Holdings LLC : Pawville Vet Services LLC : Paw Springs Veterinary Clinics PLLC,16,Pet Care,COGS,Pet Care,COGS Consumables,Other Supplies,521500 COGS : COGS Consumables : Other Supplies,
235,COGS : COGS Consumables : Other Supplies,521500,39,WagWay Group : WagWay Group LLC : Pawville Holdings LLC : Pawville Intermediate Holdings LLC : Pawville Vet Services LLC : Paw Springs Veterinary Clinics PLLC,25,Vet Services,COGS,Vet Services,COGS Consumables,Other Supplies,521500 COGS : COGS Consumables : Other Supplies,
241,Fixed Assets : Equipment,151000,39,WagWay Group : WagWay Group LLC : Pawville Holdings LLC : Pawville Intermediate Holdings LLC : Pawville Vet Services LLC : Paw Springs Veterinary Clinics PLLC,,,Non-Current Assets,Fixed Assets,Equipment,151000 Fixed Assets : Equipment,,
246,Fixed Assets : Accumulated Depreciation - Equipment,153500,39,WagWay Group : WagWay Group LLC : Pawville Holdings LLC : Pawville Intermediate Holdings LLC : Pawville Vet Services LLC : Paw Springs Veterinary Clinics PLLC,,,Non-Current Assets,Fixed Assets,Accumulated Depreciation - Equipment,153500 Fixed Assets : Accumulated Depreciation - Equipment,,
247,Fixed Assets : Accumulated Depreciation - Furniture & Fixtures,154000,39,WagWay Group : WagWay Group LLC : Pawville Holdings LLC : Pawville Intermediate Holdings LLC : Pawville Vet Services LLC : Paw Springs Veterinary Clinics PLLC,,,Non-Current Assets,Fixed Assets,Accumulated Depreciation - Furniture & Fixtures,154000 Fixed Assets : Accumulated Depreciation - Furniture & Fixtures,,
248,Fixed Assets : Accumulated Depreciation - Leasehold Improvements,154500,39,WagWay Group : WagWay Group LLC : Pawville Holdings LLC : Pawville Intermediate Holdings LLC : Pawville Vet Services LLC : Paw Springs Veterinary Clinics PLLC,,,Non-Current Assets,Fixed Assets,Accumulated Depreciation - Leasehold Improvements,154500 Fixed Assets : Accumulated Depreciation - Leasehold Improvements,,
440,Accrued Expenses,250000,39,WagWay Group : WagWay Group LLC : Pawville Holdings LLC : Pawville Intermediate Holdings LLC : Pawville Vet Services LLC : Paw Springs Veterinary Clinics PLLC,,,Non-Current Liabilities,Other Liabilities,Accrued Expenses,250000 Accrued Expenses,,
618,Payroll Liabilities : Accrued Payroll,260500,39,WagWay Group : WagWay Group LLC : Pawville Holdings LLC : Pawville Intermediate Holdings LLC : Pawville Vet Services LLC : Paw Springs Veterinary Clinics PLLC,,,Non-Current Liabilities,Other Liabilities,Payroll Liabilities,Accrued Payroll,260500 Payroll Liabilities : Accrued Payroll,
621,Payroll Liabilities : Accrued Bonuses,262000,39,WagWay Group : WagWay Group LLC : Pawville Holdings LLC : Pawville Intermediate Holdings LLC : Pawville Vet Services LLC : Paw Springs Veterinary Clinics PLLC,,,Non-Current Liabilities,Other Liabilities,Payroll Liabilities,Accrued Bonuses,262000 Payroll Liabilities : Accrued Bonuses,
622,Payroll Liabilities : Accrued Payroll Taxes - Federal,262500,39,WagWay Group : WagWay Group LLC : Pawville Holdings LLC : Pawville Intermediate Holdings LLC : Pawville Vet Services LLC : Paw Springs Veterinary Clinics PLLC,,,Non-Current Liabilities,Other Liabilities,Payroll Liabilities,Accrued Payroll Taxes - Federal,262500 Payroll Liabilities : Accrued Payroll Taxes - Federal,
629,Payroll Liabilities : Accrued 401k,266000,39,WagWay Group : WagWay Group LLC : Pawville Holdings LLC : Pawville Intermediate Holdings LLC : Pawville Vet Services LLC : Paw Springs Veterinary Clinics PLLC,,,Non-Current Liabilities,Other Liabilities,Payroll Liabilities,Accrued 401k,266000 Payroll Liabilities : Accrued 401k,
718,Revenue : Service Revenue,410000,39,WagWay Group : WagWay Group LLC : Pawville Holdings LLC : Pawville Intermediate Holdings LLC : Pawville Vet Services LLC : Paw Springs Veterinary Clinics PLLC,25,Vet Services,Revenue,Vet Services,Service Revenue,410000 Revenue : Service Revenue,,
820,Operating Expenses : OPEX Wages : Regular Wages,610500,39,WagWay Group : WagWay Group LLC : Pawville Holdings LLC : Pawville Intermediate Holdings LLC : Pawville Vet Services LLC : Paw Springs Veterinary Clinics PLLC,,,Operating Expenses,Ops Labour Expense,Regular Wages,610500 Operating Expenses : OPEX Wages : Regular Wages,,
825,Operating Expenses : OPEX Wages : Employer Taxes,613000,39,WagWay Group : WagWay Group LLC : Pawville Holdings LLC : Pawville Intermediate Holdings LLC : Pawville Vet Services LLC : Paw Springs Veterinary Clinics PLLC,,,Operating Expenses,Ops Labour Expense,Employer Taxes,613000 Operating Expenses : OPEX Wages : Employer Taxes,,
826,Operating Expenses : OPEX Wages : Employer Medical/Dental/Vision,613500,39,WagWay Group : WagWay Group LLC : Pawville Holdings LLC : Pawville Intermediate Holdings LLC : Pawville Vet Services LLC : Paw Springs Veterinary Clinics PLLC,25,Vet Services,Operating Expenses,Ops Labour Expense,Employer Medical/Dental/Vision,613500 Operating Expenses : OPEX Wages : Employer Medical/Dental/Vision,,
826,Operating Expenses : OPEX Wages : Employer Medical/Dental/Vision,613500,39,WagWay Group : WagWay Group LLC : Pawville Holdings LLC : Pawville Intermediate Holdings LLC : Pawville Vet Services LLC : Paw Springs Veterinary Clinics PLLC,,,Operating Expenses,Ops Labour Expense,Employer Medical/Dental/Vision,613500 Operating Expenses : OPEX Wages : Employer Medical/Dental/Vision,,
830,Operating Expenses : OPEX Wages : Employer 401k,615500,39,WagWay Group : WagWay Group LLC : Pawville Holdings LLC : Pawville Intermediate Holdings LLC : Pawville Vet Services LLC : Paw Springs Veterinary Clinics PLLC,,,Operating Expenses,Ops Labour Expense,Employer 401k,615500 Operating Expenses : OPEX Wages : Employer 401k,,
832,Operating Expenses : Facility Expense : Rent,620500,39,WagWay Group : WagWay Group LLC : Pawville Holdings LLC : Pawville Intermediate Holdings LLC : Pawville Vet Services LLC : Paw Springs Veterinary Clinics PLLC,,,Operating Expenses,Facility Expense,Rent,620500 Operating Expenses : Facility Expense : Rent,,
833,Operating Expenses : Facility Expense : Electric,621000,39,WagWay Group : WagWay Group LLC : Pawville Holdings LLC : Pawville Intermediate Holdings LLC : Pawville Vet Services LLC : Paw Springs Veterinary Clinics PLLC,,,Operating Expenses,Facility Expense,Electric,621000 Operating Expenses : Facility Expense : Electric,,
834,Operating Expenses : Facility Expense : Gas,621500,39,WagWay Group : WagWay Group LLC : Pawville Holdings LLC : Pawville Intermediate Holdings LLC : Pawville Vet Services LLC : Paw Springs Veterinary Clinics PLLC,,,Operating Expenses,Facility Expense,Gas,621500 Operating Expenses : Facility Expense : Gas,,
835,Operating Expenses : Facility Expense : Water,622000,39,WagWay Group : WagWay Group LLC : Pawville Holdings LLC : Pawville Intermediate Holdings LLC : Pawville Vet Services LLC : Paw Springs Veterinary Clinics PLLC,,,Operating Expenses,Facility Expense,Water,622000 Operating Expenses : Facility Expense : Water,,
836,Operating Expenses : Facility Expense : Data,622500,39,WagWay Group : WagWay Group LLC : Pawville Holdings LLC : Pawville Intermediate Holdings LLC : Pawville Vet Services LLC : Paw Springs Veterinary Clinics PLLC,,,Operating Expenses,Facility Expense,Data,622500 Operating Expenses : Facility Expense : Data,,
837,Operating Expenses : Facility Expense : Phone,623000,39,WagWay Group : WagWay Group LLC : Pawville Holdings LLC : Pawville Intermediate Holdings LLC : Pawville Vet Services LLC : Paw Springs Veterinary Clinics PLLC,,,Operating Expenses,Facility Expense,Phone,623000 Operating Expenses : Facility Expense : Phone,,
838,Operating Expenses : Facility Expense : Property Insurance,624000,39,WagWay Group : WagWay Group LLC : Pawville Holdings LLC : Pawville Intermediate Holdings LLC : Pawville Vet Services LLC : Paw Springs Veterinary Clinics PLLC,,,Operating Expenses,Facility Expense,Property Insurance,624000 Operating Expenses : Facility Expense : Property Insurance,,
841,General and Admin : G&A Wages : Regular Wages,710500,39,WagWay Group : WagWay Group LLC : Pawville Holdings LLC : Pawville Intermediate Holdings LLC : Pawville Vet Services LLC : Paw Springs Veterinary Clinics PLLC,,,Operating Expenses,Operations Expense,General and Admin,G&A Wages,Regular Wages,710500 General and Admin : G&A Wages : Regular Wages
845,General and Admin : G&A Wages : Bonuses,712500,39,WagWay Group : WagWay Group LLC : Pawville Holdings LLC : Pawville Intermediate Holdings LLC : Pawville Vet Services LLC : Paw Springs Veterinary Clinics PLLC,,,Operating Expenses,Operations Expense,General and Admin,G&A Wages,Bonuses,712500 General and Admin : G&A Wages : Bonuses
846,General and Admin : G&A Wages : Employer Taxes,713000,39,WagWay Group : WagWay Group LLC : Pawville Holdings LLC : Pawville Intermediate Holdings LLC : Pawville Vet Services LLC : Paw Springs Veterinary Clinics PLLC,,,Operating Expenses,Operations Expense,General and Admin,G&A Wages,Employer Taxes,713000 General and Admin : G&A Wages : Employer Taxes
847,General and Admin : G&A Wages : Employer Medical/Dental/Vision,713500,39,WagWay Group : WagWay Group LLC : Pawville Holdings LLC : Pawville Intermediate Holdings LLC : Pawville Vet Services LLC : Paw Springs Veterinary Clinics PLLC,,,Operating Expenses,Operations Expense,General and Admin,G&A Wages,Employer Medical/Dental/Vision,713500 General and Admin : G&A Wages : Employer Medical/Dental/Vision
851,General and Admin : G&A Wages : Employer 401k,715500,39,WagWay Group : WagWay Group LLC : Pawville Holdings LLC : Pawville Intermediate Holdings LLC : Pawville Vet Services LLC : Paw Springs Veterinary Clinics PLLC,,,Operating Expenses,Operations Expense,General and Admin,G&A Wages,Employer 401k,715500 General and Admin : G&A Wages : Employer 401k
854,General and Admin : Travel : Lodging,721000,39,WagWay Group : WagWay Group LLC : Pawville Holdings LLC : Pawville Intermediate Holdings LLC : Pawville Vet Services LLC : Paw Springs Veterinary Clinics PLLC,,,Operating Expenses,Operations Expense,General and Admin,Travel,Lodging,721000 General and Admin : Travel : Lodging
855,General and Admin : Travel : Meals,721500,39,WagWay Group : WagWay Group LLC : Pawville Holdings LLC : Pawville Intermediate Holdings LLC : Pawville Vet Services LLC : Paw Springs Veterinary Clinics PLLC,,,Operating Expenses,Operations Expense,General and Admin,Travel,Meals,721500 General and Admin : Travel : Meals
856,General and Admin : Travel : Entertainment,722000,39,WagWay Group : WagWay Group LLC : Pawville Holdings LLC : Pawville Intermediate Holdings LLC : Pawville Vet Services LLC : Paw Springs Veterinary Clinics PLLC,,,Operating Expenses,Operations Expense,General and Admin,Travel,Entertainment,722000 General and Admin : Travel : Entertainment
857,General and Admin : Systems,730000,39,WagWay Group : WagWay Group LLC : Pawville Holdings LLC : Pawville Intermediate Holdings LLC : Pawville Vet Services LLC : Paw Springs Veterinary Clinics PLLC,,,Operating Expenses,Operations Expense,General and Admin,Systems,730000 General and Admin : Systems,
859,General and Admin : Insurance : General Liability,740500,39,WagWay Group : WagWay Group LLC : Pawville Holdings LLC : Pawville Intermediate Holdings LLC : Pawville Vet Services LLC : Paw Springs Veterinary Clinics PLLC,,,Operating Expenses,Operations Expense,General and Admin,Insurance,General Liability,740500 General and Admin : Insurance : General Liability
862,General and Admin : Insurance : Other Insurance,742000,39,WagWay Group : WagWay Group LLC : Pawville Holdings LLC : Pawville Intermediate Holdings LLC : Pawville Vet Services LLC : Paw Springs Veterinary Clinics PLLC,,,Operating Expenses,Operations Expense,General and Admin,Insurance,Other Insurance,742000 General and Admin : Insurance : Other Insurance
920,General and Admin : Marketing : Other Marketing,751000,39,WagWay Group : WagWay Group LLC : Pawville Holdings LLC : Pawville Intermediate Holdings LLC : Pawville Vet Services LLC : Paw Springs Veterinary Clinics PLLC,,,Operating Expenses,Operations Expense,General and Admin,Marketing,Other Marketing,751000 General and Admin : Marketing : Other Marketing
1018,Operating Expenses : Facility Expense : Repair and Maintenance,623500,39,WagWay Group : WagWay Group LLC : Pawville Holdings LLC : Pawville Intermediate Holdings LLC : Pawville Vet Services LLC : Paw Springs Veterinary Clinics PLLC,,,Operating Expenses,Facility Expense,Repair and Maintenance,623500 Operating Expenses : Facility Expense : Repair and Maintenance,,
1019,Operating Expenses : Other Operating Expense : Auto Insurance,630500,39,WagWay Group : WagWay Group LLC : Pawville Holdings LLC : Pawville Intermediate Holdings LLC : Pawville Vet Services LLC : Paw Springs Veterinary Clinics PLLC,,,Operating Expenses,Other Operating Expense,Auto Insurance,630500 Operating Expenses : Other Operating Expense : Auto Insurance,,
1021,Operating Expenses : Other Operating Expense : Fuel,631500,39,WagWay Group : WagWay Group LLC : Pawville Holdings LLC : Pawville Intermediate Holdings LLC : Pawville Vet Services LLC : Paw Springs Veterinary Clinics PLLC,,,Operating Expenses,Other Operating Expense,Fuel,631500 Operating Expenses : Other Operating Expense : Fuel,,
1023,General and Admin : Marketing : Brand Materials,750500,39,WagWay Group : WagWay Group LLC : Pawville Holdings LLC : Pawville Intermediate Holdings LLC : Pawville Vet Services LLC : Paw Springs Veterinary Clinics PLLC,,,Operating Expenses,Operations Expense,General and Admin,Marketing,Brand Materials,750500 General and Admin : Marketing : Brand Materials
1025,General and Admin : Advertising : Digital Paid Ads,760500,39,WagWay Group : WagWay Group LLC : Pawville Holdings LLC : Pawville Intermediate Holdings LLC : Pawville Vet Services LLC : Paw Springs Veterinary Clinics PLLC,,,Operating Expenses,Operations Expense,General and Admin,Advertising,Digital Paid Ads,760500 General and Admin : Advertising : Digital Paid Ads
1026,General and Admin : Advertising : Other Advertising,761000,39,WagWay Group : WagWay Group LLC : Pawville Holdings LLC : Pawville Intermediate Holdings LLC : Pawville Vet Services LLC : Paw Springs Veterinary Clinics PLLC,,,Operating Expenses,Operations Expense,General and Admin,Advertising,Other Advertising,761000 General and Admin : Advertising : Other Advertising
1030,General and Admin : Professional Services : Recruiting,772000,39,WagWay Group : WagWay Group LLC : Pawville Holdings LLC : Pawville Intermediate Holdings LLC : Pawville Vet Services LLC : Paw Springs Veterinary Clinics PLLC,,,Operating Expenses,Professional Fees,General and Admin,Recruiting,772000 General and Admin : Professional Services : Recruiting,
1031,General and Admin : Professional Services : Employee Training and Development,772500,39,WagWay Group : WagWay Group LLC : Pawville Holdings LLC : Pawville Intermediate Holdings LLC : Pawville Vet Services LLC : Paw Springs Veterinary Clinics PLLC,,,Operating Expenses,Professional Fees,General and Admin,Employee Training and Development,772500 General and Admin : Professional Services : Employee Training and Development,
1032,General and Admin : Professional Services : Other Professional Services,773000,39,WagWay Group : WagWay Group LLC : Pawville Holdings LLC : Pawville Intermediate Holdings LLC : Pawville Vet Services LLC : Paw Springs Veterinary Clinics PLLC,,,Operating Expenses,Professional Fees,General and Admin,Other Professional Services,773000 General and Admin : Professional Services : Other Professional Services,
1033,General and Admin : Other G&A Expenses : Bank Fees and Charges,780500,39,WagWay Group : WagWay Group LLC : Pawville Holdings LLC : Pawville Intermediate Holdings LLC : Pawville Vet Services LLC : Paw Springs Veterinary Clinics PLLC,,,Operating Expenses,Operations Expense,General and Admin,Other G&A Expenses,Bank Fees and Charges,780500 General and Admin : Other G&A Expenses : Bank Fees and Charges
1034,General and Admin : Other G&A Expenses : Interest Paid,781000,39,WagWay Group : WagWay Group LLC : Pawville Holdings LLC : Pawville Intermediate Holdings LLC : Pawville Vet Services LLC : Paw Springs Veterinary Clinics PLLC,,,Operating Expenses,Operations Expense,General and Admin,Other G&A Expenses,Interest Paid,781000 General and Admin : Other G&A Expenses : Interest Paid
1035,General and Admin : Other G&A Expenses : Dues and Subscriptions,781500,39,WagWay Group : WagWay Group LLC : Pawville Holdings LLC : Pawville Intermediate Holdings LLC : Pawville Vet Services LLC : Paw Springs Veterinary Clinics PLLC,,,Operating Expenses,Operations Expense,General and Admin,Other G&A Expenses,Dues and Subscriptions,781500 General and Admin : Other G&A Expenses : Dues and Subscriptions
1037,General and Admin : Other G&A Expenses : Taxes and Licenses,782500,39,WagWay Group : WagWay Group LLC : Pawville Holdings LLC : Pawville Intermediate Holdings LLC : Pawville Vet Services LLC : Paw Springs Veterinary Clinics PLLC,,,Operating Expenses,Operations Expense,General and Admin,Other G&A Expenses,Taxes and Licenses,782500 General and Admin : Other G&A Expenses : Taxes and Licenses
1038,Other Expense : Depreciation : Depreciation -Equipment,852010,39,WagWay Group : WagWay Group LLC : Pawville Holdings LLC : Pawville Intermediate Holdings LLC : Pawville Vet Services LLC : Paw Springs Veterinary Clinics PLLC,,,Other (Income) / Expense,Other Expenses,Other Expense,Depreciation,Depreciation -Equipment,852010 Other Expense : Depreciation : Depreciation -Equipment
1039,Other Expense : Depreciation : Depreciation - Furniture & Fixtures,852020,39,WagWay Group : WagWay Group LLC : Pawville Holdings LLC : Pawville Intermediate Holdings LLC : Pawville Vet Services LLC : Paw Springs Veterinary Clinics PLLC,,,Other (Income) / Expense,Other Expenses,Other Expense,Depreciation,Depreciation - Furniture & Fixtures,852020 Other Expense : Depreciation : Depreciation - Furniture & Fixtures
1040,Other Expense : Depreciation : Depreciation - Leasehold Improvements,852030,39,WagWay Group : WagWay Group LLC : Pawville Holdings LLC : Pawville Intermediate Holdings LLC : Pawville Vet Services LLC : Paw Springs Veterinary Clinics PLLC,,,Other (Income) / Expense,Other Expenses,Other Expense,Depreciation,Depreciation - Leasehold Improvements,852030 Other Expense : Depreciation : Depreciation - Leasehold Improvements
1176,Cash : Collections : Paw Springs Scotts Hill,100701,39,WagWay Group : WagWay Group LLC : Pawville Holdings LLC : Pawville Intermediate Holdings LLC : Pawville Vet Services LLC : Paw Springs Veterinary Clinics PLLC,,,Current Assets,Cash,Collections,Paw Springs Scotts Hill,100701 Cash : Collections : Paw Springs Scotts Hill,100701 Cash : Collections : Paw Springs Scotts Hill
1177,Cash : Collections : Paw Springs Midtown,100702,39,WagWay Group : WagWay Group LLC : Pawville Holdings LLC : Pawville Intermediate Holdings LLC : Pawville Vet Services LLC : Paw Springs Veterinary Clinics PLLC,,,Current Assets,Cash,Collections,Paw Springs Midtown,100702 Cash : Collections : Paw Springs Midtown,100702 Cash : Collections : Paw Springs Midtown
1255,Other Expense,850000,39,WagWay Group : WagWay Group LLC : Pawville Holdings LLC : Pawville Intermediate Holdings LLC : Pawville Vet Services LLC : Paw Springs Veterinary Clinics PLLC,,,Other (Income) / Expense,Other Expenses,Other Expense,850000 Other Expense,,
1256,Inventory : Retail Inventory,120250,39,WagWay Group : WagWay Group LLC : Pawville Holdings LLC : Pawville Intermediate Holdings LLC : Pawville Vet Services LLC : Paw Springs Veterinary Clinics PLLC,,,Current Assets,Other Current Assets,Inventory,Retail Inventory,120250 Inventory : Retail Inventory,120250 Inventory : Retail Inventory
1257,Inventory : Veterinary Inventory,120500,39,WagWay Group : WagWay Group LLC : Pawville Holdings LLC : Pawville Intermediate Holdings LLC : Pawville Vet Services LLC : Paw Springs Veterinary Clinics PLLC,,,Current Assets,Other Current Assets,Inventory,Veterinary Inventory,120500 Inventory : Veterinary Inventory,120500 Inventory : Veterinary Inventory
1258,Other Long term Assets : ASC 842 - ROU Asset Account,171000,39,WagWay Group : WagWay Group LLC : Pawville Holdings LLC : Pawville Intermediate Holdings LLC : Pawville Vet Services LLC : Paw Springs Veterinary Clinics PLLC,,,Non-Current Assets,Other Assets,Other Long term Assets,ASC 842 - ROU Asset Account,171000 Other Long term Assets : ASC 842 - ROU Asset Account,
1353,Accounts Receivable : Accounts Receivable Trade,110250,39,WagWay Group : WagWay Group LLC : Pawville Holdings LLC : Pawville Intermediate Holdings LLC : Pawville Vet Services LLC : Paw Springs Veterinary Clinics PLLC,,,Current Assets,Accounts Receivable,Accounts Receivable,Accounts Receivable Trade,110250 Accounts Receivable : Accounts Receivable Trade,
1353,Accounts Receivable : Accounts Receivable Trade,110250,39,WagWay Group : WagWay Group LLC : Pawville Holdings LLC : Pawville Intermediate Holdings LLC : Pawville Vet Services LLC : Paw Springs Veterinary Clinics PLLC,25,Vet Services,Current Assets,Accounts Receivable,Accounts Receivable,Accounts Receivable Trade,110250 Accounts Receivable : Accounts Receivable Trade,
1373,Other Current Liabilities : ASC 842 - Lease Liability Short-Term Account,221000,39,WagWay Group : WagWay Group LLC : Pawville Holdings LLC : Pawville Intermediate Holdings LLC : Pawville Vet Services LLC : Paw Springs Veterinary Clinics PLLC,,,Current Liabilities,Other Current Liabilities,ASC 842 - Lease Liability Short-Term Account,221000 Other Current Liabilities : ASC 842 - Lease Liability Short-Term Account,,
1378,Accrued Expenses : Accrued Expenses - Other,250750,39,WagWay Group : WagWay Group LLC : Pawville Holdings LLC : Pawville Intermediate Holdings LLC : Pawville Vet Services LLC : Paw Springs Veterinary Clinics PLLC,,,Non-Current Liabilities,Other Liabilities,Accrued Expenses,Accrued Expenses - Other,250750 Accrued Expenses : Accrued Expenses - Other,
1381,Other Long term Liabilities : ASC 842 - Lease Liability Long-Term Account,290250,39,WagWay Group : WagWay Group LLC : Pawville Holdings LLC : Pawville Intermediate Holdings LLC : Pawville Vet Services LLC : Paw Springs Veterinary Clinics PLLC,,,Non-Current Liabilities,Long Term Liabilities,Other Long term Liabilities,ASC 842 - Lease Liability Long-Term Account,290250 Other Long term Liabilities : ASC 842 - Lease Liability Long-Term Account,
1397,Intercompany AR_x,111000,39,WagWay Group : WagWay Group LLC : Pawville Holdings LLC : Pawville Intermediate Holdings LLC : Pawville Vet Services LLC : Paw Springs Veterinary Clinics PLLC,,,Current Assets,Other Current Assets,Intercompany AR_x,111000 Intercompany AR_x,,
1398,Intercompany AP_x,200500,39,WagWay Group : WagWay Group LLC : Pawville Holdings LLC : Pawville Intermediate Holdings LLC : Pawville Vet Services LLC : Paw Springs Veterinary Clinics PLLC,,,Non-Current Liabilities,Other Liabilities,Intercompany AP_x,200500 Intercompany AP_x,,
1398,Intercompany AP_x,200500,39,WagWay Group : WagWay Group LLC : Pawville Holdings LLC : Pawville Intermediate Holdings LLC : Pawville Vet Services LLC : Paw Springs Veterinary Clinics PLLC,16,Pet Care,Non-Current Liabilities,Other Liabilities,Intercompany AP_x,200500 Intercompany AP_x,,
1398,Intercompany AP_x,200500,39,WagWay Group : WagWay Group LLC : Pawville Holdings LLC : Pawville Intermediate Holdings LLC : Pawville Vet Services LLC : Paw Springs Veterinary Clinics PLLC,25,Vet Services,Non-Current Liabilities,Other Liabilities,Intercompany AP_x,200500 Intercompany AP_x,,
1399,General and Admin : Travel : Vehicle/Toll/Parking,721750,39,WagWay Group : WagWay Group LLC : Pawville Holdings LLC : Pawville Intermediate Holdings LLC : Pawville Vet Services LLC : Paw Springs Veterinary Clinics PLLC,,,Operating Expenses,Operations Expense,General and Admin,Travel,Vehicle/Toll/Parking,721750 General and Admin : Travel : Vehicle/Toll/Parking
1499,General and Admin : Other G&A Expenses : Office Supplies,783000,39,WagWay Group : WagWay Group LLC : Pawville Holdings LLC : Pawville Intermediate Holdings LLC : Pawville Vet Services LLC : Paw Springs Veterinary Clinics PLLC,,,Operating Expenses,Operations Expense,General and Admin,Other G&A Expenses,Office Supplies,783000 General and Admin : Other G&A Expenses : Office Supplies
,,,39,WagWay Group : WagWay Group LLC : Pawville Holdings LLC : Pawville Intermediate Holdings LLC : Pawville Vet Services LLC : Paw Springs Veterinary Clinics PLLC,25,Vet Services,,,,,,
,,,39,WagWay Group : WagWay Group LLC : Pawville Holdings LLC : Pawville Intermediate Holdings LLC : Pawville Vet Services LLC : Paw Springs Veterinary Clinics PLLC,,,,,,,,
1397,Intercompany AR_x,111000,41,WagWay Group : WagWay Group LLC : Pawville Holdings LLC : Pawville Intermediate Holdings LLC : x Elimination Pawville Intermediate Holdings,,,Current Assets,Other Current Assets,Intercompany AR_x,111000 Intercompany AR_x,,
1398,Intercompany AP_x,200500,41,WagWay Group : WagWay Group LLC : Pawville Holdings LLC : Pawville Intermediate Holdings LLC : x Elimination Pawville Intermediate Holdings,,,Non-Current Liabilities,Other Liabilities,Intercompany AP_x,200500 Intercompany AP_x,,
1397,Intercompany AR_x,111000,42,WagWay Group : WagWay Group LLC : PUPS Holdings LLC : PUPS Intermediate Holdings LLC : x Elimination PUPS Intermediate Holdings,,,Current Assets,Other Current Assets,Intercompany AR_x,111000 Intercompany AR_x,,
1398,Intercompany AP_x,200500,42,WagWay Group : WagWay Group LLC : PUPS Holdings LLC : PUPS Intermediate Holdings LLC : x Elimination PUPS Intermediate Holdings,,,Non-Current Liabilities,Other Liabilities,Intercompany AP_x,200500 Intercompany AP_x,,
227,COGS : COGS Wages : Employer Medical/Dental/Vision,513500,46,WagWay Group : WagWay Group LLC : PUPS Holdings LLC : CHI-PUPS Intermediate Holdings LLC,1,Grooming,,,,,,
227,COGS : COGS Wages : Employer Medical/Dental/Vision,513500,46,WagWay Group : WagWay Group LLC : PUPS Holdings LLC : CHI-PUPS Intermediate Holdings LLC,16,Pet Care,,,,,,
227,COGS : COGS Wages : Employer Medical/Dental/Vision,513500,46,WagWay Group : WagWay Group LLC : PUPS Holdings LLC : CHI-PUPS Intermediate Holdings LLC,24,Training,,,,,,
233,COGS : COGS Consumables : Grooming Supplies,520500,46,WagWay Group : WagWay Group LLC : PUPS Holdings LLC : CHI-PUPS Intermediate Holdings LLC,1,Grooming,,,,,,
235,COGS : COGS Consumables : Other Supplies,521500,46,WagWay Group : WagWay Group LLC : PUPS Holdings LLC : CHI-PUPS Intermediate Holdings LLC,16,Pet Care,,,,,,
235,COGS : COGS Consumables : Other Supplies,521500,46,WagWay Group : WagWay Group LLC : PUPS Holdings LLC : CHI-PUPS Intermediate Holdings LLC,,,,,,,,
241,Fixed Assets : Equipment,151000,46,WagWay Group : WagWay Group LLC : PUPS Holdings LLC : CHI-PUPS Intermediate Holdings LLC,,,,,,,,
423,Prepaid Expenses : Prepaid Other,132000,46,WagWay Group : WagWay Group LLC : PUPS Holdings LLC : CHI-PUPS Intermediate Holdings LLC,,,,,,,,
429,Intangibles : Accumulated Amortization - Goodwill,162000,46,WagWay Group : WagWay Group LLC : PUPS Holdings LLC : CHI-PUPS Intermediate Holdings LLC,,,,,,,,
618,Payroll Liabilities : Accrued Payroll,260500,46,WagWay Group : WagWay Group LLC : PUPS Holdings LLC : CHI-PUPS Intermediate Holdings LLC,,,,,,,,
621,Payroll Liabilities : Accrued Bonuses,262000,46,WagWay Group : WagWay Group LLC : PUPS Holdings LLC : CHI-PUPS Intermediate Holdings LLC,,,,,,,,
622,Payroll Liabilities : Accrued Payroll Taxes - Federal,262500,46,WagWay Group : WagWay Group LLC : PUPS Holdings LLC : CHI-PUPS Intermediate Holdings LLC,,,,,,,,
826,Operating Expenses : OPEX Wages : Employer Medical/Dental/Vision,613500,46,WagWay Group : WagWay Group LLC : PUPS Holdings LLC : CHI-PUPS Intermediate Holdings LLC,,,,,,,,
832,Operating Expenses : Facility Expense : Rent,620500,46,WagWay Group : WagWay Group LLC : PUPS Holdings LLC : CHI-PUPS Intermediate Holdings LLC,,,,,,,,
833,Operating Expenses : Facility Expense : Electric,621000,46,WagWay Group : WagWay Group LLC : PUPS Holdings LLC : CHI-PUPS Intermediate Holdings LLC,,,,,,,,
834,Operating Expenses : Facility Expense : Gas,621500,46,WagWay Group : WagWay Group LLC : PUPS Holdings LLC : CHI-PUPS Intermediate Holdings LLC,,,,,,,,
836,Operating Expenses : Facility Expense : Data,622500,46,WagWay Group : WagWay Group LLC : PUPS Holdings LLC : CHI-PUPS Intermediate Holdings LLC,,,,,,,,
837,Operating Expenses : Facility Expense : Phone,623000,46,WagWay Group : WagWay Group LLC : PUPS Holdings LLC : CHI-PUPS Intermediate Holdings LLC,,,,,,,,
841,General and Admin : G&A Wages : Regular Wages,710500,46,WagWay Group : WagWay Group LLC : PUPS Holdings LLC : CHI-PUPS Intermediate Holdings LLC,,,,,,,,
845,General and Admin : G&A Wages : Bonuses,712500,46,WagWay Group : WagWay Group LLC : PUPS Holdings LLC : CHI-PUPS Intermediate Holdings LLC,,,,,,,,
846,General and Admin : G&A Wages : Employer Taxes,713000,46,WagWay Group : WagWay Group LLC : PUPS Holdings LLC : CHI-PUPS Intermediate Holdings LLC,,,,,,,,
847,General and Admin : G&A Wages : Employer Medical/Dental/Vision,713500,46,WagWay Group : WagWay Group LLC : PUPS Holdings LLC : CHI-PUPS Intermediate Holdings LLC,,,,,,,,
850,General and Admin : G&A Wages : Employer Life,715000,46,WagWay Group : WagWay Group LLC : PUPS Holdings LLC : CHI-PUPS Intermediate Holdings LLC,,,,,,,,
857,General and Admin : Systems,730000,46,WagWay Group : WagWay Group LLC : PUPS Holdings LLC : CHI-PUPS Intermediate Holdings LLC,,,,,,,,
862,General and Admin : Insurance : Other Insurance,742000,46,WagWay Group : WagWay Group LLC : PUPS Holdings LLC : CHI-PUPS Intermediate Holdings LLC,,,,,,,,
920,General and Admin : Marketing : Other Marketing,751000,46,WagWay Group : WagWay Group LLC : PUPS Holdings LLC : CHI-PUPS Intermediate Holdings LLC,,,,,,,,
1018,Operating Expenses : Facility Expense : Repair and Maintenance,623500,46,WagWay Group : WagWay Group LLC : PUPS Holdings LLC : CHI-PUPS Intermediate Holdings LLC,,,,,,,,
1023,General and Admin : Marketing : Brand Materials,750500,46,WagWay Group : WagWay Group LLC : PUPS Holdings LLC : CHI-PUPS Intermediate Holdings LLC,,,,,,,,
1025,General and Admin : Advertising : Digital Paid Ads,760500,46,WagWay Group : WagWay Group LLC : PUPS Holdings LLC : CHI-PUPS Intermediate Holdings LLC,,,,,,,,
1027,General and Admin : Professional Services : Legal,770500,46,WagWay Group : WagWay Group LLC : PUPS Holdings LLC : CHI-PUPS Intermediate Holdings LLC,,,,,,,,
1030,General and Admin : Professional Services : Recruiting,772000,46,WagWay Group : WagWay Group LLC : PUPS Holdings LLC : CHI-PUPS Intermediate Holdings LLC,,,,,,,,
1032,General and Admin : Professional Services : Other Professional Services,773000,46,WagWay Group : WagWay Group LLC : PUPS Holdings LLC : CHI-PUPS Intermediate Holdings LLC,,,,,,,,
1033,General and Admin : Other G&A Expenses : Bank Fees and Charges,780500,46,WagWay Group : WagWay Group LLC : PUPS Holdings LLC : CHI-PUPS Intermediate Holdings LLC,,,,,,,,
1035,General and Admin : Other G&A Expenses : Dues and Subscriptions,781500,46,WagWay Group : WagWay Group LLC : PUPS Holdings LLC : CHI-PUPS Intermediate Holdings LLC,,,,,,,,
1044,Other Expense : Amortization : Amortization - Goodwill,854010,46,WagWay Group : WagWay Group LLC : PUPS Holdings LLC : CHI-PUPS Intermediate Holdings LLC,,,,,,,,
1259,Accounts Payable : Accounts Payable Trade,200250,46,WagWay Group : WagWay Group LLC : PUPS Holdings LLC : CHI-PUPS Intermediate Holdings LLC,,,,,,,,
1378,Accrued Expenses : Accrued Expenses - Other,250750,46,WagWay Group : WagWay Group LLC : PUPS Holdings LLC : CHI-PUPS Intermediate Holdings LLC,,,,,,,,
1397,Intercompany AR_x,111000,46,WagWay Group : WagWay Group LLC : PUPS Holdings LLC : CHI-PUPS Intermediate Holdings LLC,,,,,,,,
1397,Intercompany AR_x,111000,46,WagWay Group : WagWay Group LLC : PUPS Holdings LLC : CHI-PUPS Intermediate Holdings LLC,1,Grooming,,,,,,
1397,Intercompany AR_x,111000,46,WagWay Group : WagWay Group LLC : PUPS Holdings LLC : CHI-PUPS Intermediate Holdings LLC,16,Pet Care,,,,,,
1397,Intercompany AR_x,111000,46,WagWay Group : WagWay Group LLC : PUPS Holdings LLC : CHI-PUPS Intermediate Holdings LLC,24,Training,,,,,,
1398,Intercompany AP_x,200500,46,WagWay Group : WagWay Group LLC : PUPS Holdings LLC : CHI-PUPS Intermediate Holdings LLC,,,,,,,,
1399,General and Admin : Travel : Vehicle/Toll/Parking,721750,46,WagWay Group : WagWay Group LLC : PUPS Holdings LLC : CHI-PUPS Intermediate Holdings LLC,,,,,,,,
1499,General and Admin : Other G&A Expenses : Office Supplies,783000,46,WagWay Group : WagWay Group LLC : PUPS Holdings LLC : CHI-PUPS Intermediate Holdings LLC,,,,,,,,
2002,Intercompany AR - RAMP,111001,46,WagWay Group : WagWay Group LLC : PUPS Holdings LLC : CHI-PUPS Intermediate Holdings LLC,,,,,,,,
2026,Cash : Operating : CHI PUPS Intermediate Operating,101040,46,WagWay Group : WagWay Group LLC : PUPS Holdings LLC : CHI-PUPS Intermediate Holdings LLC,,,,,,,,
2128,Ramp Card - CHI-PUPS Intermediate Holdings LLC,Ramp Card - CHI-PUPS Intermediate Holdings LLC,46,WagWay Group : WagWay Group LLC : PUPS Holdings LLC : CHI-PUPS Intermediate Holdings LLC,,,,,,,,
,,,46,WagWay Group : WagWay Group LLC : PUPS Holdings LLC : CHI-PUPS Intermediate Holdings LLC,,,,,,,,
,,,46,WagWay Group : WagWay Group LLC : PUPS Holdings LLC : CHI-PUPS Intermediate Holdings LLC,16,Pet Care,,,,,,
227,COGS : COGS Wages : Employer Medical/Dental/Vision,513500,47,WagWay Group : WagWay Group LLC : PUPS Holdings LLC : Williamsburg PUPS Holdings LLC,16,Pet Care,,,,,,
241,Fixed Assets : Equipment,151000,47,WagWay Group : WagWay Group LLC : PUPS Holdings LLC : Williamsburg PUPS Holdings LLC,,,,,,,,
618,Payroll Liabilities : Accrued Payroll,260500,47,WagWay Group : WagWay Group LLC : PUPS Holdings LLC : Williamsburg PUPS Holdings LLC,,,,,,,,
622,Payroll Liabilities : Accrued Payroll Taxes - Federal,262500,47,WagWay Group : WagWay Group LLC : PUPS Holdings LLC : Williamsburg PUPS Holdings LLC,,,,,,,,
832,Operating Expenses : Facility Expense : Rent,620500,47,WagWay Group : WagWay Group LLC : PUPS Holdings LLC : Williamsburg PUPS Holdings LLC,,,,,,,,
833,Operating Expenses : Facility Expense : Electric,621000,47,WagWay Group : WagWay Group LLC : PUPS Holdings LLC : Williamsburg PUPS Holdings LLC,,,,,,,,
1018,Operating Expenses : Facility Expense : Repair and Maintenance,623500,47,WagWay Group : WagWay Group LLC : PUPS Holdings LLC : Williamsburg PUPS Holdings LLC,,,,,,,,
1033,General and Admin : Other G&A Expenses : Bank Fees and Charges,780500,47,WagWay Group : WagWay Group LLC : PUPS Holdings LLC : Williamsburg PUPS Holdings LLC,,,,,,,,
1259,Accounts Payable : Accounts Payable Trade,200250,47,WagWay Group : WagWay Group LLC : PUPS Holdings LLC : Williamsburg PUPS Holdings LLC,,,,,,,,
1397,Intercompany AR_x,111000,47,WagWay Group : WagWay Group LLC : PUPS Holdings LLC : Williamsburg PUPS Holdings LLC,16,Pet Care,,,,,,
1397,Intercompany AR_x,111000,47,WagWay Group : WagWay Group LLC : PUPS Holdings LLC : Williamsburg PUPS Holdings LLC,,,,,,,,
1398,Intercompany AP_x,200500,47,WagWay Group : WagWay Group LLC : PUPS Holdings LLC : Williamsburg PUPS Holdings LLC,,,,,,,,
1499,General and Admin : Other G&A Expenses : Office Supplies,783000,47,WagWay Group : WagWay Group LLC : PUPS Holdings LLC : Williamsburg PUPS Holdings LLC,,,,,,,,
2002,Intercompany AR - RAMP,111001,47,WagWay Group : WagWay Group LLC : PUPS Holdings LLC : Williamsburg PUPS Holdings LLC,,,,,,,,
2027,Cash : Operating : Williamsburg PUPS Intermediate Operating,101045,47,WagWay Group : WagWay Group LLC : PUPS Holdings LLC : Williamsburg PUPS Holdings LLC,,,,,,,,
2028,Ramp Card - Williamsburg PUPS Holdings LLC,Ramp Card - Williamsburg PUPS Holdings LLC,47,WagWay Group : WagWay Group LLC : PUPS Holdings LLC : Williamsburg PUPS Holdings LLC,,,,,,,,
,,,47,WagWay Group : WagWay Group LLC : PUPS Holdings LLC : Williamsburg PUPS Holdings LLC,,,,,,,,
